+ define_corners nom_typ_1p20V_25C
Reading timing models for corner nom_typ_1p20V_25C…
Reading cell library for the 'nom_typ_1p20V_25C' corner at '/opt/pdks/ciel/ihp-sg13g2/versions/c4b8b4e5e7a05f375cca3815d51b3a37721fbf5c/ihp-sg13g2/libs.ref/sg13g2_stdcell/lib/sg13g2_stdcell_typ_1p20V_25C.lib'…
Reading cell library for the 'nom_typ_1p20V_25C' corner at '/opt/pdks/ciel/ihp-sg13g2/versions/c4b8b4e5e7a05f375cca3815d51b3a37721fbf5c/ihp-sg13g2/libs.ref/sg13g2_io/lib/sg13g2_io_typ_1p2V_3p3V_25C.lib'…
Reading top-level netlist at '/home/designer/shared/BASIC/current_generator/digital/DigitalSine/runs/RUN_2026-03-28_21-39-37/06-yosys-synthesis/DigitalSine.nl.v'…
Linking design 'DigitalSine' from netlist…
Reading design constraints file at '/home/designer/shared/BASIC/current_generator/digital/DigitalSine/cons.sdc'…
Warning: /home/designer/shared/BASIC/current_generator/digital/DigitalSine/cons.sdc line 22, 'rst' is not a valid endpoint.
Warning: cons.sdc line 34, set_input_delay relative to a clock defined on the same port/pin not allowed.
Warning: cons.sdc line 35, set_input_delay relative to a clock defined on the same port/pin not allowed.
Warning: cons.sdc line 38, set_input_delay relative to a clock defined on the same port/pin not allowed.
Warning: cons.sdc line 39, set_input_delay relative to a clock defined on the same port/pin not allowed.
[INFO] No information on clock propagation in input SDC file-- unpropagating all clocks.
%OL_CREATE_REPORT min.rpt

===========================================================================
report_checks -path_delay min (Hold)
============================================================================
======================= nom_typ_1p20V_25C Corner ===================================

Startpoint: _311_ (rising edge-triggered flip-flop clocked by clk)
Endpoint: sign (output port clocked by clk)
Path Group: clk
Path Type: min

Fanout         Cap        Slew       Delay        Time   Description
---------------------------------------------------------------------------------------------
                      0.100000    0.000000    0.000000   clock clk (rise edge)
                                  0.000000    0.000000   clock network delay (ideal)
                      0.100000    0.000000    0.000000 ^ _311_/CLK (sg13g2_dfrbpq_1)
     2    0.032816    0.106684    0.268935    0.268935 v _311_/Q (sg13g2_dfrbpq_1)
                                                         sign (net)
                      0.106684    0.000000    0.268935 v sign (out)
                                              0.268935   data arrival time

                      0.100000    0.000000    0.000000   clock clk (rise edge)
                                  0.000000    0.000000   clock network delay (ideal)
                                  0.150000    0.150000   clock uncertainty
                                  0.000000    0.150000   clock reconvergence pessimism
                                  0.000000    0.150000   output external delay
                                              0.150000   data required time
---------------------------------------------------------------------------------------------
                                              0.150000   data required time
                                             -0.268935   data arrival time
---------------------------------------------------------------------------------------------
                                              0.118935   slack (MET)


Startpoint: _310_ (rising edge-triggered flip-flop clocked by clk)
Endpoint: sine_out[16] (output port clocked by clk)
Path Group: clk
Path Type: min

Fanout         Cap        Slew       Delay        Time   Description
---------------------------------------------------------------------------------------------
                      0.100000    0.000000    0.000000   clock clk (rise edge)
                                  0.000000    0.000000   clock network delay (ideal)
                      0.100000    0.000000    0.000000 ^ _310_/CLK (sg13g2_dfrbpq_1)
    17    0.050892    0.160530    0.309028    0.309028 v _310_/Q (sg13g2_dfrbpq_1)
                                                         DPATH.SUM.fa_6.A (net)
                      0.160530    0.000000    0.309028 v _176_/A (sg13g2_nand3_1)
     1    0.010000    0.062551    0.099812    0.408840 ^ _176_/Y (sg13g2_nand3_1)
                                                         sine_out[16] (net)
                      0.062551    0.000000    0.408840 ^ sine_out[16] (out)
                                              0.408840   data arrival time

                      0.100000    0.000000    0.000000   clock clk (rise edge)
                                  0.000000    0.000000   clock network delay (ideal)
                                  0.150000    0.150000   clock uncertainty
                                  0.000000    0.150000   clock reconvergence pessimism
                                  0.000000    0.150000   output external delay
                                              0.150000   data required time
---------------------------------------------------------------------------------------------
                                              0.150000   data required time
                                             -0.408840   data arrival time
---------------------------------------------------------------------------------------------
                                              0.258840   slack (MET)


Startpoint: _310_ (rising edge-triggered flip-flop clocked by clk)
Endpoint: sine_out[14] (output port clocked by clk)
Path Group: clk
Path Type: min

Fanout         Cap        Slew       Delay        Time   Description
---------------------------------------------------------------------------------------------
                      0.100000    0.000000    0.000000   clock clk (rise edge)
                                  0.000000    0.000000   clock network delay (ideal)
                      0.100000    0.000000    0.000000 ^ _310_/CLK (sg13g2_dfrbpq_1)
    17    0.050892    0.160530    0.309028    0.309028 v _310_/Q (sg13g2_dfrbpq_1)
                                                         DPATH.SUM.fa_6.A (net)
                      0.160530    0.000000    0.309028 v _171_/B1 (sg13g2_o21ai_1)
     1    0.010000    0.083823    0.107269    0.416297 ^ _171_/Y (sg13g2_o21ai_1)
                                                         sine_out[14] (net)
                      0.083823    0.000000    0.416297 ^ sine_out[14] (out)
                                              0.416297   data arrival time

                      0.100000    0.000000    0.000000   clock clk (rise edge)
                                  0.000000    0.000000   clock network delay (ideal)
                                  0.150000    0.150000   clock uncertainty
                                  0.000000    0.150000   clock reconvergence pessimism
                                  0.000000    0.150000   output external delay
                                              0.150000   data required time
---------------------------------------------------------------------------------------------
                                              0.150000   data required time
                                             -0.416297   data arrival time
---------------------------------------------------------------------------------------------
                                              0.266297   slack (MET)


Startpoint: _310_ (rising edge-triggered flip-flop clocked by clk)
Endpoint: sine_out[15] (output port clocked by clk)
Path Group: clk
Path Type: min

Fanout         Cap        Slew       Delay        Time   Description
---------------------------------------------------------------------------------------------
                      0.100000    0.000000    0.000000   clock clk (rise edge)
                                  0.000000    0.000000   clock network delay (ideal)
                      0.100000    0.000000    0.000000 ^ _310_/CLK (sg13g2_dfrbpq_1)
    17    0.050892    0.160530    0.309028    0.309028 v _310_/Q (sg13g2_dfrbpq_1)
                                                         DPATH.SUM.fa_6.A (net)
                      0.160530    0.000000    0.309028 v _173_/B1 (sg13g2_o21ai_1)
     1    0.010000    0.083823    0.107269    0.416297 ^ _173_/Y (sg13g2_o21ai_1)
                                                         sine_out[15] (net)
                      0.083823    0.000000    0.416297 ^ sine_out[15] (out)
                                              0.416297   data arrival time

                      0.100000    0.000000    0.000000   clock clk (rise edge)
                                  0.000000    0.000000   clock network delay (ideal)
                                  0.150000    0.150000   clock uncertainty
                                  0.000000    0.150000   clock reconvergence pessimism
                                  0.000000    0.150000   output external delay
                                              0.150000   data required time
---------------------------------------------------------------------------------------------
                                              0.150000   data required time
                                             -0.416297   data arrival time
---------------------------------------------------------------------------------------------
                                              0.266297   slack (MET)


Startpoint: _310_ (rising edge-triggered flip-flop clocked by clk)
Endpoint: sine_out[17] (output port clocked by clk)
Path Group: clk
Path Type: min

Fanout         Cap        Slew       Delay        Time   Description
---------------------------------------------------------------------------------------------
                      0.100000    0.000000    0.000000   clock clk (rise edge)
                                  0.000000    0.000000   clock network delay (ideal)
                      0.100000    0.000000    0.000000 ^ _310_/CLK (sg13g2_dfrbpq_1)
    17    0.050892    0.160530    0.309028    0.309028 v _310_/Q (sg13g2_dfrbpq_1)
                                                         DPATH.SUM.fa_6.A (net)
                      0.160530    0.000000    0.309028 v _179_/B (sg13g2_nand3_1)
     1    0.010000    0.065520    0.108001    0.417029 ^ _179_/Y (sg13g2_nand3_1)
                                                         sine_out[17] (net)
                      0.065520    0.000000    0.417029 ^ sine_out[17] (out)
                                              0.417029   data arrival time

                      0.100000    0.000000    0.000000   clock clk (rise edge)
                                  0.000000    0.000000   clock network delay (ideal)
                                  0.150000    0.150000   clock uncertainty
                                  0.000000    0.150000   clock reconvergence pessimism
                                  0.000000    0.150000   output external delay
                                              0.150000   data required time
---------------------------------------------------------------------------------------------
                                              0.150000   data required time
                                             -0.417029   data arrival time
---------------------------------------------------------------------------------------------
                                              0.267029   slack (MET)


Startpoint: _310_ (rising edge-triggered flip-flop clocked by clk)
Endpoint: sine_out[13] (output port clocked by clk)
Path Group: clk
Path Type: min

Fanout         Cap        Slew       Delay        Time   Description
---------------------------------------------------------------------------------------------
                      0.100000    0.000000    0.000000   clock clk (rise edge)
                                  0.000000    0.000000   clock network delay (ideal)
                      0.100000    0.000000    0.000000 ^ _310_/CLK (sg13g2_dfrbpq_1)
    17    0.050892    0.160530    0.309028    0.309028 v _310_/Q (sg13g2_dfrbpq_1)
                                                         DPATH.SUM.fa_6.A (net)
                      0.160530    0.000000    0.309028 v _170_/B1 (sg13g2_a21oi_1)
     1    0.010000    0.097843    0.114311    0.423339 ^ _170_/Y (sg13g2_a21oi_1)
                                                         sine_out[13] (net)
                      0.097843    0.000000    0.423339 ^ sine_out[13] (out)
                                              0.423339   data arrival time

                      0.100000    0.000000    0.000000   clock clk (rise edge)
                                  0.000000    0.000000   clock network delay (ideal)
                                  0.150000    0.150000   clock uncertainty
                                  0.000000    0.150000   clock reconvergence pessimism
                                  0.000000    0.150000   output external delay
                                              0.150000   data required time
---------------------------------------------------------------------------------------------
                                              0.150000   data required time
                                             -0.423339   data arrival time
---------------------------------------------------------------------------------------------
                                              0.273339   slack (MET)


Startpoint: _310_ (rising edge-triggered flip-flop clocked by clk)
Endpoint: sine_out[9] (output port clocked by clk)
Path Group: clk
Path Type: min

Fanout         Cap        Slew       Delay        Time   Description
---------------------------------------------------------------------------------------------
                      0.100000    0.000000    0.000000   clock clk (rise edge)
                                  0.000000    0.000000   clock network delay (ideal)
                      0.100000    0.000000    0.000000 ^ _310_/CLK (sg13g2_dfrbpq_1)
    17    0.050892    0.160530    0.309028    0.309028 v _310_/Q (sg13g2_dfrbpq_1)
                                                         DPATH.SUM.fa_6.A (net)
                      0.160530    0.000000    0.309028 v _150_/B1 (sg13g2_a21oi_1)
     1    0.010000    0.097843    0.114311    0.423339 ^ _150_/Y (sg13g2_a21oi_1)
                                                         sine_out[9] (net)
                      0.097843    0.000000    0.423339 ^ sine_out[9] (out)
                                              0.423339   data arrival time

                      0.100000    0.000000    0.000000   clock clk (rise edge)
                                  0.000000    0.000000   clock network delay (ideal)
                                  0.150000    0.150000   clock uncertainty
                                  0.000000    0.150000   clock reconvergence pessimism
                                  0.000000    0.150000   output external delay
                                              0.150000   data required time
---------------------------------------------------------------------------------------------
                                              0.150000   data required time
                                             -0.423339   data arrival time
---------------------------------------------------------------------------------------------
                                              0.273339   slack (MET)


Startpoint: _304_ (rising edge-triggered flip-flop clocked by clk)
Endpoint: _305_ (rising edge-triggered flip-flop clocked by clk)
Path Group: clk
Path Type: min

Fanout         Cap        Slew       Delay        Time   Description
---------------------------------------------------------------------------------------------
                      0.100000    0.000000    0.000000   clock clk (rise edge)
                                  0.000000    0.000000   clock network delay (ideal)
                      0.100000    0.000000    0.000000 ^ _304_/CLK (sg13g2_dfrbpq_1)
    16    0.051271    0.161661    0.309867    0.309867 v _304_/Q (sg13g2_dfrbpq_1)
                                                         DPATH.SUM.Cout0 (net)
                      0.161661    0.000000    0.309867 v _182_/A (sg13g2_xnor2_1)
     1    0.001430    0.026517    0.095141    0.405008 v _182_/Y (sg13g2_xnor2_1)
                                                         DPATH.SUM.fa_1.S (net)
                      0.026517    0.000000    0.405008 v _305_/D (sg13g2_dfrbpq_1)
                                              0.405008   data arrival time

                      0.100000    0.000000    0.000000   clock clk (rise edge)
                                  0.000000    0.000000   clock network delay (ideal)
                                  0.150000    0.150000   clock uncertainty
                                  0.000000    0.150000   clock reconvergence pessimism
                                              0.150000 ^ _305_/CLK (sg13g2_dfrbpq_1)
                                 -0.019771    0.130229   library hold time
                                              0.130229   data required time
---------------------------------------------------------------------------------------------
                                              0.130229   data required time
                                             -0.405008   data arrival time
---------------------------------------------------------------------------------------------
                                              0.274779   slack (MET)


Startpoint: _312_ (rising edge-triggered flip-flop clocked by clk)
Endpoint: _312_ (rising edge-triggered flip-flop clocked by clk)
Path Group: clk
Path Type: min

Fanout         Cap        Slew       Delay        Time   Description
---------------------------------------------------------------------------------------------
                      0.100000    0.000000    0.000000   clock clk (rise edge)
                                  0.000000    0.000000   clock network delay (ideal)
                      0.100000    0.000000    0.000000 ^ _312_/CLK (sg13g2_dfrbpq_1)
    13    0.050121    0.158231    0.307322    0.307322 v _312_/Q (sg13g2_dfrbpq_1)
                                                         CTRL.S0 (net)
                      0.158231    0.000000    0.307322 v _206_/B1 (sg13g2_a21oi_1)
     1    0.002993    0.053196    0.072238    0.379560 ^ _206_/Y (sg13g2_a21oi_1)
                                                         _020_ (net)
                      0.053196    0.000000    0.379560 ^ _207_/B (sg13g2_nor2_1)
     1    0.001430    0.019356    0.032572    0.412132 v _207_/Y (sg13g2_nor2_1)
                                                         CTRL.P0 (net)
                      0.019356    0.000000    0.412132 v _312_/D (sg13g2_dfrbpq_1)
                                              0.412132   data arrival time

                      0.100000    0.000000    0.000000   clock clk (rise edge)
                                  0.000000    0.000000   clock network delay (ideal)
                                  0.150000    0.150000   clock uncertainty
                                  0.000000    0.150000   clock reconvergence pessimism
                                              0.150000 ^ _312_/CLK (sg13g2_dfrbpq_1)
                                 -0.017488    0.132512   library hold time
                                              0.132512   data required time
---------------------------------------------------------------------------------------------
                                              0.132512   data required time
                                             -0.412132   data arrival time
---------------------------------------------------------------------------------------------
                                              0.279620   slack (MET)


Startpoint: _311_ (rising edge-triggered flip-flop clocked by clk)
Endpoint: signB (output port clocked by clk)
Path Group: clk
Path Type: min

Fanout         Cap        Slew       Delay        Time   Description
---------------------------------------------------------------------------------------------
                      0.100000    0.000000    0.000000   clock clk (rise edge)
                                  0.000000    0.000000   clock network delay (ideal)
                      0.100000    0.000000    0.000000 ^ _311_/CLK (sg13g2_dfrbpq_1)
     2    0.032816    0.106684    0.268935    0.268935 v _311_/Q (sg13g2_dfrbpq_1)
                                                         sign (net)
                      0.106684    0.000000    0.268935 v _142_/A (sg13g2_inv_1)
     2    0.035655    0.157628    0.167622    0.436557 ^ _142_/Y (sg13g2_inv_1)
                                                         signB (net)
                      0.157628    0.000000    0.436557 ^ signB (out)
                                              0.436557   data arrival time

                      0.100000    0.000000    0.000000   clock clk (rise edge)
                                  0.000000    0.000000   clock network delay (ideal)
                                  0.150000    0.150000   clock uncertainty
                                  0.000000    0.150000   clock reconvergence pessimism
                                  0.000000    0.150000   output external delay
                                              0.150000   data required time
---------------------------------------------------------------------------------------------
                                              0.150000   data required time
                                             -0.436557   data arrival time
---------------------------------------------------------------------------------------------
                                              0.286557   slack (MET)


Startpoint: _306_ (rising edge-triggered flip-flop clocked by clk)
Endpoint: _306_ (rising edge-triggered flip-flop clocked by clk)
Path Group: clk
Path Type: min

Fanout         Cap        Slew       Delay        Time   Description
---------------------------------------------------------------------------------------------
                      0.100000    0.000000    0.000000   clock clk (rise edge)
                                  0.000000    0.000000   clock network delay (ideal)
                      0.100000    0.000000    0.000000 ^ _306_/CLK (sg13g2_dfrbpq_1)
    11    0.036431    0.117427    0.276988    0.276988 v _306_/Q (sg13g2_dfrbpq_1)
                                                         DPATH.SUM.fa_2.A (net)
                      0.117427    0.000000    0.276988 v _185_/A (sg13g2_xor2_1)
     2    0.008058    0.043468    0.112020    0.389008 v _185_/X (sg13g2_xor2_1)
                                                         _134_ (net)
                      0.043468    0.000000    0.389008 v _186_/B (sg13g2_xor2_1)
     1    0.001430    0.023686    0.050309    0.439317 v _186_/X (sg13g2_xor2_1)
                                                         DPATH.SUM.fa_2.S (net)
                      0.023686    0.000000    0.439317 v _306_/D (sg13g2_dfrbpq_1)
                                              0.439317   data arrival time

                      0.100000    0.000000    0.000000   clock clk (rise edge)
                                  0.000000    0.000000   clock network delay (ideal)
                                  0.150000    0.150000   clock uncertainty
                                  0.000000    0.150000   clock reconvergence pessimism
                                              0.150000 ^ _306_/CLK (sg13g2_dfrbpq_1)
                                 -0.018868    0.131132   library hold time
                                              0.131132   data required time
---------------------------------------------------------------------------------------------
                                              0.131132   data required time
                                             -0.439317   data arrival time
---------------------------------------------------------------------------------------------
                                              0.308186   slack (MET)


Startpoint: _310_ (rising edge-triggered flip-flop clocked by clk)
Endpoint: sine_out[0] (output port clocked by clk)
Path Group: clk
Path Type: min

Fanout         Cap        Slew       Delay        Time   Description
---------------------------------------------------------------------------------------------
                      0.100000    0.000000    0.000000   clock clk (rise edge)
                                  0.000000    0.000000   clock network delay (ideal)
                      0.100000    0.000000    0.000000 ^ _310_/CLK (sg13g2_dfrbpq_1)
    17    0.050892    0.160530    0.309028    0.309028 v _310_/Q (sg13g2_dfrbpq_1)
                                                         DPATH.SUM.fa_6.A (net)
                      0.160530    0.000000    0.309028 v _247_/A1 (sg13g2_a22oi_1)
     1    0.010000    0.108476    0.154417    0.463445 ^ _247_/Y (sg13g2_a22oi_1)
                                                         sine_out[0] (net)
                      0.108476    0.000000    0.463445 ^ sine_out[0] (out)
                                              0.463445   data arrival time

                      0.100000    0.000000    0.000000   clock clk (rise edge)
                                  0.000000    0.000000   clock network delay (ideal)
                                  0.150000    0.150000   clock uncertainty
                                  0.000000    0.150000   clock reconvergence pessimism
                                  0.000000    0.150000   output external delay
                                              0.150000   data required time
---------------------------------------------------------------------------------------------
                                              0.150000   data required time
                                             -0.463445   data arrival time
---------------------------------------------------------------------------------------------
                                              0.313445   slack (MET)


Startpoint: _310_ (rising edge-triggered flip-flop clocked by clk)
Endpoint: _310_ (rising edge-triggered flip-flop clocked by clk)
Path Group: clk
Path Type: min

Fanout         Cap        Slew       Delay        Time   Description
---------------------------------------------------------------------------------------------
                      0.100000    0.000000    0.000000   clock clk (rise edge)
                                  0.000000    0.000000   clock network delay (ideal)
                      0.100000    0.000000    0.000000 ^ _310_/CLK (sg13g2_dfrbpq_1)
    17    0.050892    0.160530    0.309028    0.309028 v _310_/Q (sg13g2_dfrbpq_1)
                                                         DPATH.SUM.fa_6.A (net)
                      0.160530    0.000000    0.309028 v _200_/B (sg13g2_xnor2_1)
     1    0.005067    0.048073    0.102125    0.411153 v _200_/Y (sg13g2_xnor2_1)
                                                         _016_ (net)
                      0.048073    0.000000    0.411153 v _201_/B (sg13g2_xnor2_1)
     1    0.001430    0.025398    0.053379    0.464532 v _201_/Y (sg13g2_xnor2_1)
                                                         DPATH.SUM.fa_6.S (net)
                      0.025398    0.000000    0.464532 v _310_/D (sg13g2_dfrbpq_1)
                                              0.464532   data arrival time

                      0.100000    0.000000    0.000000   clock clk (rise edge)
                                  0.000000    0.000000   clock network delay (ideal)
                                  0.150000    0.150000   clock uncertainty
                                  0.000000    0.150000   clock reconvergence pessimism
                                              0.150000 ^ _310_/CLK (sg13g2_dfrbpq_1)
                                 -0.019414    0.130586   library hold time
                                              0.130586   data required time
---------------------------------------------------------------------------------------------
                                              0.130586   data required time
                                             -0.464532   data arrival time
---------------------------------------------------------------------------------------------
                                              0.333946   slack (MET)


Startpoint: _310_ (rising edge-triggered flip-flop clocked by clk)
Endpoint: sine_out[2] (output port clocked by clk)
Path Group: clk
Path Type: min

Fanout         Cap        Slew       Delay        Time   Description
---------------------------------------------------------------------------------------------
                      0.100000    0.000000    0.000000   clock clk (rise edge)
                                  0.000000    0.000000   clock network delay (ideal)
                      0.100000    0.000000    0.000000 ^ _310_/CLK (sg13g2_dfrbpq_1)
    17    0.050892    0.160530    0.309028    0.309028 v _310_/Q (sg13g2_dfrbpq_1)
                                                         DPATH.SUM.fa_6.A (net)
                      0.160530    0.000000    0.309028 v _286_/B1 (sg13g2_o21ai_1)
     1    0.002949    0.052430    0.070497    0.379525 ^ _286_/Y (sg13g2_o21ai_1)
                                                         _097_ (net)
                      0.052430    0.000000    0.379525 ^ _287_/B1 (sg13g2_a21oi_1)
     1    0.002808    0.023282    0.036080    0.415604 v _287_/Y (sg13g2_a21oi_1)
                                                         _098_ (net)
                      0.023282    0.000000    0.415604 v _288_/B1 (sg13g2_a21oi_1)
     1    0.010000    0.075565    0.070048    0.485653 ^ _288_/Y (sg13g2_a21oi_1)
                                                         sine_out[2] (net)
                      0.075565    0.000000    0.485653 ^ sine_out[2] (out)
                                              0.485653   data arrival time

                      0.100000    0.000000    0.000000   clock clk (rise edge)
                                  0.000000    0.000000   clock network delay (ideal)
                                  0.150000    0.150000   clock uncertainty
                                  0.000000    0.150000   clock reconvergence pessimism
                                  0.000000    0.150000   output external delay
                                              0.150000   data required time
---------------------------------------------------------------------------------------------
                                              0.150000   data required time
                                             -0.485653   data arrival time
---------------------------------------------------------------------------------------------
                                              0.335653   slack (MET)


Startpoint: _312_ (rising edge-triggered flip-flop clocked by clk)
Endpoint: _307_ (rising edge-triggered flip-flop clocked by clk)
Path Group: clk
Path Type: min

Fanout         Cap        Slew       Delay        Time   Description
---------------------------------------------------------------------------------------------
                      0.100000    0.000000    0.000000   clock clk (rise edge)
                                  0.000000    0.000000   clock network delay (ideal)
                      0.100000    0.000000    0.000000 ^ _312_/CLK (sg13g2_dfrbpq_1)
    13    0.050121    0.158231    0.307322    0.307322 v _312_/Q (sg13g2_dfrbpq_1)
                                                         CTRL.S0 (net)
                      0.158231    0.000000    0.307322 v _189_/B (sg13g2_xnor2_1)
     2    0.008208    0.065022    0.118153    0.425475 v _189_/Y (sg13g2_xnor2_1)
                                                         _137_ (net)
                      0.065022    0.000000    0.425475 v _190_/B (sg13g2_xor2_1)
     1    0.001430    0.023339    0.058491    0.483967 v _190_/X (sg13g2_xor2_1)
                                                         DPATH.SUM.fa_3.S (net)
                      0.023339    0.000000    0.483967 v _307_/D (sg13g2_dfrbpq_1)
                                              0.483967   data arrival time

                      0.100000    0.000000    0.000000   clock clk (rise edge)
                                  0.000000    0.000000   clock network delay (ideal)
                                  0.150000    0.150000   clock uncertainty
                                  0.000000    0.150000   clock reconvergence pessimism
                                              0.150000 ^ _307_/CLK (sg13g2_dfrbpq_1)
                                 -0.018758    0.131242   library hold time
                                              0.131242   data required time
---------------------------------------------------------------------------------------------
                                              0.131242   data required time
                                             -0.483967   data arrival time
---------------------------------------------------------------------------------------------
                                              0.352724   slack (MET)


Startpoint: _304_ (rising edge-triggered flip-flop clocked by clk)
Endpoint: _311_ (rising edge-triggered flip-flop clocked by clk)
Path Group: clk
Path Type: min

Fanout         Cap        Slew       Delay        Time   Description
---------------------------------------------------------------------------------------------
                      0.100000    0.000000    0.000000   clock clk (rise edge)
                                  0.000000    0.000000   clock network delay (ideal)
                      0.100000    0.000000    0.000000 ^ _304_/CLK (sg13g2_dfrbpq_1)
    16    0.051271    0.161661    0.309867    0.309867 v _304_/Q (sg13g2_dfrbpq_1)
                                                         DPATH.SUM.Cout0 (net)
                      0.161661    0.000000    0.309867 v _202_/B (sg13g2_nand3b_1)
     1    0.002976    0.035782    0.078334    0.388201 ^ _202_/Y (sg13g2_nand3b_1)
                                                         _017_ (net)
                      0.035782    0.000000    0.388201 ^ _203_/C (sg13g2_nor3_1)
     2    0.008136    0.036443    0.046390    0.434591 v _203_/Y (sg13g2_nor3_1)
                                                         _018_ (net)
                      0.036443    0.000000    0.434591 v _204_/B (sg13g2_xnor2_1)
     1    0.001430    0.025004    0.049500    0.484091 v _204_/Y (sg13g2_xnor2_1)
                                                         CTRL.P1 (net)
                      0.025004    0.000000    0.484091 v _311_/D (sg13g2_dfrbpq_1)
                                              0.484091   data arrival time

                      0.100000    0.000000    0.000000   clock clk (rise edge)
                                  0.000000    0.000000   clock network delay (ideal)
                                  0.150000    0.150000   clock uncertainty
                                  0.000000    0.150000   clock reconvergence pessimism
                                              0.150000 ^ _311_/CLK (sg13g2_dfrbpq_1)
                                 -0.019289    0.130711   library hold time
                                              0.130711   data required time
---------------------------------------------------------------------------------------------
                                              0.130711   data required time
                                             -0.484091   data arrival time
---------------------------------------------------------------------------------------------
                                              0.353379   slack (MET)


Startpoint: _312_ (rising edge-triggered flip-flop clocked by clk)
Endpoint: _308_ (rising edge-triggered flip-flop clocked by clk)
Path Group: clk
Path Type: min

Fanout         Cap        Slew       Delay        Time   Description
---------------------------------------------------------------------------------------------
                      0.100000    0.000000    0.000000   clock clk (rise edge)
                                  0.000000    0.000000   clock network delay (ideal)
                      0.100000    0.000000    0.000000 ^ _312_/CLK (sg13g2_dfrbpq_1)
    13    0.050121    0.158231    0.307322    0.307322 v _312_/Q (sg13g2_dfrbpq_1)
                                                         CTRL.S0 (net)
                      0.158231    0.000000    0.307322 v _192_/B (sg13g2_xor2_1)
     2    0.008719    0.047588    0.125273    0.432595 v _192_/X (sg13g2_xor2_1)
                                                         _010_ (net)
                      0.047588    0.000000    0.432595 v _194_/A (sg13g2_xor2_1)
     1    0.001430    0.023477    0.056925    0.489520 v _194_/X (sg13g2_xor2_1)
                                                         DPATH.SUM.fa_4.S (net)
                      0.023477    0.000000    0.489520 v _308_/D (sg13g2_dfrbpq_1)
                                              0.489520   data arrival time

                      0.100000    0.000000    0.000000   clock clk (rise edge)
                                  0.000000    0.000000   clock network delay (ideal)
                                  0.150000    0.150000   clock uncertainty
                                  0.000000    0.150000   clock reconvergence pessimism
                                              0.150000 ^ _308_/CLK (sg13g2_dfrbpq_1)
                                 -0.018802    0.131198   library hold time
                                              0.131198   data required time
---------------------------------------------------------------------------------------------
                                              0.131198   data required time
                                             -0.489520   data arrival time
---------------------------------------------------------------------------------------------
                                              0.358322   slack (MET)


Startpoint: _304_ (rising edge-triggered flip-flop clocked by clk)
Endpoint: _304_ (rising edge-triggered flip-flop clocked by clk)
Path Group: clk
Path Type: min

Fanout         Cap        Slew       Delay        Time   Description
---------------------------------------------------------------------------------------------
                      0.100000    0.000000    0.000000   clock clk (rise edge)
                                  0.000000    0.000000   clock network delay (ideal)
                      0.100000    0.000000    0.000000 ^ _304_/CLK (sg13g2_dfrbpq_1)
    16    0.051271    0.161661    0.309867    0.309867 v _304_/Q (sg13g2_dfrbpq_1)
                                                         DPATH.SUM.Cout0 (net)
                      0.161661    0.000000    0.309867 v _141_/A (sg13g2_inv_1)
     6    0.017290    0.101946    0.126277    0.436144 ^ _141_/Y (sg13g2_inv_1)
                                                         DPATH.SUM.ha_0.S (net)
                      0.101946    0.000000    0.436144 ^ _304_/D (sg13g2_dfrbpq_1)
                                              0.436144   data arrival time

                      0.100000    0.000000    0.000000   clock clk (rise edge)
                                  0.000000    0.000000   clock network delay (ideal)
                                  0.150000    0.150000   clock uncertainty
                                  0.000000    0.150000   clock reconvergence pessimism
                                              0.150000 ^ _304_/CLK (sg13g2_dfrbpq_1)
                                 -0.072648    0.077352   library hold time
                                              0.077352   data required time
---------------------------------------------------------------------------------------------
                                              0.077352   data required time
                                             -0.436144   data arrival time
---------------------------------------------------------------------------------------------
                                              0.358792   slack (MET)


Startpoint: _308_ (rising edge-triggered flip-flop clocked by clk)
Endpoint: sine_out[6] (output port clocked by clk)
Path Group: clk
Path Type: min

Fanout         Cap        Slew       Delay        Time   Description
---------------------------------------------------------------------------------------------
                      0.100000    0.000000    0.000000   clock clk (rise edge)
                                  0.000000    0.000000   clock network delay (ideal)
                      0.100000    0.000000    0.000000 ^ _308_/CLK (sg13g2_dfrbpq_1)
    24    0.070594    0.219370    0.352608    0.352608 v _308_/Q (sg13g2_dfrbpq_1)
                                                         DPATH.SUM.fa_4.A (net)
                      0.219370    0.000000    0.352608 v _293_/A1 (sg13g2_a21oi_1)
     1    0.010000    0.084341    0.156396    0.509005 ^ _293_/Y (sg13g2_a21oi_1)
                                                         sine_out[6] (net)
                      0.084341    0.000000    0.509005 ^ sine_out[6] (out)
                                              0.509005   data arrival time

                      0.100000    0.000000    0.000000   clock clk (rise edge)
                                  0.000000    0.000000   clock network delay (ideal)
                                  0.150000    0.150000   clock uncertainty
                                  0.000000    0.150000   clock reconvergence pessimism
                                  0.000000    0.150000   output external delay
                                              0.150000   data required time
---------------------------------------------------------------------------------------------
                                              0.150000   data required time
                                             -0.509005   data arrival time
---------------------------------------------------------------------------------------------
                                              0.359005   slack (MET)


Startpoint: _308_ (rising edge-triggered flip-flop clocked by clk)
Endpoint: sine_out[7] (output port clocked by clk)
Path Group: clk
Path Type: min

Fanout         Cap        Slew       Delay        Time   Description
---------------------------------------------------------------------------------------------
                      0.100000    0.000000    0.000000   clock clk (rise edge)
                                  0.000000    0.000000   clock network delay (ideal)
                      0.100000    0.000000    0.000000 ^ _308_/CLK (sg13g2_dfrbpq_1)
    24    0.070594    0.219370    0.352608    0.352608 v _308_/Q (sg13g2_dfrbpq_1)
                                                         DPATH.SUM.fa_4.A (net)
                      0.219370    0.000000    0.352608 v _294_/A1 (sg13g2_a21oi_1)
     1    0.010000    0.084341    0.156396    0.509005 ^ _294_/Y (sg13g2_a21oi_1)
                                                         sine_out[7] (net)
                      0.084341    0.000000    0.509005 ^ sine_out[7] (out)
                                              0.509005   data arrival time

                      0.100000    0.000000    0.000000   clock clk (rise edge)
                                  0.000000    0.000000   clock network delay (ideal)
                                  0.150000    0.150000   clock uncertainty
                                  0.000000    0.150000   clock reconvergence pessimism
                                  0.000000    0.150000   output external delay
                                              0.150000   data required time
---------------------------------------------------------------------------------------------
                                              0.150000   data required time
                                             -0.509005   data arrival time
---------------------------------------------------------------------------------------------
                                              0.359005   slack (MET)


Startpoint: _308_ (rising edge-triggered flip-flop clocked by clk)
Endpoint: sine_out[8] (output port clocked by clk)
Path Group: clk
Path Type: min

Fanout         Cap        Slew       Delay        Time   Description
---------------------------------------------------------------------------------------------
                      0.100000    0.000000    0.000000   clock clk (rise edge)
                                  0.000000    0.000000   clock network delay (ideal)
                      0.100000    0.000000    0.000000 ^ _308_/CLK (sg13g2_dfrbpq_1)
    24    0.070594    0.219370    0.352608    0.352608 v _308_/Q (sg13g2_dfrbpq_1)
                                                         DPATH.SUM.fa_4.A (net)
                      0.219370    0.000000    0.352608 v _295_/A1 (sg13g2_a21oi_1)
     1    0.010000    0.084341    0.156396    0.509005 ^ _295_/Y (sg13g2_a21oi_1)
                                                         sine_out[8] (net)
                      0.084341    0.000000    0.509005 ^ sine_out[8] (out)
                                              0.509005   data arrival time

                      0.100000    0.000000    0.000000   clock clk (rise edge)
                                  0.000000    0.000000   clock network delay (ideal)
                                  0.150000    0.150000   clock uncertainty
                                  0.000000    0.150000   clock reconvergence pessimism
                                  0.000000    0.150000   output external delay
                                              0.150000   data required time
---------------------------------------------------------------------------------------------
                                              0.150000   data required time
                                             -0.509005   data arrival time
---------------------------------------------------------------------------------------------
                                              0.359005   slack (MET)


Startpoint: _310_ (rising edge-triggered flip-flop clocked by clk)
Endpoint: sine_out[1] (output port clocked by clk)
Path Group: clk
Path Type: min

Fanout         Cap        Slew       Delay        Time   Description
---------------------------------------------------------------------------------------------
                      0.100000    0.000000    0.000000   clock clk (rise edge)
                                  0.000000    0.000000   clock network delay (ideal)
                      0.100000    0.000000    0.000000 ^ _310_/CLK (sg13g2_dfrbpq_1)
    17    0.052190    0.218475    0.340815    0.340815 ^ _310_/Q (sg13g2_dfrbpq_1)
                                                         DPATH.SUM.fa_6.A (net)
                      0.218475    0.000000    0.340815 ^ _256_/A (sg13g2_nor4_1)
     1    0.002808    0.022030    0.101334    0.442149 v _256_/Y (sg13g2_nor4_1)
                                                         _068_ (net)
                      0.022030    0.000000    0.442149 v _267_/B1 (sg13g2_a21oi_1)
     1    0.010000    0.075373    0.069584    0.511732 ^ _267_/Y (sg13g2_a21oi_1)
                                                         sine_out[1] (net)
                      0.075373    0.000000    0.511732 ^ sine_out[1] (out)
                                              0.511732   data arrival time

                      0.100000    0.000000    0.000000   clock clk (rise edge)
                                  0.000000    0.000000   clock network delay (ideal)
                                  0.150000    0.150000   clock uncertainty
                                  0.000000    0.150000   clock reconvergence pessimism
                                  0.000000    0.150000   output external delay
                                              0.150000   data required time
---------------------------------------------------------------------------------------------
                                              0.150000   data required time
                                             -0.511732   data arrival time
---------------------------------------------------------------------------------------------
                                              0.361732   slack (MET)


Startpoint: _312_ (rising edge-triggered flip-flop clocked by clk)
Endpoint: _309_ (rising edge-triggered flip-flop clocked by clk)
Path Group: clk
Path Type: min

Fanout         Cap        Slew       Delay        Time   Description
---------------------------------------------------------------------------------------------
                      0.100000    0.000000    0.000000   clock clk (rise edge)
                                  0.000000    0.000000   clock network delay (ideal)
                      0.100000    0.000000    0.000000 ^ _312_/CLK (sg13g2_dfrbpq_1)
    13    0.050121    0.158231    0.307322    0.307322 v _312_/Q (sg13g2_dfrbpq_1)
                                                         CTRL.S0 (net)
                      0.158231    0.000000    0.307322 v _196_/B (sg13g2_xnor2_1)
     2    0.008956    0.068926    0.122100    0.429422 v _196_/Y (sg13g2_xnor2_1)
                                                         _013_ (net)
                      0.068926    0.000000    0.429422 v _198_/A (sg13g2_xor2_1)
     1    0.001430    0.023476    0.064917    0.494339 v _198_/X (sg13g2_xor2_1)
                                                         DPATH.SUM.fa_5.S (net)
                      0.023476    0.000000    0.494339 v _309_/D (sg13g2_dfrbpq_1)
                                              0.494339   data arrival time

                      0.100000    0.000000    0.000000   clock clk (rise edge)
                                  0.000000    0.000000   clock network delay (ideal)
                                  0.150000    0.150000   clock uncertainty
                                  0.000000    0.150000   clock reconvergence pessimism
                                              0.150000 ^ _309_/CLK (sg13g2_dfrbpq_1)
                                 -0.018801    0.131199   library hold time
                                              0.131199   data required time
---------------------------------------------------------------------------------------------
                                              0.131199   data required time
                                             -0.494339   data arrival time
---------------------------------------------------------------------------------------------
                                              0.363140   slack (MET)


Startpoint: _310_ (rising edge-triggered flip-flop clocked by clk)
Endpoint: sine_out[11] (output port clocked by clk)
Path Group: clk
Path Type: min

Fanout         Cap        Slew       Delay        Time   Description
---------------------------------------------------------------------------------------------
                      0.100000    0.000000    0.000000   clock clk (rise edge)
                                  0.000000    0.000000   clock network delay (ideal)
                      0.100000    0.000000    0.000000 ^ _310_/CLK (sg13g2_dfrbpq_1)
    17    0.050892    0.160530    0.309028    0.309028 v _310_/Q (sg13g2_dfrbpq_1)
                                                         DPATH.SUM.fa_6.A (net)
                      0.160530    0.000000    0.309028 v _153_/A_N (sg13g2_nand2b_1)
     3    0.009047    0.069083    0.146164    0.455192 v _153_/Y (sg13g2_nand2b_1)
                                                         _111_ (net)
                      0.069083    0.000000    0.455192 v _162_/B1 (sg13g2_o21ai_1)
     1    0.010000    0.067668    0.077902    0.533094 ^ _162_/Y (sg13g2_o21ai_1)
                                                         sine_out[11] (net)
                      0.067668    0.000000    0.533094 ^ sine_out[11] (out)
                                              0.533094   data arrival time

                      0.100000    0.000000    0.000000   clock clk (rise edge)
                                  0.000000    0.000000   clock network delay (ideal)
                                  0.150000    0.150000   clock uncertainty
                                  0.000000    0.150000   clock reconvergence pessimism
                                  0.000000    0.150000   output external delay
                                              0.150000   data required time
---------------------------------------------------------------------------------------------
                                              0.150000   data required time
                                             -0.533094   data arrival time
---------------------------------------------------------------------------------------------
                                              0.383094   slack (MET)


Startpoint: _310_ (rising edge-triggered flip-flop clocked by clk)
Endpoint: sine_out[12] (output port clocked by clk)
Path Group: clk
Path Type: min

Fanout         Cap        Slew       Delay        Time   Description
---------------------------------------------------------------------------------------------
                      0.100000    0.000000    0.000000   clock clk (rise edge)
                                  0.000000    0.000000   clock network delay (ideal)
                      0.100000    0.000000    0.000000 ^ _310_/CLK (sg13g2_dfrbpq_1)
    17    0.050892    0.160530    0.309028    0.309028 v _310_/Q (sg13g2_dfrbpq_1)
                                                         DPATH.SUM.fa_6.A (net)
                      0.160530    0.000000    0.309028 v _153_/A_N (sg13g2_nand2b_1)
     3    0.009047    0.069083    0.146164    0.455192 v _153_/Y (sg13g2_nand2b_1)
                                                         _111_ (net)
                      0.069083    0.000000    0.455192 v _167_/B1 (sg13g2_o21ai_1)
     1    0.010000    0.067668    0.077902    0.533094 ^ _167_/Y (sg13g2_o21ai_1)
                                                         sine_out[12] (net)
                      0.067668    0.000000    0.533094 ^ sine_out[12] (out)
                                              0.533094   data arrival time

                      0.100000    0.000000    0.000000   clock clk (rise edge)
                                  0.000000    0.000000   clock network delay (ideal)
                                  0.150000    0.150000   clock uncertainty
                                  0.000000    0.150000   clock reconvergence pessimism
                                  0.000000    0.150000   output external delay
                                              0.150000   data required time
---------------------------------------------------------------------------------------------
                                              0.150000   data required time
                                             -0.533094   data arrival time
---------------------------------------------------------------------------------------------
                                              0.383094   slack (MET)


Startpoint: _308_ (rising edge-triggered flip-flop clocked by clk)
Endpoint: sine_out[4] (output port clocked by clk)
Path Group: clk
Path Type: min

Fanout         Cap        Slew       Delay        Time   Description
---------------------------------------------------------------------------------------------
                      0.100000    0.000000    0.000000   clock clk (rise edge)
                                  0.000000    0.000000   clock network delay (ideal)
                      0.100000    0.000000    0.000000 ^ _308_/CLK (sg13g2_dfrbpq_1)
    24    0.071656    0.296687    0.394752    0.394752 ^ _308_/Q (sg13g2_dfrbpq_1)
                                                         DPATH.SUM.fa_4.A (net)
                      0.296687    0.000000    0.394752 ^ _290_/A (sg13g2_nor3_1)
     1    0.010000    0.053687    0.140748    0.535501 v _290_/Y (sg13g2_nor3_1)
                                                         sine_out[4] (net)
                      0.053687    0.000000    0.535501 v sine_out[4] (out)
                                              0.535501   data arrival time

                      0.100000    0.000000    0.000000   clock clk (rise edge)
                                  0.000000    0.000000   clock network delay (ideal)
                                  0.150000    0.150000   clock uncertainty
                                  0.000000    0.150000   clock reconvergence pessimism
                                  0.000000    0.150000   output external delay
                                              0.150000   data required time
---------------------------------------------------------------------------------------------
                                              0.150000   data required time
                                             -0.535501   data arrival time
---------------------------------------------------------------------------------------------
                                              0.385501   slack (MET)


Startpoint: _308_ (rising edge-triggered flip-flop clocked by clk)
Endpoint: sine_out[5] (output port clocked by clk)
Path Group: clk
Path Type: min

Fanout         Cap        Slew       Delay        Time   Description
---------------------------------------------------------------------------------------------
                      0.100000    0.000000    0.000000   clock clk (rise edge)
                                  0.000000    0.000000   clock network delay (ideal)
                      0.100000    0.000000    0.000000 ^ _308_/CLK (sg13g2_dfrbpq_1)
    24    0.071656    0.296687    0.394752    0.394752 ^ _308_/Q (sg13g2_dfrbpq_1)
                                                         DPATH.SUM.fa_4.A (net)
                      0.296687    0.000000    0.394752 ^ _292_/A (sg13g2_nor3_1)
     1    0.010000    0.049067    0.140748    0.535501 v _292_/Y (sg13g2_nor3_1)
                                                         sine_out[5] (net)
                      0.049067    0.000000    0.535501 v sine_out[5] (out)
                                              0.535501   data arrival time

                      0.100000    0.000000    0.000000   clock clk (rise edge)
                                  0.000000    0.000000   clock network delay (ideal)
                                  0.150000    0.150000   clock uncertainty
                                  0.000000    0.150000   clock reconvergence pessimism
                                  0.000000    0.150000   output external delay
                                              0.150000   data required time
---------------------------------------------------------------------------------------------
                                              0.150000   data required time
                                             -0.535501   data arrival time
---------------------------------------------------------------------------------------------
                                              0.385501   slack (MET)


Startpoint: _310_ (rising edge-triggered flip-flop clocked by clk)
Endpoint: sine_out[10] (output port clocked by clk)
Path Group: clk
Path Type: min

Fanout         Cap        Slew       Delay        Time   Description
---------------------------------------------------------------------------------------------
                      0.100000    0.000000    0.000000   clock clk (rise edge)
                                  0.000000    0.000000   clock network delay (ideal)
                      0.100000    0.000000    0.000000 ^ _310_/CLK (sg13g2_dfrbpq_1)
    17    0.052190    0.218475    0.340815    0.340815 ^ _310_/Q (sg13g2_dfrbpq_1)
                                                         DPATH.SUM.fa_6.A (net)
                      0.218475    0.000000    0.340815 ^ _153_/A_N (sg13g2_nand2b_1)
     3    0.009548    0.056584    0.140635    0.481450 ^ _153_/Y (sg13g2_nand2b_1)
                                                         _111_ (net)
                      0.056584    0.000000    0.481450 ^ _159_/B1 (sg13g2_a21oi_1)
     1    0.010000    0.044785    0.057909    0.539360 v _159_/Y (sg13g2_a21oi_1)
                                                         sine_out[10] (net)
                      0.044785    0.000000    0.539360 v sine_out[10] (out)
                                              0.539360   data arrival time

                      0.100000    0.000000    0.000000   clock clk (rise edge)
                                  0.000000    0.000000   clock network delay (ideal)
                                  0.150000    0.150000   clock uncertainty
                                  0.000000    0.150000   clock reconvergence pessimism
                                  0.000000    0.150000   output external delay
                                              0.150000   data required time
---------------------------------------------------------------------------------------------
                                              0.150000   data required time
                                             -0.539360   data arrival time
---------------------------------------------------------------------------------------------
                                              0.389360   slack (MET)


Startpoint: _306_ (rising edge-triggered flip-flop clocked by clk)
Endpoint: sine_out[3] (output port clocked by clk)
Path Group: clk
Path Type: min

Fanout         Cap        Slew       Delay        Time   Description
---------------------------------------------------------------------------------------------
                      0.100000    0.000000    0.000000   clock clk (rise edge)
                                  0.000000    0.000000   clock network delay (ideal)
                      0.100000    0.000000    0.000000 ^ _306_/CLK (sg13g2_dfrbpq_1)
    11    0.037099    0.157975    0.298963    0.298963 ^ _306_/Q (sg13g2_dfrbpq_1)
                                                         DPATH.SUM.fa_2.A (net)
                      0.157975    0.000000    0.298963 ^ _148_/B1 (sg13g2_o21ai_1)
     4    0.011789    0.100666    0.123458    0.422421 v _148_/Y (sg13g2_o21ai_1)
                                                         _107_ (net)
                      0.100666    0.000000    0.422421 v _149_/B (sg13g2_nand2_1)
     3    0.009616    0.057242    0.084627    0.507048 ^ _149_/Y (sg13g2_nand2_1)
                                                         _108_ (net)
                      0.057242    0.000000    0.507048 ^ _289_/B (sg13g2_nor2_1)
     1    0.010000    0.044692    0.058216    0.565264 v _289_/Y (sg13g2_nor2_1)
                                                         sine_out[3] (net)
                      0.044692    0.000000    0.565264 v sine_out[3] (out)
                                              0.565264   data arrival time

                      0.100000    0.000000    0.000000   clock clk (rise edge)
                                  0.000000    0.000000   clock network delay (ideal)
                                  0.150000    0.150000   clock uncertainty
                                  0.000000    0.150000   clock reconvergence pessimism
                                  0.000000    0.150000   output external delay
                                              0.150000   data required time
---------------------------------------------------------------------------------------------
                                              0.150000   data required time
                                             -0.565264   data arrival time
---------------------------------------------------------------------------------------------
                                              0.415264   slack (MET)



%OL_END_REPORT
%OL_CREATE_REPORT max.rpt

===========================================================================
report_checks -path_delay max (Setup)
============================================================================
======================= nom_typ_1p20V_25C Corner ===================================

Startpoint: _305_ (rising edge-triggered flip-flop clocked by clk)
Endpoint: sine_out[1] (output port clocked by clk)
Path Group: clk
Path Type: max

Fanout         Cap        Slew       Delay        Time   Description
---------------------------------------------------------------------------------------------
                      0.100000    0.000000    0.000000   clock clk (rise edge)
                                  0.000000    0.000000   clock network delay (ideal)
                      0.100000    0.000000    0.000000 ^ _305_/CLK (sg13g2_dfrbpq_1)
    17    0.057482    0.239696    0.355484    0.355484 ^ _305_/Q (sg13g2_dfrbpq_1)
                                                         DPATH.SUM.fa_1.A (net)
                      0.239696    0.000000    0.355484 ^ _212_/A (sg13g2_xor2_1)
     3    0.008107    0.100830    0.144032    0.499515 v _212_/X (sg13g2_xor2_1)
                                                         _025_ (net)
                      0.100830    0.000000    0.499515 v _213_/B (sg13g2_or2_1)
     4    0.011532    0.053783    0.150121    0.649636 v _213_/X (sg13g2_or2_1)
                                                         _026_ (net)
                      0.053783    0.000000    0.649636 v _214_/C (sg13g2_and3_1)
     3    0.009160    0.043623    0.107973    0.757609 v _214_/X (sg13g2_and3_1)
                                                         _027_ (net)
                      0.043623    0.000000    0.757609 v _249_/A2 (sg13g2_a221oi_1)
     1    0.002993    0.108025    0.146129    0.903738 ^ _249_/Y (sg13g2_a221oi_1)
                                                         _061_ (net)
                      0.108025    0.000000    0.903738 ^ _250_/B (sg13g2_nor2_1)
     1    0.003012    0.037996    0.052056    0.955794 v _250_/Y (sg13g2_nor2_1)
                                                         _062_ (net)
                      0.037996    0.000000    0.955794 v _256_/B (sg13g2_nor4_1)
     1    0.002949    0.118107    0.140447    1.096241 ^ _256_/Y (sg13g2_nor4_1)
                                                         _068_ (net)
                      0.118107    0.000000    1.096241 ^ _267_/B1 (sg13g2_a21oi_1)
     1    0.010000    0.084317    0.080553    1.176794 v _267_/Y (sg13g2_a21oi_1)
                                                         sine_out[1] (net)
                      0.084317    0.000000    1.176794 v sine_out[1] (out)
                                              1.176794   data arrival time

                      0.100000    5.000000    5.000000   clock clk (rise edge)
                                  0.000000    5.000000   clock network delay (ideal)
                                 -0.150000    4.850000   clock uncertainty
                                  0.000000    4.850000   clock reconvergence pessimism
                                 -1.000000    3.850000   output external delay
                                              3.850000   data required time
---------------------------------------------------------------------------------------------
                                              3.850000   data required time
                                             -1.176794   data arrival time
---------------------------------------------------------------------------------------------
                                              2.673206   slack (MET)


Startpoint: _305_ (rising edge-triggered flip-flop clocked by clk)
Endpoint: sine_out[0] (output port clocked by clk)
Path Group: clk
Path Type: max

Fanout         Cap        Slew       Delay        Time   Description
---------------------------------------------------------------------------------------------
                      0.100000    0.000000    0.000000   clock clk (rise edge)
                                  0.000000    0.000000   clock network delay (ideal)
                      0.100000    0.000000    0.000000 ^ _305_/CLK (sg13g2_dfrbpq_1)
    17    0.057482    0.239696    0.355484    0.355484 ^ _305_/Q (sg13g2_dfrbpq_1)
                                                         DPATH.SUM.fa_1.A (net)
                      0.239696    0.000000    0.355484 ^ _212_/A (sg13g2_xor2_1)
     3    0.008545    0.117266    0.193661    0.549145 ^ _212_/X (sg13g2_xor2_1)
                                                         _025_ (net)
                      0.117266    0.000000    0.549145 ^ _213_/B (sg13g2_or2_1)
     4    0.012201    0.061331    0.125363    0.674508 ^ _213_/X (sg13g2_or2_1)
                                                         _026_ (net)
                      0.061331    0.000000    0.674508 ^ _214_/C (sg13g2_and3_1)
     3    0.009548    0.062289    0.147767    0.822275 ^ _214_/X (sg13g2_and3_1)
                                                         _027_ (net)
                      0.062289    0.000000    0.822275 ^ _215_/A2 (sg13g2_o21ai_1)
     1    0.003042    0.073296    0.061546    0.883821 v _215_/Y (sg13g2_o21ai_1)
                                                         _028_ (net)
                      0.073296    0.000000    0.883821 v _220_/A1 (sg13g2_a21oi_1)
     1    0.002933    0.078273    0.076740    0.960561 ^ _220_/Y (sg13g2_a21oi_1)
                                                         _033_ (net)
                      0.078273    0.000000    0.960561 ^ _232_/C1 (sg13g2_a221oi_1)
     1    0.003044    0.078211    0.050554    1.011115 v _232_/Y (sg13g2_a221oi_1)
                                                         _045_ (net)
                      0.078211    0.000000    1.011115 v _247_/A2 (sg13g2_a22oi_1)
     1    0.010000    0.124590    0.138046    1.149161 ^ _247_/Y (sg13g2_a22oi_1)
                                                         sine_out[0] (net)
                      0.124590    0.000000    1.149161 ^ sine_out[0] (out)
                                              1.149161   data arrival time

                      0.100000    5.000000    5.000000   clock clk (rise edge)
                                  0.000000    5.000000   clock network delay (ideal)
                                 -0.150000    4.850000   clock uncertainty
                                  0.000000    4.850000   clock reconvergence pessimism
                                 -1.000000    3.850000   output external delay
                                              3.850000   data required time
---------------------------------------------------------------------------------------------
                                              3.850000   data required time
                                             -1.149161   data arrival time
---------------------------------------------------------------------------------------------
                                              2.700839   slack (MET)


Startpoint: _305_ (rising edge-triggered flip-flop clocked by clk)
Endpoint: sine_out[2] (output port clocked by clk)
Path Group: clk
Path Type: max

Fanout         Cap        Slew       Delay        Time   Description
---------------------------------------------------------------------------------------------
                      0.100000    0.000000    0.000000   clock clk (rise edge)
                                  0.000000    0.000000   clock network delay (ideal)
                      0.100000    0.000000    0.000000 ^ _305_/CLK (sg13g2_dfrbpq_1)
    17    0.057482    0.239696    0.355484    0.355484 ^ _305_/Q (sg13g2_dfrbpq_1)
                                                         DPATH.SUM.fa_1.A (net)
                      0.239696    0.000000    0.355484 ^ _212_/A (sg13g2_xor2_1)
     3    0.008545    0.117266    0.193661    0.549145 ^ _212_/X (sg13g2_xor2_1)
                                                         _025_ (net)
                      0.117266    0.000000    0.549145 ^ _213_/B (sg13g2_or2_1)
     4    0.012201    0.061331    0.125363    0.674508 ^ _213_/X (sg13g2_or2_1)
                                                         _026_ (net)
                      0.061331    0.000000    0.674508 ^ _257_/A1 (sg13g2_a21oi_1)
     2    0.006307    0.078305    0.079583    0.754091 v _257_/Y (sg13g2_a21oi_1)
                                                         _069_ (net)
                      0.078305    0.000000    0.754091 v _282_/A2 (sg13g2_o21ai_1)
     1    0.002986    0.074720    0.095417    0.849508 ^ _282_/Y (sg13g2_o21ai_1)
                                                         _093_ (net)
                      0.074720    0.000000    0.849508 ^ _287_/A1 (sg13g2_a21oi_1)
     1    0.002808    0.047005    0.068854    0.918362 v _287_/Y (sg13g2_a21oi_1)
                                                         _098_ (net)
                      0.047005    0.000000    0.918362 v _288_/B1 (sg13g2_a21oi_1)
     1    0.010000    0.112037    0.109029    1.027391 ^ _288_/Y (sg13g2_a21oi_1)
                                                         sine_out[2] (net)
                      0.112037    0.000000    1.027391 ^ sine_out[2] (out)
                                              1.027391   data arrival time

                      0.100000    5.000000    5.000000   clock clk (rise edge)
                                  0.000000    5.000000   clock network delay (ideal)
                                 -0.150000    4.850000   clock uncertainty
                                  0.000000    4.850000   clock reconvergence pessimism
                                 -1.000000    3.850000   output external delay
                                              3.850000   data required time
---------------------------------------------------------------------------------------------
                                              3.850000   data required time
                                             -1.027391   data arrival time
---------------------------------------------------------------------------------------------
                                              2.822609   slack (MET)


Startpoint: _305_ (rising edge-triggered flip-flop clocked by clk)
Endpoint: sine_out[8] (output port clocked by clk)
Path Group: clk
Path Type: max

Fanout         Cap        Slew       Delay        Time   Description
---------------------------------------------------------------------------------------------
                      0.100000    0.000000    0.000000   clock clk (rise edge)
                                  0.000000    0.000000   clock network delay (ideal)
                      0.100000    0.000000    0.000000 ^ _305_/CLK (sg13g2_dfrbpq_1)
    17    0.057482    0.239696    0.355484    0.355484 ^ _305_/Q (sg13g2_dfrbpq_1)
                                                         DPATH.SUM.fa_1.A (net)
                      0.239696    0.000000    0.355484 ^ _164_/B (sg13g2_and2_1)
     4    0.012020    0.065330    0.171085    0.526569 ^ _164_/X (sg13g2_and2_1)
                                                         _120_ (net)
                      0.065330    0.000000    0.526569 ^ _169_/B (sg13g2_nand2_1)
     3    0.008571    0.096864    0.083770    0.610339 v _169_/Y (sg13g2_nand2_1)
                                                         _124_ (net)
                      0.096864    0.000000    0.610339 v _291_/B (sg13g2_nor2_1)
     2    0.006072    0.081553    0.091179    0.701518 ^ _291_/Y (sg13g2_nor2_1)
                                                         _099_ (net)
                      0.081553    0.000000    0.701518 ^ _295_/A2 (sg13g2_a21oi_1)
     1    0.010000    0.123445    0.107715    0.809233 v _295_/Y (sg13g2_a21oi_1)
                                                         sine_out[8] (net)
                      0.123445    0.000000    0.809233 v sine_out[8] (out)
                                              0.809233   data arrival time

                      0.100000    5.000000    5.000000   clock clk (rise edge)
                                  0.000000    5.000000   clock network delay (ideal)
                                 -0.150000    4.850000   clock uncertainty
                                  0.000000    4.850000   clock reconvergence pessimism
                                 -1.000000    3.850000   output external delay
                                              3.850000   data required time
---------------------------------------------------------------------------------------------
                                              3.850000   data required time
                                             -0.809233   data arrival time
---------------------------------------------------------------------------------------------
                                              3.040767   slack (MET)


Startpoint: _305_ (rising edge-triggered flip-flop clocked by clk)
Endpoint: sine_out[16] (output port clocked by clk)
Path Group: clk
Path Type: max

Fanout         Cap        Slew       Delay        Time   Description
---------------------------------------------------------------------------------------------
                      0.100000    0.000000    0.000000   clock clk (rise edge)
                                  0.000000    0.000000   clock network delay (ideal)
                      0.100000    0.000000    0.000000 ^ _305_/CLK (sg13g2_dfrbpq_1)
    17    0.057482    0.239696    0.355484    0.355484 ^ _305_/Q (sg13g2_dfrbpq_1)
                                                         DPATH.SUM.fa_1.A (net)
                      0.239696    0.000000    0.355484 ^ _164_/B (sg13g2_and2_1)
     4    0.012020    0.065330    0.171085    0.526569 ^ _164_/X (sg13g2_and2_1)
                                                         _120_ (net)
                      0.065330    0.000000    0.526569 ^ _165_/A (sg13g2_inv_1)
     4    0.011971    0.050626    0.064944    0.591513 v _165_/Y (sg13g2_inv_1)
                                                         _121_ (net)
                      0.050626    0.000000    0.591513 v _175_/A2 (sg13g2_o21ai_1)
     1    0.003100    0.073391    0.085603    0.677116 ^ _175_/Y (sg13g2_o21ai_1)
                                                         _127_ (net)
                      0.073391    0.000000    0.677116 ^ _176_/C (sg13g2_nand3_1)
     1    0.010000    0.135089    0.131174    0.808290 v _176_/Y (sg13g2_nand3_1)
                                                         sine_out[16] (net)
                      0.135089    0.000000    0.808290 v sine_out[16] (out)
                                              0.808290   data arrival time

                      0.100000    5.000000    5.000000   clock clk (rise edge)
                                  0.000000    5.000000   clock network delay (ideal)
                                 -0.150000    4.850000   clock uncertainty
                                  0.000000    4.850000   clock reconvergence pessimism
                                 -1.000000    3.850000   output external delay
                                              3.850000   data required time
---------------------------------------------------------------------------------------------
                                              3.850000   data required time
                                             -0.808290   data arrival time
---------------------------------------------------------------------------------------------
                                              3.041710   slack (MET)


Startpoint: _307_ (rising edge-triggered flip-flop clocked by clk)
Endpoint: sine_out[7] (output port clocked by clk)
Path Group: clk
Path Type: max

Fanout         Cap        Slew       Delay        Time   Description
---------------------------------------------------------------------------------------------
                      0.100000    0.000000    0.000000   clock clk (rise edge)
                                  0.000000    0.000000   clock network delay (ideal)
                      0.100000    0.000000    0.000000 ^ _307_/CLK (sg13g2_dfrbpq_1)
    19    0.057794    0.240948    0.356349    0.356349 ^ _307_/Q (sg13g2_dfrbpq_1)
                                                         DPATH.SUM.fa_3.A (net)
                      0.240948    0.000000    0.356349 ^ _138_/A (sg13g2_inv_1)
    11    0.032913    0.150227    0.204217    0.560566 v _138_/Y (sg13g2_inv_1)
                                                         _100_ (net)
                      0.150227    0.000000    0.560566 v _156_/A (sg13g2_nor2_1)
     3    0.009058    0.104444    0.127880    0.688446 ^ _156_/Y (sg13g2_nor2_1)
                                                         _114_ (net)
                      0.104444    0.000000    0.688446 ^ _294_/A2 (sg13g2_a21oi_1)
     1    0.010000    0.123445    0.116397    0.804843 v _294_/Y (sg13g2_a21oi_1)
                                                         sine_out[7] (net)
                      0.123445    0.000000    0.804843 v sine_out[7] (out)
                                              0.804843   data arrival time

                      0.100000    5.000000    5.000000   clock clk (rise edge)
                                  0.000000    5.000000   clock network delay (ideal)
                                 -0.150000    4.850000   clock uncertainty
                                  0.000000    4.850000   clock reconvergence pessimism
                                 -1.000000    3.850000   output external delay
                                              3.850000   data required time
---------------------------------------------------------------------------------------------
                                              3.850000   data required time
                                             -0.804843   data arrival time
---------------------------------------------------------------------------------------------
                                              3.045157   slack (MET)


Startpoint: _307_ (rising edge-triggered flip-flop clocked by clk)
Endpoint: sine_out[10] (output port clocked by clk)
Path Group: clk
Path Type: max

Fanout         Cap        Slew       Delay        Time   Description
---------------------------------------------------------------------------------------------
                      0.100000    0.000000    0.000000   clock clk (rise edge)
                                  0.000000    0.000000   clock network delay (ideal)
                      0.100000    0.000000    0.000000 ^ _307_/CLK (sg13g2_dfrbpq_1)
    19    0.057794    0.240948    0.356349    0.356349 ^ _307_/Q (sg13g2_dfrbpq_1)
                                                         DPATH.SUM.fa_3.A (net)
                      0.240948    0.000000    0.356349 ^ _138_/A (sg13g2_inv_1)
    11    0.032913    0.150227    0.204217    0.560566 v _138_/Y (sg13g2_inv_1)
                                                         _100_ (net)
                      0.150227    0.000000    0.560566 v _156_/A (sg13g2_nor2_1)
     3    0.009058    0.104444    0.127880    0.688446 ^ _156_/Y (sg13g2_nor2_1)
                                                         _114_ (net)
                      0.104444    0.000000    0.688446 ^ _159_/A1 (sg13g2_a21oi_1)
     1    0.010000    0.088756    0.114496    0.802943 v _159_/Y (sg13g2_a21oi_1)
                                                         sine_out[10] (net)
                      0.088756    0.000000    0.802943 v sine_out[10] (out)
                                              0.802943   data arrival time

                      0.100000    5.000000    5.000000   clock clk (rise edge)
                                  0.000000    5.000000   clock network delay (ideal)
                                 -0.150000    4.850000   clock uncertainty
                                  0.000000    4.850000   clock reconvergence pessimism
                                 -1.000000    3.850000   output external delay
                                              3.850000   data required time
---------------------------------------------------------------------------------------------
                                              3.850000   data required time
                                             -0.802943   data arrival time
---------------------------------------------------------------------------------------------
                                              3.047057   slack (MET)


Startpoint: _307_ (rising edge-triggered flip-flop clocked by clk)
Endpoint: sine_out[15] (output port clocked by clk)
Path Group: clk
Path Type: max

Fanout         Cap        Slew       Delay        Time   Description
---------------------------------------------------------------------------------------------
                      0.100000    0.000000    0.000000   clock clk (rise edge)
                                  0.000000    0.000000   clock network delay (ideal)
                      0.100000    0.000000    0.000000 ^ _307_/CLK (sg13g2_dfrbpq_1)
    19    0.057794    0.240948    0.356349    0.356349 ^ _307_/Q (sg13g2_dfrbpq_1)
                                                         DPATH.SUM.fa_3.A (net)
                      0.240948    0.000000    0.356349 ^ _138_/A (sg13g2_inv_1)
    11    0.032913    0.150227    0.204217    0.560566 v _138_/Y (sg13g2_inv_1)
                                                         _100_ (net)
                      0.150227    0.000000    0.560566 v _168_/A (sg13g2_nor2_1)
     2    0.006560    0.085506    0.111338    0.671904 ^ _168_/Y (sg13g2_nor2_1)
                                                         _123_ (net)
                      0.085506    0.000000    0.671904 ^ _173_/A1 (sg13g2_o21ai_1)
     1    0.010000    0.101452    0.110438    0.782342 v _173_/Y (sg13g2_o21ai_1)
                                                         sine_out[15] (net)
                      0.101452    0.000000    0.782342 v sine_out[15] (out)
                                              0.782342   data arrival time

                      0.100000    5.000000    5.000000   clock clk (rise edge)
                                  0.000000    5.000000   clock network delay (ideal)
                                 -0.150000    4.850000   clock uncertainty
                                  0.000000    4.850000   clock reconvergence pessimism
                                 -1.000000    3.850000   output external delay
                                              3.850000   data required time
---------------------------------------------------------------------------------------------
                                              3.850000   data required time
                                             -0.782342   data arrival time
---------------------------------------------------------------------------------------------
                                              3.067657   slack (MET)


Startpoint: _307_ (rising edge-triggered flip-flop clocked by clk)
Endpoint: sine_out[13] (output port clocked by clk)
Path Group: clk
Path Type: max

Fanout         Cap        Slew       Delay        Time   Description
---------------------------------------------------------------------------------------------
                      0.100000    0.000000    0.000000   clock clk (rise edge)
                                  0.000000    0.000000   clock network delay (ideal)
                      0.100000    0.000000    0.000000 ^ _307_/CLK (sg13g2_dfrbpq_1)
    19    0.057794    0.240948    0.356349    0.356349 ^ _307_/Q (sg13g2_dfrbpq_1)
                                                         DPATH.SUM.fa_3.A (net)
                      0.240948    0.000000    0.356349 ^ _138_/A (sg13g2_inv_1)
    11    0.032913    0.150227    0.204217    0.560566 v _138_/Y (sg13g2_inv_1)
                                                         _100_ (net)
                      0.150227    0.000000    0.560566 v _168_/A (sg13g2_nor2_1)
     2    0.006560    0.085506    0.111338    0.671904 ^ _168_/Y (sg13g2_nor2_1)
                                                         _123_ (net)
                      0.085506    0.000000    0.671904 ^ _170_/A2 (sg13g2_a21oi_1)
     1    0.010000    0.085496    0.109348    0.781253 v _170_/Y (sg13g2_a21oi_1)
                                                         sine_out[13] (net)
                      0.085496    0.000000    0.781253 v sine_out[13] (out)
                                              0.781253   data arrival time

                      0.100000    5.000000    5.000000   clock clk (rise edge)
                                  0.000000    5.000000   clock network delay (ideal)
                                 -0.150000    4.850000   clock uncertainty
                                  0.000000    4.850000   clock reconvergence pessimism
                                 -1.000000    3.850000   output external delay
                                              3.850000   data required time
---------------------------------------------------------------------------------------------
                                              3.850000   data required time
                                             -0.781253   data arrival time
---------------------------------------------------------------------------------------------
                                              3.068747   slack (MET)


Startpoint: _305_ (rising edge-triggered flip-flop clocked by clk)
Endpoint: sine_out[14] (output port clocked by clk)
Path Group: clk
Path Type: max

Fanout         Cap        Slew       Delay        Time   Description
---------------------------------------------------------------------------------------------
                      0.100000    0.000000    0.000000   clock clk (rise edge)
                                  0.000000    0.000000   clock network delay (ideal)
                      0.100000    0.000000    0.000000 ^ _305_/CLK (sg13g2_dfrbpq_1)
    17    0.055693    0.174852    0.319654    0.319654 v _305_/Q (sg13g2_dfrbpq_1)
                                                         DPATH.SUM.fa_1.A (net)
                      0.174852    0.000000    0.319654 v _148_/A1 (sg13g2_o21ai_1)
     4    0.012061    0.168662    0.197978    0.517632 ^ _148_/Y (sg13g2_o21ai_1)
                                                         _107_ (net)
                      0.168662    0.000000    0.517632 ^ _149_/B (sg13g2_nand2_1)
     3    0.009002    0.079014    0.116289    0.633921 v _149_/Y (sg13g2_nand2_1)
                                                         _108_ (net)
                      0.079014    0.000000    0.633921 v _171_/A2 (sg13g2_o21ai_1)
     1    0.010000    0.145599    0.146634    0.780555 ^ _171_/Y (sg13g2_o21ai_1)
                                                         sine_out[14] (net)
                      0.145599    0.000000    0.780555 ^ sine_out[14] (out)
                                              0.780555   data arrival time

                      0.100000    5.000000    5.000000   clock clk (rise edge)
                                  0.000000    5.000000   clock network delay (ideal)
                                 -0.150000    4.850000   clock uncertainty
                                  0.000000    4.850000   clock reconvergence pessimism
                                 -1.000000    3.850000   output external delay
                                              3.850000   data required time
---------------------------------------------------------------------------------------------
                                              3.850000   data required time
                                             -0.780555   data arrival time
---------------------------------------------------------------------------------------------
                                              3.069445   slack (MET)


Startpoint: _305_ (rising edge-triggered flip-flop clocked by clk)
Endpoint: sine_out[5] (output port clocked by clk)
Path Group: clk
Path Type: max

Fanout         Cap        Slew       Delay        Time   Description
---------------------------------------------------------------------------------------------
                      0.100000    0.000000    0.000000   clock clk (rise edge)
                                  0.000000    0.000000   clock network delay (ideal)
                      0.100000    0.000000    0.000000 ^ _305_/CLK (sg13g2_dfrbpq_1)
    17    0.057482    0.239696    0.355484    0.355484 ^ _305_/Q (sg13g2_dfrbpq_1)
                                                         DPATH.SUM.fa_1.A (net)
                      0.239696    0.000000    0.355484 ^ _164_/B (sg13g2_and2_1)
     4    0.012020    0.065330    0.171085    0.526569 ^ _164_/X (sg13g2_and2_1)
                                                         _120_ (net)
                      0.065330    0.000000    0.526569 ^ _169_/B (sg13g2_nand2_1)
     3    0.008571    0.096864    0.083770    0.610339 v _169_/Y (sg13g2_nand2_1)
                                                         _124_ (net)
                      0.096864    0.000000    0.610339 v _291_/B (sg13g2_nor2_1)
     2    0.006072    0.081553    0.091179    0.701518 ^ _291_/Y (sg13g2_nor2_1)
                                                         _099_ (net)
                      0.081553    0.000000    0.701518 ^ _292_/C (sg13g2_nor3_1)
     1    0.010000    0.097526    0.070065    0.771583 v _292_/Y (sg13g2_nor3_1)
                                                         sine_out[5] (net)
                      0.097526    0.000000    0.771583 v sine_out[5] (out)
                                              0.771583   data arrival time

                      0.100000    5.000000    5.000000   clock clk (rise edge)
                                  0.000000    5.000000   clock network delay (ideal)
                                 -0.150000    4.850000   clock uncertainty
                                  0.000000    4.850000   clock reconvergence pessimism
                                 -1.000000    3.850000   output external delay
                                              3.850000   data required time
---------------------------------------------------------------------------------------------
                                              3.850000   data required time
                                             -0.771583   data arrival time
---------------------------------------------------------------------------------------------
                                              3.078417   slack (MET)


Startpoint: _305_ (rising edge-triggered flip-flop clocked by clk)
Endpoint: sine_out[12] (output port clocked by clk)
Path Group: clk
Path Type: max

Fanout         Cap        Slew       Delay        Time   Description
---------------------------------------------------------------------------------------------
                      0.100000    0.000000    0.000000   clock clk (rise edge)
                                  0.000000    0.000000   clock network delay (ideal)
                      0.100000    0.000000    0.000000 ^ _305_/CLK (sg13g2_dfrbpq_1)
    17    0.057482    0.239696    0.355484    0.355484 ^ _305_/Q (sg13g2_dfrbpq_1)
                                                         DPATH.SUM.fa_1.A (net)
                      0.239696    0.000000    0.355484 ^ _164_/B (sg13g2_and2_1)
     4    0.012020    0.065330    0.171085    0.526569 ^ _164_/X (sg13g2_and2_1)
                                                         _120_ (net)
                      0.065330    0.000000    0.526569 ^ _165_/A (sg13g2_inv_1)
     4    0.011971    0.050626    0.064944    0.591513 v _165_/Y (sg13g2_inv_1)
                                                         _121_ (net)
                      0.050626    0.000000    0.591513 v _166_/B (sg13g2_nor2_1)
     2    0.006461    0.078488    0.078368    0.669881 ^ _166_/Y (sg13g2_nor2_1)
                                                         _122_ (net)
                      0.078488    0.000000    0.669881 ^ _167_/A2 (sg13g2_o21ai_1)
     1    0.010000    0.079190    0.098725    0.768605 v _167_/Y (sg13g2_o21ai_1)
                                                         sine_out[12] (net)
                      0.079190    0.000000    0.768605 v sine_out[12] (out)
                                              0.768605   data arrival time

                      0.100000    5.000000    5.000000   clock clk (rise edge)
                                  0.000000    5.000000   clock network delay (ideal)
                                 -0.150000    4.850000   clock uncertainty
                                  0.000000    4.850000   clock reconvergence pessimism
                                 -1.000000    3.850000   output external delay
                                              3.850000   data required time
---------------------------------------------------------------------------------------------
                                              3.850000   data required time
                                             -0.768605   data arrival time
---------------------------------------------------------------------------------------------
                                              3.081395   slack (MET)


Startpoint: _307_ (rising edge-triggered flip-flop clocked by clk)
Endpoint: sine_out[4] (output port clocked by clk)
Path Group: clk
Path Type: max

Fanout         Cap        Slew       Delay        Time   Description
---------------------------------------------------------------------------------------------
                      0.100000    0.000000    0.000000   clock clk (rise edge)
                                  0.000000    0.000000   clock network delay (ideal)
                      0.100000    0.000000    0.000000 ^ _307_/CLK (sg13g2_dfrbpq_1)
    19    0.057794    0.240948    0.356349    0.356349 ^ _307_/Q (sg13g2_dfrbpq_1)
                                                         DPATH.SUM.fa_3.A (net)
                      0.240948    0.000000    0.356349 ^ _138_/A (sg13g2_inv_1)
    11    0.032913    0.150227    0.204217    0.560566 v _138_/Y (sg13g2_inv_1)
                                                         _100_ (net)
                      0.150227    0.000000    0.560566 v _156_/A (sg13g2_nor2_1)
     3    0.009058    0.104444    0.127880    0.688446 ^ _156_/Y (sg13g2_nor2_1)
                                                         _114_ (net)
                      0.104444    0.000000    0.688446 ^ _290_/C (sg13g2_nor3_1)
     1    0.010000    0.097526    0.078509    0.766955 v _290_/Y (sg13g2_nor3_1)
                                                         sine_out[4] (net)
                      0.097526    0.000000    0.766955 v sine_out[4] (out)
                                              0.766955   data arrival time

                      0.100000    5.000000    5.000000   clock clk (rise edge)
                                  0.000000    5.000000   clock network delay (ideal)
                                 -0.150000    4.850000   clock uncertainty
                                  0.000000    4.850000   clock reconvergence pessimism
                                 -1.000000    3.850000   output external delay
                                              3.850000   data required time
---------------------------------------------------------------------------------------------
                                              3.850000   data required time
                                             -0.766955   data arrival time
---------------------------------------------------------------------------------------------
                                              3.083045   slack (MET)


Startpoint: _305_ (rising edge-triggered flip-flop clocked by clk)
Endpoint: sine_out[9] (output port clocked by clk)
Path Group: clk
Path Type: max

Fanout         Cap        Slew       Delay        Time   Description
---------------------------------------------------------------------------------------------
                      0.100000    0.000000    0.000000   clock clk (rise edge)
                                  0.000000    0.000000   clock network delay (ideal)
                      0.100000    0.000000    0.000000 ^ _305_/CLK (sg13g2_dfrbpq_1)
    17    0.055693    0.174852    0.319654    0.319654 v _305_/Q (sg13g2_dfrbpq_1)
                                                         DPATH.SUM.fa_1.A (net)
                      0.174852    0.000000    0.319654 v _148_/A1 (sg13g2_o21ai_1)
     4    0.012061    0.168662    0.197978    0.517632 ^ _148_/Y (sg13g2_o21ai_1)
                                                         _107_ (net)
                      0.168662    0.000000    0.517632 ^ _149_/B (sg13g2_nand2_1)
     3    0.009002    0.079014    0.116289    0.633921 v _149_/Y (sg13g2_nand2_1)
                                                         _108_ (net)
                      0.079014    0.000000    0.633921 v _150_/A2 (sg13g2_a21oi_1)
     1    0.010000    0.127932    0.131166    0.765087 ^ _150_/Y (sg13g2_a21oi_1)
                                                         sine_out[9] (net)
                      0.127932    0.000000    0.765087 ^ sine_out[9] (out)
                                              0.765087   data arrival time

                      0.100000    5.000000    5.000000   clock clk (rise edge)
                                  0.000000    5.000000   clock network delay (ideal)
                                 -0.150000    4.850000   clock uncertainty
                                  0.000000    4.850000   clock reconvergence pessimism
                                 -1.000000    3.850000   output external delay
                                              3.850000   data required time
---------------------------------------------------------------------------------------------
                                              3.850000   data required time
                                             -0.765087   data arrival time
---------------------------------------------------------------------------------------------
                                              3.084912   slack (MET)


Startpoint: _307_ (rising edge-triggered flip-flop clocked by clk)
Endpoint: sine_out[6] (output port clocked by clk)
Path Group: clk
Path Type: max

Fanout         Cap        Slew       Delay        Time   Description
---------------------------------------------------------------------------------------------
                      0.100000    0.000000    0.000000   clock clk (rise edge)
                                  0.000000    0.000000   clock network delay (ideal)
                      0.100000    0.000000    0.000000 ^ _307_/CLK (sg13g2_dfrbpq_1)
    19    0.057072    0.178963    0.322705    0.322705 v _307_/Q (sg13g2_dfrbpq_1)
                                                         DPATH.SUM.fa_3.A (net)
                      0.178963    0.000000    0.322705 v _138_/A (sg13g2_inv_1)
    11    0.033300    0.164211    0.194819    0.517524 ^ _138_/Y (sg13g2_inv_1)
                                                         _100_ (net)
                      0.164211    0.000000    0.517524 ^ _177_/A (sg13g2_nand2_1)
     3    0.008708    0.085001    0.109756    0.627281 v _177_/Y (sg13g2_nand2_1)
                                                         _128_ (net)
                      0.085001    0.000000    0.627281 v _293_/A2 (sg13g2_a21oi_1)
     1    0.010000    0.119945    0.133484    0.760764 ^ _293_/Y (sg13g2_a21oi_1)
                                                         sine_out[6] (net)
                      0.119945    0.000000    0.760764 ^ sine_out[6] (out)
                                              0.760764   data arrival time

                      0.100000    5.000000    5.000000   clock clk (rise edge)
                                  0.000000    5.000000   clock network delay (ideal)
                                 -0.150000    4.850000   clock uncertainty
                                  0.000000    4.850000   clock reconvergence pessimism
                                 -1.000000    3.850000   output external delay
                                              3.850000   data required time
---------------------------------------------------------------------------------------------
                                              3.850000   data required time
                                             -0.760764   data arrival time
---------------------------------------------------------------------------------------------
                                              3.089236   slack (MET)


Startpoint: _308_ (rising edge-triggered flip-flop clocked by clk)
Endpoint: sine_out[11] (output port clocked by clk)
Path Group: clk
Path Type: max

Fanout         Cap        Slew       Delay        Time   Description
---------------------------------------------------------------------------------------------
                      0.100000    0.000000    0.000000   clock clk (rise edge)
                                  0.000000    0.000000   clock network delay (ideal)
                      0.100000    0.000000    0.000000 ^ _308_/CLK (sg13g2_dfrbpq_1)
    24    0.071656    0.296687    0.394752    0.394752 ^ _308_/Q (sg13g2_dfrbpq_1)
                                                         DPATH.SUM.fa_4.A (net)
                      0.296687    0.000000    0.394752 ^ _151_/B (sg13g2_nand2_1)
     5    0.014876    0.132556    0.180353    0.575106 v _151_/Y (sg13g2_nand2_1)
                                                         _109_ (net)
                      0.132556    0.000000    0.575106 v _153_/B (sg13g2_nand2b_1)
     3    0.009548    0.073235    0.093553    0.668659 ^ _153_/Y (sg13g2_nand2b_1)
                                                         _111_ (net)
                      0.073235    0.000000    0.668659 ^ _162_/B1 (sg13g2_o21ai_1)
     1    0.010000    0.080564    0.088479    0.757138 v _162_/Y (sg13g2_o21ai_1)
                                                         sine_out[11] (net)
                      0.080564    0.000000    0.757138 v sine_out[11] (out)
                                              0.757138   data arrival time

                      0.100000    5.000000    5.000000   clock clk (rise edge)
                                  0.000000    5.000000   clock network delay (ideal)
                                 -0.150000    4.850000   clock uncertainty
                                  0.000000    4.850000   clock reconvergence pessimism
                                 -1.000000    3.850000   output external delay
                                              3.850000   data required time
---------------------------------------------------------------------------------------------
                                              3.850000   data required time
                                             -0.757138   data arrival time
---------------------------------------------------------------------------------------------
                                              3.092862   slack (MET)


Startpoint: _305_ (rising edge-triggered flip-flop clocked by clk)
Endpoint: sine_out[3] (output port clocked by clk)
Path Group: clk
Path Type: max

Fanout         Cap        Slew       Delay        Time   Description
---------------------------------------------------------------------------------------------
                      0.100000    0.000000    0.000000   clock clk (rise edge)
                                  0.000000    0.000000   clock network delay (ideal)
                      0.100000    0.000000    0.000000 ^ _305_/CLK (sg13g2_dfrbpq_1)
    17    0.055693    0.174852    0.319654    0.319654 v _305_/Q (sg13g2_dfrbpq_1)
                                                         DPATH.SUM.fa_1.A (net)
                      0.174852    0.000000    0.319654 v _148_/A1 (sg13g2_o21ai_1)
     4    0.012061    0.168662    0.197978    0.517632 ^ _148_/Y (sg13g2_o21ai_1)
                                                         _107_ (net)
                      0.168662    0.000000    0.517632 ^ _149_/B (sg13g2_nand2_1)
     3    0.009002    0.079014    0.116289    0.633921 v _149_/Y (sg13g2_nand2_1)
                                                         _108_ (net)
                      0.079014    0.000000    0.633921 v _289_/B (sg13g2_nor2_1)
     1    0.010000    0.108060    0.110242    0.744163 ^ _289_/Y (sg13g2_nor2_1)
                                                         sine_out[3] (net)
                      0.108060    0.000000    0.744163 ^ sine_out[3] (out)
                                              0.744163   data arrival time

                      0.100000    5.000000    5.000000   clock clk (rise edge)
                                  0.000000    5.000000   clock network delay (ideal)
                                 -0.150000    4.850000   clock uncertainty
                                  0.000000    4.850000   clock reconvergence pessimism
                                 -1.000000    3.850000   output external delay
                                              3.850000   data required time
---------------------------------------------------------------------------------------------
                                              3.850000   data required time
                                             -0.744163   data arrival time
---------------------------------------------------------------------------------------------
                                              3.105837   slack (MET)


Startpoint: _308_ (rising edge-triggered flip-flop clocked by clk)
Endpoint: sine_out[17] (output port clocked by clk)
Path Group: clk
Path Type: max

Fanout         Cap        Slew       Delay        Time   Description
---------------------------------------------------------------------------------------------
                      0.100000    0.000000    0.000000   clock clk (rise edge)
                                  0.000000    0.000000   clock network delay (ideal)
                      0.100000    0.000000    0.000000 ^ _308_/CLK (sg13g2_dfrbpq_1)
    24    0.071656    0.296687    0.394752    0.394752 ^ _308_/Q (sg13g2_dfrbpq_1)
                                                         DPATH.SUM.fa_4.A (net)
                      0.296687    0.000000    0.394752 ^ _145_/B (sg13g2_nor2_1)
     2    0.005704    0.070979    0.092922    0.487674 v _145_/Y (sg13g2_nor2_1)
                                                         _104_ (net)
                      0.070979    0.000000    0.487674 v _178_/B (sg13g2_nand2_1)
     2    0.006113    0.047924    0.061008    0.548682 ^ _178_/Y (sg13g2_nand2_1)
                                                         _129_ (net)
                      0.047924    0.000000    0.548682 ^ _179_/C (sg13g2_nand3_1)
     1    0.010000    0.139715    0.122047    0.670729 v _179_/Y (sg13g2_nand3_1)
                                                         sine_out[17] (net)
                      0.139715    0.000000    0.670729 v sine_out[17] (out)
                                              0.670729   data arrival time

                      0.100000    5.000000    5.000000   clock clk (rise edge)
                                  0.000000    5.000000   clock network delay (ideal)
                                 -0.150000    4.850000   clock uncertainty
                                  0.000000    4.850000   clock reconvergence pessimism
                                 -1.000000    3.850000   output external delay
                                              3.850000   data required time
---------------------------------------------------------------------------------------------
                                              3.850000   data required time
                                             -0.670729   data arrival time
---------------------------------------------------------------------------------------------
                                              3.179271   slack (MET)


Startpoint: _311_ (rising edge-triggered flip-flop clocked by clk)
Endpoint: signB (output port clocked by clk)
Path Group: clk
Path Type: max

Fanout         Cap        Slew       Delay        Time   Description
---------------------------------------------------------------------------------------------
                      0.100000    0.000000    0.000000   clock clk (rise edge)
                                  0.000000    0.000000   clock network delay (ideal)
                      0.100000    0.000000    0.000000 ^ _311_/CLK (sg13g2_dfrbpq_1)
     2    0.032919    0.141242    0.287326    0.287326 ^ _311_/Q (sg13g2_dfrbpq_1)
                                                         sign (net)
                      0.141242    0.000000    0.287326 ^ _142_/A (sg13g2_inv_1)
     2    0.035589    0.132583    0.169883    0.457209 v _142_/Y (sg13g2_inv_1)
                                                         signB (net)
                      0.132583    0.000000    0.457209 v signB (out)
                                              0.457209   data arrival time

                      0.100000    5.000000    5.000000   clock clk (rise edge)
                                  0.000000    5.000000   clock network delay (ideal)
                                 -0.150000    4.850000   clock uncertainty
                                  0.000000    4.850000   clock reconvergence pessimism
                                 -1.000000    3.850000   output external delay
                                              3.850000   data required time
---------------------------------------------------------------------------------------------
                                              3.850000   data required time
                                             -0.457209   data arrival time
---------------------------------------------------------------------------------------------
                                              3.392791   slack (MET)


Startpoint: _305_ (rising edge-triggered flip-flop clocked by clk)
Endpoint: _310_ (rising edge-triggered flip-flop clocked by clk)
Path Group: clk
Path Type: max

Fanout         Cap        Slew       Delay        Time   Description
---------------------------------------------------------------------------------------------
                      0.100000    0.000000    0.000000   clock clk (rise edge)
                                  0.000000    0.000000   clock network delay (ideal)
                      0.100000    0.000000    0.000000 ^ _305_/CLK (sg13g2_dfrbpq_1)
    17    0.057482    0.239696    0.355484    0.355484 ^ _305_/Q (sg13g2_dfrbpq_1)
                                                         DPATH.SUM.fa_1.A (net)
                      0.239696    0.000000    0.355484 ^ _181_/A (sg13g2_xnor2_1)
     2    0.008221    0.090148    0.148107    0.503591 v _181_/Y (sg13g2_xnor2_1)
                                                         _131_ (net)
                      0.090148    0.000000    0.503591 v _183_/A2 (sg13g2_o21ai_1)
     2    0.008800    0.129345    0.142422    0.646013 ^ _183_/Y (sg13g2_o21ai_1)
                                                         _132_ (net)
                      0.129345    0.000000    0.646013 ^ _187_/A1 (sg13g2_a21oi_1)
     2    0.008956    0.087971    0.117394    0.763407 v _187_/Y (sg13g2_a21oi_1)
                                                         _135_ (net)
                      0.087971    0.000000    0.763407 v _193_/A1 (sg13g2_o21ai_1)
     2    0.008313    0.124918    0.144510    0.907917 ^ _193_/Y (sg13g2_o21ai_1)
                                                         _011_ (net)
                      0.124918    0.000000    0.907917 ^ _197_/A2 (sg13g2_a21oi_1)
     2    0.008208    0.083527    0.114193    1.022110 v _197_/Y (sg13g2_a21oi_1)
                                                         _014_ (net)
                      0.083527    0.000000    1.022110 v _199_/A2 (sg13g2_o21ai_1)
     1    0.005655    0.099880    0.116852    1.138962 ^ _199_/Y (sg13g2_o21ai_1)
                                                         _015_ (net)
                      0.099880    0.000000    1.138962 ^ _201_/A (sg13g2_xnor2_1)
     1    0.001410    0.056947    0.106070    1.245032 ^ _201_/Y (sg13g2_xnor2_1)
                                                         DPATH.SUM.fa_6.S (net)
                      0.056947    0.000000    1.245032 ^ _310_/D (sg13g2_dfrbpq_1)
                                              1.245032   data arrival time

                      0.100000    5.000000    5.000000   clock clk (rise edge)
                                  0.000000    5.000000   clock network delay (ideal)
                                 -0.150000    4.850000   clock uncertainty
                                  0.000000    4.850000   clock reconvergence pessimism
                                              4.850000 ^ _310_/CLK (sg13g2_dfrbpq_1)
                                 -0.112919    4.737081   library setup time
                                              4.737081   data required time
---------------------------------------------------------------------------------------------
                                              4.737081   data required time
                                             -1.245032   data arrival time
---------------------------------------------------------------------------------------------
                                              3.492049   slack (MET)


Startpoint: _311_ (rising edge-triggered flip-flop clocked by clk)
Endpoint: sign (output port clocked by clk)
Path Group: clk
Path Type: max

Fanout         Cap        Slew       Delay        Time   Description
---------------------------------------------------------------------------------------------
                      0.100000    0.000000    0.000000   clock clk (rise edge)
                                  0.000000    0.000000   clock network delay (ideal)
                      0.100000    0.000000    0.000000 ^ _311_/CLK (sg13g2_dfrbpq_1)
     2    0.032919    0.141242    0.287326    0.287326 ^ _311_/Q (sg13g2_dfrbpq_1)
                                                         sign (net)
                      0.141242    0.000000    0.287326 ^ sign (out)
                                              0.287326   data arrival time

                      0.100000    5.000000    5.000000   clock clk (rise edge)
                                  0.000000    5.000000   clock network delay (ideal)
                                 -0.150000    4.850000   clock uncertainty
                                  0.000000    4.850000   clock reconvergence pessimism
                                 -1.000000    3.850000   output external delay
                                              3.850000   data required time
---------------------------------------------------------------------------------------------
                                              3.850000   data required time
                                             -0.287326   data arrival time
---------------------------------------------------------------------------------------------
                                              3.562674   slack (MET)


Startpoint: _305_ (rising edge-triggered flip-flop clocked by clk)
Endpoint: _309_ (rising edge-triggered flip-flop clocked by clk)
Path Group: clk
Path Type: max

Fanout         Cap        Slew       Delay        Time   Description
---------------------------------------------------------------------------------------------
                      0.100000    0.000000    0.000000   clock clk (rise edge)
                                  0.000000    0.000000   clock network delay (ideal)
                      0.100000    0.000000    0.000000 ^ _305_/CLK (sg13g2_dfrbpq_1)
    17    0.057482    0.239696    0.355484    0.355484 ^ _305_/Q (sg13g2_dfrbpq_1)
                                                         DPATH.SUM.fa_1.A (net)
                      0.239696    0.000000    0.355484 ^ _181_/A (sg13g2_xnor2_1)
     2    0.008221    0.090148    0.148107    0.503591 v _181_/Y (sg13g2_xnor2_1)
                                                         _131_ (net)
                      0.090148    0.000000    0.503591 v _183_/A2 (sg13g2_o21ai_1)
     2    0.008800    0.129345    0.142422    0.646013 ^ _183_/Y (sg13g2_o21ai_1)
                                                         _132_ (net)
                      0.129345    0.000000    0.646013 ^ _187_/A1 (sg13g2_a21oi_1)
     2    0.008956    0.087971    0.117394    0.763407 v _187_/Y (sg13g2_a21oi_1)
                                                         _135_ (net)
                      0.087971    0.000000    0.763407 v _193_/A1 (sg13g2_o21ai_1)
     2    0.008313    0.124918    0.144510    0.907917 ^ _193_/Y (sg13g2_o21ai_1)
                                                         _011_ (net)
                      0.124918    0.000000    0.907917 ^ _197_/A2 (sg13g2_a21oi_1)
     2    0.008208    0.083527    0.114193    1.022110 v _197_/Y (sg13g2_a21oi_1)
                                                         _014_ (net)
                      0.083527    0.000000    1.022110 v _198_/B (sg13g2_xor2_1)
     1    0.001430    0.045564    0.108138    1.130248 v _198_/X (sg13g2_xor2_1)
                                                         DPATH.SUM.fa_5.S (net)
                      0.045564    0.000000    1.130248 v _309_/D (sg13g2_dfrbpq_1)
                                              1.130248   data arrival time

                      0.100000    5.000000    5.000000   clock clk (rise edge)
                                  0.000000    5.000000   clock network delay (ideal)
                                 -0.150000    4.850000   clock uncertainty
                                  0.000000    4.850000   clock reconvergence pessimism
                                              4.850000 ^ _309_/CLK (sg13g2_dfrbpq_1)
                                 -0.101420    4.748580   library setup time
                                              4.748580   data required time
---------------------------------------------------------------------------------------------
                                              4.748580   data required time
                                             -1.130248   data arrival time
---------------------------------------------------------------------------------------------
                                              3.618332   slack (MET)


Startpoint: _305_ (rising edge-triggered flip-flop clocked by clk)
Endpoint: _308_ (rising edge-triggered flip-flop clocked by clk)
Path Group: clk
Path Type: max

Fanout         Cap        Slew       Delay        Time   Description
---------------------------------------------------------------------------------------------
                      0.100000    0.000000    0.000000   clock clk (rise edge)
                                  0.000000    0.000000   clock network delay (ideal)
                      0.100000    0.000000    0.000000 ^ _305_/CLK (sg13g2_dfrbpq_1)
    17    0.057482    0.239696    0.355484    0.355484 ^ _305_/Q (sg13g2_dfrbpq_1)
                                                         DPATH.SUM.fa_1.A (net)
                      0.239696    0.000000    0.355484 ^ _181_/A (sg13g2_xnor2_1)
     2    0.008221    0.090148    0.148107    0.503591 v _181_/Y (sg13g2_xnor2_1)
                                                         _131_ (net)
                      0.090148    0.000000    0.503591 v _183_/A2 (sg13g2_o21ai_1)
     2    0.008800    0.129345    0.142422    0.646013 ^ _183_/Y (sg13g2_o21ai_1)
                                                         _132_ (net)
                      0.129345    0.000000    0.646013 ^ _187_/A1 (sg13g2_a21oi_1)
     2    0.008956    0.087971    0.117394    0.763407 v _187_/Y (sg13g2_a21oi_1)
                                                         _135_ (net)
                      0.087971    0.000000    0.763407 v _193_/A1 (sg13g2_o21ai_1)
     2    0.008313    0.124918    0.144510    0.907917 ^ _193_/Y (sg13g2_o21ai_1)
                                                         _011_ (net)
                      0.124918    0.000000    0.907917 ^ _194_/B (sg13g2_xor2_1)
     1    0.001410    0.048917    0.116355    1.024272 ^ _194_/X (sg13g2_xor2_1)
                                                         DPATH.SUM.fa_4.S (net)
                      0.048917    0.000000    1.024272 ^ _308_/D (sg13g2_dfrbpq_1)
                                              1.024272   data arrival time

                      0.100000    5.000000    5.000000   clock clk (rise edge)
                                  0.000000    5.000000   clock network delay (ideal)
                                 -0.150000    4.850000   clock uncertainty
                                  0.000000    4.850000   clock reconvergence pessimism
                                              4.850000 ^ _308_/CLK (sg13g2_dfrbpq_1)
                                 -0.110351    4.739649   library setup time
                                              4.739649   data required time
---------------------------------------------------------------------------------------------
                                              4.739649   data required time
                                             -1.024272   data arrival time
---------------------------------------------------------------------------------------------
                                              3.715377   slack (MET)


Startpoint: _305_ (rising edge-triggered flip-flop clocked by clk)
Endpoint: _312_ (rising edge-triggered flip-flop clocked by clk)
Path Group: clk
Path Type: max

Fanout         Cap        Slew       Delay        Time   Description
---------------------------------------------------------------------------------------------
                      0.100000    0.000000    0.000000   clock clk (rise edge)
                                  0.000000    0.000000   clock network delay (ideal)
                      0.100000    0.000000    0.000000 ^ _305_/CLK (sg13g2_dfrbpq_1)
    17    0.057482    0.239696    0.355484    0.355484 ^ _305_/Q (sg13g2_dfrbpq_1)
                                                         DPATH.SUM.fa_1.A (net)
                      0.239696    0.000000    0.355484 ^ _164_/B (sg13g2_and2_1)
     4    0.012020    0.065330    0.171085    0.526569 ^ _164_/X (sg13g2_and2_1)
                                                         _120_ (net)
                      0.065330    0.000000    0.526569 ^ _169_/B (sg13g2_nand2_1)
     3    0.008571    0.096864    0.083770    0.610339 v _169_/Y (sg13g2_nand2_1)
                                                         _124_ (net)
                      0.096864    0.000000    0.610339 v _205_/C (sg13g2_nor3_1)
     2    0.006090    0.124921    0.126664    0.737003 ^ _205_/Y (sg13g2_nor3_1)
                                                         _019_ (net)
                      0.124921    0.000000    0.737003 ^ _206_/A2 (sg13g2_a21oi_1)
     1    0.002845    0.071164    0.088346    0.825349 v _206_/Y (sg13g2_a21oi_1)
                                                         _020_ (net)
                      0.071164    0.000000    0.825349 v _207_/B (sg13g2_nor2_1)
     1    0.001410    0.041721    0.053433    0.878782 ^ _207_/Y (sg13g2_nor2_1)
                                                         CTRL.P0 (net)
                      0.041721    0.000000    0.878782 ^ _312_/D (sg13g2_dfrbpq_1)
                                              0.878782   data arrival time

                      0.100000    5.000000    5.000000   clock clk (rise edge)
                                  0.000000    5.000000   clock network delay (ideal)
                                 -0.150000    4.850000   clock uncertainty
                                  0.000000    4.850000   clock reconvergence pessimism
                                              4.850000 ^ _312_/CLK (sg13g2_dfrbpq_1)
                                 -0.108050    4.741951   library setup time
                                              4.741951   data required time
---------------------------------------------------------------------------------------------
                                              4.741951   data required time
                                             -0.878782   data arrival time
---------------------------------------------------------------------------------------------
                                              3.863168   slack (MET)


Startpoint: _305_ (rising edge-triggered flip-flop clocked by clk)
Endpoint: _307_ (rising edge-triggered flip-flop clocked by clk)
Path Group: clk
Path Type: max

Fanout         Cap        Slew       Delay        Time   Description
---------------------------------------------------------------------------------------------
                      0.100000    0.000000    0.000000   clock clk (rise edge)
                                  0.000000    0.000000   clock network delay (ideal)
                      0.100000    0.000000    0.000000 ^ _305_/CLK (sg13g2_dfrbpq_1)
    17    0.057482    0.239696    0.355484    0.355484 ^ _305_/Q (sg13g2_dfrbpq_1)
                                                         DPATH.SUM.fa_1.A (net)
                      0.239696    0.000000    0.355484 ^ _181_/A (sg13g2_xnor2_1)
     2    0.008221    0.090148    0.148107    0.503591 v _181_/Y (sg13g2_xnor2_1)
                                                         _131_ (net)
                      0.090148    0.000000    0.503591 v _183_/A2 (sg13g2_o21ai_1)
     2    0.008800    0.129345    0.142422    0.646013 ^ _183_/Y (sg13g2_o21ai_1)
                                                         _132_ (net)
                      0.129345    0.000000    0.646013 ^ _187_/A1 (sg13g2_a21oi_1)
     2    0.008956    0.087971    0.117394    0.763407 v _187_/Y (sg13g2_a21oi_1)
                                                         _135_ (net)
                      0.087971    0.000000    0.763407 v _190_/A (sg13g2_xor2_1)
     1    0.001430    0.050446    0.114580    0.877987 v _190_/X (sg13g2_xor2_1)
                                                         DPATH.SUM.fa_3.S (net)
                      0.050446    0.000000    0.877987 v _307_/D (sg13g2_dfrbpq_1)
                                              0.877987   data arrival time

                      0.100000    5.000000    5.000000   clock clk (rise edge)
                                  0.000000    5.000000   clock network delay (ideal)
                                 -0.150000    4.850000   clock uncertainty
                                  0.000000    4.850000   clock reconvergence pessimism
                                              4.850000 ^ _307_/CLK (sg13g2_dfrbpq_1)
                                 -0.103184    4.746817   library setup time
                                              4.746817   data required time
---------------------------------------------------------------------------------------------
                                              4.746817   data required time
                                             -0.877987   data arrival time
---------------------------------------------------------------------------------------------
                                              3.868829   slack (MET)


Startpoint: _308_ (rising edge-triggered flip-flop clocked by clk)
Endpoint: _311_ (rising edge-triggered flip-flop clocked by clk)
Path Group: clk
Path Type: max

Fanout         Cap        Slew       Delay        Time   Description
---------------------------------------------------------------------------------------------
                      0.100000    0.000000    0.000000   clock clk (rise edge)
                                  0.000000    0.000000   clock network delay (ideal)
                      0.100000    0.000000    0.000000 ^ _308_/CLK (sg13g2_dfrbpq_1)
    24    0.070594    0.219370    0.352608    0.352608 v _308_/Q (sg13g2_dfrbpq_1)
                                                         DPATH.SUM.fa_4.A (net)
                      0.219370    0.000000    0.352608 v _145_/B (sg13g2_nor2_1)
     2    0.006024    0.100126    0.115497    0.468105 ^ _145_/Y (sg13g2_nor2_1)
                                                         _104_ (net)
                      0.100126    0.000000    0.468105 ^ _178_/B (sg13g2_nand2_1)
     2    0.005890    0.058201    0.083516    0.551621 v _178_/Y (sg13g2_nand2_1)
                                                         _129_ (net)
                      0.058201    0.000000    0.551621 v _203_/B (sg13g2_nor3_1)
     2    0.008122    0.145595    0.147894    0.699515 ^ _203_/Y (sg13g2_nor3_1)
                                                         _018_ (net)
                      0.145595    0.000000    0.699515 ^ _204_/B (sg13g2_xnor2_1)
     1    0.001410    0.064426    0.115104    0.814619 ^ _204_/Y (sg13g2_xnor2_1)
                                                         CTRL.P1 (net)
                      0.064426    0.000000    0.814619 ^ _311_/D (sg13g2_dfrbpq_1)
                                              0.814619   data arrival time

                      0.100000    5.000000    5.000000   clock clk (rise edge)
                                  0.000000    5.000000   clock network delay (ideal)
                                 -0.150000    4.850000   clock uncertainty
                                  0.000000    4.850000   clock reconvergence pessimism
                                              4.850000 ^ _311_/CLK (sg13g2_dfrbpq_1)
                                 -0.115311    4.734690   library setup time
                                              4.734690   data required time
---------------------------------------------------------------------------------------------
                                              4.734690   data required time
                                             -0.814619   data arrival time
---------------------------------------------------------------------------------------------
                                              3.920071   slack (MET)


Startpoint: _305_ (rising edge-triggered flip-flop clocked by clk)
Endpoint: _306_ (rising edge-triggered flip-flop clocked by clk)
Path Group: clk
Path Type: max

Fanout         Cap        Slew       Delay        Time   Description
---------------------------------------------------------------------------------------------
                      0.100000    0.000000    0.000000   clock clk (rise edge)
                                  0.000000    0.000000   clock network delay (ideal)
                      0.100000    0.000000    0.000000 ^ _305_/CLK (sg13g2_dfrbpq_1)
    17    0.057482    0.239696    0.355484    0.355484 ^ _305_/Q (sg13g2_dfrbpq_1)
                                                         DPATH.SUM.fa_1.A (net)
                      0.239696    0.000000    0.355484 ^ _181_/A (sg13g2_xnor2_1)
     2    0.008221    0.090148    0.148107    0.503591 v _181_/Y (sg13g2_xnor2_1)
                                                         _131_ (net)
                      0.090148    0.000000    0.503591 v _183_/A2 (sg13g2_o21ai_1)
     2    0.008800    0.129345    0.142422    0.646013 ^ _183_/Y (sg13g2_o21ai_1)
                                                         _132_ (net)
                      0.129345    0.000000    0.646013 ^ _186_/A (sg13g2_xor2_1)
     1    0.001410    0.049280    0.121670    0.767682 ^ _186_/X (sg13g2_xor2_1)
                                                         DPATH.SUM.fa_2.S (net)
                      0.049280    0.000000    0.767682 ^ _306_/D (sg13g2_dfrbpq_1)
                                              0.767682   data arrival time

                      0.100000    5.000000    5.000000   clock clk (rise edge)
                                  0.000000    5.000000   clock network delay (ideal)
                                 -0.150000    4.850000   clock uncertainty
                                  0.000000    4.850000   clock reconvergence pessimism
                                              4.850000 ^ _306_/CLK (sg13g2_dfrbpq_1)
                                 -0.110467    4.739533   library setup time
                                              4.739533   data required time
---------------------------------------------------------------------------------------------
                                              4.739533   data required time
                                             -0.767682   data arrival time
---------------------------------------------------------------------------------------------
                                              3.971851   slack (MET)


Startpoint: _305_ (rising edge-triggered flip-flop clocked by clk)
Endpoint: _305_ (rising edge-triggered flip-flop clocked by clk)
Path Group: clk
Path Type: max

Fanout         Cap        Slew       Delay        Time   Description
---------------------------------------------------------------------------------------------
                      0.100000    0.000000    0.000000   clock clk (rise edge)
                                  0.000000    0.000000   clock network delay (ideal)
                      0.100000    0.000000    0.000000 ^ _305_/CLK (sg13g2_dfrbpq_1)
    17    0.057482    0.239696    0.355484    0.355484 ^ _305_/Q (sg13g2_dfrbpq_1)
                                                         DPATH.SUM.fa_1.A (net)
                      0.239696    0.000000    0.355484 ^ _181_/A (sg13g2_xnor2_1)
     2    0.008637    0.130079    0.162720    0.518204 ^ _181_/Y (sg13g2_xnor2_1)
                                                         _131_ (net)
                      0.130079    0.000000    0.518204 ^ _182_/B (sg13g2_xnor2_1)
     1    0.001410    0.065103    0.110821    0.629025 ^ _182_/Y (sg13g2_xnor2_1)
                                                         DPATH.SUM.fa_1.S (net)
                      0.065103    0.000000    0.629025 ^ _305_/D (sg13g2_dfrbpq_1)
                                              0.629025   data arrival time

                      0.100000    5.000000    5.000000   clock clk (rise edge)
                                  0.000000    5.000000   clock network delay (ideal)
                                 -0.150000    4.850000   clock uncertainty
                                  0.000000    4.850000   clock reconvergence pessimism
                                              4.850000 ^ _305_/CLK (sg13g2_dfrbpq_1)
                                 -0.115527    4.734473   library setup time
                                              4.734473   data required time
---------------------------------------------------------------------------------------------
                                              4.734473   data required time
                                             -0.629025   data arrival time
---------------------------------------------------------------------------------------------
                                              4.105448   slack (MET)


Startpoint: _304_ (rising edge-triggered flip-flop clocked by clk)
Endpoint: _304_ (rising edge-triggered flip-flop clocked by clk)
Path Group: clk
Path Type: max

Fanout         Cap        Slew       Delay        Time   Description
---------------------------------------------------------------------------------------------
                      0.100000    0.000000    0.000000   clock clk (rise edge)
                                  0.000000    0.000000   clock network delay (ideal)
                      0.100000    0.000000    0.000000 ^ _304_/CLK (sg13g2_dfrbpq_1)
    16    0.053594    0.224106    0.344707    0.344707 ^ _304_/Q (sg13g2_dfrbpq_1)
                                                         DPATH.SUM.Cout0 (net)
                      0.224106    0.000000    0.344707 ^ _141_/A (sg13g2_inv_1)
     6    0.016970    0.097819    0.135729    0.480437 v _141_/Y (sg13g2_inv_1)
                                                         DPATH.SUM.ha_0.S (net)
                      0.097819    0.000000    0.480437 v _304_/D (sg13g2_dfrbpq_1)
                                              0.480437   data arrival time

                      0.100000    5.000000    5.000000   clock clk (rise edge)
                                  0.000000    5.000000   clock network delay (ideal)
                                 -0.150000    4.850000   clock uncertainty
                                  0.000000    4.850000   clock reconvergence pessimism
                                              4.850000 ^ _304_/CLK (sg13g2_dfrbpq_1)
                                 -0.120301    4.729699   library setup time
                                              4.729699   data required time
---------------------------------------------------------------------------------------------
                                              4.729699   data required time
                                             -0.480437   data arrival time
---------------------------------------------------------------------------------------------
                                              4.249261   slack (MET)



%OL_END_REPORT
%OL_CREATE_REPORT checks.rpt

===========================================================================
report_checks -unconstrained
===========================================================================
======================= nom_typ_1p20V_25C Corner ===================================

Startpoint: _305_ (rising edge-triggered flip-flop clocked by clk)
Endpoint: sine_out[1] (output port clocked by clk)
Path Group: clk
Path Type: max

Fanout         Cap        Slew       Delay        Time   Description
---------------------------------------------------------------------------------------------
                      0.100000    0.000000    0.000000   clock clk (rise edge)
                                  0.000000    0.000000   clock network delay (ideal)
                      0.100000    0.000000    0.000000 ^ _305_/CLK (sg13g2_dfrbpq_1)
    17    0.057482    0.239696    0.355484    0.355484 ^ _305_/Q (sg13g2_dfrbpq_1)
                                                         DPATH.SUM.fa_1.A (net)
                      0.239696    0.000000    0.355484 ^ _212_/A (sg13g2_xor2_1)
     3    0.008107    0.100830    0.144032    0.499515 v _212_/X (sg13g2_xor2_1)
                                                         _025_ (net)
                      0.100830    0.000000    0.499515 v _213_/B (sg13g2_or2_1)
     4    0.011532    0.053783    0.150121    0.649636 v _213_/X (sg13g2_or2_1)
                                                         _026_ (net)
                      0.053783    0.000000    0.649636 v _214_/C (sg13g2_and3_1)
     3    0.009160    0.043623    0.107973    0.757609 v _214_/X (sg13g2_and3_1)
                                                         _027_ (net)
                      0.043623    0.000000    0.757609 v _249_/A2 (sg13g2_a221oi_1)
     1    0.002993    0.108025    0.146129    0.903738 ^ _249_/Y (sg13g2_a221oi_1)
                                                         _061_ (net)
                      0.108025    0.000000    0.903738 ^ _250_/B (sg13g2_nor2_1)
     1    0.003012    0.037996    0.052056    0.955794 v _250_/Y (sg13g2_nor2_1)
                                                         _062_ (net)
                      0.037996    0.000000    0.955794 v _256_/B (sg13g2_nor4_1)
     1    0.002949    0.118107    0.140447    1.096241 ^ _256_/Y (sg13g2_nor4_1)
                                                         _068_ (net)
                      0.118107    0.000000    1.096241 ^ _267_/B1 (sg13g2_a21oi_1)
     1    0.010000    0.084317    0.080553    1.176794 v _267_/Y (sg13g2_a21oi_1)
                                                         sine_out[1] (net)
                      0.084317    0.000000    1.176794 v sine_out[1] (out)
                                              1.176794   data arrival time

                      0.100000    5.000000    5.000000   clock clk (rise edge)
                                  0.000000    5.000000   clock network delay (ideal)
                                 -0.150000    4.850000   clock uncertainty
                                  0.000000    4.850000   clock reconvergence pessimism
                                 -1.000000    3.850000   output external delay
                                              3.850000   data required time
---------------------------------------------------------------------------------------------
                                              3.850000   data required time
                                             -1.176794   data arrival time
---------------------------------------------------------------------------------------------
                                              2.673206   slack (MET)




===========================================================================
report_checks --slack_max -0.01
============================================================================
======================= nom_typ_1p20V_25C Corner ===================================

No paths found.


===========================================================================
 report_check_types -max_slew -max_cap -max_fanout -violators
============================================================================
======================= nom_typ_1p20V_25C Corner ===================================

max fanout

Pin                                   Limit Fanout  Slack
---------------------------------------------------------
_308_/Q                                   8     24    -16 (VIOLATED)
_307_/Q                                   8     19    -11 (VIOLATED)
_309_/Q                                   8     19    -11 (VIOLATED)
_305_/Q                                   8     17     -9 (VIOLATED)
_310_/Q                                   8     17     -9 (VIOLATED)
_304_/Q                                   8     16     -8 (VIOLATED)
_312_/Q                                   8     13     -5 (VIOLATED)
_138_/Y                                   8     11     -3 (VIOLATED)
_306_/Q                                   8     11     -3 (VIOLATED)



===========================================================================
report_parasitic_annotation -report_unannotated
============================================================================
Found 177 unannotated drivers.
 clk
 rst
 _138_/Y
 _139_/Y
 _140_/Y
 _141_/Y
 _142_/Y
 _143_/Y
 _144_/X
 _145_/Y
 _146_/Y
 _147_/Y
 _148_/Y
 _149_/Y
 _150_/Y
 _151_/Y
 _152_/Y
 _153_/Y
 _154_/Y
 _155_/X
 _156_/Y
 _157_/X
 _158_/X
 _159_/Y
 _160_/Y
 _161_/X
 _162_/Y
 _163_/Y
 _164_/X
 _165_/Y
 _166_/Y
 _167_/Y
 _168_/Y
 _169_/Y
 _170_/Y
 _171_/Y
 _172_/X
 _173_/Y
 _174_/Y
 _175_/Y
 _176_/Y
 _177_/Y
 _178_/Y
 _179_/Y
 _180_/Y
 _181_/Y
 _182_/Y
 _183_/Y
 _184_/X
 _185_/X
 _186_/X
 _187_/Y
 _188_/Y
 _189_/Y
 _190_/X
 _191_/X
 _192_/X
 _193_/Y
 _194_/X
 _195_/Y
 _196_/Y
 _197_/Y
 _198_/X
 _199_/Y
 _200_/Y
 _201_/Y
 _202_/Y
 _203_/Y
 _204_/Y
 _205_/Y
 _206_/Y
 _207_/Y
 _208_/X
 _209_/Y
 _210_/Y
 _211_/Y
 _212_/X
 _213_/X
 _214_/X
 _215_/Y
 _216_/Y
 _217_/Y
 _218_/Y
 _219_/Y
 _220_/Y
 _221_/Y
 _222_/Y
 _223_/Y
 _224_/Y
 _225_/Y
 _226_/Y
 _227_/X
 _228_/Y
 _229_/Y
 _230_/Y
 _231_/Y
 _232_/Y
 _233_/Y
 _234_/Y
 _235_/Y
 _236_/Y
 _237_/Y
 _238_/Y
 _239_/Y
 _240_/X
 _241_/Y
 _242_/Y
 _243_/Y
 _244_/Y
 _245_/Y
 _246_/Y
 _247_/Y
 _248_/Y
 _249_/Y
 _250_/Y
 _251_/Y
 _252_/Y
 _253_/Y
 _254_/Y
 _255_/Y
 _256_/Y
 _257_/Y
 _258_/Y
 _259_/Y
 _260_/Y
 _261_/Y
 _262_/Y
 _263_/Y
 _264_/Y
 _265_/Y
 _266_/Y
 _267_/Y
 _268_/X
 _269_/Y
 _270_/Y
 _271_/Y
 _272_/Y
 _273_/X
 _274_/X
 _275_/Y
 _276_/Y
 _277_/Y
 _278_/Y
 _279_/Y
 _280_/Y
 _281_/X
 _282_/Y
 _283_/Y
 _284_/Y
 _285_/Y
 _286_/Y
 _287_/Y
 _288_/Y
 _289_/Y
 _290_/Y
 _291_/Y
 _292_/Y
 _293_/Y
 _294_/Y
 _295_/Y
 _296_/Y
 _297_/Y
 _298_/Y
 _299_/Y
 _300_/Y
 _301_/Y
 _302_/Y
 _303_/Y
 _304_/Q
 _305_/Q
 _306_/Q
 _307_/Q
 _308_/Q
 _309_/Q
 _310_/Q
 _311_/Q
 _312_/Q
Found 0 partially unannotated drivers.

===========================================================================
max slew violation count 0
%OL_METRIC_I design__max_slew_violation__count__corner:nom_typ_1p20V_25C 0
max fanout violation count 9
%OL_METRIC_I design__max_fanout_violation__count__corner:nom_typ_1p20V_25C 9
max cap violation count 0
%OL_METRIC_I design__max_cap_violation__count__corner:nom_typ_1p20V_25C 0
============================================================================

===========================================================================
check_setup -verbose -unconstrained_endpoints -multiple_clock -no_clock -no_input_delay -loops -generated_clocks
===========================================================================
%OL_END_REPORT
%OL_CREATE_REPORT power.rpt

===========================================================================
 report_power
============================================================================
======================= nom_typ_1p20V_25C Corner ===================================

Group                    Internal    Switching      Leakage        Total
                            Power        Power        Power        Power (Watts)
------------------------------------------------------------------------
Sequential           9.201586e-05 0.000000e+00 4.413533e-09 9.202028e-05  99.0%
Combinational        2.947930e-07 6.605181e-07 1.856447e-08 9.738756e-07   1.0%
Clock                0.000000e+00 0.000000e+00 0.000000e+00 0.000000e+00   0.0%
Macro                0.000000e+00 0.000000e+00 0.000000e+00 0.000000e+00   0.0%
Pad                  0.000000e+00 0.000000e+00 0.000000e+00 0.000000e+00   0.0%
------------------------------------------------------------------------
Total                9.231066e-05 6.605181e-07 2.297800e-08 9.299415e-05 100.0%
                            99.3%         0.7%         0.0%
%OL_METRIC_F power__internal__total 9.231065632775426e-5
%OL_METRIC_F power__switching__total 6.605180828955781e-7
%OL_METRIC_F power__leakage__total 2.2977996394502043e-8
%OL_METRIC_F power__total 9.299415251007304e-5

%OL_END_REPORT
%OL_CREATE_REPORT skew.min.rpt

===========================================================================
Clock Skew (Hold)
============================================================================
%OL_METRIC_F clock__skew__worst_hold__corner:nom_typ_1p20V_25C -0.15000000277555764
======================= nom_typ_1p20V_25C Corner ===================================

Clock clk
0.000000 source latency _304_/CLK ^
0.000000 target latency _304_/CLK ^
-0.150000 clock uncertainty
0.000000 CRPR
--------------
-0.150000 hold skew

%OL_END_REPORT
%OL_CREATE_REPORT skew.max.rpt

===========================================================================
Clock Skew (Setup)
============================================================================
%OL_METRIC_F clock__skew__worst_setup__corner:nom_typ_1p20V_25C 0.15000000277555764
======================= nom_typ_1p20V_25C Corner ===================================

Clock clk
0.000000 source latency _304_/CLK ^
0.000000 target latency _304_/CLK ^
0.150000 clock uncertainty
0.000000 CRPR
--------------
0.150000 setup skew

%OL_END_REPORT
%OL_CREATE_REPORT ws.min.rpt

===========================================================================
Worst Slack (Hold)
============================================================================
%OL_METRIC_F timing__hold__ws__corner:nom_typ_1p20V_25C 0.11893543431204306
nom_typ_1p20V_25C: 0.11893543431204306
%OL_END_REPORT
%OL_CREATE_REPORT ws.max.rpt

===========================================================================
Worst Slack (Setup)
============================================================================
%OL_METRIC_F timing__setup__ws__corner:nom_typ_1p20V_25C 2.6732057324369096
nom_typ_1p20V_25C: 2.6732057324369096
%OL_END_REPORT
%OL_CREATE_REPORT tns.min.rpt

===========================================================================
Total Negative Slack (Hold)
============================================================================
%OL_METRIC_F timing__hold__tns__corner:nom_typ_1p20V_25C 0.0
nom_typ_1p20V_25C: 0.0
%OL_END_REPORT
%OL_CREATE_REPORT tns.max.rpt

===========================================================================
Total Negative Slack (Setup)
============================================================================
%OL_METRIC_F timing__setup__tns__corner:nom_typ_1p20V_25C 0.0
nom_typ_1p20V_25C: 0.0
%OL_END_REPORT
%OL_CREATE_REPORT wns.min.rpt

===========================================================================
Worst Negative Slack (Hold)
============================================================================
%OL_METRIC_F timing__hold__wns__corner:nom_typ_1p20V_25C 0
nom_typ_1p20V_25C: 0
%OL_END_REPORT
%OL_CREATE_REPORT wns.max.rpt

===========================================================================
Worst Negative Slack (Setup)
============================================================================
%OL_METRIC_F timing__setup__wns__corner:nom_typ_1p20V_25C 0.0
nom_typ_1p20V_25C: 0.0
%OL_END_REPORT
%OL_CREATE_REPORT violator_list.rpt

===========================================================================
Violator List
============================================================================
%OL_METRIC_I timing__hold_vio__count__corner:nom_typ_1p20V_25C 0
%OL_METRIC_F timing__hold_r2r__ws__corner:nom_typ_1p20V_25C 0.274779
%OL_METRIC_I timing__hold_r2r_vio__count__corner:nom_typ_1p20V_25C 0
%OL_METRIC_I timing__setup_vio__count__corner:nom_typ_1p20V_25C 0
%OL_METRIC_F timing__setup_r2r__ws__corner:nom_typ_1p20V_25C 3.492049
%OL_METRIC_I timing__setup_r2r_vio__count__corner:nom_typ_1p20V_25C 0
%OL_END_REPORT
%OL_CREATE_REPORT unpropagated.rpt
clk
%OL_END_REPORT
%OL_CREATE_REPORT clock.rpt
Clock: clk
Sources: clk 
Generated: no
Virtual: no
Propagated: no
Period: 5.000000

===========================================================================
report_clock_properties
============================================================================
Clock                   Period          Waveform
----------------------------------------------------
clk                   5.000000    0.000000  2.500000

===========================================================================
report_clock_latency
============================================================================
Clock clk
rise -> rise
    min     max
0.000000 0.000000 source latency
0.000000         network latency _304_/CLK
        0.000000 network latency _304_/CLK
---------------
0.000000 0.000000 latency
        0.000000 skew

fall -> fall
    min     max
0.000000 0.000000 source latency
0.000000         network latency _304_/CLK
        0.000000 network latency _304_/CLK
---------------
0.000000 0.000000 latency
        0.000000 skew



===========================================================================
report_clock_min_period
============================================================================
clk period_min = 1.51 fmax = 663.15
%OL_END_REPORT
Writing SDF files for all corners…
