+ define_corners nom_slow_1p08V_125C
Reading timing models for corner nom_slow_1p08V_125C…
Reading cell library for the 'nom_slow_1p08V_125C' corner at '/foss/pdks/ihp-sg13g2/libs.ref/sg13g2_stdcell/lib/sg13g2_stdcell_slow_1p08V_125C.lib.gz'…
Reading cell library for the 'nom_slow_1p08V_125C' corner at '/foss/pdks/ihp-sg13g2/libs.ref/sg13g2_io/lib/sg13g2_io_slow_1p08V_3p0V_125C.lib.gz'…
Reading top-level netlist at '/foss/designs/BASIC/current_generator/digital/DigitalSine/runs/RUN_2026-09-16_23-32-49/52-openroad-fillinsertion/DigitalSine.nl.v'…
Linking design 'DigitalSine' from netlist…
Reading design constraints file at '/foss/designs/BASIC/current_generator/digital/DigitalSine/cons.sdc'…
[INFO] No information on clock propagation in input SDC file-- propagating all clocks.
Reading top-level design parasitics for the 'nom_slow_1p08V_125C' corner at '/foss/designs/BASIC/current_generator/digital/DigitalSine/runs/RUN_2026-09-16_23-32-49/54-openroad-rcx/nom/DigitalSine.nom.spef'…
%OL_CREATE_REPORT min.rpt

===========================================================================
report_checks -path_delay min (Hold)
============================================================================
======================= nom_slow_1p08V_125C Corner ===================================

Startpoint: _294_ (rising edge-triggered flip-flop clocked by clk)
Endpoint: sine_out[17] (output port clocked by clk)
Path Group: clk
Path Type: min

Fanout         Cap        Slew       Delay        Time   Description
---------------------------------------------------------------------------------------------
                                  0.000000    0.000000   clock clk (rise edge)
                                  0.000000    0.000000   clock source latency
     1    0.017978    0.000000    0.000000    0.000000 ^ clk (in)
                                                         clk (net)
                      0.000800    0.000400    0.000400 ^ clkbuf_0_clk/A (sg13g2_buf_16)
     2    0.033249    0.033307    0.082549    0.082949 ^ clkbuf_0_clk/X (sg13g2_buf_16)
                                                         clknet_0_clk (net)
                      0.033321    0.001444    0.084394 ^ clkbuf_1_1__f_clk/A (sg13g2_buf_16)
     5    0.021416    0.030286    0.097551    0.181944 ^ clkbuf_1_1__f_clk/X (sg13g2_buf_16)
                                                         clknet_1_1__leaf_clk (net)
                      0.030295    0.001037    0.182981 ^ _294_/CLK (sg13g2_dfrbpq_1)
     3    0.013881    0.083494    0.298693    0.481674 v _294_/Q (sg13g2_dfrbpq_1)
                                                         DPATH.SUM.fa_6.A (net)
                      0.083499    0.000721    0.482395 v _277_/B (sg13g2_nand3_1)
     1    0.002331    0.049806    0.076978    0.559373 ^ _277_/Y (sg13g2_nand3_1)
                                                         net12 (net)
                      0.049806    0.000177    0.559550 ^ output12/A (sg13g2_buf_1)
     1    0.011342    0.084747    0.137781    0.697332 ^ output12/X (sg13g2_buf_1)
                                                         sine_out[17] (net)
                      0.084748    0.000492    0.697823 ^ sine_out[17] (out)
                                              0.697823   data arrival time

                                  0.000000    0.000000   clock clk (rise edge)
                                  0.000000    0.000000   clock network delay (propagated)
                                  0.150000    0.150000   clock uncertainty
                                  0.000000    0.150000   clock reconvergence pessimism
                                  0.000000    0.150000   output external delay
                                              0.150000   data required time
---------------------------------------------------------------------------------------------
                                              0.150000   data required time
                                             -0.697823   data arrival time
---------------------------------------------------------------------------------------------
                                              0.547823   slack (MET)


Startpoint: _288_ (rising edge-triggered flip-flop clocked by clk)
Endpoint: _289_ (rising edge-triggered flip-flop clocked by clk)
Path Group: clk
Path Type: min

Fanout         Cap        Slew       Delay        Time   Description
---------------------------------------------------------------------------------------------
                                  0.000000    0.000000   clock clk (rise edge)
                                  0.000000    0.000000   clock source latency
     1    0.017978    0.000000    0.000000    0.000000 ^ clk (in)
                                                         clk (net)
                      0.000800    0.000400    0.000400 ^ clkbuf_0_clk/A (sg13g2_buf_16)
     2    0.033249    0.033307    0.082549    0.082949 ^ clkbuf_0_clk/X (sg13g2_buf_16)
                                                         clknet_0_clk (net)
                      0.033320    0.001375    0.084324 ^ clkbuf_1_0__f_clk/A (sg13g2_buf_16)
     5    0.017591    0.028930    0.096455    0.180779 ^ clkbuf_1_0__f_clk/X (sg13g2_buf_16)
                                                         clknet_1_0__leaf_clk (net)
                      0.028931    0.000379    0.181158 ^ _288_/CLK (sg13g2_dfrbpq_1)
     1    0.003548    0.034224    0.256783    0.437942 v _288_/Q (sg13g2_dfrbpq_1)
                                                         DPATH.SUM.Cout0 (net)
                      0.034466    0.000243    0.438185 v fanout41/A (sg13g2_buf_1)
     8    0.039412    0.209798    0.233921    0.672106 v fanout41/X (sg13g2_buf_1)
                                                         net41 (net)
                      0.209804    0.000918    0.673025 v _279_/A (sg13g2_xnor2_1)
     1    0.002228    0.048224    0.154837    0.827862 v _279_/Y (sg13g2_xnor2_1)
                                                         DPATH.SUM.fa_1.S (net)
                      0.048224    0.000141    0.828003 v _289_/D (sg13g2_dfrbpq_1)
                                              0.828003   data arrival time

                                  0.000000    0.000000   clock clk (rise edge)
                                  0.000000    0.000000   clock source latency
     1    0.020302    0.000000    0.000000    0.000000 ^ clk (in)
                                                         clk (net)
                      0.000919    0.000459    0.000459 ^ clkbuf_0_clk/A (sg13g2_buf_16)
     2    0.037895    0.034919    0.083950    0.084410 ^ clkbuf_0_clk/X (sg13g2_buf_16)
                                                         clknet_0_clk (net)
                      0.034940    0.001575    0.085985 ^ clkbuf_1_0__f_clk/A (sg13g2_buf_16)
     5    0.019526    0.029675    0.097958    0.183943 ^ clkbuf_1_0__f_clk/X (sg13g2_buf_16)
                                                         clknet_1_0__leaf_clk (net)
                      0.029675    0.000144    0.184086 ^ _289_/CLK (sg13g2_dfrbpq_1)
                                  0.150000    0.334086   clock uncertainty
                                 -0.003163    0.330923   clock reconvergence pessimism
                                 -0.057641    0.273282   library hold time
                                              0.273282   data required time
---------------------------------------------------------------------------------------------
                                              0.273282   data required time
                                             -0.828003   data arrival time
---------------------------------------------------------------------------------------------
                                              0.554721   slack (MET)


Startpoint: _295_ (rising edge-triggered flip-flop clocked by clk)
Endpoint: sign (output port clocked by clk)
Path Group: clk
Path Type: min

Fanout         Cap        Slew       Delay        Time   Description
---------------------------------------------------------------------------------------------
                                  0.000000    0.000000   clock clk (rise edge)
                                  0.000000    0.000000   clock source latency
     1    0.017978    0.000000    0.000000    0.000000 ^ clk (in)
                                                         clk (net)
                      0.000800    0.000400    0.000400 ^ clkbuf_0_clk/A (sg13g2_buf_16)
     2    0.033249    0.033307    0.082549    0.082949 ^ clkbuf_0_clk/X (sg13g2_buf_16)
                                                         clknet_0_clk (net)
                      0.033321    0.001444    0.084394 ^ clkbuf_1_1__f_clk/A (sg13g2_buf_16)
     5    0.021416    0.030286    0.097551    0.181944 ^ clkbuf_1_1__f_clk/X (sg13g2_buf_16)
                                                         clknet_1_1__leaf_clk (net)
                      0.030295    0.001059    0.183003 ^ _295_/CLK (sg13g2_dfrbpq_1)
     3    0.014388    0.086006    0.300685    0.483689 v _295_/Q (sg13g2_dfrbpq_1)
                                                         net2 (net)
                      0.086012    0.000772    0.484461 v output2/A (sg13g2_buf_1)
     1    0.034250    0.184397    0.240908    0.725369 v output2/X (sg13g2_buf_1)
                                                         sign (net)
                      0.184524    0.003117    0.728486 v sign (out)
                                              0.728486   data arrival time

                                  0.000000    0.000000   clock clk (rise edge)
                                  0.000000    0.000000   clock network delay (propagated)
                                  0.150000    0.150000   clock uncertainty
                                  0.000000    0.150000   clock reconvergence pessimism
                                  0.000000    0.150000   output external delay
                                              0.150000   data required time
---------------------------------------------------------------------------------------------
                                              0.150000   data required time
                                             -0.728486   data arrival time
---------------------------------------------------------------------------------------------
                                              0.578486   slack (MET)


Startpoint: _295_ (rising edge-triggered flip-flop clocked by clk)
Endpoint: signB (output port clocked by clk)
Path Group: clk
Path Type: min

Fanout         Cap        Slew       Delay        Time   Description
---------------------------------------------------------------------------------------------
                                  0.000000    0.000000   clock clk (rise edge)
                                  0.000000    0.000000   clock source latency
     1    0.017978    0.000000    0.000000    0.000000 ^ clk (in)
                                                         clk (net)
                      0.000800    0.000400    0.000400 ^ clkbuf_0_clk/A (sg13g2_buf_16)
     2    0.033249    0.033307    0.082549    0.082949 ^ clkbuf_0_clk/X (sg13g2_buf_16)
                                                         clknet_0_clk (net)
                      0.033321    0.001444    0.084394 ^ clkbuf_1_1__f_clk/A (sg13g2_buf_16)
     5    0.021416    0.030286    0.097551    0.181944 ^ clkbuf_1_1__f_clk/X (sg13g2_buf_16)
                                                         clknet_1_1__leaf_clk (net)
                      0.030295    0.001059    0.183003 ^ _295_/CLK (sg13g2_dfrbpq_1)
     3    0.014397    0.103641    0.308987    0.491991 ^ _295_/Q (sg13g2_dfrbpq_1)
                                                         net2 (net)
                      0.103648    0.000939    0.492930 ^ _133_/A (sg13g2_inv_1)
     1    0.004613    0.047354    0.073890    0.566820 v _133_/Y (sg13g2_inv_1)
                                                         net3 (net)
                      0.047360    0.000274    0.567094 v output3/A (sg13g2_buf_1)
     1    0.035716    0.191673    0.226229    0.793323 v output3/X (sg13g2_buf_1)
                                                         signB (net)
                      0.191831    0.003727    0.797050 v signB (out)
                                              0.797050   data arrival time

                                  0.000000    0.000000   clock clk (rise edge)
                                  0.000000    0.000000   clock network delay (propagated)
                                  0.150000    0.150000   clock uncertainty
                                  0.000000    0.150000   clock reconvergence pessimism
                                  0.000000    0.150000   output external delay
                                              0.150000   data required time
---------------------------------------------------------------------------------------------
                                              0.150000   data required time
                                             -0.797050   data arrival time
---------------------------------------------------------------------------------------------
                                              0.647050   slack (MET)


Startpoint: _296_ (rising edge-triggered flip-flop clocked by clk)
Endpoint: _295_ (rising edge-triggered flip-flop clocked by clk)
Path Group: clk
Path Type: min

Fanout         Cap        Slew       Delay        Time   Description
---------------------------------------------------------------------------------------------
                                  0.000000    0.000000   clock clk (rise edge)
                                  0.000000    0.000000   clock source latency
     1    0.017978    0.000000    0.000000    0.000000 ^ clk (in)
                                                         clk (net)
                      0.000800    0.000400    0.000400 ^ clkbuf_0_clk/A (sg13g2_buf_16)
     2    0.033249    0.033307    0.082549    0.082949 ^ clkbuf_0_clk/X (sg13g2_buf_16)
                                                         clknet_0_clk (net)
                      0.033321    0.001444    0.084394 ^ clkbuf_1_1__f_clk/A (sg13g2_buf_16)
     5    0.021416    0.030286    0.097551    0.181944 ^ clkbuf_1_1__f_clk/X (sg13g2_buf_16)
                                                         clknet_1_1__leaf_clk (net)
                      0.030294    0.000990    0.182935 ^ _296_/CLK (sg13g2_dfrbpq_1)
     2    0.010933    0.069050    0.286905    0.469840 v _296_/Q (sg13g2_dfrbpq_1)
                                                         CTRL.S0 (net)
                      0.069055    0.000643    0.470482 v fanout24/A (sg13g2_buf_1)
     5    0.025568    0.140144    0.200059    0.670541 v fanout24/X (sg13g2_buf_1)
                                                         net24 (net)
                      0.140221    0.001665    0.672205 v _162_/A (sg13g2_nand4_1)
     2    0.012379    0.108649    0.145914    0.818120 ^ _162_/Y (sg13g2_nand4_1)
                                                         _112_ (net)
                      0.108685    0.000450    0.818569 ^ _163_/B (sg13g2_xnor2_1)
     1    0.002326    0.048811    0.109678    0.928247 v _163_/Y (sg13g2_xnor2_1)
                                                         CTRL.P1 (net)
                      0.048811    0.000137    0.928384 v _295_/D (sg13g2_dfrbpq_1)
                                              0.928384   data arrival time

                                  0.000000    0.000000   clock clk (rise edge)
                                  0.000000    0.000000   clock source latency
     1    0.020302    0.000000    0.000000    0.000000 ^ clk (in)
                                                         clk (net)
                      0.000919    0.000459    0.000459 ^ clkbuf_0_clk/A (sg13g2_buf_16)
     2    0.037895    0.034919    0.083950    0.084410 ^ clkbuf_0_clk/X (sg13g2_buf_16)
                                                         clknet_0_clk (net)
                      0.034942    0.001650    0.086060 ^ clkbuf_1_1__f_clk/A (sg13g2_buf_16)
     5    0.023597    0.031111    0.099112    0.185172 ^ clkbuf_1_1__f_clk/X (sg13g2_buf_16)
                                                         clknet_1_1__leaf_clk (net)
                      0.031122    0.001172    0.186344 ^ _295_/CLK (sg13g2_dfrbpq_1)
                                  0.150000    0.336344   clock uncertainty
                                 -0.003228    0.333116   clock reconvergence pessimism
                                 -0.057461    0.275655   library hold time
                                              0.275655   data required time
---------------------------------------------------------------------------------------------
                                              0.275655   data required time
                                             -0.928384   data arrival time
---------------------------------------------------------------------------------------------
                                              0.652729   slack (MET)


Startpoint: _296_ (rising edge-triggered flip-flop clocked by clk)
Endpoint: _294_ (rising edge-triggered flip-flop clocked by clk)
Path Group: clk
Path Type: min

Fanout         Cap        Slew       Delay        Time   Description
---------------------------------------------------------------------------------------------
                                  0.000000    0.000000   clock clk (rise edge)
                                  0.000000    0.000000   clock source latency
     1    0.017978    0.000000    0.000000    0.000000 ^ clk (in)
                                                         clk (net)
                      0.000800    0.000400    0.000400 ^ clkbuf_0_clk/A (sg13g2_buf_16)
     2    0.033249    0.033307    0.082549    0.082949 ^ clkbuf_0_clk/X (sg13g2_buf_16)
                                                         clknet_0_clk (net)
                      0.033321    0.001444    0.084394 ^ clkbuf_1_1__f_clk/A (sg13g2_buf_16)
     5    0.021416    0.030286    0.097551    0.181944 ^ clkbuf_1_1__f_clk/X (sg13g2_buf_16)
                                                         clknet_1_1__leaf_clk (net)
                      0.030294    0.000990    0.182935 ^ _296_/CLK (sg13g2_dfrbpq_1)
     2    0.010933    0.069050    0.286905    0.469840 v _296_/Q (sg13g2_dfrbpq_1)
                                                         CTRL.S0 (net)
                      0.069055    0.000643    0.470482 v fanout24/A (sg13g2_buf_1)
     5    0.025568    0.140144    0.200059    0.670541 v fanout24/X (sg13g2_buf_1)
                                                         net24 (net)
                      0.140312    0.003387    0.673927 v _153_/A (sg13g2_xnor2_1)
     1    0.005610    0.077192    0.158351    0.832278 v _153_/Y (sg13g2_xnor2_1)
                                                         _104_ (net)
                      0.077192    0.000230    0.832509 v _154_/B (sg13g2_xnor2_1)
     1    0.003328    0.056472    0.104781    0.937290 v _154_/Y (sg13g2_xnor2_1)
                                                         DPATH.SUM.fa_6.S (net)
                      0.056472    0.000185    0.937475 v _294_/D (sg13g2_dfrbpq_1)
                                              0.937475   data arrival time

                                  0.000000    0.000000   clock clk (rise edge)
                                  0.000000    0.000000   clock source latency
     1    0.020302    0.000000    0.000000    0.000000 ^ clk (in)
                                                         clk (net)
                      0.000919    0.000459    0.000459 ^ clkbuf_0_clk/A (sg13g2_buf_16)
     2    0.037895    0.034919    0.083950    0.084410 ^ clkbuf_0_clk/X (sg13g2_buf_16)
                                                         clknet_0_clk (net)
                      0.034942    0.001650    0.086060 ^ clkbuf_1_1__f_clk/A (sg13g2_buf_16)
     5    0.023597    0.031111    0.099112    0.185172 ^ clkbuf_1_1__f_clk/X (sg13g2_buf_16)
                                                         clknet_1_1__leaf_clk (net)
                      0.031121    0.001147    0.186319 ^ _294_/CLK (sg13g2_dfrbpq_1)
                                  0.150000    0.336319   clock uncertainty
                                 -0.003228    0.333091   clock reconvergence pessimism
                                 -0.060546    0.272545   library hold time
                                              0.272545   data required time
---------------------------------------------------------------------------------------------
                                              0.272545   data required time
                                             -0.937475   data arrival time
---------------------------------------------------------------------------------------------
                                              0.664930   slack (MET)


Startpoint: _296_ (rising edge-triggered flip-flop clocked by clk)
Endpoint: _296_ (rising edge-triggered flip-flop clocked by clk)
Path Group: clk
Path Type: min

Fanout         Cap        Slew       Delay        Time   Description
---------------------------------------------------------------------------------------------
                                  0.000000    0.000000   clock clk (rise edge)
                                  0.000000    0.000000   clock source latency
     1    0.017978    0.000000    0.000000    0.000000 ^ clk (in)
                                                         clk (net)
                      0.000800    0.000400    0.000400 ^ clkbuf_0_clk/A (sg13g2_buf_16)
     2    0.033249    0.033307    0.082549    0.082949 ^ clkbuf_0_clk/X (sg13g2_buf_16)
                                                         clknet_0_clk (net)
                      0.033321    0.001444    0.084394 ^ clkbuf_1_1__f_clk/A (sg13g2_buf_16)
     5    0.021416    0.030286    0.097551    0.181944 ^ clkbuf_1_1__f_clk/X (sg13g2_buf_16)
                                                         clknet_1_1__leaf_clk (net)
                      0.030294    0.000990    0.182935 ^ _296_/CLK (sg13g2_dfrbpq_1)
     2    0.010933    0.069050    0.286905    0.469840 v _296_/Q (sg13g2_dfrbpq_1)
                                                         CTRL.S0 (net)
                      0.069055    0.000643    0.470482 v fanout24/A (sg13g2_buf_1)
     5    0.025568    0.140144    0.200059    0.670541 v fanout24/X (sg13g2_buf_1)
                                                         net24 (net)
                      0.140259    0.002539    0.673080 v _170_/B1 (sg13g2_a21o_1)
     1    0.004338    0.044543    0.167261    0.840341 v _170_/X (sg13g2_a21o_1)
                                                         _119_ (net)
                      0.044543    0.000287    0.840629 v _171_/B (sg13g2_and2_1)
     1    0.003453    0.035651    0.115105    0.955734 v _171_/X (sg13g2_and2_1)
                                                         CTRL.P0 (net)
                      0.035651    0.000195    0.955929 v _296_/D (sg13g2_dfrbpq_1)
                                              0.955929   data arrival time

                                  0.000000    0.000000   clock clk (rise edge)
                                  0.000000    0.000000   clock source latency
     1    0.020302    0.000000    0.000000    0.000000 ^ clk (in)
                                                         clk (net)
                      0.000919    0.000459    0.000459 ^ clkbuf_0_clk/A (sg13g2_buf_16)
     2    0.037895    0.034919    0.083950    0.084410 ^ clkbuf_0_clk/X (sg13g2_buf_16)
                                                         clknet_0_clk (net)
                      0.034942    0.001650    0.086060 ^ clkbuf_1_1__f_clk/A (sg13g2_buf_16)
     5    0.023597    0.031111    0.099112    0.185172 ^ clkbuf_1_1__f_clk/X (sg13g2_buf_16)
                                                         clknet_1_1__leaf_clk (net)
                      0.031120    0.001096    0.186268 ^ _296_/CLK (sg13g2_dfrbpq_1)
                                  0.150000    0.336268   clock uncertainty
                                 -0.003334    0.332935   clock reconvergence pessimism
                                 -0.052161    0.280773   library hold time
                                              0.280773   data required time
---------------------------------------------------------------------------------------------
                                              0.280773   data required time
                                             -0.955929   data arrival time
---------------------------------------------------------------------------------------------
                                              0.675156   slack (MET)


Startpoint: _296_ (rising edge-triggered flip-flop clocked by clk)
Endpoint: _293_ (rising edge-triggered flip-flop clocked by clk)
Path Group: clk
Path Type: min

Fanout         Cap        Slew       Delay        Time   Description
---------------------------------------------------------------------------------------------
                                  0.000000    0.000000   clock clk (rise edge)
                                  0.000000    0.000000   clock source latency
     1    0.017978    0.000000    0.000000    0.000000 ^ clk (in)
                                                         clk (net)
                      0.000800    0.000400    0.000400 ^ clkbuf_0_clk/A (sg13g2_buf_16)
     2    0.033249    0.033307    0.082549    0.082949 ^ clkbuf_0_clk/X (sg13g2_buf_16)
                                                         clknet_0_clk (net)
                      0.033321    0.001444    0.084394 ^ clkbuf_1_1__f_clk/A (sg13g2_buf_16)
     5    0.021416    0.030286    0.097551    0.181944 ^ clkbuf_1_1__f_clk/X (sg13g2_buf_16)
                                                         clknet_1_1__leaf_clk (net)
                      0.030294    0.000990    0.182935 ^ _296_/CLK (sg13g2_dfrbpq_1)
     2    0.010933    0.069050    0.286905    0.469840 v _296_/Q (sg13g2_dfrbpq_1)
                                                         CTRL.S0 (net)
                      0.069055    0.000643    0.470482 v fanout24/A (sg13g2_buf_1)
     5    0.025568    0.140144    0.200059    0.670541 v fanout24/X (sg13g2_buf_1)
                                                         net24 (net)
                      0.140337    0.003721    0.674262 v _150_/A (sg13g2_xnor2_1)
     2    0.009449    0.110578    0.187007    0.861269 v _150_/Y (sg13g2_xnor2_1)
                                                         _102_ (net)
                      0.110578    0.000289    0.861558 v _151_/B (sg13g2_xor2_1)
     1    0.002215    0.040201    0.107520    0.969078 v _151_/X (sg13g2_xor2_1)
                                                         DPATH.SUM.fa_5.S (net)
                      0.040201    0.000080    0.969159 v _293_/D (sg13g2_dfrbpq_1)
                                              0.969159   data arrival time

                                  0.000000    0.000000   clock clk (rise edge)
                                  0.000000    0.000000   clock source latency
     1    0.020302    0.000000    0.000000    0.000000 ^ clk (in)
                                                         clk (net)
                      0.000919    0.000459    0.000459 ^ clkbuf_0_clk/A (sg13g2_buf_16)
     2    0.037895    0.034919    0.083950    0.084410 ^ clkbuf_0_clk/X (sg13g2_buf_16)
                                                         clknet_0_clk (net)
                      0.034942    0.001650    0.086060 ^ clkbuf_1_1__f_clk/A (sg13g2_buf_16)
     5    0.023597    0.031111    0.099112    0.185172 ^ clkbuf_1_1__f_clk/X (sg13g2_buf_16)
                                                         clknet_1_1__leaf_clk (net)
                      0.031125    0.001367    0.186539 ^ _293_/CLK (sg13g2_dfrbpq_1)
                                  0.150000    0.336539   clock uncertainty
                                 -0.003228    0.333311   clock reconvergence pessimism
                                 -0.053992    0.279319   library hold time
                                              0.279319   data required time
---------------------------------------------------------------------------------------------
                                              0.279319   data required time
                                             -0.969159   data arrival time
---------------------------------------------------------------------------------------------
                                              0.689840   slack (MET)


Startpoint: _296_ (rising edge-triggered flip-flop clocked by clk)
Endpoint: _290_ (rising edge-triggered flip-flop clocked by clk)
Path Group: clk
Path Type: min

Fanout         Cap        Slew       Delay        Time   Description
---------------------------------------------------------------------------------------------
                                  0.000000    0.000000   clock clk (rise edge)
                                  0.000000    0.000000   clock source latency
     1    0.017978    0.000000    0.000000    0.000000 ^ clk (in)
                                                         clk (net)
                      0.000800    0.000400    0.000400 ^ clkbuf_0_clk/A (sg13g2_buf_16)
     2    0.033249    0.033307    0.082549    0.082949 ^ clkbuf_0_clk/X (sg13g2_buf_16)
                                                         clknet_0_clk (net)
                      0.033321    0.001444    0.084394 ^ clkbuf_1_1__f_clk/A (sg13g2_buf_16)
     5    0.021416    0.030286    0.097551    0.181944 ^ clkbuf_1_1__f_clk/X (sg13g2_buf_16)
                                                         clknet_1_1__leaf_clk (net)
                      0.030294    0.000990    0.182935 ^ _296_/CLK (sg13g2_dfrbpq_1)
     2    0.010933    0.069050    0.286905    0.469840 v _296_/Q (sg13g2_dfrbpq_1)
                                                         CTRL.S0 (net)
                      0.069056    0.000694    0.470534 v fanout23/A (sg13g2_buf_1)
     8    0.035205    0.189017    0.236321    0.706855 v fanout23/X (sg13g2_buf_1)
                                                         net23 (net)
                      0.189126    0.002759    0.709614 v _139_/A (sg13g2_xor2_1)
     2    0.008511    0.069690    0.192015    0.901629 v _139_/X (sg13g2_xor2_1)
                                                         _093_ (net)
                      0.069690    0.000269    0.901898 v _278_/B (sg13g2_xor2_1)
     1    0.002007    0.039793    0.089086    0.990984 v _278_/X (sg13g2_xor2_1)
                                                         DPATH.SUM.fa_2.S (net)
                      0.039794    0.000129    0.991113 v _290_/D (sg13g2_dfrbpq_1)
                                              0.991113   data arrival time

                                  0.000000    0.000000   clock clk (rise edge)
                                  0.000000    0.000000   clock source latency
     1    0.020302    0.000000    0.000000    0.000000 ^ clk (in)
                                                         clk (net)
                      0.000919    0.000459    0.000459 ^ clkbuf_0_clk/A (sg13g2_buf_16)
     2    0.037895    0.034919    0.083950    0.084410 ^ clkbuf_0_clk/X (sg13g2_buf_16)
                                                         clknet_0_clk (net)
                      0.034940    0.001575    0.085985 ^ clkbuf_1_0__f_clk/A (sg13g2_buf_16)
     5    0.019526    0.029675    0.097958    0.183943 ^ clkbuf_1_0__f_clk/X (sg13g2_buf_16)
                                                         clknet_1_0__leaf_clk (net)
                      0.029676    0.000394    0.184337 ^ _290_/CLK (sg13g2_dfrbpq_1)
                                  0.150000    0.334337   clock uncertainty
                                 -0.001460    0.332876   clock reconvergence pessimism
                                 -0.054246    0.278631   library hold time
                                              0.278631   data required time
---------------------------------------------------------------------------------------------
                                              0.278631   data required time
                                             -0.991113   data arrival time
---------------------------------------------------------------------------------------------
                                              0.712483   slack (MET)


Startpoint: _296_ (rising edge-triggered flip-flop clocked by clk)
Endpoint: _292_ (rising edge-triggered flip-flop clocked by clk)
Path Group: clk
Path Type: min

Fanout         Cap        Slew       Delay        Time   Description
---------------------------------------------------------------------------------------------
                                  0.000000    0.000000   clock clk (rise edge)
                                  0.000000    0.000000   clock source latency
     1    0.017978    0.000000    0.000000    0.000000 ^ clk (in)
                                                         clk (net)
                      0.000800    0.000400    0.000400 ^ clkbuf_0_clk/A (sg13g2_buf_16)
     2    0.033249    0.033307    0.082549    0.082949 ^ clkbuf_0_clk/X (sg13g2_buf_16)
                                                         clknet_0_clk (net)
                      0.033321    0.001444    0.084394 ^ clkbuf_1_1__f_clk/A (sg13g2_buf_16)
     5    0.021416    0.030286    0.097551    0.181944 ^ clkbuf_1_1__f_clk/X (sg13g2_buf_16)
                                                         clknet_1_1__leaf_clk (net)
                      0.030294    0.000990    0.182935 ^ _296_/CLK (sg13g2_dfrbpq_1)
     2    0.010933    0.069050    0.286905    0.469840 v _296_/Q (sg13g2_dfrbpq_1)
                                                         CTRL.S0 (net)
                      0.069056    0.000694    0.470534 v fanout23/A (sg13g2_buf_1)
     8    0.035205    0.189017    0.236321    0.706855 v fanout23/X (sg13g2_buf_1)
                                                         net23 (net)
                      0.189032    0.001797    0.708652 v _146_/A (sg13g2_xor2_1)
     2    0.008717    0.070650    0.193576    0.902228 v _146_/X (sg13g2_xor2_1)
                                                         _099_ (net)
                      0.070650    0.000292    0.902520 v _147_/B (sg13g2_xor2_1)
     1    0.002010    0.039738    0.089532    0.992052 v _147_/X (sg13g2_xor2_1)
                                                         DPATH.SUM.fa_4.S (net)
                      0.039738    0.000154    0.992206 v _292_/D (sg13g2_dfrbpq_1)
                                              0.992206   data arrival time

                                  0.000000    0.000000   clock clk (rise edge)
                                  0.000000    0.000000   clock source latency
     1    0.020302    0.000000    0.000000    0.000000 ^ clk (in)
                                                         clk (net)
                      0.000919    0.000459    0.000459 ^ clkbuf_0_clk/A (sg13g2_buf_16)
     2    0.037895    0.034919    0.083950    0.084410 ^ clkbuf_0_clk/X (sg13g2_buf_16)
                                                         clknet_0_clk (net)
                      0.034940    0.001575    0.085985 ^ clkbuf_1_0__f_clk/A (sg13g2_buf_16)
     5    0.019526    0.029675    0.097958    0.183943 ^ clkbuf_1_0__f_clk/X (sg13g2_buf_16)
                                                         clknet_1_0__leaf_clk (net)
                      0.029678    0.000556    0.184499 ^ _292_/CLK (sg13g2_dfrbpq_1)
                                  0.150000    0.334499   clock uncertainty
                                 -0.001460    0.333038   clock reconvergence pessimism
                                 -0.054223    0.278815   library hold time
                                              0.278815   data required time
---------------------------------------------------------------------------------------------
                                              0.278815   data required time
                                             -0.992206   data arrival time
---------------------------------------------------------------------------------------------
                                              0.713390   slack (MET)


Startpoint: _296_ (rising edge-triggered flip-flop clocked by clk)
Endpoint: _291_ (rising edge-triggered flip-flop clocked by clk)
Path Group: clk
Path Type: min

Fanout         Cap        Slew       Delay        Time   Description
---------------------------------------------------------------------------------------------
                                  0.000000    0.000000   clock clk (rise edge)
                                  0.000000    0.000000   clock source latency
     1    0.017978    0.000000    0.000000    0.000000 ^ clk (in)
                                                         clk (net)
                      0.000800    0.000400    0.000400 ^ clkbuf_0_clk/A (sg13g2_buf_16)
     2    0.033249    0.033307    0.082549    0.082949 ^ clkbuf_0_clk/X (sg13g2_buf_16)
                                                         clknet_0_clk (net)
                      0.033321    0.001444    0.084394 ^ clkbuf_1_1__f_clk/A (sg13g2_buf_16)
     5    0.021416    0.030286    0.097551    0.181944 ^ clkbuf_1_1__f_clk/X (sg13g2_buf_16)
                                                         clknet_1_1__leaf_clk (net)
                      0.030294    0.000990    0.182935 ^ _296_/CLK (sg13g2_dfrbpq_1)
     2    0.010933    0.069050    0.286905    0.469840 v _296_/Q (sg13g2_dfrbpq_1)
                                                         CTRL.S0 (net)
                      0.069056    0.000694    0.470534 v fanout23/A (sg13g2_buf_1)
     8    0.035205    0.189017    0.236321    0.706855 v fanout23/X (sg13g2_buf_1)
                                                         net23 (net)
                      0.189142    0.003113    0.709968 v _142_/A (sg13g2_xnor2_1)
     2    0.008096    0.099591    0.194811    0.904779 v _142_/Y (sg13g2_xnor2_1)
                                                         _096_ (net)
                      0.099591    0.000266    0.905045 v _143_/B (sg13g2_xor2_1)
     1    0.002506    0.041432    0.105914    1.010960 v _143_/X (sg13g2_xor2_1)
                                                         DPATH.SUM.fa_3.S (net)
                      0.041432    0.000148    1.011108 v _291_/D (sg13g2_dfrbpq_1)
                                              1.011108   data arrival time

                                  0.000000    0.000000   clock clk (rise edge)
                                  0.000000    0.000000   clock source latency
     1    0.020302    0.000000    0.000000    0.000000 ^ clk (in)
                                                         clk (net)
                      0.000919    0.000459    0.000459 ^ clkbuf_0_clk/A (sg13g2_buf_16)
     2    0.037895    0.034919    0.083950    0.084410 ^ clkbuf_0_clk/X (sg13g2_buf_16)
                                                         clknet_0_clk (net)
                      0.034940    0.001575    0.085985 ^ clkbuf_1_0__f_clk/A (sg13g2_buf_16)
     5    0.019526    0.029675    0.097958    0.183943 ^ clkbuf_1_0__f_clk/X (sg13g2_buf_16)
                                                         clknet_1_0__leaf_clk (net)
                      0.029677    0.000405    0.184348 ^ _291_/CLK (sg13g2_dfrbpq_1)
                                  0.150000    0.334348   clock uncertainty
                                 -0.001460    0.332887   clock reconvergence pessimism
                                 -0.054905    0.277982   library hold time
                                              0.277982   data required time
---------------------------------------------------------------------------------------------
                                              0.277982   data required time
                                             -1.011108   data arrival time
---------------------------------------------------------------------------------------------
                                              0.733126   slack (MET)


Startpoint: _292_ (rising edge-triggered flip-flop clocked by clk)
Endpoint: sine_out[5] (output port clocked by clk)
Path Group: clk
Path Type: min

Fanout         Cap        Slew       Delay        Time   Description
---------------------------------------------------------------------------------------------
                                  0.000000    0.000000   clock clk (rise edge)
                                  0.000000    0.000000   clock source latency
     1    0.017978    0.000000    0.000000    0.000000 ^ clk (in)
                                                         clk (net)
                      0.000800    0.000400    0.000400 ^ clkbuf_0_clk/A (sg13g2_buf_16)
     2    0.033249    0.033307    0.082549    0.082949 ^ clkbuf_0_clk/X (sg13g2_buf_16)
                                                         clknet_0_clk (net)
                      0.033320    0.001375    0.084324 ^ clkbuf_1_0__f_clk/A (sg13g2_buf_16)
     5    0.017591    0.028930    0.096455    0.180779 ^ clkbuf_1_0__f_clk/X (sg13g2_buf_16)
                                                         clknet_1_0__leaf_clk (net)
                      0.028932    0.000499    0.181278 ^ _292_/CLK (sg13g2_dfrbpq_1)
     4    0.020142    0.138231    0.334033    0.515311 ^ _292_/Q (sg13g2_dfrbpq_1)
                                                         DPATH.SUM.fa_4.A (net)
                      0.138241    0.001257    0.516568 ^ _159_/A (sg13g2_or2_1)
     2    0.010158    0.079627    0.189059    0.705626 ^ _159_/X (sg13g2_or2_1)
                                                         _109_ (net)
                      0.079629    0.000554    0.706180 ^ _260_/B (sg13g2_nor3_1)
     1    0.002478    0.043445    0.072915    0.779095 v _260_/Y (sg13g2_nor3_1)
                                                         net17 (net)
                      0.043446    0.000179    0.779274 v output17/A (sg13g2_buf_1)
     1    0.010770    0.068769    0.129722    0.908996 v output17/X (sg13g2_buf_1)
                                                         sine_out[5] (net)
                      0.068771    0.000458    0.909454 v sine_out[5] (out)
                                              0.909454   data arrival time

                                  0.000000    0.000000   clock clk (rise edge)
                                  0.000000    0.000000   clock network delay (propagated)
                                  0.150000    0.150000   clock uncertainty
                                  0.000000    0.150000   clock reconvergence pessimism
                                  0.000000    0.150000   output external delay
                                              0.150000   data required time
---------------------------------------------------------------------------------------------
                                              0.150000   data required time
                                             -0.909454   data arrival time
---------------------------------------------------------------------------------------------
                                              0.759454   slack (MET)


Startpoint: _294_ (rising edge-triggered flip-flop clocked by clk)
Endpoint: sine_out[13] (output port clocked by clk)
Path Group: clk
Path Type: min

Fanout         Cap        Slew       Delay        Time   Description
---------------------------------------------------------------------------------------------
                                  0.000000    0.000000   clock clk (rise edge)
                                  0.000000    0.000000   clock source latency
     1    0.017978    0.000000    0.000000    0.000000 ^ clk (in)
                                                         clk (net)
                      0.000800    0.000400    0.000400 ^ clkbuf_0_clk/A (sg13g2_buf_16)
     2    0.033249    0.033307    0.082549    0.082949 ^ clkbuf_0_clk/X (sg13g2_buf_16)
                                                         clknet_0_clk (net)
                      0.033321    0.001444    0.084394 ^ clkbuf_1_1__f_clk/A (sg13g2_buf_16)
     5    0.021416    0.030286    0.097551    0.181944 ^ clkbuf_1_1__f_clk/X (sg13g2_buf_16)
                                                         clknet_1_1__leaf_clk (net)
                      0.030295    0.001037    0.182981 ^ _294_/CLK (sg13g2_dfrbpq_1)
     3    0.014053    0.101573    0.307449    0.490430 ^ _294_/Q (sg13g2_dfrbpq_1)
                                                         DPATH.SUM.fa_6.A (net)
                      0.101577    0.000749    0.491179 ^ fanout27/A (sg13g2_buf_1)
     4    0.019714    0.136340    0.202223    0.693402 ^ fanout27/X (sg13g2_buf_1)
                                                         net27 (net)
                      0.136347    0.001092    0.694495 ^ _272_/A (sg13g2_nor2_1)
     1    0.002860    0.052871    0.089824    0.784318 v _272_/Y (sg13g2_nor2_1)
                                                         net8 (net)
                      0.052872    0.000195    0.784513 v output8/A (sg13g2_buf_1)
     1    0.011755    0.073862    0.138122    0.922635 v output8/X (sg13g2_buf_1)
                                                         sine_out[13] (net)
                      0.073876    0.000986    0.923621 v sine_out[13] (out)
                                              0.923621   data arrival time

                                  0.000000    0.000000   clock clk (rise edge)
                                  0.000000    0.000000   clock network delay (propagated)
                                  0.150000    0.150000   clock uncertainty
                                  0.000000    0.150000   clock reconvergence pessimism
                                  0.000000    0.150000   output external delay
                                              0.150000   data required time
---------------------------------------------------------------------------------------------
                                              0.150000   data required time
                                             -0.923621   data arrival time
---------------------------------------------------------------------------------------------
                                              0.773621   slack (MET)


Startpoint: _292_ (rising edge-triggered flip-flop clocked by clk)
Endpoint: sine_out[16] (output port clocked by clk)
Path Group: clk
Path Type: min

Fanout         Cap        Slew       Delay        Time   Description
---------------------------------------------------------------------------------------------
                                  0.000000    0.000000   clock clk (rise edge)
                                  0.000000    0.000000   clock source latency
     1    0.017978    0.000000    0.000000    0.000000 ^ clk (in)
                                                         clk (net)
                      0.000800    0.000400    0.000400 ^ clkbuf_0_clk/A (sg13g2_buf_16)
     2    0.033249    0.033307    0.082549    0.082949 ^ clkbuf_0_clk/X (sg13g2_buf_16)
                                                         clknet_0_clk (net)
                      0.033320    0.001375    0.084324 ^ clkbuf_1_0__f_clk/A (sg13g2_buf_16)
     5    0.017591    0.028930    0.096455    0.180779 ^ clkbuf_1_0__f_clk/X (sg13g2_buf_16)
                                                         clknet_1_0__leaf_clk (net)
                      0.028932    0.000499    0.181278 ^ _292_/CLK (sg13g2_dfrbpq_1)
     4    0.019902    0.113458    0.321621    0.502899 v _292_/Q (sg13g2_dfrbpq_1)
                                                         DPATH.SUM.fa_4.A (net)
                      0.113486    0.001697    0.504596 v _270_/B_N (sg13g2_nor2b_1)
     2    0.008368    0.063165    0.162949    0.667545 v _270_/Y (sg13g2_nor2b_1)
                                                         _085_ (net)
                      0.063169    0.000504    0.668050 v _275_/A2 (sg13g2_o21ai_1)
     1    0.002667    0.059989    0.122141    0.790191 ^ _275_/Y (sg13g2_o21ai_1)
                                                         net11 (net)
                      0.059989    0.000181    0.790372 ^ output11/A (sg13g2_buf_1)
     1    0.010716    0.081115    0.140301    0.930672 ^ output11/X (sg13g2_buf_1)
                                                         sine_out[16] (net)
                      0.081116    0.000454    0.931126 ^ sine_out[16] (out)
                                              0.931126   data arrival time

                                  0.000000    0.000000   clock clk (rise edge)
                                  0.000000    0.000000   clock network delay (propagated)
                                  0.150000    0.150000   clock uncertainty
                                  0.000000    0.150000   clock reconvergence pessimism
                                  0.000000    0.150000   output external delay
                                              0.150000   data required time
---------------------------------------------------------------------------------------------
                                              0.150000   data required time
                                             -0.931126   data arrival time
---------------------------------------------------------------------------------------------
                                              0.781126   slack (MET)


Startpoint: _292_ (rising edge-triggered flip-flop clocked by clk)
Endpoint: sine_out[12] (output port clocked by clk)
Path Group: clk
Path Type: min

Fanout         Cap        Slew       Delay        Time   Description
---------------------------------------------------------------------------------------------
                                  0.000000    0.000000   clock clk (rise edge)
                                  0.000000    0.000000   clock source latency
     1    0.017978    0.000000    0.000000    0.000000 ^ clk (in)
                                                         clk (net)
                      0.000800    0.000400    0.000400 ^ clkbuf_0_clk/A (sg13g2_buf_16)
     2    0.033249    0.033307    0.082549    0.082949 ^ clkbuf_0_clk/X (sg13g2_buf_16)
                                                         clknet_0_clk (net)
                      0.033320    0.001375    0.084324 ^ clkbuf_1_0__f_clk/A (sg13g2_buf_16)
     5    0.017591    0.028930    0.096455    0.180779 ^ clkbuf_1_0__f_clk/X (sg13g2_buf_16)
                                                         clknet_1_0__leaf_clk (net)
                      0.028932    0.000499    0.181278 ^ _292_/CLK (sg13g2_dfrbpq_1)
     4    0.019902    0.113458    0.321621    0.502899 v _292_/Q (sg13g2_dfrbpq_1)
                                                         DPATH.SUM.fa_4.A (net)
                      0.113486    0.001697    0.504596 v _270_/B_N (sg13g2_nor2b_1)
     2    0.008368    0.063165    0.162949    0.667545 v _270_/Y (sg13g2_nor2b_1)
                                                         _085_ (net)
                      0.063168    0.000490    0.668035 v _271_/A2 (sg13g2_a21oi_1)
     1    0.003596    0.076498    0.124705    0.792740 ^ _271_/Y (sg13g2_a21oi_1)
                                                         net7 (net)
                      0.076498    0.000268    0.793008 ^ output7/A (sg13g2_buf_1)
     1    0.010927    0.082665    0.149946    0.942955 ^ output7/X (sg13g2_buf_1)
                                                         sine_out[12] (net)
                      0.082666    0.000473    0.943428 ^ sine_out[12] (out)
                                              0.943428   data arrival time

                                  0.000000    0.000000   clock clk (rise edge)
                                  0.000000    0.000000   clock network delay (propagated)
                                  0.150000    0.150000   clock uncertainty
                                  0.000000    0.150000   clock reconvergence pessimism
                                  0.000000    0.150000   output external delay
                                              0.150000   data required time
---------------------------------------------------------------------------------------------
                                              0.150000   data required time
                                             -0.943428   data arrival time
---------------------------------------------------------------------------------------------
                                              0.793428   slack (MET)


Startpoint: _288_ (rising edge-triggered flip-flop clocked by clk)
Endpoint: _288_ (rising edge-triggered flip-flop clocked by clk)
Path Group: clk
Path Type: min

Fanout         Cap        Slew       Delay        Time   Description
---------------------------------------------------------------------------------------------
                                  0.000000    0.000000   clock clk (rise edge)
                                  0.000000    0.000000   clock source latency
     1    0.017978    0.000000    0.000000    0.000000 ^ clk (in)
                                                         clk (net)
                      0.000800    0.000400    0.000400 ^ clkbuf_0_clk/A (sg13g2_buf_16)
     2    0.033249    0.033307    0.082549    0.082949 ^ clkbuf_0_clk/X (sg13g2_buf_16)
                                                         clknet_0_clk (net)
                      0.033320    0.001375    0.084324 ^ clkbuf_1_0__f_clk/A (sg13g2_buf_16)
     5    0.017591    0.028930    0.096455    0.180779 ^ clkbuf_1_0__f_clk/X (sg13g2_buf_16)
                                                         clknet_1_0__leaf_clk (net)
                      0.028931    0.000379    0.181158 ^ _288_/CLK (sg13g2_dfrbpq_1)
     1    0.003594    0.040599    0.259276    0.440434 ^ _288_/Q (sg13g2_dfrbpq_1)
                                                         DPATH.SUM.Cout0 (net)
                      0.040792    0.000247    0.440682 ^ fanout41/A (sg13g2_buf_1)
     8    0.039825    0.259188    0.258052    0.698734 ^ fanout41/X (sg13g2_buf_1)
                                                         net41 (net)
                      0.259241    0.003087    0.701821 ^ _132_/A (sg13g2_inv_1)
     8    0.040472    0.243390    0.317778    1.019599 v _132_/Y (sg13g2_inv_1)
                                                         DPATH.SUM.ha_0.S (net)
                      0.243432    0.002666    1.022265 v _288_/D (sg13g2_dfrbpq_1)
                                              1.022265   data arrival time

                                  0.000000    0.000000   clock clk (rise edge)
                                  0.000000    0.000000   clock source latency
     1    0.020302    0.000000    0.000000    0.000000 ^ clk (in)
                                                         clk (net)
                      0.000919    0.000459    0.000459 ^ clkbuf_0_clk/A (sg13g2_buf_16)
     2    0.037895    0.034919    0.083950    0.084410 ^ clkbuf_0_clk/X (sg13g2_buf_16)
                                                         clknet_0_clk (net)
                      0.034940    0.001575    0.085985 ^ clkbuf_1_0__f_clk/A (sg13g2_buf_16)
     5    0.019526    0.029675    0.097958    0.183943 ^ clkbuf_1_0__f_clk/X (sg13g2_buf_16)
                                                         clknet_1_0__leaf_clk (net)
                      0.029677    0.000420    0.184362 ^ _288_/CLK (sg13g2_dfrbpq_1)
                                  0.150000    0.334362   clock uncertainty
                                 -0.003204    0.331158   clock reconvergence pessimism
                                 -0.136254    0.194904   library hold time
                                              0.194904   data required time
---------------------------------------------------------------------------------------------
                                              0.194904   data required time
                                             -1.022265   data arrival time
---------------------------------------------------------------------------------------------
                                              0.827361   slack (MET)


Startpoint: _290_ (rising edge-triggered flip-flop clocked by clk)
Endpoint: sine_out[11] (output port clocked by clk)
Path Group: clk
Path Type: min

Fanout         Cap        Slew       Delay        Time   Description
---------------------------------------------------------------------------------------------
                                  0.000000    0.000000   clock clk (rise edge)
                                  0.000000    0.000000   clock source latency
     1    0.017978    0.000000    0.000000    0.000000 ^ clk (in)
                                                         clk (net)
                      0.000800    0.000400    0.000400 ^ clkbuf_0_clk/A (sg13g2_buf_16)
     2    0.033249    0.033307    0.082549    0.082949 ^ clkbuf_0_clk/X (sg13g2_buf_16)
                                                         clknet_0_clk (net)
                      0.033320    0.001375    0.084324 ^ clkbuf_1_0__f_clk/A (sg13g2_buf_16)
     5    0.017591    0.028930    0.096455    0.180779 ^ clkbuf_1_0__f_clk/X (sg13g2_buf_16)
                                                         clknet_1_0__leaf_clk (net)
                      0.028931    0.000353    0.181133 ^ _290_/CLK (sg13g2_dfrbpq_1)
     4    0.020074    0.137484    0.333137    0.514270 ^ _290_/Q (sg13g2_dfrbpq_1)
                                                         DPATH.SUM.fa_2.A (net)
                      0.137542    0.002640    0.516910 ^ _210_/B (sg13g2_nor2_1)
     4    0.014670    0.105371    0.140691    0.657601 v _210_/Y (sg13g2_nor2_1)
                                                         _037_ (net)
                      0.105377    0.000795    0.658396 v _268_/A2 (sg13g2_a21oi_1)
     1    0.002518    0.064486    0.132721    0.791117 ^ _268_/Y (sg13g2_a21oi_1)
                                                         _084_ (net)
                      0.064486    0.000100    0.791217 ^ _269_/B (sg13g2_nor2_1)
     1    0.003070    0.035361    0.056421    0.847638 v _269_/Y (sg13g2_nor2_1)
                                                         net6 (net)
                      0.035361    0.000196    0.847834 v output6/A (sg13g2_buf_1)
     1    0.012969    0.079566    0.134376    0.982210 v output6/X (sg13g2_buf_1)
                                                         sine_out[11] (net)
                      0.079570    0.000664    0.982874 v sine_out[11] (out)
                                              0.982874   data arrival time

                                  0.000000    0.000000   clock clk (rise edge)
                                  0.000000    0.000000   clock network delay (propagated)
                                  0.150000    0.150000   clock uncertainty
                                  0.000000    0.150000   clock reconvergence pessimism
                                  0.000000    0.150000   output external delay
                                              0.150000   data required time
---------------------------------------------------------------------------------------------
                                              0.150000   data required time
                                             -0.982874   data arrival time
---------------------------------------------------------------------------------------------
                                              0.832874   slack (MET)


Startpoint: _294_ (rising edge-triggered flip-flop clocked by clk)
Endpoint: sine_out[14] (output port clocked by clk)
Path Group: clk
Path Type: min

Fanout         Cap        Slew       Delay        Time   Description
---------------------------------------------------------------------------------------------
                                  0.000000    0.000000   clock clk (rise edge)
                                  0.000000    0.000000   clock source latency
     1    0.017978    0.000000    0.000000    0.000000 ^ clk (in)
                                                         clk (net)
                      0.000800    0.000400    0.000400 ^ clkbuf_0_clk/A (sg13g2_buf_16)
     2    0.033249    0.033307    0.082549    0.082949 ^ clkbuf_0_clk/X (sg13g2_buf_16)
                                                         clknet_0_clk (net)
                      0.033321    0.001444    0.084394 ^ clkbuf_1_1__f_clk/A (sg13g2_buf_16)
     5    0.021416    0.030286    0.097551    0.181944 ^ clkbuf_1_1__f_clk/X (sg13g2_buf_16)
                                                         clknet_1_1__leaf_clk (net)
                      0.030295    0.001037    0.182981 ^ _294_/CLK (sg13g2_dfrbpq_1)
     3    0.013881    0.083494    0.298693    0.481674 v _294_/Q (sg13g2_dfrbpq_1)
                                                         DPATH.SUM.fa_6.A (net)
                      0.083501    0.000805    0.482479 v fanout25/A (sg13g2_buf_1)
     8    0.036582    0.195824    0.249189    0.731668 v fanout25/X (sg13g2_buf_1)
                                                         net25 (net)
                      0.195831    0.001397    0.733064 v _273_/A (sg13g2_nand2_1)
     1    0.005336    0.065778    0.109816    0.842880 ^ _273_/Y (sg13g2_nand2_1)
                                                         net9 (net)
                      0.065779    0.000522    0.843402 ^ output9/A (sg13g2_buf_1)
     1    0.010842    0.081972    0.143917    0.987319 ^ output9/X (sg13g2_buf_1)
                                                         sine_out[14] (net)
                      0.081973    0.000466    0.987785 ^ sine_out[14] (out)
                                              0.987785   data arrival time

                                  0.000000    0.000000   clock clk (rise edge)
                                  0.000000    0.000000   clock network delay (propagated)
                                  0.150000    0.150000   clock uncertainty
                                  0.000000    0.150000   clock reconvergence pessimism
                                  0.000000    0.150000   output external delay
                                              0.150000   data required time
---------------------------------------------------------------------------------------------
                                              0.150000   data required time
                                             -0.987785   data arrival time
---------------------------------------------------------------------------------------------
                                              0.837785   slack (MET)


Startpoint: _290_ (rising edge-triggered flip-flop clocked by clk)
Endpoint: sine_out[6] (output port clocked by clk)
Path Group: clk
Path Type: min

Fanout         Cap        Slew       Delay        Time   Description
---------------------------------------------------------------------------------------------
                                  0.000000    0.000000   clock clk (rise edge)
                                  0.000000    0.000000   clock source latency
     1    0.017978    0.000000    0.000000    0.000000 ^ clk (in)
                                                         clk (net)
                      0.000800    0.000400    0.000400 ^ clkbuf_0_clk/A (sg13g2_buf_16)
     2    0.033249    0.033307    0.082549    0.082949 ^ clkbuf_0_clk/X (sg13g2_buf_16)
                                                         clknet_0_clk (net)
                      0.033320    0.001375    0.084324 ^ clkbuf_1_0__f_clk/A (sg13g2_buf_16)
     5    0.017591    0.028930    0.096455    0.180779 ^ clkbuf_1_0__f_clk/X (sg13g2_buf_16)
                                                         clknet_1_0__leaf_clk (net)
                      0.028931    0.000353    0.181133 ^ _290_/CLK (sg13g2_dfrbpq_1)
     4    0.020074    0.137484    0.333137    0.514270 ^ _290_/Q (sg13g2_dfrbpq_1)
                                                         DPATH.SUM.fa_2.A (net)
                      0.137542    0.002640    0.516910 ^ _210_/B (sg13g2_nor2_1)
     4    0.014670    0.105371    0.140691    0.657601 v _210_/Y (sg13g2_nor2_1)
                                                         _037_ (net)
                      0.105380    0.000946    0.658547 v _211_/A (sg13g2_inv_1)
     1    0.003248    0.048351    0.069306    0.727853 ^ _211_/Y (sg13g2_inv_1)
                                                         _038_ (net)
                      0.048351    0.000236    0.728088 ^ _262_/A2 (sg13g2_a21oi_1)
     1    0.007195    0.057513    0.123287    0.851375 v _262_/Y (sg13g2_a21oi_1)
                                                         net18 (net)
                      0.057516    0.000465    0.851839 v output18/A (sg13g2_buf_1)
     1    0.011437    0.072247    0.139487    0.991327 v output18/X (sg13g2_buf_1)
                                                         sine_out[6] (net)
                      0.072249    0.000502    0.991829 v sine_out[6] (out)
                                              0.991829   data arrival time

                                  0.000000    0.000000   clock clk (rise edge)
                                  0.000000    0.000000   clock network delay (propagated)
                                  0.150000    0.150000   clock uncertainty
                                  0.000000    0.150000   clock reconvergence pessimism
                                  0.000000    0.150000   output external delay
                                              0.150000   data required time
---------------------------------------------------------------------------------------------
                                              0.150000   data required time
                                             -0.991829   data arrival time
---------------------------------------------------------------------------------------------
                                              0.841829   slack (MET)


Startpoint: _290_ (rising edge-triggered flip-flop clocked by clk)
Endpoint: sine_out[1] (output port clocked by clk)
Path Group: clk
Path Type: min

Fanout         Cap        Slew       Delay        Time   Description
---------------------------------------------------------------------------------------------
                                  0.000000    0.000000   clock clk (rise edge)
                                  0.000000    0.000000   clock source latency
     1    0.017978    0.000000    0.000000    0.000000 ^ clk (in)
                                                         clk (net)
                      0.000800    0.000400    0.000400 ^ clkbuf_0_clk/A (sg13g2_buf_16)
     2    0.033249    0.033307    0.082549    0.082949 ^ clkbuf_0_clk/X (sg13g2_buf_16)
                                                         clknet_0_clk (net)
                      0.033320    0.001375    0.084324 ^ clkbuf_1_0__f_clk/A (sg13g2_buf_16)
     5    0.017591    0.028930    0.096455    0.180779 ^ clkbuf_1_0__f_clk/X (sg13g2_buf_16)
                                                         clknet_1_0__leaf_clk (net)
                      0.028931    0.000353    0.181133 ^ _290_/CLK (sg13g2_dfrbpq_1)
     4    0.020074    0.137484    0.333137    0.514270 ^ _290_/Q (sg13g2_dfrbpq_1)
                                                         DPATH.SUM.fa_2.A (net)
                      0.137534    0.002482    0.516752 ^ _233_/A1 (sg13g2_a221oi_1)
     1    0.006275    0.057266    0.172774    0.689526 v _233_/Y (sg13g2_a221oi_1)
                                                         _059_ (net)
                      0.057276    0.000387    0.689913 v _235_/A2 (sg13g2_o21ai_1)
     1    0.005614    0.066710    0.151830    0.841743 ^ _235_/Y (sg13g2_o21ai_1)
                                                         net13 (net)
                      0.066711    0.000358    0.842101 ^ output13/A (sg13g2_buf_1)
     1    0.015630    0.111117    0.166018    1.008120 ^ output13/X (sg13g2_buf_1)
                                                         sine_out[1] (net)
                      0.111122    0.000867    1.008987 ^ sine_out[1] (out)
                                              1.008987   data arrival time

                                  0.000000    0.000000   clock clk (rise edge)
                                  0.000000    0.000000   clock network delay (propagated)
                                  0.150000    0.150000   clock uncertainty
                                  0.000000    0.150000   clock reconvergence pessimism
                                  0.000000    0.150000   output external delay
                                              0.150000   data required time
---------------------------------------------------------------------------------------------
                                              0.150000   data required time
                                             -1.008987   data arrival time
---------------------------------------------------------------------------------------------
                                              0.858987   slack (MET)


Startpoint: _293_ (rising edge-triggered flip-flop clocked by clk)
Endpoint: sine_out[9] (output port clocked by clk)
Path Group: clk
Path Type: min

Fanout         Cap        Slew       Delay        Time   Description
---------------------------------------------------------------------------------------------
                                  0.000000    0.000000   clock clk (rise edge)
                                  0.000000    0.000000   clock source latency
     1    0.017978    0.000000    0.000000    0.000000 ^ clk (in)
                                                         clk (net)
                      0.000800    0.000400    0.000400 ^ clkbuf_0_clk/A (sg13g2_buf_16)
     2    0.033249    0.033307    0.082549    0.082949 ^ clkbuf_0_clk/X (sg13g2_buf_16)
                                                         clknet_0_clk (net)
                      0.033321    0.001444    0.084394 ^ clkbuf_1_1__f_clk/A (sg13g2_buf_16)
     5    0.021416    0.030286    0.097551    0.181944 ^ clkbuf_1_1__f_clk/X (sg13g2_buf_16)
                                                         clknet_1_1__leaf_clk (net)
                      0.030298    0.001238    0.183182 ^ _293_/CLK (sg13g2_dfrbpq_1)
     1    0.006469    0.047536    0.269219    0.452401 v _293_/Q (sg13g2_dfrbpq_1)
                                                         DPATH.SUM.fa_5.A (net)
                      0.047536    0.000387    0.452788 v fanout29/A (sg13g2_buf_1)
     8    0.038455    0.205366    0.236394    0.689182 v fanout29/X (sg13g2_buf_1)
                                                         net29 (net)
                      0.205540    0.004977    0.694159 v _265_/A1 (sg13g2_a21oi_1)
     1    0.003400    0.074994    0.156323    0.850481 ^ _265_/Y (sg13g2_a21oi_1)
                                                         net21 (net)
                      0.074994    0.000217    0.850699 ^ output21/A (sg13g2_buf_1)
     1    0.012934    0.094797    0.158200    1.008899 ^ output21/X (sg13g2_buf_1)
                                                         sine_out[9] (net)
                      0.094800    0.000692    1.009591 ^ sine_out[9] (out)
                                              1.009591   data arrival time

                                  0.000000    0.000000   clock clk (rise edge)
                                  0.000000    0.000000   clock network delay (propagated)
                                  0.150000    0.150000   clock uncertainty
                                  0.000000    0.150000   clock reconvergence pessimism
                                  0.000000    0.150000   output external delay
                                              0.150000   data required time
---------------------------------------------------------------------------------------------
                                              0.150000   data required time
                                             -1.009591   data arrival time
---------------------------------------------------------------------------------------------
                                              0.859591   slack (MET)


Startpoint: _294_ (rising edge-triggered flip-flop clocked by clk)
Endpoint: sine_out[3] (output port clocked by clk)
Path Group: clk
Path Type: min

Fanout         Cap        Slew       Delay        Time   Description
---------------------------------------------------------------------------------------------
                                  0.000000    0.000000   clock clk (rise edge)
                                  0.000000    0.000000   clock source latency
     1    0.017978    0.000000    0.000000    0.000000 ^ clk (in)
                                                         clk (net)
                      0.000800    0.000400    0.000400 ^ clkbuf_0_clk/A (sg13g2_buf_16)
     2    0.033249    0.033307    0.082549    0.082949 ^ clkbuf_0_clk/X (sg13g2_buf_16)
                                                         clknet_0_clk (net)
                      0.033321    0.001444    0.084394 ^ clkbuf_1_1__f_clk/A (sg13g2_buf_16)
     5    0.021416    0.030286    0.097551    0.181944 ^ clkbuf_1_1__f_clk/X (sg13g2_buf_16)
                                                         clknet_1_1__leaf_clk (net)
                      0.030295    0.001037    0.182981 ^ _294_/CLK (sg13g2_dfrbpq_1)
     3    0.013881    0.083494    0.298693    0.481674 v _294_/Q (sg13g2_dfrbpq_1)
                                                         DPATH.SUM.fa_6.A (net)
                      0.083501    0.000805    0.482479 v fanout25/A (sg13g2_buf_1)
     8    0.036582    0.195824    0.249189    0.731668 v fanout25/X (sg13g2_buf_1)
                                                         net25 (net)
                      0.195921    0.002426    0.734093 v _256_/A (sg13g2_nor2_1)
     1    0.002300    0.072485    0.130853    0.864946 ^ _256_/Y (sg13g2_nor2_1)
                                                         net15 (net)
                      0.072485    0.000168    0.865113 ^ output15/A (sg13g2_buf_1)
     1    0.012307    0.090946    0.154095    1.019209 ^ output15/X (sg13g2_buf_1)
                                                         sine_out[3] (net)
                      0.090948    0.000555    1.019763 ^ sine_out[3] (out)
                                              1.019763   data arrival time

                                  0.000000    0.000000   clock clk (rise edge)
                                  0.000000    0.000000   clock network delay (propagated)
                                  0.150000    0.150000   clock uncertainty
                                  0.000000    0.150000   clock reconvergence pessimism
                                  0.000000    0.150000   output external delay
                                              0.150000   data required time
---------------------------------------------------------------------------------------------
                                              0.150000   data required time
                                             -1.019763   data arrival time
---------------------------------------------------------------------------------------------
                                              0.869763   slack (MET)


Startpoint: _292_ (rising edge-triggered flip-flop clocked by clk)
Endpoint: sine_out[8] (output port clocked by clk)
Path Group: clk
Path Type: min

Fanout         Cap        Slew       Delay        Time   Description
---------------------------------------------------------------------------------------------
                                  0.000000    0.000000   clock clk (rise edge)
                                  0.000000    0.000000   clock source latency
     1    0.017978    0.000000    0.000000    0.000000 ^ clk (in)
                                                         clk (net)
                      0.000800    0.000400    0.000400 ^ clkbuf_0_clk/A (sg13g2_buf_16)
     2    0.033249    0.033307    0.082549    0.082949 ^ clkbuf_0_clk/X (sg13g2_buf_16)
                                                         clknet_0_clk (net)
                      0.033320    0.001375    0.084324 ^ clkbuf_1_0__f_clk/A (sg13g2_buf_16)
     5    0.017591    0.028930    0.096455    0.180779 ^ clkbuf_1_0__f_clk/X (sg13g2_buf_16)
                                                         clknet_1_0__leaf_clk (net)
                      0.028932    0.000499    0.181278 ^ _292_/CLK (sg13g2_dfrbpq_1)
     4    0.019902    0.113458    0.321621    0.502899 v _292_/Q (sg13g2_dfrbpq_1)
                                                         DPATH.SUM.fa_4.A (net)
                      0.113483    0.001600    0.504499 v fanout30/A (sg13g2_buf_1)
     8    0.030342    0.164828    0.239143    0.743642 v fanout30/X (sg13g2_buf_1)
                                                         net30 (net)
                      0.164874    0.002627    0.746269 v _264_/A1 (sg13g2_a21oi_1)
     1    0.002482    0.056301    0.137021    0.883290 ^ _264_/Y (sg13g2_a21oi_1)
                                                         net20 (net)
                      0.056301    0.000097    0.883387 ^ output20/A (sg13g2_buf_1)
     1    0.010798    0.081549    0.138728    1.022115 ^ output20/X (sg13g2_buf_1)
                                                         sine_out[8] (net)
                      0.081550    0.000465    1.022580 ^ sine_out[8] (out)
                                              1.022580   data arrival time

                                  0.000000    0.000000   clock clk (rise edge)
                                  0.000000    0.000000   clock network delay (propagated)
                                  0.150000    0.150000   clock uncertainty
                                  0.000000    0.150000   clock reconvergence pessimism
                                  0.000000    0.150000   output external delay
                                              0.150000   data required time
---------------------------------------------------------------------------------------------
                                              0.150000   data required time
                                             -1.022580   data arrival time
---------------------------------------------------------------------------------------------
                                              0.872580   slack (MET)


Startpoint: _294_ (rising edge-triggered flip-flop clocked by clk)
Endpoint: sine_out[15] (output port clocked by clk)
Path Group: clk
Path Type: min

Fanout         Cap        Slew       Delay        Time   Description
---------------------------------------------------------------------------------------------
                                  0.000000    0.000000   clock clk (rise edge)
                                  0.000000    0.000000   clock source latency
     1    0.017978    0.000000    0.000000    0.000000 ^ clk (in)
                                                         clk (net)
                      0.000800    0.000400    0.000400 ^ clkbuf_0_clk/A (sg13g2_buf_16)
     2    0.033249    0.033307    0.082549    0.082949 ^ clkbuf_0_clk/X (sg13g2_buf_16)
                                                         clknet_0_clk (net)
                      0.033321    0.001444    0.084394 ^ clkbuf_1_1__f_clk/A (sg13g2_buf_16)
     5    0.021416    0.030286    0.097551    0.181944 ^ clkbuf_1_1__f_clk/X (sg13g2_buf_16)
                                                         clknet_1_1__leaf_clk (net)
                      0.030295    0.001037    0.182981 ^ _294_/CLK (sg13g2_dfrbpq_1)
     3    0.013881    0.083494    0.298693    0.481674 v _294_/Q (sg13g2_dfrbpq_1)
                                                         DPATH.SUM.fa_6.A (net)
                      0.083501    0.000805    0.482479 v fanout25/A (sg13g2_buf_1)
     8    0.036582    0.195824    0.249189    0.731668 v fanout25/X (sg13g2_buf_1)
                                                         net25 (net)
                      0.195933    0.002746    0.734413 v _274_/A (sg13g2_nand2_1)
     1    0.006951    0.078610    0.120424    0.854837 ^ _274_/Y (sg13g2_nand2_1)
                                                         net10 (net)
                      0.078620    0.000464    0.855301 ^ output10/A (sg13g2_buf_1)
     1    0.016286    0.114990    0.174769    1.030069 ^ output10/X (sg13g2_buf_1)
                                                         sine_out[15] (net)
                      0.115081    0.001932    1.032001 ^ sine_out[15] (out)
                                              1.032001   data arrival time

                                  0.000000    0.000000   clock clk (rise edge)
                                  0.000000    0.000000   clock network delay (propagated)
                                  0.150000    0.150000   clock uncertainty
                                  0.000000    0.150000   clock reconvergence pessimism
                                  0.000000    0.150000   output external delay
                                              0.150000   data required time
---------------------------------------------------------------------------------------------
                                              0.150000   data required time
                                             -1.032001   data arrival time
---------------------------------------------------------------------------------------------
                                              0.882001   slack (MET)


Startpoint: _292_ (rising edge-triggered flip-flop clocked by clk)
Endpoint: sine_out[7] (output port clocked by clk)
Path Group: clk
Path Type: min

Fanout         Cap        Slew       Delay        Time   Description
---------------------------------------------------------------------------------------------
                                  0.000000    0.000000   clock clk (rise edge)
                                  0.000000    0.000000   clock source latency
     1    0.017978    0.000000    0.000000    0.000000 ^ clk (in)
                                                         clk (net)
                      0.000800    0.000400    0.000400 ^ clkbuf_0_clk/A (sg13g2_buf_16)
     2    0.033249    0.033307    0.082549    0.082949 ^ clkbuf_0_clk/X (sg13g2_buf_16)
                                                         clknet_0_clk (net)
                      0.033320    0.001375    0.084324 ^ clkbuf_1_0__f_clk/A (sg13g2_buf_16)
     5    0.017591    0.028930    0.096455    0.180779 ^ clkbuf_1_0__f_clk/X (sg13g2_buf_16)
                                                         clknet_1_0__leaf_clk (net)
                      0.028932    0.000499    0.181278 ^ _292_/CLK (sg13g2_dfrbpq_1)
     4    0.019902    0.113458    0.321621    0.502899 v _292_/Q (sg13g2_dfrbpq_1)
                                                         DPATH.SUM.fa_4.A (net)
                      0.113483    0.001600    0.504499 v fanout30/A (sg13g2_buf_1)
     8    0.030342    0.164828    0.239143    0.743642 v fanout30/X (sg13g2_buf_1)
                                                         net30 (net)
                      0.164875    0.002657    0.746299 v _263_/A1 (sg13g2_a21oi_1)
     1    0.002717    0.058201    0.139314    0.885613 ^ _263_/Y (sg13g2_a21oi_1)
                                                         net19 (net)
                      0.058201    0.000106    0.885719 ^ output19/A (sg13g2_buf_1)
     1    0.013010    0.095022    0.149713    1.035433 ^ output19/X (sg13g2_buf_1)
                                                         sine_out[7] (net)
                      0.095025    0.000662    1.036094 ^ sine_out[7] (out)
                                              1.036094   data arrival time

                                  0.000000    0.000000   clock clk (rise edge)
                                  0.000000    0.000000   clock network delay (propagated)
                                  0.150000    0.150000   clock uncertainty
                                  0.000000    0.150000   clock reconvergence pessimism
                                  0.000000    0.150000   output external delay
                                              0.150000   data required time
---------------------------------------------------------------------------------------------
                                              0.150000   data required time
                                             -1.036094   data arrival time
---------------------------------------------------------------------------------------------
                                              0.886094   slack (MET)


Startpoint: _294_ (rising edge-triggered flip-flop clocked by clk)
Endpoint: sine_out[10] (output port clocked by clk)
Path Group: clk
Path Type: min

Fanout         Cap        Slew       Delay        Time   Description
---------------------------------------------------------------------------------------------
                                  0.000000    0.000000   clock clk (rise edge)
                                  0.000000    0.000000   clock source latency
     1    0.017978    0.000000    0.000000    0.000000 ^ clk (in)
                                                         clk (net)
                      0.000800    0.000400    0.000400 ^ clkbuf_0_clk/A (sg13g2_buf_16)
     2    0.033249    0.033307    0.082549    0.082949 ^ clkbuf_0_clk/X (sg13g2_buf_16)
                                                         clknet_0_clk (net)
                      0.033321    0.001444    0.084394 ^ clkbuf_1_1__f_clk/A (sg13g2_buf_16)
     5    0.021416    0.030286    0.097551    0.181944 ^ clkbuf_1_1__f_clk/X (sg13g2_buf_16)
                                                         clknet_1_1__leaf_clk (net)
                      0.030295    0.001037    0.182981 ^ _294_/CLK (sg13g2_dfrbpq_1)
     3    0.014053    0.101573    0.307449    0.490430 ^ _294_/Q (sg13g2_dfrbpq_1)
                                                         DPATH.SUM.fa_6.A (net)
                      0.101577    0.000749    0.491179 ^ fanout27/A (sg13g2_buf_1)
     4    0.019714    0.136340    0.202223    0.693402 ^ fanout27/X (sg13g2_buf_1)
                                                         net27 (net)
                      0.136352    0.001352    0.694755 ^ _257_/B (sg13g2_nor2_1)
     1    0.003548    0.051211    0.081955    0.776710 v _257_/Y (sg13g2_nor2_1)
                                                         _080_ (net)
                      0.051211    0.000141    0.776851 v _266_/B1 (sg13g2_o21ai_1)
     1    0.005943    0.063376    0.075999    0.852850 ^ _266_/Y (sg13g2_o21ai_1)
                                                         _083_ (net)
                      0.063414    0.000752    0.853601 ^ _267_/B (sg13g2_nand2_1)
     1    0.003251    0.052908    0.086355    0.939957 v _267_/Y (sg13g2_nand2_1)
                                                         net5 (net)
                      0.052908    0.000128    0.940085 v output5/A (sg13g2_buf_1)
     1    0.010915    0.069614    0.135070    1.075155 v output5/X (sg13g2_buf_1)
                                                         sine_out[10] (net)
                      0.069616    0.000467    1.075622 v sine_out[10] (out)
                                              1.075622   data arrival time

                                  0.000000    0.000000   clock clk (rise edge)
                                  0.000000    0.000000   clock network delay (propagated)
                                  0.150000    0.150000   clock uncertainty
                                  0.000000    0.150000   clock reconvergence pessimism
                                  0.000000    0.150000   output external delay
                                              0.150000   data required time
---------------------------------------------------------------------------------------------
                                              0.150000   data required time
                                             -1.075622   data arrival time
---------------------------------------------------------------------------------------------
                                              0.925622   slack (MET)


Startpoint: _294_ (rising edge-triggered flip-flop clocked by clk)
Endpoint: sine_out[4] (output port clocked by clk)
Path Group: clk
Path Type: min

Fanout         Cap        Slew       Delay        Time   Description
---------------------------------------------------------------------------------------------
                                  0.000000    0.000000   clock clk (rise edge)
                                  0.000000    0.000000   clock source latency
     1    0.017978    0.000000    0.000000    0.000000 ^ clk (in)
                                                         clk (net)
                      0.000800    0.000400    0.000400 ^ clkbuf_0_clk/A (sg13g2_buf_16)
     2    0.033249    0.033307    0.082549    0.082949 ^ clkbuf_0_clk/X (sg13g2_buf_16)
                                                         clknet_0_clk (net)
                      0.033321    0.001444    0.084394 ^ clkbuf_1_1__f_clk/A (sg13g2_buf_16)
     5    0.021416    0.030286    0.097551    0.181944 ^ clkbuf_1_1__f_clk/X (sg13g2_buf_16)
                                                         clknet_1_1__leaf_clk (net)
                      0.030295    0.001037    0.182981 ^ _294_/CLK (sg13g2_dfrbpq_1)
     3    0.014053    0.101573    0.307449    0.490430 ^ _294_/Q (sg13g2_dfrbpq_1)
                                                         DPATH.SUM.fa_6.A (net)
                      0.101578    0.000816    0.491246 ^ fanout25/A (sg13g2_buf_1)
     8    0.037538    0.245013    0.280375    0.771621 ^ fanout25/X (sg13g2_buf_1)
                                                         net25 (net)
                      0.245032    0.001810    0.773431 ^ _258_/A (sg13g2_nor3_1)
     1    0.012026    0.108747    0.186311    0.959742 v _258_/Y (sg13g2_nor3_1)
                                                         net16 (net)
                      0.108749    0.000670    0.960413 v output16/A (sg13g2_buf_1)
     1    0.017587    0.103690    0.188244    1.148657 v output16/X (sg13g2_buf_1)
                                                         sine_out[4] (net)
                      0.103715    0.001556    1.150213 v sine_out[4] (out)
                                              1.150213   data arrival time

                                  0.000000    0.000000   clock clk (rise edge)
                                  0.000000    0.000000   clock network delay (propagated)
                                  0.150000    0.150000   clock uncertainty
                                  0.000000    0.150000   clock reconvergence pessimism
                                  0.000000    0.150000   output external delay
                                              0.150000   data required time
---------------------------------------------------------------------------------------------
                                              0.150000   data required time
                                             -1.150213   data arrival time
---------------------------------------------------------------------------------------------
                                              1.000213   slack (MET)


Startpoint: _294_ (rising edge-triggered flip-flop clocked by clk)
Endpoint: sine_out[0] (output port clocked by clk)
Path Group: clk
Path Type: min

Fanout         Cap        Slew       Delay        Time   Description
---------------------------------------------------------------------------------------------
                                  0.000000    0.000000   clock clk (rise edge)
                                  0.000000    0.000000   clock source latency
     1    0.017978    0.000000    0.000000    0.000000 ^ clk (in)
                                                         clk (net)
                      0.000800    0.000400    0.000400 ^ clkbuf_0_clk/A (sg13g2_buf_16)
     2    0.033249    0.033307    0.082549    0.082949 ^ clkbuf_0_clk/X (sg13g2_buf_16)
                                                         clknet_0_clk (net)
                      0.033321    0.001444    0.084394 ^ clkbuf_1_1__f_clk/A (sg13g2_buf_16)
     5    0.021416    0.030286    0.097551    0.181944 ^ clkbuf_1_1__f_clk/X (sg13g2_buf_16)
                                                         clknet_1_1__leaf_clk (net)
                      0.030295    0.001037    0.182981 ^ _294_/CLK (sg13g2_dfrbpq_1)
     3    0.014053    0.101573    0.307449    0.490430 ^ _294_/Q (sg13g2_dfrbpq_1)
                                                         DPATH.SUM.fa_6.A (net)
                      0.101577    0.000749    0.491179 ^ fanout27/A (sg13g2_buf_1)
     4    0.019714    0.136340    0.202223    0.693402 ^ fanout27/X (sg13g2_buf_1)
                                                         net27 (net)
                      0.136349    0.001221    0.694623 ^ _198_/A (sg13g2_nor4_1)
     1    0.004325    0.047482    0.115635    0.810258 v _198_/Y (sg13g2_nor4_1)
                                                         _025_ (net)
                      0.047482    0.000169    0.810428 v _216_/A2 (sg13g2_a22oi_1)
     1    0.007798    0.134916    0.167069    0.977496 ^ _216_/Y (sg13g2_a22oi_1)
                                                         net4 (net)
                      0.134917    0.000566    0.978063 ^ output4/A (sg13g2_buf_1)
     1    0.012257    0.091940    0.181101    1.159164 ^ output4/X (sg13g2_buf_1)
                                                         sine_out[0] (net)
                      0.091943    0.000632    1.159796 ^ sine_out[0] (out)
                                              1.159796   data arrival time

                                  0.000000    0.000000   clock clk (rise edge)
                                  0.000000    0.000000   clock network delay (propagated)
                                  0.150000    0.150000   clock uncertainty
                                  0.000000    0.150000   clock reconvergence pessimism
                                  0.000000    0.150000   output external delay
                                              0.150000   data required time
---------------------------------------------------------------------------------------------
                                              0.150000   data required time
                                             -1.159796   data arrival time
---------------------------------------------------------------------------------------------
                                              1.009796   slack (MET)


Startpoint: _292_ (rising edge-triggered flip-flop clocked by clk)
Endpoint: sine_out[2] (output port clocked by clk)
Path Group: clk
Path Type: min

Fanout         Cap        Slew       Delay        Time   Description
---------------------------------------------------------------------------------------------
                                  0.000000    0.000000   clock clk (rise edge)
                                  0.000000    0.000000   clock source latency
     1    0.017978    0.000000    0.000000    0.000000 ^ clk (in)
                                                         clk (net)
                      0.000800    0.000400    0.000400 ^ clkbuf_0_clk/A (sg13g2_buf_16)
     2    0.033249    0.033307    0.082549    0.082949 ^ clkbuf_0_clk/X (sg13g2_buf_16)
                                                         clknet_0_clk (net)
                      0.033320    0.001375    0.084324 ^ clkbuf_1_0__f_clk/A (sg13g2_buf_16)
     5    0.017591    0.028930    0.096455    0.180779 ^ clkbuf_1_0__f_clk/X (sg13g2_buf_16)
                                                         clknet_1_0__leaf_clk (net)
                      0.028932    0.000499    0.181278 ^ _292_/CLK (sg13g2_dfrbpq_1)
     4    0.019902    0.113458    0.321621    0.502899 v _292_/Q (sg13g2_dfrbpq_1)
                                                         DPATH.SUM.fa_4.A (net)
                      0.113483    0.001600    0.504499 v fanout30/A (sg13g2_buf_1)
     8    0.030342    0.164828    0.239143    0.743642 v fanout30/X (sg13g2_buf_1)
                                                         net30 (net)
                      0.164850    0.001947    0.745589 v _251_/A1 (sg13g2_a21oi_1)
     1    0.002830    0.059811    0.140404    0.885993 ^ _251_/Y (sg13g2_a21oi_1)
                                                         _076_ (net)
                      0.059811    0.000111    0.886104 ^ _252_/B (sg13g2_nand2b_1)
     1    0.003470    0.057216    0.090346    0.976451 v _252_/Y (sg13g2_nand2b_1)
                                                         _077_ (net)
                      0.057216    0.000136    0.976587 v _253_/B1 (sg13g2_o21ai_1)
     1    0.007494    0.074855    0.087180    1.063767 ^ _253_/Y (sg13g2_o21ai_1)
                                                         net14 (net)
                      0.074866    0.000741    1.064508 ^ output14/A (sg13g2_buf_1)
     1    0.013429    0.097805    0.160363    1.224871 ^ output14/X (sg13g2_buf_1)
                                                         sine_out[2] (net)
                      0.097808    0.000703    1.225574 ^ sine_out[2] (out)
                                              1.225574   data arrival time

                                  0.000000    0.000000   clock clk (rise edge)
                                  0.000000    0.000000   clock network delay (propagated)
                                  0.150000    0.150000   clock uncertainty
                                  0.000000    0.150000   clock reconvergence pessimism
                                  0.000000    0.150000   output external delay
                                              0.150000   data required time
---------------------------------------------------------------------------------------------
                                              0.150000   data required time
                                             -1.225574   data arrival time
---------------------------------------------------------------------------------------------
                                              1.075574   slack (MET)



%OL_END_REPORT
%OL_CREATE_REPORT max.rpt

===========================================================================
report_checks -path_delay max (Setup)
============================================================================
======================= nom_slow_1p08V_125C Corner ===================================

Startpoint: _290_ (rising edge-triggered flip-flop clocked by clk)
Endpoint: sine_out[0] (output port clocked by clk)
Path Group: clk
Path Type: max

Fanout         Cap        Slew       Delay        Time   Description
---------------------------------------------------------------------------------------------
                                  0.000000    0.000000   clock clk (rise edge)
                                  0.000000    0.000000   clock source latency
     1    0.020302    0.000000    0.000000    0.000000 ^ clk (in)
                                                         clk (net)
                      0.000919    0.000459    0.000459 ^ clkbuf_0_clk/A (sg13g2_buf_16)
     2    0.037895    0.034919    0.083950    0.084410 ^ clkbuf_0_clk/X (sg13g2_buf_16)
                                                         clknet_0_clk (net)
                      0.034940    0.001575    0.085985 ^ clkbuf_1_0__f_clk/A (sg13g2_buf_16)
     5    0.019526    0.029675    0.097958    0.183943 ^ clkbuf_1_0__f_clk/X (sg13g2_buf_16)
                                                         clknet_1_0__leaf_clk (net)
                      0.029676    0.000394    0.184337 ^ _290_/CLK (sg13g2_dfrbpq_1)
     4    0.021958    0.148825    0.341962    0.526298 ^ _290_/Q (sg13g2_dfrbpq_1)
                                                         DPATH.SUM.fa_2.A (net)
                      0.148852    0.001982    0.528280 ^ fanout37/A (sg13g2_buf_1)
     8    0.040846    0.265580    0.312937    0.841217 ^ fanout37/X (sg13g2_buf_1)
                                                         net37 (net)
                      0.265583    0.000798    0.842015 ^ fanout36/A (sg13g2_buf_1)
     8    0.044540    0.289121    0.366169    1.208184 ^ fanout36/X (sg13g2_buf_1)
                                                         net36 (net)
                      0.289250    0.003012    1.211197 ^ _164_/B (sg13g2_and2_1)
     5    0.020922    0.149966    0.308658    1.519855 ^ _164_/X (sg13g2_and2_1)
                                                         _113_ (net)
                      0.149971    0.001015    1.520870 ^ _180_/A2 (sg13g2_a21oi_1)
     4    0.021208    0.262013    0.271428    1.792298 v _180_/Y (sg13g2_a21oi_1)
                                                         _128_ (net)
                      0.262022    0.001727    1.794024 v _181_/B (sg13g2_and2_1)
     2    0.012556    0.083152    0.243143    2.037168 v _181_/X (sg13g2_and2_1)
                                                         _129_ (net)
                      0.083159    0.000834    2.038001 v _182_/B1 (sg13g2_o21ai_1)
     1    0.003808    0.128314    0.077648    2.115649 ^ _182_/Y (sg13g2_o21ai_1)
                                                         _009_ (net)
                      0.128315    0.000151    2.115800 ^ _183_/A2 (sg13g2_a21oi_1)
     1    0.005011    0.086752    0.142194    2.257994 v _183_/Y (sg13g2_a21oi_1)
                                                         _010_ (net)
                      0.086753    0.000355    2.258349 v _198_/B (sg13g2_nor4_1)
     1    0.004990    0.226001    0.269075    2.527424 ^ _198_/Y (sg13g2_nor4_1)
                                                         _025_ (net)
                      0.226001    0.000201    2.527624 ^ _216_/A2 (sg13g2_a22oi_1)
     1    0.008071    0.132832    0.210282    2.737906 v _216_/Y (sg13g2_a22oi_1)
                                                         net4 (net)
                      0.132834    0.000604    2.738510 v output4/A (sg13g2_buf_1)
     1    0.012257    0.077792    0.176625    2.915135 v output4/X (sg13g2_buf_1)
                                                         sine_out[0] (net)
                      0.077796    0.000632    2.915767 v sine_out[0] (out)
                                              2.915767   data arrival time

                                  5.000000    5.000000   clock clk (rise edge)
                                  0.000000    5.000000   clock network delay (propagated)
                                 -0.150000    4.850000   clock uncertainty
                                  0.000000    4.850000   clock reconvergence pessimism
                                 -1.000000    3.850000   output external delay
                                              3.850000   data required time
---------------------------------------------------------------------------------------------
                                              3.850000   data required time
                                             -2.915767   data arrival time
---------------------------------------------------------------------------------------------
                                              0.934233   slack (MET)


Startpoint: _290_ (rising edge-triggered flip-flop clocked by clk)
Endpoint: sine_out[1] (output port clocked by clk)
Path Group: clk
Path Type: max

Fanout         Cap        Slew       Delay        Time   Description
---------------------------------------------------------------------------------------------
                                  0.000000    0.000000   clock clk (rise edge)
                                  0.000000    0.000000   clock source latency
     1    0.020302    0.000000    0.000000    0.000000 ^ clk (in)
                                                         clk (net)
                      0.000919    0.000459    0.000459 ^ clkbuf_0_clk/A (sg13g2_buf_16)
     2    0.037895    0.034919    0.083950    0.084410 ^ clkbuf_0_clk/X (sg13g2_buf_16)
                                                         clknet_0_clk (net)
                      0.034940    0.001575    0.085985 ^ clkbuf_1_0__f_clk/A (sg13g2_buf_16)
     5    0.019526    0.029675    0.097958    0.183943 ^ clkbuf_1_0__f_clk/X (sg13g2_buf_16)
                                                         clknet_1_0__leaf_clk (net)
                      0.029676    0.000394    0.184337 ^ _290_/CLK (sg13g2_dfrbpq_1)
     4    0.021958    0.148825    0.341962    0.526298 ^ _290_/Q (sg13g2_dfrbpq_1)
                                                         DPATH.SUM.fa_2.A (net)
                      0.148852    0.001982    0.528280 ^ fanout37/A (sg13g2_buf_1)
     8    0.040846    0.265580    0.312937    0.841217 ^ fanout37/X (sg13g2_buf_1)
                                                         net37 (net)
                      0.265583    0.000798    0.842015 ^ fanout36/A (sg13g2_buf_1)
     8    0.044540    0.289121    0.366169    1.208184 ^ fanout36/X (sg13g2_buf_1)
                                                         net36 (net)
                      0.289250    0.003012    1.211197 ^ _164_/B (sg13g2_and2_1)
     5    0.020922    0.149966    0.308658    1.519855 ^ _164_/X (sg13g2_and2_1)
                                                         _113_ (net)
                      0.149971    0.001015    1.520870 ^ _180_/A2 (sg13g2_a21oi_1)
     4    0.021208    0.262013    0.271428    1.792298 v _180_/Y (sg13g2_a21oi_1)
                                                         _128_ (net)
                      0.262019    0.001453    1.793751 v _230_/A (sg13g2_xnor2_1)
     1    0.003534    0.094833    0.226622    2.020374 v _230_/Y (sg13g2_xnor2_1)
                                                         _056_ (net)
                      0.094833    0.000141    2.020514 v _231_/A2 (sg13g2_o21ai_1)
     1    0.004723    0.134261    0.157186    2.177700 ^ _231_/Y (sg13g2_o21ai_1)
                                                         _057_ (net)
                      0.134261    0.000492    2.178193 ^ _233_/B2 (sg13g2_a221oi_1)
     1    0.006688    0.150216    0.168352    2.346545 v _233_/Y (sg13g2_a221oi_1)
                                                         _059_ (net)
                      0.150216    0.000425    2.346969 v _235_/A2 (sg13g2_o21ai_1)
     1    0.005944    0.152327    0.191948    2.538917 ^ _235_/Y (sg13g2_o21ai_1)
                                                         net13 (net)
                      0.152328    0.000389    2.539305 ^ output13/A (sg13g2_buf_1)
     1    0.015630    0.112485    0.203058    2.742364 ^ output13/X (sg13g2_buf_1)
                                                         sine_out[1] (net)
                      0.112489    0.000867    2.743231 ^ sine_out[1] (out)
                                              2.743231   data arrival time

                                  5.000000    5.000000   clock clk (rise edge)
                                  0.000000    5.000000   clock network delay (propagated)
                                 -0.150000    4.850000   clock uncertainty
                                  0.000000    4.850000   clock reconvergence pessimism
                                 -1.000000    3.850000   output external delay
                                              3.850000   data required time
---------------------------------------------------------------------------------------------
                                              3.850000   data required time
                                             -2.743231   data arrival time
---------------------------------------------------------------------------------------------
                                              1.106769   slack (MET)


Startpoint: _291_ (rising edge-triggered flip-flop clocked by clk)
Endpoint: sine_out[2] (output port clocked by clk)
Path Group: clk
Path Type: max

Fanout         Cap        Slew       Delay        Time   Description
---------------------------------------------------------------------------------------------
                                  0.000000    0.000000   clock clk (rise edge)
                                  0.000000    0.000000   clock source latency
     1    0.020302    0.000000    0.000000    0.000000 ^ clk (in)
                                                         clk (net)
                      0.000919    0.000459    0.000459 ^ clkbuf_0_clk/A (sg13g2_buf_16)
     2    0.037895    0.034919    0.083950    0.084410 ^ clkbuf_0_clk/X (sg13g2_buf_16)
                                                         clknet_0_clk (net)
                      0.034940    0.001575    0.085985 ^ clkbuf_1_0__f_clk/A (sg13g2_buf_16)
     5    0.019526    0.029675    0.097958    0.183943 ^ clkbuf_1_0__f_clk/X (sg13g2_buf_16)
                                                         clknet_1_0__leaf_clk (net)
                      0.029677    0.000405    0.184348 ^ _291_/CLK (sg13g2_dfrbpq_1)
     1    0.005631    0.052021    0.268889    0.453237 ^ _291_/Q (sg13g2_dfrbpq_1)
                                                         DPATH.SUM.fa_3.A (net)
                      0.052021    0.000543    0.453780 ^ fanout35/A (sg13g2_buf_1)
     5    0.027757    0.184507    0.211372    0.665152 ^ fanout35/X (sg13g2_buf_1)
                                                         net35 (net)
                      0.184618    0.003722    0.668874 ^ fanout34/A (sg13g2_buf_1)
     8    0.038964    0.254247    0.317090    0.985964 ^ fanout34/X (sg13g2_buf_1)
                                                         net34 (net)
                      0.254332    0.000869    0.986833 ^ fanout33/A (sg13g2_buf_1)
     8    0.038263    0.250218    0.335551    1.322383 ^ fanout33/X (sg13g2_buf_1)
                                                         net33 (net)
                      0.250381    0.003669    1.326053 ^ _202_/B1 (sg13g2_o21ai_1)
     3    0.011379    0.166236    0.200587    1.526640 v _202_/Y (sg13g2_o21ai_1)
                                                         _029_ (net)
                      0.166236    0.000596    1.527235 v _241_/D (sg13g2_nor4_1)
     1    0.002598    0.176482    0.188434    1.715669 ^ _241_/Y (sg13g2_nor4_1)
                                                         _066_ (net)
                      0.176482    0.000102    1.715772 ^ _242_/A_N (sg13g2_nand2b_1)
     1    0.003728    0.077161    0.161548    1.877320 ^ _242_/Y (sg13g2_nand2b_1)
                                                         _067_ (net)
                      0.077161    0.000148    1.877468 ^ _243_/B1 (sg13g2_a21oi_1)
     1    0.004413    0.125379    0.068049    1.945517 v _243_/Y (sg13g2_a21oi_1)
                                                         _068_ (net)
                      0.125379    0.000311    1.945827 v _244_/B1 (sg13g2_o21ai_1)
     1    0.004030    0.118783    0.092942    2.038769 ^ _244_/Y (sg13g2_o21ai_1)
                                                         _069_ (net)
                      0.118783    0.000158    2.038927 ^ _245_/B1 (sg13g2_o21ai_1)
     1    0.012751    0.169379    0.169410    2.208337 v _245_/Y (sg13g2_o21ai_1)
                                                         _070_ (net)
                      0.169382    0.001020    2.209357 v _253_/A2 (sg13g2_o21ai_1)
     1    0.007823    0.179354    0.220551    2.429908 ^ _253_/Y (sg13g2_o21ai_1)
                                                         net14 (net)
                      0.179355    0.000788    2.430696 ^ output14/A (sg13g2_buf_1)
     1    0.013429    0.099948    0.202923    2.633619 ^ output14/X (sg13g2_buf_1)
                                                         sine_out[2] (net)
                      0.099951    0.000703    2.634322 ^ sine_out[2] (out)
                                              2.634322   data arrival time

                                  5.000000    5.000000   clock clk (rise edge)
                                  0.000000    5.000000   clock network delay (propagated)
                                 -0.150000    4.850000   clock uncertainty
                                  0.000000    4.850000   clock reconvergence pessimism
                                 -1.000000    3.850000   output external delay
                                              3.850000   data required time
---------------------------------------------------------------------------------------------
                                              3.850000   data required time
                                             -2.634322   data arrival time
---------------------------------------------------------------------------------------------
                                              1.215678   slack (MET)


Startpoint: _290_ (rising edge-triggered flip-flop clocked by clk)
Endpoint: sine_out[12] (output port clocked by clk)
Path Group: clk
Path Type: max

Fanout         Cap        Slew       Delay        Time   Description
---------------------------------------------------------------------------------------------
                                  0.000000    0.000000   clock clk (rise edge)
                                  0.000000    0.000000   clock source latency
     1    0.020302    0.000000    0.000000    0.000000 ^ clk (in)
                                                         clk (net)
                      0.000919    0.000459    0.000459 ^ clkbuf_0_clk/A (sg13g2_buf_16)
     2    0.037895    0.034919    0.083950    0.084410 ^ clkbuf_0_clk/X (sg13g2_buf_16)
                                                         clknet_0_clk (net)
                      0.034940    0.001575    0.085985 ^ clkbuf_1_0__f_clk/A (sg13g2_buf_16)
     5    0.019526    0.029675    0.097958    0.183943 ^ clkbuf_1_0__f_clk/X (sg13g2_buf_16)
                                                         clknet_1_0__leaf_clk (net)
                      0.029676    0.000394    0.184337 ^ _290_/CLK (sg13g2_dfrbpq_1)
     4    0.021958    0.148825    0.341962    0.526298 ^ _290_/Q (sg13g2_dfrbpq_1)
                                                         DPATH.SUM.fa_2.A (net)
                      0.148852    0.001982    0.528280 ^ fanout37/A (sg13g2_buf_1)
     8    0.040846    0.265580    0.312937    0.841217 ^ fanout37/X (sg13g2_buf_1)
                                                         net37 (net)
                      0.265583    0.000798    0.842015 ^ fanout36/A (sg13g2_buf_1)
     8    0.044540    0.289121    0.366169    1.208184 ^ fanout36/X (sg13g2_buf_1)
                                                         net36 (net)
                      0.289250    0.003012    1.211197 ^ _164_/B (sg13g2_and2_1)
     5    0.020922    0.149966    0.308658    1.519855 ^ _164_/X (sg13g2_and2_1)
                                                         _113_ (net)
                      0.149971    0.001015    1.520870 ^ _180_/A2 (sg13g2_a21oi_1)
     4    0.021208    0.262013    0.271428    1.792298 v _180_/Y (sg13g2_a21oi_1)
                                                         _128_ (net)
                      0.262023    0.001757    1.794055 v _270_/A (sg13g2_nor2b_1)
     2    0.010072    0.185946    0.219975    2.014030 ^ _270_/Y (sg13g2_nor2b_1)
                                                         _085_ (net)
                      0.186008    0.000590    2.014621 ^ _271_/A2 (sg13g2_a21oi_1)
     1    0.003868    0.111930    0.153802    2.168423 v _271_/Y (sg13g2_a21oi_1)
                                                         net7 (net)
                      0.111932    0.000292    2.168715 v output7/A (sg13g2_buf_1)
     1    0.010927    0.070710    0.163126    2.331840 v output7/X (sg13g2_buf_1)
                                                         sine_out[12] (net)
                      0.070712    0.000473    2.332313 v sine_out[12] (out)
                                              2.332313   data arrival time

                                  5.000000    5.000000   clock clk (rise edge)
                                  0.000000    5.000000   clock network delay (propagated)
                                 -0.150000    4.850000   clock uncertainty
                                  0.000000    4.850000   clock reconvergence pessimism
                                 -1.000000    3.850000   output external delay
                                              3.850000   data required time
---------------------------------------------------------------------------------------------
                                              3.850000   data required time
                                             -2.332313   data arrival time
---------------------------------------------------------------------------------------------
                                              1.517687   slack (MET)


Startpoint: _290_ (rising edge-triggered flip-flop clocked by clk)
Endpoint: sine_out[15] (output port clocked by clk)
Path Group: clk
Path Type: max

Fanout         Cap        Slew       Delay        Time   Description
---------------------------------------------------------------------------------------------
                                  0.000000    0.000000   clock clk (rise edge)
                                  0.000000    0.000000   clock source latency
     1    0.020302    0.000000    0.000000    0.000000 ^ clk (in)
                                                         clk (net)
                      0.000919    0.000459    0.000459 ^ clkbuf_0_clk/A (sg13g2_buf_16)
     2    0.037895    0.034919    0.083950    0.084410 ^ clkbuf_0_clk/X (sg13g2_buf_16)
                                                         clknet_0_clk (net)
                      0.034940    0.001575    0.085985 ^ clkbuf_1_0__f_clk/A (sg13g2_buf_16)
     5    0.019526    0.029675    0.097958    0.183943 ^ clkbuf_1_0__f_clk/X (sg13g2_buf_16)
                                                         clknet_1_0__leaf_clk (net)
                      0.029676    0.000394    0.184337 ^ _290_/CLK (sg13g2_dfrbpq_1)
     4    0.021958    0.148825    0.341962    0.526298 ^ _290_/Q (sg13g2_dfrbpq_1)
                                                         DPATH.SUM.fa_2.A (net)
                      0.148852    0.001982    0.528280 ^ fanout37/A (sg13g2_buf_1)
     8    0.040846    0.265580    0.312937    0.841217 ^ fanout37/X (sg13g2_buf_1)
                                                         net37 (net)
                      0.265583    0.000798    0.842015 ^ fanout36/A (sg13g2_buf_1)
     8    0.044540    0.289121    0.366169    1.208184 ^ fanout36/X (sg13g2_buf_1)
                                                         net36 (net)
                      0.289250    0.003012    1.211197 ^ _164_/B (sg13g2_and2_1)
     5    0.020922    0.149966    0.308658    1.519855 ^ _164_/X (sg13g2_and2_1)
                                                         _113_ (net)
                      0.149971    0.001031    1.520886 ^ _166_/B (sg13g2_nand2_1)
     4    0.020753    0.250621    0.249634    1.770520 v _166_/Y (sg13g2_nand2_1)
                                                         _115_ (net)
                      0.250653    0.002669    1.773189 v _246_/B (sg13g2_nand2b_1)
     2    0.013092    0.139088    0.190534    1.963723 ^ _246_/Y (sg13g2_nand2b_1)
                                                         _071_ (net)
                      0.139090    0.000726    1.964449 ^ _274_/B (sg13g2_nand2_1)
     1    0.007224    0.125056    0.143249    2.107698 v _274_/Y (sg13g2_nand2_1)
                                                         net10 (net)
                      0.125056    0.000489    2.108187 v output10/A (sg13g2_buf_1)
     1    0.016286    0.097694    0.189223    2.297410 v output10/X (sg13g2_buf_1)
                                                         sine_out[15] (net)
                      0.097738    0.001931    2.299341 v sine_out[15] (out)
                                              2.299341   data arrival time

                                  5.000000    5.000000   clock clk (rise edge)
                                  0.000000    5.000000   clock network delay (propagated)
                                 -0.150000    4.850000   clock uncertainty
                                  0.000000    4.850000   clock reconvergence pessimism
                                 -1.000000    3.850000   output external delay
                                              3.850000   data required time
---------------------------------------------------------------------------------------------
                                              3.850000   data required time
                                             -2.299341   data arrival time
---------------------------------------------------------------------------------------------
                                              1.550659   slack (MET)


Startpoint: _290_ (rising edge-triggered flip-flop clocked by clk)
Endpoint: sine_out[16] (output port clocked by clk)
Path Group: clk
Path Type: max

Fanout         Cap        Slew       Delay        Time   Description
---------------------------------------------------------------------------------------------
                                  0.000000    0.000000   clock clk (rise edge)
                                  0.000000    0.000000   clock source latency
     1    0.020302    0.000000    0.000000    0.000000 ^ clk (in)
                                                         clk (net)
                      0.000919    0.000459    0.000459 ^ clkbuf_0_clk/A (sg13g2_buf_16)
     2    0.037895    0.034919    0.083950    0.084410 ^ clkbuf_0_clk/X (sg13g2_buf_16)
                                                         clknet_0_clk (net)
                      0.034940    0.001575    0.085985 ^ clkbuf_1_0__f_clk/A (sg13g2_buf_16)
     5    0.019526    0.029675    0.097958    0.183943 ^ clkbuf_1_0__f_clk/X (sg13g2_buf_16)
                                                         clknet_1_0__leaf_clk (net)
                      0.029676    0.000394    0.184337 ^ _290_/CLK (sg13g2_dfrbpq_1)
     4    0.021958    0.148825    0.341962    0.526298 ^ _290_/Q (sg13g2_dfrbpq_1)
                                                         DPATH.SUM.fa_2.A (net)
                      0.148852    0.001982    0.528280 ^ fanout37/A (sg13g2_buf_1)
     8    0.040846    0.265580    0.312937    0.841217 ^ fanout37/X (sg13g2_buf_1)
                                                         net37 (net)
                      0.265583    0.000798    0.842015 ^ fanout36/A (sg13g2_buf_1)
     8    0.044540    0.289121    0.366169    1.208184 ^ fanout36/X (sg13g2_buf_1)
                                                         net36 (net)
                      0.289250    0.003012    1.211197 ^ _164_/B (sg13g2_and2_1)
     5    0.020922    0.149966    0.308658    1.519855 ^ _164_/X (sg13g2_and2_1)
                                                         _113_ (net)
                      0.149971    0.001015    1.520870 ^ _180_/A2 (sg13g2_a21oi_1)
     4    0.021208    0.262013    0.271428    1.792298 v _180_/Y (sg13g2_a21oi_1)
                                                         _128_ (net)
                      0.262023    0.001757    1.794055 v _270_/A (sg13g2_nor2b_1)
     2    0.010072    0.185946    0.219975    2.014030 ^ _270_/Y (sg13g2_nor2b_1)
                                                         _085_ (net)
                      0.186008    0.000620    2.014650 ^ _275_/A2 (sg13g2_o21ai_1)
     1    0.002940    0.089905    0.128056    2.142707 v _275_/Y (sg13g2_o21ai_1)
                                                         net11 (net)
                      0.089905    0.000203    2.142910 v output11/A (sg13g2_buf_1)
     1    0.010716    0.069153    0.152914    2.295824 v output11/X (sg13g2_buf_1)
                                                         sine_out[16] (net)
                      0.069154    0.000454    2.296278 v sine_out[16] (out)
                                              2.296278   data arrival time

                                  5.000000    5.000000   clock clk (rise edge)
                                  0.000000    5.000000   clock network delay (propagated)
                                 -0.150000    4.850000   clock uncertainty
                                  0.000000    4.850000   clock reconvergence pessimism
                                 -1.000000    3.850000   output external delay
                                              3.850000   data required time
---------------------------------------------------------------------------------------------
                                              3.850000   data required time
                                             -2.296278   data arrival time
---------------------------------------------------------------------------------------------
                                              1.553723   slack (MET)


Startpoint: _290_ (rising edge-triggered flip-flop clocked by clk)
Endpoint: sine_out[8] (output port clocked by clk)
Path Group: clk
Path Type: max

Fanout         Cap        Slew       Delay        Time   Description
---------------------------------------------------------------------------------------------
                                  0.000000    0.000000   clock clk (rise edge)
                                  0.000000    0.000000   clock source latency
     1    0.020302    0.000000    0.000000    0.000000 ^ clk (in)
                                                         clk (net)
                      0.000919    0.000459    0.000459 ^ clkbuf_0_clk/A (sg13g2_buf_16)
     2    0.037895    0.034919    0.083950    0.084410 ^ clkbuf_0_clk/X (sg13g2_buf_16)
                                                         clknet_0_clk (net)
                      0.034940    0.001575    0.085985 ^ clkbuf_1_0__f_clk/A (sg13g2_buf_16)
     5    0.019526    0.029675    0.097958    0.183943 ^ clkbuf_1_0__f_clk/X (sg13g2_buf_16)
                                                         clknet_1_0__leaf_clk (net)
                      0.029676    0.000394    0.184337 ^ _290_/CLK (sg13g2_dfrbpq_1)
     4    0.021958    0.148825    0.341962    0.526298 ^ _290_/Q (sg13g2_dfrbpq_1)
                                                         DPATH.SUM.fa_2.A (net)
                      0.148852    0.001982    0.528280 ^ fanout37/A (sg13g2_buf_1)
     8    0.040846    0.265580    0.312937    0.841217 ^ fanout37/X (sg13g2_buf_1)
                                                         net37 (net)
                      0.265583    0.000798    0.842015 ^ fanout36/A (sg13g2_buf_1)
     8    0.044540    0.289121    0.366169    1.208184 ^ fanout36/X (sg13g2_buf_1)
                                                         net36 (net)
                      0.289250    0.003012    1.211197 ^ _164_/B (sg13g2_and2_1)
     5    0.020922    0.149966    0.308658    1.519855 ^ _164_/X (sg13g2_and2_1)
                                                         _113_ (net)
                      0.149971    0.001031    1.520886 ^ _166_/B (sg13g2_nand2_1)
     4    0.020753    0.250621    0.249634    1.770520 v _166_/Y (sg13g2_nand2_1)
                                                         _115_ (net)
                      0.250648    0.002491    1.773011 v _259_/B (sg13g2_nor2_1)
     2    0.009353    0.175250    0.208463    1.981474 ^ _259_/Y (sg13g2_nor2_1)
                                                         _081_ (net)
                      0.175313    0.000653    1.982127 ^ _264_/A2 (sg13g2_a21oi_1)
     1    0.002754    0.094252    0.142124    2.124251 v _264_/Y (sg13g2_a21oi_1)
                                                         net20 (net)
                      0.094252    0.000109    2.124360 v output20/A (sg13g2_buf_1)
     1    0.010798    0.069614    0.155431    2.279790 v output20/X (sg13g2_buf_1)
                                                         sine_out[8] (net)
                      0.069616    0.000465    2.280255 v sine_out[8] (out)
                                              2.280255   data arrival time

                                  5.000000    5.000000   clock clk (rise edge)
                                  0.000000    5.000000   clock network delay (propagated)
                                 -0.150000    4.850000   clock uncertainty
                                  0.000000    4.850000   clock reconvergence pessimism
                                 -1.000000    3.850000   output external delay
                                              3.850000   data required time
---------------------------------------------------------------------------------------------
                                              3.850000   data required time
                                             -2.280255   data arrival time
---------------------------------------------------------------------------------------------
                                              1.569745   slack (MET)


Startpoint: _290_ (rising edge-triggered flip-flop clocked by clk)
Endpoint: sine_out[13] (output port clocked by clk)
Path Group: clk
Path Type: max

Fanout         Cap        Slew       Delay        Time   Description
---------------------------------------------------------------------------------------------
                                  0.000000    0.000000   clock clk (rise edge)
                                  0.000000    0.000000   clock source latency
     1    0.020302    0.000000    0.000000    0.000000 ^ clk (in)
                                                         clk (net)
                      0.000919    0.000459    0.000459 ^ clkbuf_0_clk/A (sg13g2_buf_16)
     2    0.037895    0.034919    0.083950    0.084410 ^ clkbuf_0_clk/X (sg13g2_buf_16)
                                                         clknet_0_clk (net)
                      0.034940    0.001575    0.085985 ^ clkbuf_1_0__f_clk/A (sg13g2_buf_16)
     5    0.019526    0.029675    0.097958    0.183943 ^ clkbuf_1_0__f_clk/X (sg13g2_buf_16)
                                                         clknet_1_0__leaf_clk (net)
                      0.029676    0.000394    0.184337 ^ _290_/CLK (sg13g2_dfrbpq_1)
     4    0.021958    0.148825    0.341962    0.526298 ^ _290_/Q (sg13g2_dfrbpq_1)
                                                         DPATH.SUM.fa_2.A (net)
                      0.148852    0.001982    0.528280 ^ fanout37/A (sg13g2_buf_1)
     8    0.040846    0.265580    0.312937    0.841217 ^ fanout37/X (sg13g2_buf_1)
                                                         net37 (net)
                      0.265583    0.000798    0.842015 ^ fanout36/A (sg13g2_buf_1)
     8    0.044540    0.289121    0.366169    1.208184 ^ fanout36/X (sg13g2_buf_1)
                                                         net36 (net)
                      0.289250    0.003012    1.211197 ^ _164_/B (sg13g2_and2_1)
     5    0.020922    0.149966    0.308658    1.519855 ^ _164_/X (sg13g2_and2_1)
                                                         _113_ (net)
                      0.149971    0.001031    1.520886 ^ _166_/B (sg13g2_nand2_1)
     4    0.020753    0.250621    0.249634    1.770520 v _166_/Y (sg13g2_nand2_1)
                                                         _115_ (net)
                      0.250639    0.002083    1.772603 v _168_/A (sg13g2_nor2_1)
     2    0.012595    0.217458    0.250028    2.022631 ^ _168_/Y (sg13g2_nor2_1)
                                                         _117_ (net)
                      0.217458    0.000713    2.023344 ^ _272_/B (sg13g2_nor2_1)
     1    0.003178    0.064253    0.098264    2.121608 v _272_/Y (sg13g2_nor2_1)
                                                         net8 (net)
                      0.064254    0.000221    2.121829 v output8/A (sg13g2_buf_1)
     1    0.011755    0.074013    0.143863    2.265691 v output8/X (sg13g2_buf_1)
                                                         sine_out[13] (net)
                      0.074026    0.000986    2.266677 v sine_out[13] (out)
                                              2.266677   data arrival time

                                  5.000000    5.000000   clock clk (rise edge)
                                  0.000000    5.000000   clock network delay (propagated)
                                 -0.150000    4.850000   clock uncertainty
                                  0.000000    4.850000   clock reconvergence pessimism
                                 -1.000000    3.850000   output external delay
                                              3.850000   data required time
---------------------------------------------------------------------------------------------
                                              3.850000   data required time
                                             -2.266677   data arrival time
---------------------------------------------------------------------------------------------
                                              1.583323   slack (MET)


Startpoint: _290_ (rising edge-triggered flip-flop clocked by clk)
Endpoint: sine_out[5] (output port clocked by clk)
Path Group: clk
Path Type: max

Fanout         Cap        Slew       Delay        Time   Description
---------------------------------------------------------------------------------------------
                                  0.000000    0.000000   clock clk (rise edge)
                                  0.000000    0.000000   clock source latency
     1    0.020302    0.000000    0.000000    0.000000 ^ clk (in)
                                                         clk (net)
                      0.000919    0.000459    0.000459 ^ clkbuf_0_clk/A (sg13g2_buf_16)
     2    0.037895    0.034919    0.083950    0.084410 ^ clkbuf_0_clk/X (sg13g2_buf_16)
                                                         clknet_0_clk (net)
                      0.034940    0.001575    0.085985 ^ clkbuf_1_0__f_clk/A (sg13g2_buf_16)
     5    0.019526    0.029675    0.097958    0.183943 ^ clkbuf_1_0__f_clk/X (sg13g2_buf_16)
                                                         clknet_1_0__leaf_clk (net)
                      0.029676    0.000394    0.184337 ^ _290_/CLK (sg13g2_dfrbpq_1)
     4    0.021958    0.148825    0.341962    0.526298 ^ _290_/Q (sg13g2_dfrbpq_1)
                                                         DPATH.SUM.fa_2.A (net)
                      0.148852    0.001982    0.528280 ^ fanout37/A (sg13g2_buf_1)
     8    0.040846    0.265580    0.312937    0.841217 ^ fanout37/X (sg13g2_buf_1)
                                                         net37 (net)
                      0.265583    0.000798    0.842015 ^ fanout36/A (sg13g2_buf_1)
     8    0.044540    0.289121    0.366169    1.208184 ^ fanout36/X (sg13g2_buf_1)
                                                         net36 (net)
                      0.289250    0.003012    1.211197 ^ _164_/B (sg13g2_and2_1)
     5    0.020922    0.149966    0.308658    1.519855 ^ _164_/X (sg13g2_and2_1)
                                                         _113_ (net)
                      0.149971    0.001031    1.520886 ^ _166_/B (sg13g2_nand2_1)
     4    0.020753    0.250621    0.249634    1.770520 v _166_/Y (sg13g2_nand2_1)
                                                         _115_ (net)
                      0.250648    0.002491    1.773011 v _259_/B (sg13g2_nor2_1)
     2    0.009353    0.175250    0.208463    1.981474 ^ _259_/Y (sg13g2_nor2_1)
                                                         _081_ (net)
                      0.175312    0.000644    1.982118 ^ _260_/C (sg13g2_nor3_1)
     1    0.002795    0.072962    0.094419    2.076537 v _260_/Y (sg13g2_nor3_1)
                                                         net17 (net)
                      0.072962    0.000205    2.076742 v output17/A (sg13g2_buf_1)
     1    0.010770    0.069180    0.144593    2.221336 v output17/X (sg13g2_buf_1)
                                                         sine_out[5] (net)
                      0.069181    0.000458    2.221793 v sine_out[5] (out)
                                              2.221793   data arrival time

                                  5.000000    5.000000   clock clk (rise edge)
                                  0.000000    5.000000   clock network delay (propagated)
                                 -0.150000    4.850000   clock uncertainty
                                  0.000000    4.850000   clock reconvergence pessimism
                                 -1.000000    3.850000   output external delay
                                              3.850000   data required time
---------------------------------------------------------------------------------------------
                                              3.850000   data required time
                                             -2.221793   data arrival time
---------------------------------------------------------------------------------------------
                                              1.628206   slack (MET)


Startpoint: _291_ (rising edge-triggered flip-flop clocked by clk)
Endpoint: sine_out[10] (output port clocked by clk)
Path Group: clk
Path Type: max

Fanout         Cap        Slew       Delay        Time   Description
---------------------------------------------------------------------------------------------
                                  0.000000    0.000000   clock clk (rise edge)
                                  0.000000    0.000000   clock source latency
     1    0.020302    0.000000    0.000000    0.000000 ^ clk (in)
                                                         clk (net)
                      0.000919    0.000459    0.000459 ^ clkbuf_0_clk/A (sg13g2_buf_16)
     2    0.037895    0.034919    0.083950    0.084410 ^ clkbuf_0_clk/X (sg13g2_buf_16)
                                                         clknet_0_clk (net)
                      0.034940    0.001575    0.085985 ^ clkbuf_1_0__f_clk/A (sg13g2_buf_16)
     5    0.019526    0.029675    0.097958    0.183943 ^ clkbuf_1_0__f_clk/X (sg13g2_buf_16)
                                                         clknet_1_0__leaf_clk (net)
                      0.029677    0.000405    0.184348 ^ _291_/CLK (sg13g2_dfrbpq_1)
     1    0.005631    0.052021    0.268889    0.453237 ^ _291_/Q (sg13g2_dfrbpq_1)
                                                         DPATH.SUM.fa_3.A (net)
                      0.052021    0.000543    0.453780 ^ fanout35/A (sg13g2_buf_1)
     5    0.027757    0.184507    0.211372    0.665152 ^ fanout35/X (sg13g2_buf_1)
                                                         net35 (net)
                      0.184618    0.003722    0.668874 ^ fanout34/A (sg13g2_buf_1)
     8    0.038964    0.254247    0.317090    0.985964 ^ fanout34/X (sg13g2_buf_1)
                                                         net34 (net)
                      0.254332    0.000869    0.986833 ^ fanout33/A (sg13g2_buf_1)
     8    0.038263    0.250218    0.335551    1.322383 ^ fanout33/X (sg13g2_buf_1)
                                                         net33 (net)
                      0.250381    0.003669    1.326053 ^ _202_/B1 (sg13g2_o21ai_1)
     3    0.011379    0.166236    0.200587    1.526640 v _202_/Y (sg13g2_o21ai_1)
                                                         _029_ (net)
                      0.166236    0.000643    1.527283 v _266_/A2 (sg13g2_o21ai_1)
     1    0.006666    0.164010    0.206152    1.733435 ^ _266_/Y (sg13g2_o21ai_1)
                                                         _083_ (net)
                      0.164011    0.000882    1.734316 ^ _267_/B (sg13g2_nand2_1)
     1    0.003569    0.067297    0.123313    1.857629 v _267_/Y (sg13g2_nand2_1)
                                                         net5 (net)
                      0.067297    0.000142    1.857771 v output5/A (sg13g2_buf_1)
     1    0.010915    0.069813    0.142321    2.000092 v output5/X (sg13g2_buf_1)
                                                         sine_out[10] (net)
                      0.069815    0.000467    2.000559 v sine_out[10] (out)
                                              2.000559   data arrival time

                                  5.000000    5.000000   clock clk (rise edge)
                                  0.000000    5.000000   clock network delay (propagated)
                                 -0.150000    4.850000   clock uncertainty
                                  0.000000    4.850000   clock reconvergence pessimism
                                 -1.000000    3.850000   output external delay
                                              3.850000   data required time
---------------------------------------------------------------------------------------------
                                              3.850000   data required time
                                             -2.000559   data arrival time
---------------------------------------------------------------------------------------------
                                              1.849441   slack (MET)


Startpoint: _288_ (rising edge-triggered flip-flop clocked by clk)
Endpoint: sine_out[9] (output port clocked by clk)
Path Group: clk
Path Type: max

Fanout         Cap        Slew       Delay        Time   Description
---------------------------------------------------------------------------------------------
                                  0.000000    0.000000   clock clk (rise edge)
                                  0.000000    0.000000   clock source latency
     1    0.020302    0.000000    0.000000    0.000000 ^ clk (in)
                                                         clk (net)
                      0.000919    0.000459    0.000459 ^ clkbuf_0_clk/A (sg13g2_buf_16)
     2    0.037895    0.034919    0.083950    0.084410 ^ clkbuf_0_clk/X (sg13g2_buf_16)
                                                         clknet_0_clk (net)
                      0.034940    0.001575    0.085985 ^ clkbuf_1_0__f_clk/A (sg13g2_buf_16)
     5    0.019526    0.029675    0.097958    0.183943 ^ clkbuf_1_0__f_clk/X (sg13g2_buf_16)
                                                         clknet_1_0__leaf_clk (net)
                      0.029677    0.000420    0.184362 ^ _288_/CLK (sg13g2_dfrbpq_1)
     1    0.003866    0.035848    0.258465    0.442828 v _288_/Q (sg13g2_dfrbpq_1)
                                                         DPATH.SUM.Cout0 (net)
                      0.035848    0.000270    0.443098 v fanout41/A (sg13g2_buf_1)
     8    0.045672    0.241318    0.257535    0.700633 v fanout41/X (sg13g2_buf_1)
                                                         net41 (net)
                      0.241438    0.004510    0.705143 v fanout40/A (sg13g2_buf_1)
     8    0.040209    0.214806    0.320561    1.025704 v fanout40/X (sg13g2_buf_1)
                                                         net40 (net)
                      0.214806    0.000683    1.026387 v _203_/A2 (sg13g2_o21ai_1)
     5    0.023991    0.403685    0.425129    1.451515 ^ _203_/Y (sg13g2_o21ai_1)
                                                         _030_ (net)
                      0.403704    0.002266    1.453782 ^ _254_/B (sg13g2_nand2_1)
     1    0.004376    0.113324    0.183230    1.637012 v _254_/Y (sg13g2_nand2_1)
                                                         _078_ (net)
                      0.113324    0.000174    1.637186 v _265_/A2 (sg13g2_a21oi_1)
     1    0.003729    0.107687    0.146776    1.783962 ^ _265_/Y (sg13g2_a21oi_1)
                                                         net21 (net)
                      0.107687    0.000245    1.784207 ^ output21/A (sg13g2_buf_1)
     1    0.012934    0.095352    0.173804    1.958012 ^ output21/X (sg13g2_buf_1)
                                                         sine_out[9] (net)
                      0.095355    0.000692    1.958703 ^ sine_out[9] (out)
                                              1.958703   data arrival time

                                  5.000000    5.000000   clock clk (rise edge)
                                  0.000000    5.000000   clock network delay (propagated)
                                 -0.150000    4.850000   clock uncertainty
                                  0.000000    4.850000   clock reconvergence pessimism
                                 -1.000000    3.850000   output external delay
                                              3.850000   data required time
---------------------------------------------------------------------------------------------
                                              3.850000   data required time
                                             -1.958703   data arrival time
---------------------------------------------------------------------------------------------
                                              1.891297   slack (MET)


Startpoint: _288_ (rising edge-triggered flip-flop clocked by clk)
Endpoint: sine_out[3] (output port clocked by clk)
Path Group: clk
Path Type: max

Fanout         Cap        Slew       Delay        Time   Description
---------------------------------------------------------------------------------------------
                                  0.000000    0.000000   clock clk (rise edge)
                                  0.000000    0.000000   clock source latency
     1    0.020302    0.000000    0.000000    0.000000 ^ clk (in)
                                                         clk (net)
                      0.000919    0.000459    0.000459 ^ clkbuf_0_clk/A (sg13g2_buf_16)
     2    0.037895    0.034919    0.083950    0.084410 ^ clkbuf_0_clk/X (sg13g2_buf_16)
                                                         clknet_0_clk (net)
                      0.034940    0.001575    0.085985 ^ clkbuf_1_0__f_clk/A (sg13g2_buf_16)
     5    0.019526    0.029675    0.097958    0.183943 ^ clkbuf_1_0__f_clk/X (sg13g2_buf_16)
                                                         clknet_1_0__leaf_clk (net)
                      0.029677    0.000420    0.184362 ^ _288_/CLK (sg13g2_dfrbpq_1)
     1    0.003866    0.035848    0.258465    0.442828 v _288_/Q (sg13g2_dfrbpq_1)
                                                         DPATH.SUM.Cout0 (net)
                      0.035848    0.000270    0.443098 v fanout41/A (sg13g2_buf_1)
     8    0.045672    0.241318    0.257535    0.700633 v fanout41/X (sg13g2_buf_1)
                                                         net41 (net)
                      0.241438    0.004510    0.705143 v fanout40/A (sg13g2_buf_1)
     8    0.040209    0.214806    0.320561    1.025704 v fanout40/X (sg13g2_buf_1)
                                                         net40 (net)
                      0.214806    0.000683    1.026387 v _203_/A2 (sg13g2_o21ai_1)
     5    0.023991    0.403685    0.425129    1.451515 ^ _203_/Y (sg13g2_o21ai_1)
                                                         _030_ (net)
                      0.403699    0.001927    1.453442 ^ _255_/B (sg13g2_nand2_1)
     2    0.008975    0.144329    0.229963    1.683405 v _255_/Y (sg13g2_nand2_1)
                                                         _079_ (net)
                      0.144329    0.000309    1.683714 v _256_/B (sg13g2_nor2_1)
     1    0.002629    0.083795    0.109331    1.793045 ^ _256_/Y (sg13g2_nor2_1)
                                                         net15 (net)
                      0.083795    0.000195    1.793239 ^ output15/A (sg13g2_buf_1)
     1    0.012307    0.091112    0.160050    1.953290 ^ output15/X (sg13g2_buf_1)
                                                         sine_out[3] (net)
                      0.091113    0.000555    1.953844 ^ sine_out[3] (out)
                                              1.953844   data arrival time

                                  5.000000    5.000000   clock clk (rise edge)
                                  0.000000    5.000000   clock network delay (propagated)
                                 -0.150000    4.850000   clock uncertainty
                                  0.000000    4.850000   clock reconvergence pessimism
                                 -1.000000    3.850000   output external delay
                                              3.850000   data required time
---------------------------------------------------------------------------------------------
                                              3.850000   data required time
                                             -1.953844   data arrival time
---------------------------------------------------------------------------------------------
                                              1.896156   slack (MET)


Startpoint: _288_ (rising edge-triggered flip-flop clocked by clk)
Endpoint: sine_out[14] (output port clocked by clk)
Path Group: clk
Path Type: max

Fanout         Cap        Slew       Delay        Time   Description
---------------------------------------------------------------------------------------------
                                  0.000000    0.000000   clock clk (rise edge)
                                  0.000000    0.000000   clock source latency
     1    0.020302    0.000000    0.000000    0.000000 ^ clk (in)
                                                         clk (net)
                      0.000919    0.000459    0.000459 ^ clkbuf_0_clk/A (sg13g2_buf_16)
     2    0.037895    0.034919    0.083950    0.084410 ^ clkbuf_0_clk/X (sg13g2_buf_16)
                                                         clknet_0_clk (net)
                      0.034940    0.001575    0.085985 ^ clkbuf_1_0__f_clk/A (sg13g2_buf_16)
     5    0.019526    0.029675    0.097958    0.183943 ^ clkbuf_1_0__f_clk/X (sg13g2_buf_16)
                                                         clknet_1_0__leaf_clk (net)
                      0.029677    0.000420    0.184362 ^ _288_/CLK (sg13g2_dfrbpq_1)
     1    0.003866    0.035848    0.258465    0.442828 v _288_/Q (sg13g2_dfrbpq_1)
                                                         DPATH.SUM.Cout0 (net)
                      0.035848    0.000270    0.443098 v fanout41/A (sg13g2_buf_1)
     8    0.045672    0.241318    0.257535    0.700633 v fanout41/X (sg13g2_buf_1)
                                                         net41 (net)
                      0.241438    0.004510    0.705143 v fanout40/A (sg13g2_buf_1)
     8    0.040209    0.214806    0.320561    1.025704 v fanout40/X (sg13g2_buf_1)
                                                         net40 (net)
                      0.214806    0.000683    1.026387 v _203_/A2 (sg13g2_o21ai_1)
     5    0.023991    0.403685    0.425129    1.451515 ^ _203_/Y (sg13g2_o21ai_1)
                                                         _030_ (net)
                      0.403699    0.001927    1.453442 ^ _255_/B (sg13g2_nand2_1)
     2    0.008975    0.144329    0.229963    1.683405 v _255_/Y (sg13g2_nand2_1)
                                                         _079_ (net)
                      0.144329    0.000254    1.683659 v _273_/B (sg13g2_nand2_1)
     1    0.005665    0.087071    0.109358    1.793016 ^ _273_/Y (sg13g2_nand2_1)
                                                         net9 (net)
                      0.087072    0.000564    1.793580 ^ output9/A (sg13g2_buf_1)
     1    0.010842    0.082324    0.155124    1.948704 ^ output9/X (sg13g2_buf_1)
                                                         sine_out[14] (net)
                      0.082325    0.000466    1.949170 ^ sine_out[14] (out)
                                              1.949170   data arrival time

                                  5.000000    5.000000   clock clk (rise edge)
                                  0.000000    5.000000   clock network delay (propagated)
                                 -0.150000    4.850000   clock uncertainty
                                  0.000000    4.850000   clock reconvergence pessimism
                                 -1.000000    3.850000   output external delay
                                              3.850000   data required time
---------------------------------------------------------------------------------------------
                                              3.850000   data required time
                                             -1.949170   data arrival time
---------------------------------------------------------------------------------------------
                                              1.900830   slack (MET)


Startpoint: _290_ (rising edge-triggered flip-flop clocked by clk)
Endpoint: sine_out[4] (output port clocked by clk)
Path Group: clk
Path Type: max

Fanout         Cap        Slew       Delay        Time   Description
---------------------------------------------------------------------------------------------
                                  0.000000    0.000000   clock clk (rise edge)
                                  0.000000    0.000000   clock source latency
     1    0.020302    0.000000    0.000000    0.000000 ^ clk (in)
                                                         clk (net)
                      0.000919    0.000459    0.000459 ^ clkbuf_0_clk/A (sg13g2_buf_16)
     2    0.037895    0.034919    0.083950    0.084410 ^ clkbuf_0_clk/X (sg13g2_buf_16)
                                                         clknet_0_clk (net)
                      0.034940    0.001575    0.085985 ^ clkbuf_1_0__f_clk/A (sg13g2_buf_16)
     5    0.019526    0.029675    0.097958    0.183943 ^ clkbuf_1_0__f_clk/X (sg13g2_buf_16)
                                                         clknet_1_0__leaf_clk (net)
                      0.029676    0.000394    0.184337 ^ _290_/CLK (sg13g2_dfrbpq_1)
     4    0.021701    0.122147    0.328444    0.512781 v _290_/Q (sg13g2_dfrbpq_1)
                                                         DPATH.SUM.fa_2.A (net)
                      0.122182    0.001955    0.514736 v fanout37/A (sg13g2_buf_1)
     8    0.039258    0.209190    0.276252    0.790988 v fanout37/X (sg13g2_buf_1)
                                                         net37 (net)
                      0.209193    0.001197    0.792185 v _156_/B (sg13g2_nor2_1)
     5    0.023762    0.331232    0.351398    1.143584 ^ _156_/Y (sg13g2_nor2_1)
                                                         _106_ (net)
                      0.331329    0.000903    1.144487 ^ _201_/A (sg13g2_nor2b_1)
     3    0.017183    0.168841    0.229494    1.373981 v _201_/Y (sg13g2_nor2b_1)
                                                         _028_ (net)
                      0.168850    0.001231    1.375212 v _258_/C (sg13g2_nor3_1)
     1    0.012401    0.298552    0.298799    1.674011 ^ _258_/Y (sg13g2_nor3_1)
                                                         net16 (net)
                      0.298554    0.000710    1.674721 ^ output16/A (sg13g2_buf_1)
     1    0.017587    0.127089    0.257656    1.932377 ^ output16/X (sg13g2_buf_1)
                                                         sine_out[4] (net)
                      0.127108    0.001557    1.933933 ^ sine_out[4] (out)
                                              1.933933   data arrival time

                                  5.000000    5.000000   clock clk (rise edge)
                                  0.000000    5.000000   clock network delay (propagated)
                                 -0.150000    4.850000   clock uncertainty
                                  0.000000    4.850000   clock reconvergence pessimism
                                 -1.000000    3.850000   output external delay
                                              3.850000   data required time
---------------------------------------------------------------------------------------------
                                              3.850000   data required time
                                             -1.933933   data arrival time
---------------------------------------------------------------------------------------------
                                              1.916067   slack (MET)


Startpoint: _293_ (rising edge-triggered flip-flop clocked by clk)
Endpoint: sine_out[11] (output port clocked by clk)
Path Group: clk
Path Type: max

Fanout         Cap        Slew       Delay        Time   Description
---------------------------------------------------------------------------------------------
                                  0.000000    0.000000   clock clk (rise edge)
                                  0.000000    0.000000   clock source latency
     1    0.020302    0.000000    0.000000    0.000000 ^ clk (in)
                                                         clk (net)
                      0.000919    0.000459    0.000459 ^ clkbuf_0_clk/A (sg13g2_buf_16)
     2    0.037895    0.034919    0.083950    0.084410 ^ clkbuf_0_clk/X (sg13g2_buf_16)
                                                         clknet_0_clk (net)
                      0.034942    0.001650    0.086060 ^ clkbuf_1_1__f_clk/A (sg13g2_buf_16)
     5    0.023597    0.031111    0.099112    0.185172 ^ clkbuf_1_1__f_clk/X (sg13g2_buf_16)
                                                         clknet_1_1__leaf_clk (net)
                      0.031125    0.001367    0.186539 ^ _293_/CLK (sg13g2_dfrbpq_1)
     1    0.006844    0.058970    0.275270    0.461809 ^ _293_/Q (sg13g2_dfrbpq_1)
                                                         DPATH.SUM.fa_5.A (net)
                      0.058972    0.000422    0.462231 ^ fanout29/A (sg13g2_buf_1)
     8    0.044073    0.284637    0.285478    0.747709 ^ fanout29/X (sg13g2_buf_1)
                                                         net29 (net)
                      0.284763    0.004989    0.752697 ^ fanout28/A (sg13g2_buf_1)
     8    0.037819    0.247759    0.342498    1.095195 ^ fanout28/X (sg13g2_buf_1)
                                                         net28 (net)
                      0.247898    0.003027    1.098222 ^ _167_/B (sg13g2_nand2_1)
     5    0.025564    0.270380    0.330140    1.428362 v _167_/Y (sg13g2_nand2_1)
                                                         _116_ (net)
                      0.270380    0.000787    1.429150 v _268_/B1 (sg13g2_a21oi_1)
     1    0.003397    0.122332    0.169758    1.598908 ^ _268_/Y (sg13g2_a21oi_1)
                                                         _084_ (net)
                      0.122332    0.000136    1.599043 ^ _269_/B (sg13g2_nor2_1)
     1    0.003387    0.067520    0.077393    1.676437 v _269_/Y (sg13g2_nor2_1)
                                                         net6 (net)
                      0.067520    0.000223    1.676660 v output6/A (sg13g2_buf_1)
     1    0.012969    0.079963    0.150612    1.827272 v output6/X (sg13g2_buf_1)
                                                         sine_out[11] (net)
                      0.079967    0.000664    1.827936 v sine_out[11] (out)
                                              1.827936   data arrival time

                                  5.000000    5.000000   clock clk (rise edge)
                                  0.000000    5.000000   clock network delay (propagated)
                                 -0.150000    4.850000   clock uncertainty
                                  0.000000    4.850000   clock reconvergence pessimism
                                 -1.000000    3.850000   output external delay
                                              3.850000   data required time
---------------------------------------------------------------------------------------------
                                              3.850000   data required time
                                             -1.827936   data arrival time
---------------------------------------------------------------------------------------------
                                              2.022064   slack (MET)


Startpoint: _289_ (rising edge-triggered flip-flop clocked by clk)
Endpoint: _294_ (rising edge-triggered flip-flop clocked by clk)
Path Group: clk
Path Type: max

Fanout         Cap        Slew       Delay        Time   Description
---------------------------------------------------------------------------------------------
                                  0.000000    0.000000   clock clk (rise edge)
                                  0.000000    0.000000   clock source latency
     1    0.020302    0.000000    0.000000    0.000000 ^ clk (in)
                                                         clk (net)
                      0.000919    0.000459    0.000459 ^ clkbuf_0_clk/A (sg13g2_buf_16)
     2    0.037895    0.034919    0.083950    0.084410 ^ clkbuf_0_clk/X (sg13g2_buf_16)
                                                         clknet_0_clk (net)
                      0.034940    0.001575    0.085985 ^ clkbuf_1_0__f_clk/A (sg13g2_buf_16)
     5    0.019526    0.029675    0.097958    0.183943 ^ clkbuf_1_0__f_clk/X (sg13g2_buf_16)
                                                         clknet_1_0__leaf_clk (net)
                      0.029675    0.000144    0.184086 ^ _289_/CLK (sg13g2_dfrbpq_1)
     1    0.006248    0.055523    0.271725    0.455811 ^ _289_/Q (sg13g2_dfrbpq_1)
                                                         DPATH.SUM.fa_1.A (net)
                      0.055557    0.000430    0.456241 ^ fanout39/A (sg13g2_buf_1)
     8    0.049894    0.321596    0.310522    0.766763 ^ fanout39/X (sg13g2_buf_1)
                                                         net39 (net)
                      0.321613    0.001998    0.768761 ^ fanout38/A (sg13g2_buf_1)
     8    0.035007    0.230441    0.342620    1.111382 ^ fanout38/X (sg13g2_buf_1)
                                                         net38 (net)
                      0.230451    0.001807    1.113189 ^ _137_/B (sg13g2_xnor2_1)
     2    0.009430    0.139865    0.203559    1.316748 v _137_/Y (sg13g2_xnor2_1)
                                                         _091_ (net)
                      0.139865    0.000273    1.317020 v _138_/A2 (sg13g2_o21ai_1)
     2    0.012586    0.248969    0.262347    1.579368 ^ _138_/Y (sg13g2_o21ai_1)
                                                         _092_ (net)
                      0.248969    0.000545    1.579913 ^ _140_/A1 (sg13g2_a21oi_1)
     2    0.010544    0.158653    0.222212    1.802125 v _140_/Y (sg13g2_a21oi_1)
                                                         _094_ (net)
                      0.158653    0.000288    1.802413 v _144_/A1 (sg13g2_o21ai_1)
     2    0.011802    0.229668    0.270874    2.073287 ^ _144_/Y (sg13g2_o21ai_1)
                                                         _097_ (net)
                      0.229672    0.000802    2.074090 ^ _148_/A1 (sg13g2_a21oi_1)
     2    0.012607    0.173365    0.232964    2.307054 v _148_/Y (sg13g2_a21oi_1)
                                                         _100_ (net)
                      0.173366    0.000880    2.307934 v _152_/A1 (sg13g2_o21ai_1)
     1    0.007674    0.174111    0.230621    2.538555 ^ _152_/Y (sg13g2_o21ai_1)
                                                         _103_ (net)
                      0.174111    0.000598    2.539153 ^ _154_/A (sg13g2_xnor2_1)
     1    0.003459    0.109357    0.190929    2.730082 ^ _154_/Y (sg13g2_xnor2_1)
                                                         DPATH.SUM.fa_6.S (net)
                      0.109359    0.000197    2.730279 ^ _294_/D (sg13g2_dfrbpq_1)
                                              2.730279   data arrival time

                                  5.000000    5.000000   clock clk (rise edge)
                                  0.000000    5.000000   clock source latency
     1    0.017978    0.000000    0.000000    5.000000 ^ clk (in)
                                                         clk (net)
                      0.000800    0.000400    5.000400 ^ clkbuf_0_clk/A (sg13g2_buf_16)
     2    0.033249    0.033307    0.082549    5.082949 ^ clkbuf_0_clk/X (sg13g2_buf_16)
                                                         clknet_0_clk (net)
                      0.033321    0.001445    5.084394 ^ clkbuf_1_1__f_clk/A (sg13g2_buf_16)
     5    0.021416    0.030286    0.097550    5.181944 ^ clkbuf_1_1__f_clk/X (sg13g2_buf_16)
                                                         clknet_1_1__leaf_clk (net)
                      0.030295    0.001037    5.182981 ^ _294_/CLK (sg13g2_dfrbpq_1)
                                 -0.150000    5.032981   clock uncertainty
                                  0.001460    5.034441   clock reconvergence pessimism
                                 -0.225851    4.808590   library setup time
                                              4.808590   data required time
---------------------------------------------------------------------------------------------
                                              4.808590   data required time
                                             -2.730279   data arrival time
---------------------------------------------------------------------------------------------
                                              2.078311   slack (MET)


Startpoint: _291_ (rising edge-triggered flip-flop clocked by clk)
Endpoint: sine_out[17] (output port clocked by clk)
Path Group: clk
Path Type: max

Fanout         Cap        Slew       Delay        Time   Description
---------------------------------------------------------------------------------------------
                                  0.000000    0.000000   clock clk (rise edge)
                                  0.000000    0.000000   clock source latency
     1    0.020302    0.000000    0.000000    0.000000 ^ clk (in)
                                                         clk (net)
                      0.000919    0.000459    0.000459 ^ clkbuf_0_clk/A (sg13g2_buf_16)
     2    0.037895    0.034919    0.083950    0.084410 ^ clkbuf_0_clk/X (sg13g2_buf_16)
                                                         clknet_0_clk (net)
                      0.034940    0.001575    0.085985 ^ clkbuf_1_0__f_clk/A (sg13g2_buf_16)
     5    0.019526    0.029675    0.097958    0.183943 ^ clkbuf_1_0__f_clk/X (sg13g2_buf_16)
                                                         clknet_1_0__leaf_clk (net)
                      0.029677    0.000405    0.184348 ^ _291_/CLK (sg13g2_dfrbpq_1)
     1    0.005574    0.043411    0.265228    0.449575 v _291_/Q (sg13g2_dfrbpq_1)
                                                         DPATH.SUM.fa_3.A (net)
                      0.043411    0.000535    0.450111 v fanout35/A (sg13g2_buf_1)
     5    0.027358    0.149027    0.193740    0.643851 v fanout35/X (sg13g2_buf_1)
                                                         net35 (net)
                      0.149204    0.003652    0.647503 v fanout34/A (sg13g2_buf_1)
     8    0.039215    0.209361    0.286378    0.933881 v fanout34/X (sg13g2_buf_1)
                                                         net34 (net)
                      0.209401    0.002834    0.936715 v _160_/A (sg13g2_nor2_1)
     4    0.024637    0.338864    0.358399    1.295113 ^ _160_/Y (sg13g2_nor2_1)
                                                         _110_ (net)
                      0.338871    0.001306    1.296420 ^ _276_/B (sg13g2_nand2b_1)
     1    0.003426    0.091032    0.166114    1.462534 v _276_/Y (sg13g2_nand2b_1)
                                                         _086_ (net)
                      0.091032    0.000135    1.462669 v _277_/C (sg13g2_nand3_1)
     1    0.002661    0.079962    0.086822    1.549491 ^ _277_/Y (sg13g2_nand3_1)
                                                         net12 (net)
                      0.079962    0.000204    1.549695 ^ output12/A (sg13g2_buf_1)
     1    0.011342    0.085225    0.153655    1.703350 ^ output12/X (sg13g2_buf_1)
                                                         sine_out[17] (net)
                      0.085226    0.000492    1.703842 ^ sine_out[17] (out)
                                              1.703842   data arrival time

                                  5.000000    5.000000   clock clk (rise edge)
                                  0.000000    5.000000   clock network delay (propagated)
                                 -0.150000    4.850000   clock uncertainty
                                  0.000000    4.850000   clock reconvergence pessimism
                                 -1.000000    3.850000   output external delay
                                              3.850000   data required time
---------------------------------------------------------------------------------------------
                                              3.850000   data required time
                                             -1.703842   data arrival time
---------------------------------------------------------------------------------------------
                                              2.146158   slack (MET)


Startpoint: _290_ (rising edge-triggered flip-flop clocked by clk)
Endpoint: sine_out[7] (output port clocked by clk)
Path Group: clk
Path Type: max

Fanout         Cap        Slew       Delay        Time   Description
---------------------------------------------------------------------------------------------
                                  0.000000    0.000000   clock clk (rise edge)
                                  0.000000    0.000000   clock source latency
     1    0.020302    0.000000    0.000000    0.000000 ^ clk (in)
                                                         clk (net)
                      0.000919    0.000459    0.000459 ^ clkbuf_0_clk/A (sg13g2_buf_16)
     2    0.037895    0.034919    0.083950    0.084410 ^ clkbuf_0_clk/X (sg13g2_buf_16)
                                                         clknet_0_clk (net)
                      0.034940    0.001575    0.085985 ^ clkbuf_1_0__f_clk/A (sg13g2_buf_16)
     5    0.019526    0.029675    0.097958    0.183943 ^ clkbuf_1_0__f_clk/X (sg13g2_buf_16)
                                                         clknet_1_0__leaf_clk (net)
                      0.029676    0.000394    0.184337 ^ _290_/CLK (sg13g2_dfrbpq_1)
     4    0.021958    0.148825    0.341962    0.526298 ^ _290_/Q (sg13g2_dfrbpq_1)
                                                         DPATH.SUM.fa_2.A (net)
                      0.148852    0.001982    0.528280 ^ fanout37/A (sg13g2_buf_1)
     8    0.040846    0.265580    0.312937    0.841217 ^ fanout37/X (sg13g2_buf_1)
                                                         net37 (net)
                      0.265588    0.001251    0.842468 ^ _156_/B (sg13g2_nor2_1)
     5    0.022931    0.191435    0.245781    1.088249 v _156_/Y (sg13g2_nor2_1)
                                                         _106_ (net)
                      0.191437    0.000865    1.089114 v _201_/A (sg13g2_nor2b_1)
     3    0.017466    0.262541    0.276992    1.366107 ^ _201_/Y (sg13g2_nor2b_1)
                                                         _028_ (net)
                      0.262545    0.001389    1.367496 ^ _263_/A2 (sg13g2_a21oi_1)
     1    0.002989    0.096052    0.168874    1.536370 v _263_/Y (sg13g2_a21oi_1)
                                                         net19 (net)
                      0.096052    0.000118    1.536488 v output19/A (sg13g2_buf_1)
     1    0.013010    0.080515    0.165182    1.701670 v output19/X (sg13g2_buf_1)
                                                         sine_out[7] (net)
                      0.080519    0.000662    1.702331 v sine_out[7] (out)
                                              1.702331   data arrival time

                                  5.000000    5.000000   clock clk (rise edge)
                                  0.000000    5.000000   clock network delay (propagated)
                                 -0.150000    4.850000   clock uncertainty
                                  0.000000    4.850000   clock reconvergence pessimism
                                 -1.000000    3.850000   output external delay
                                              3.850000   data required time
---------------------------------------------------------------------------------------------
                                              3.850000   data required time
                                             -1.702331   data arrival time
---------------------------------------------------------------------------------------------
                                              2.147669   slack (MET)


Startpoint: _291_ (rising edge-triggered flip-flop clocked by clk)
Endpoint: sine_out[6] (output port clocked by clk)
Path Group: clk
Path Type: max

Fanout         Cap        Slew       Delay        Time   Description
---------------------------------------------------------------------------------------------
                                  0.000000    0.000000   clock clk (rise edge)
                                  0.000000    0.000000   clock source latency
     1    0.020302    0.000000    0.000000    0.000000 ^ clk (in)
                                                         clk (net)
                      0.000919    0.000459    0.000459 ^ clkbuf_0_clk/A (sg13g2_buf_16)
     2    0.037895    0.034919    0.083950    0.084410 ^ clkbuf_0_clk/X (sg13g2_buf_16)
                                                         clknet_0_clk (net)
                      0.034940    0.001575    0.085985 ^ clkbuf_1_0__f_clk/A (sg13g2_buf_16)
     5    0.019526    0.029675    0.097958    0.183943 ^ clkbuf_1_0__f_clk/X (sg13g2_buf_16)
                                                         clknet_1_0__leaf_clk (net)
                      0.029677    0.000405    0.184348 ^ _291_/CLK (sg13g2_dfrbpq_1)
     1    0.005574    0.043411    0.265228    0.449575 v _291_/Q (sg13g2_dfrbpq_1)
                                                         DPATH.SUM.fa_3.A (net)
                      0.043411    0.000535    0.450111 v fanout35/A (sg13g2_buf_1)
     5    0.027358    0.149027    0.193740    0.643851 v fanout35/X (sg13g2_buf_1)
                                                         net35 (net)
                      0.149204    0.003652    0.647503 v fanout34/A (sg13g2_buf_1)
     8    0.039215    0.209361    0.286378    0.933881 v fanout34/X (sg13g2_buf_1)
                                                         net34 (net)
                      0.209408    0.003022    0.936902 v _210_/A (sg13g2_nor2_1)
     4    0.017956    0.262349    0.291856    1.228759 ^ _210_/Y (sg13g2_nor2_1)
                                                         _037_ (net)
                      0.262351    0.001158    1.229917 ^ _211_/A (sg13g2_inv_1)
     1    0.003803    0.071700    0.104940    1.334857 v _211_/Y (sg13g2_inv_1)
                                                         _038_ (net)
                      0.071700    0.000281    1.335138 v _262_/A2 (sg13g2_a21oi_1)
     1    0.007570    0.138614    0.165275    1.500414 ^ _262_/Y (sg13g2_a21oi_1)
                                                         net18 (net)
                      0.138614    0.000501    1.500915 ^ output18/A (sg13g2_buf_1)
     1    0.011437    0.087135    0.178836    1.679751 ^ output18/X (sg13g2_buf_1)
                                                         sine_out[6] (net)
                      0.087136    0.000502    1.680253 ^ sine_out[6] (out)
                                              1.680253   data arrival time

                                  5.000000    5.000000   clock clk (rise edge)
                                  0.000000    5.000000   clock network delay (propagated)
                                 -0.150000    4.850000   clock uncertainty
                                  0.000000    4.850000   clock reconvergence pessimism
                                 -1.000000    3.850000   output external delay
                                              3.850000   data required time
---------------------------------------------------------------------------------------------
                                              3.850000   data required time
                                             -1.680253   data arrival time
---------------------------------------------------------------------------------------------
                                              2.169747   slack (MET)


Startpoint: _289_ (rising edge-triggered flip-flop clocked by clk)
Endpoint: _293_ (rising edge-triggered flip-flop clocked by clk)
Path Group: clk
Path Type: max

Fanout         Cap        Slew       Delay        Time   Description
---------------------------------------------------------------------------------------------
                                  0.000000    0.000000   clock clk (rise edge)
                                  0.000000    0.000000   clock source latency
     1    0.020302    0.000000    0.000000    0.000000 ^ clk (in)
                                                         clk (net)
                      0.000919    0.000459    0.000459 ^ clkbuf_0_clk/A (sg13g2_buf_16)
     2    0.037895    0.034919    0.083950    0.084410 ^ clkbuf_0_clk/X (sg13g2_buf_16)
                                                         clknet_0_clk (net)
                      0.034940    0.001575    0.085985 ^ clkbuf_1_0__f_clk/A (sg13g2_buf_16)
     5    0.019526    0.029675    0.097958    0.183943 ^ clkbuf_1_0__f_clk/X (sg13g2_buf_16)
                                                         clknet_1_0__leaf_clk (net)
                      0.029675    0.000144    0.184086 ^ _289_/CLK (sg13g2_dfrbpq_1)
     1    0.006248    0.055523    0.271725    0.455811 ^ _289_/Q (sg13g2_dfrbpq_1)
                                                         DPATH.SUM.fa_1.A (net)
                      0.055557    0.000430    0.456241 ^ fanout39/A (sg13g2_buf_1)
     8    0.049894    0.321596    0.310522    0.766763 ^ fanout39/X (sg13g2_buf_1)
                                                         net39 (net)
                      0.321613    0.001998    0.768761 ^ fanout38/A (sg13g2_buf_1)
     8    0.035007    0.230441    0.342620    1.111382 ^ fanout38/X (sg13g2_buf_1)
                                                         net38 (net)
                      0.230451    0.001807    1.113189 ^ _137_/B (sg13g2_xnor2_1)
     2    0.009430    0.139865    0.203559    1.316748 v _137_/Y (sg13g2_xnor2_1)
                                                         _091_ (net)
                      0.139865    0.000273    1.317020 v _138_/A2 (sg13g2_o21ai_1)
     2    0.012586    0.248969    0.262347    1.579368 ^ _138_/Y (sg13g2_o21ai_1)
                                                         _092_ (net)
                      0.248969    0.000545    1.579913 ^ _140_/A1 (sg13g2_a21oi_1)
     2    0.010544    0.158653    0.222212    1.802125 v _140_/Y (sg13g2_a21oi_1)
                                                         _094_ (net)
                      0.158653    0.000288    1.802413 v _144_/A1 (sg13g2_o21ai_1)
     2    0.011802    0.229668    0.270874    2.073287 ^ _144_/Y (sg13g2_o21ai_1)
                                                         _097_ (net)
                      0.229672    0.000802    2.074090 ^ _148_/A1 (sg13g2_a21oi_1)
     2    0.012607    0.173365    0.232964    2.307054 v _148_/Y (sg13g2_a21oi_1)
                                                         _100_ (net)
                      0.173366    0.000900    2.307954 v _151_/A (sg13g2_xor2_1)
     1    0.002552    0.091657    0.202453    2.510407 v _151_/X (sg13g2_xor2_1)
                                                         DPATH.SUM.fa_5.S (net)
                      0.091657    0.000095    2.510502 v _293_/D (sg13g2_dfrbpq_1)
                                              2.510502   data arrival time

                                  5.000000    5.000000   clock clk (rise edge)
                                  0.000000    5.000000   clock source latency
     1    0.017978    0.000000    0.000000    5.000000 ^ clk (in)
                                                         clk (net)
                      0.000800    0.000400    5.000400 ^ clkbuf_0_clk/A (sg13g2_buf_16)
     2    0.033249    0.033307    0.082549    5.082949 ^ clkbuf_0_clk/X (sg13g2_buf_16)
                                                         clknet_0_clk (net)
                      0.033321    0.001445    5.084394 ^ clkbuf_1_1__f_clk/A (sg13g2_buf_16)
     5    0.021416    0.030286    0.097550    5.181944 ^ clkbuf_1_1__f_clk/X (sg13g2_buf_16)
                                                         clknet_1_1__leaf_clk (net)
                      0.030298    0.001238    5.183182 ^ _293_/CLK (sg13g2_dfrbpq_1)
                                 -0.150000    5.033183   clock uncertainty
                                  0.001460    5.034643   clock reconvergence pessimism
                                 -0.207598    4.827045   library setup time
                                              4.827045   data required time
---------------------------------------------------------------------------------------------
                                              4.827045   data required time
                                             -2.510502   data arrival time
---------------------------------------------------------------------------------------------
                                              2.316543   slack (MET)


Startpoint: _290_ (rising edge-triggered flip-flop clocked by clk)
Endpoint: _296_ (rising edge-triggered flip-flop clocked by clk)
Path Group: clk
Path Type: max

Fanout         Cap        Slew       Delay        Time   Description
---------------------------------------------------------------------------------------------
                                  0.000000    0.000000   clock clk (rise edge)
                                  0.000000    0.000000   clock source latency
     1    0.020302    0.000000    0.000000    0.000000 ^ clk (in)
                                                         clk (net)
                      0.000919    0.000459    0.000459 ^ clkbuf_0_clk/A (sg13g2_buf_16)
     2    0.037895    0.034919    0.083950    0.084410 ^ clkbuf_0_clk/X (sg13g2_buf_16)
                                                         clknet_0_clk (net)
                      0.034940    0.001575    0.085985 ^ clkbuf_1_0__f_clk/A (sg13g2_buf_16)
     5    0.019526    0.029675    0.097958    0.183943 ^ clkbuf_1_0__f_clk/X (sg13g2_buf_16)
                                                         clknet_1_0__leaf_clk (net)
                      0.029676    0.000394    0.184337 ^ _290_/CLK (sg13g2_dfrbpq_1)
     4    0.021958    0.148825    0.341962    0.526298 ^ _290_/Q (sg13g2_dfrbpq_1)
                                                         DPATH.SUM.fa_2.A (net)
                      0.148852    0.001982    0.528280 ^ fanout37/A (sg13g2_buf_1)
     8    0.040846    0.265580    0.312937    0.841217 ^ fanout37/X (sg13g2_buf_1)
                                                         net37 (net)
                      0.265583    0.000798    0.842015 ^ fanout36/A (sg13g2_buf_1)
     8    0.044540    0.289121    0.366169    1.208184 ^ fanout36/X (sg13g2_buf_1)
                                                         net36 (net)
                      0.289250    0.003012    1.211197 ^ _164_/B (sg13g2_and2_1)
     5    0.020922    0.149966    0.308658    1.519855 ^ _164_/X (sg13g2_and2_1)
                                                         _113_ (net)
                      0.149971    0.001031    1.520886 ^ _166_/B (sg13g2_nand2_1)
     4    0.020753    0.250621    0.249634    1.770520 v _166_/Y (sg13g2_nand2_1)
                                                         _115_ (net)
                      0.250639    0.002083    1.772603 v _168_/A (sg13g2_nor2_1)
     2    0.012595    0.217458    0.250028    2.022631 ^ _168_/Y (sg13g2_nor2_1)
                                                         _117_ (net)
                      0.217459    0.000894    2.023525 ^ _170_/A1 (sg13g2_a21o_1)
     1    0.004841    0.057544    0.232735    2.256260 ^ _170_/X (sg13g2_a21o_1)
                                                         _119_ (net)
                      0.057544    0.000330    2.256590 ^ _171_/B (sg13g2_and2_1)
     1    0.003584    0.046815    0.140854    2.397444 ^ _171_/X (sg13g2_and2_1)
                                                         CTRL.P0 (net)
                      0.046815    0.000206    2.397650 ^ _296_/D (sg13g2_dfrbpq_1)
                                              2.397650   data arrival time

                                  5.000000    5.000000   clock clk (rise edge)
                                  0.000000    5.000000   clock source latency
     1    0.017978    0.000000    0.000000    5.000000 ^ clk (in)
                                                         clk (net)
                      0.000800    0.000400    5.000400 ^ clkbuf_0_clk/A (sg13g2_buf_16)
     2    0.033249    0.033307    0.082549    5.082949 ^ clkbuf_0_clk/X (sg13g2_buf_16)
                                                         clknet_0_clk (net)
                      0.033321    0.001445    5.084394 ^ clkbuf_1_1__f_clk/A (sg13g2_buf_16)
     5    0.021416    0.030286    0.097550    5.181944 ^ clkbuf_1_1__f_clk/X (sg13g2_buf_16)
                                                         clknet_1_1__leaf_clk (net)
                      0.030294    0.000990    5.182935 ^ _296_/CLK (sg13g2_dfrbpq_1)
                                 -0.150000    5.032935   clock uncertainty
                                  0.001460    5.034395   clock reconvergence pessimism
                                 -0.200016    4.834379   library setup time
                                              4.834379   data required time
---------------------------------------------------------------------------------------------
                                              4.834379   data required time
                                             -2.397650   data arrival time
---------------------------------------------------------------------------------------------
                                              2.436729   slack (MET)


Startpoint: _289_ (rising edge-triggered flip-flop clocked by clk)
Endpoint: _292_ (rising edge-triggered flip-flop clocked by clk)
Path Group: clk
Path Type: max

Fanout         Cap        Slew       Delay        Time   Description
---------------------------------------------------------------------------------------------
                                  0.000000    0.000000   clock clk (rise edge)
                                  0.000000    0.000000   clock source latency
     1    0.020302    0.000000    0.000000    0.000000 ^ clk (in)
                                                         clk (net)
                      0.000919    0.000459    0.000459 ^ clkbuf_0_clk/A (sg13g2_buf_16)
     2    0.037895    0.034919    0.083950    0.084410 ^ clkbuf_0_clk/X (sg13g2_buf_16)
                                                         clknet_0_clk (net)
                      0.034940    0.001575    0.085985 ^ clkbuf_1_0__f_clk/A (sg13g2_buf_16)
     5    0.019526    0.029675    0.097958    0.183943 ^ clkbuf_1_0__f_clk/X (sg13g2_buf_16)
                                                         clknet_1_0__leaf_clk (net)
                      0.029675    0.000144    0.184086 ^ _289_/CLK (sg13g2_dfrbpq_1)
     1    0.006248    0.055523    0.271725    0.455811 ^ _289_/Q (sg13g2_dfrbpq_1)
                                                         DPATH.SUM.fa_1.A (net)
                      0.055557    0.000430    0.456241 ^ fanout39/A (sg13g2_buf_1)
     8    0.049894    0.321596    0.310522    0.766763 ^ fanout39/X (sg13g2_buf_1)
                                                         net39 (net)
                      0.321613    0.001998    0.768761 ^ fanout38/A (sg13g2_buf_1)
     8    0.035007    0.230441    0.342620    1.111382 ^ fanout38/X (sg13g2_buf_1)
                                                         net38 (net)
                      0.230451    0.001807    1.113189 ^ _137_/B (sg13g2_xnor2_1)
     2    0.009430    0.139865    0.203559    1.316748 v _137_/Y (sg13g2_xnor2_1)
                                                         _091_ (net)
                      0.139865    0.000273    1.317020 v _138_/A2 (sg13g2_o21ai_1)
     2    0.012586    0.248969    0.262347    1.579368 ^ _138_/Y (sg13g2_o21ai_1)
                                                         _092_ (net)
                      0.248969    0.000545    1.579913 ^ _140_/A1 (sg13g2_a21oi_1)
     2    0.010544    0.158653    0.222212    1.802125 v _140_/Y (sg13g2_a21oi_1)
                                                         _094_ (net)
                      0.158653    0.000288    1.802413 v _144_/A1 (sg13g2_o21ai_1)
     2    0.011802    0.229668    0.270874    2.073287 ^ _144_/Y (sg13g2_o21ai_1)
                                                         _097_ (net)
                      0.229673    0.000896    2.074184 ^ _147_/A (sg13g2_xor2_1)
     1    0.002141    0.085369    0.215963    2.290147 ^ _147_/X (sg13g2_xor2_1)
                                                         DPATH.SUM.fa_4.S (net)
                      0.085370    0.000164    2.290312 ^ _292_/D (sg13g2_dfrbpq_1)
                                              2.290312   data arrival time

                                  5.000000    5.000000   clock clk (rise edge)
                                  0.000000    5.000000   clock source latency
     1    0.017978    0.000000    0.000000    5.000000 ^ clk (in)
                                                         clk (net)
                      0.000800    0.000400    5.000400 ^ clkbuf_0_clk/A (sg13g2_buf_16)
     2    0.033249    0.033307    0.082549    5.082949 ^ clkbuf_0_clk/X (sg13g2_buf_16)
                                                         clknet_0_clk (net)
                      0.033320    0.001375    5.084324 ^ clkbuf_1_0__f_clk/A (sg13g2_buf_16)
     5    0.017591    0.028930    0.096455    5.180779 ^ clkbuf_1_0__f_clk/X (sg13g2_buf_16)
                                                         clknet_1_0__leaf_clk (net)
                      0.028932    0.000499    5.181278 ^ _292_/CLK (sg13g2_dfrbpq_1)
                                 -0.150000    5.031278   clock uncertainty
                                  0.003163    5.034441   clock reconvergence pessimism
                                 -0.216221    4.818221   library setup time
                                              4.818221   data required time
---------------------------------------------------------------------------------------------
                                              4.818221   data required time
                                             -2.290312   data arrival time
---------------------------------------------------------------------------------------------
                                              2.527909   slack (MET)


Startpoint: _290_ (rising edge-triggered flip-flop clocked by clk)
Endpoint: _295_ (rising edge-triggered flip-flop clocked by clk)
Path Group: clk
Path Type: max

Fanout         Cap        Slew       Delay        Time   Description
---------------------------------------------------------------------------------------------
                                  0.000000    0.000000   clock clk (rise edge)
                                  0.000000    0.000000   clock source latency
     1    0.020302    0.000000    0.000000    0.000000 ^ clk (in)
                                                         clk (net)
                      0.000919    0.000459    0.000459 ^ clkbuf_0_clk/A (sg13g2_buf_16)
     2    0.037895    0.034919    0.083950    0.084410 ^ clkbuf_0_clk/X (sg13g2_buf_16)
                                                         clknet_0_clk (net)
                      0.034940    0.001575    0.085985 ^ clkbuf_1_0__f_clk/A (sg13g2_buf_16)
     5    0.019526    0.029675    0.097958    0.183943 ^ clkbuf_1_0__f_clk/X (sg13g2_buf_16)
                                                         clknet_1_0__leaf_clk (net)
                      0.029676    0.000394    0.184337 ^ _290_/CLK (sg13g2_dfrbpq_1)
     4    0.021701    0.122147    0.328444    0.512781 v _290_/Q (sg13g2_dfrbpq_1)
                                                         DPATH.SUM.fa_2.A (net)
                      0.122182    0.001955    0.514736 v fanout37/A (sg13g2_buf_1)
     8    0.039258    0.209190    0.276252    0.790988 v fanout37/X (sg13g2_buf_1)
                                                         net37 (net)
                      0.209193    0.001197    0.792185 v _156_/B (sg13g2_nor2_1)
     5    0.023762    0.331232    0.351398    1.143584 ^ _156_/Y (sg13g2_nor2_1)
                                                         _106_ (net)
                      0.331327    0.000605    1.144188 ^ _157_/A (sg13g2_inv_1)
     4    0.015208    0.154649    0.208850    1.353038 v _157_/Y (sg13g2_inv_1)
                                                         _107_ (net)
                      0.154656    0.000987    1.354025 v _158_/B (sg13g2_nor2_1)
     1    0.004229    0.107885    0.128321    1.482346 ^ _158_/Y (sg13g2_nor2_1)
                                                         _108_ (net)
                      0.107886    0.000304    1.482650 ^ _162_/C (sg13g2_nand4_1)
     2    0.013897    0.311907    0.330620    1.813270 v _162_/Y (sg13g2_nand4_1)
                                                         _112_ (net)
                      0.311908    0.000519    1.813789 v _163_/B (sg13g2_xnor2_1)
     1    0.002662    0.075864    0.227529    2.041318 v _163_/Y (sg13g2_xnor2_1)
                                                         CTRL.P1 (net)
                      0.075864    0.000165    2.041483 v _295_/D (sg13g2_dfrbpq_1)
                                              2.041483   data arrival time

                                  5.000000    5.000000   clock clk (rise edge)
                                  0.000000    5.000000   clock source latency
     1    0.017978    0.000000    0.000000    5.000000 ^ clk (in)
                                                         clk (net)
                      0.000800    0.000400    5.000400 ^ clkbuf_0_clk/A (sg13g2_buf_16)
     2    0.033249    0.033307    0.082549    5.082949 ^ clkbuf_0_clk/X (sg13g2_buf_16)
                                                         clknet_0_clk (net)
                      0.033321    0.001445    5.084394 ^ clkbuf_1_1__f_clk/A (sg13g2_buf_16)
     5    0.021416    0.030286    0.097550    5.181944 ^ clkbuf_1_1__f_clk/X (sg13g2_buf_16)
                                                         clknet_1_1__leaf_clk (net)
                      0.030295    0.001059    5.183003 ^ _295_/CLK (sg13g2_dfrbpq_1)
                                 -0.150000    5.033003   clock uncertainty
                                  0.001460    5.034464   clock reconvergence pessimism
                                 -0.200441    4.834023   library setup time
                                              4.834023   data required time
---------------------------------------------------------------------------------------------
                                              4.834023   data required time
                                             -2.041483   data arrival time
---------------------------------------------------------------------------------------------
                                              2.792540   slack (MET)


Startpoint: _289_ (rising edge-triggered flip-flop clocked by clk)
Endpoint: _291_ (rising edge-triggered flip-flop clocked by clk)
Path Group: clk
Path Type: max

Fanout         Cap        Slew       Delay        Time   Description
---------------------------------------------------------------------------------------------
                                  0.000000    0.000000   clock clk (rise edge)
                                  0.000000    0.000000   clock source latency
     1    0.020302    0.000000    0.000000    0.000000 ^ clk (in)
                                                         clk (net)
                      0.000919    0.000459    0.000459 ^ clkbuf_0_clk/A (sg13g2_buf_16)
     2    0.037895    0.034919    0.083950    0.084410 ^ clkbuf_0_clk/X (sg13g2_buf_16)
                                                         clknet_0_clk (net)
                      0.034940    0.001575    0.085985 ^ clkbuf_1_0__f_clk/A (sg13g2_buf_16)
     5    0.019526    0.029675    0.097958    0.183943 ^ clkbuf_1_0__f_clk/X (sg13g2_buf_16)
                                                         clknet_1_0__leaf_clk (net)
                      0.029675    0.000144    0.184086 ^ _289_/CLK (sg13g2_dfrbpq_1)
     1    0.006248    0.055523    0.271725    0.455811 ^ _289_/Q (sg13g2_dfrbpq_1)
                                                         DPATH.SUM.fa_1.A (net)
                      0.055557    0.000430    0.456241 ^ fanout39/A (sg13g2_buf_1)
     8    0.049894    0.321596    0.310522    0.766763 ^ fanout39/X (sg13g2_buf_1)
                                                         net39 (net)
                      0.321613    0.001998    0.768761 ^ fanout38/A (sg13g2_buf_1)
     8    0.035007    0.230441    0.342620    1.111382 ^ fanout38/X (sg13g2_buf_1)
                                                         net38 (net)
                      0.230451    0.001807    1.113189 ^ _137_/B (sg13g2_xnor2_1)
     2    0.009430    0.139865    0.203559    1.316748 v _137_/Y (sg13g2_xnor2_1)
                                                         _091_ (net)
                      0.139865    0.000273    1.317020 v _138_/A2 (sg13g2_o21ai_1)
     2    0.012586    0.248969    0.262347    1.579368 ^ _138_/Y (sg13g2_o21ai_1)
                                                         _092_ (net)
                      0.248969    0.000545    1.579913 ^ _140_/A1 (sg13g2_a21oi_1)
     2    0.010544    0.158653    0.222212    1.802125 v _140_/Y (sg13g2_a21oi_1)
                                                         _094_ (net)
                      0.158653    0.000358    1.802483 v _143_/A (sg13g2_xor2_1)
     1    0.002842    0.090608    0.198401    2.000884 v _143_/X (sg13g2_xor2_1)
                                                         DPATH.SUM.fa_3.S (net)
                      0.090608    0.000177    2.001061 v _291_/D (sg13g2_dfrbpq_1)
                                              2.001061   data arrival time

                                  5.000000    5.000000   clock clk (rise edge)
                                  0.000000    5.000000   clock source latency
     1    0.017978    0.000000    0.000000    5.000000 ^ clk (in)
                                                         clk (net)
                      0.000800    0.000400    5.000400 ^ clkbuf_0_clk/A (sg13g2_buf_16)
     2    0.033249    0.033307    0.082549    5.082949 ^ clkbuf_0_clk/X (sg13g2_buf_16)
                                                         clknet_0_clk (net)
                      0.033320    0.001375    5.084324 ^ clkbuf_1_0__f_clk/A (sg13g2_buf_16)
     5    0.017591    0.028930    0.096455    5.180779 ^ clkbuf_1_0__f_clk/X (sg13g2_buf_16)
                                                         clknet_1_0__leaf_clk (net)
                      0.028931    0.000364    5.181143 ^ _291_/CLK (sg13g2_dfrbpq_1)
                                 -0.150000    5.031143   clock uncertainty
                                  0.003163    5.034307   clock reconvergence pessimism
                                 -0.207591    4.826715   library setup time
                                              4.826715   data required time
---------------------------------------------------------------------------------------------
                                              4.826715   data required time
                                             -2.001061   data arrival time
---------------------------------------------------------------------------------------------
                                              2.825655   slack (MET)


Startpoint: _289_ (rising edge-triggered flip-flop clocked by clk)
Endpoint: _290_ (rising edge-triggered flip-flop clocked by clk)
Path Group: clk
Path Type: max

Fanout         Cap        Slew       Delay        Time   Description
---------------------------------------------------------------------------------------------
                                  0.000000    0.000000   clock clk (rise edge)
                                  0.000000    0.000000   clock source latency
     1    0.020302    0.000000    0.000000    0.000000 ^ clk (in)
                                                         clk (net)
                      0.000919    0.000459    0.000459 ^ clkbuf_0_clk/A (sg13g2_buf_16)
     2    0.037895    0.034919    0.083950    0.084410 ^ clkbuf_0_clk/X (sg13g2_buf_16)
                                                         clknet_0_clk (net)
                      0.034940    0.001575    0.085985 ^ clkbuf_1_0__f_clk/A (sg13g2_buf_16)
     5    0.019526    0.029675    0.097958    0.183943 ^ clkbuf_1_0__f_clk/X (sg13g2_buf_16)
                                                         clknet_1_0__leaf_clk (net)
                      0.029675    0.000144    0.184086 ^ _289_/CLK (sg13g2_dfrbpq_1)
     1    0.006248    0.055523    0.271725    0.455811 ^ _289_/Q (sg13g2_dfrbpq_1)
                                                         DPATH.SUM.fa_1.A (net)
                      0.055557    0.000430    0.456241 ^ fanout39/A (sg13g2_buf_1)
     8    0.049894    0.321596    0.310522    0.766763 ^ fanout39/X (sg13g2_buf_1)
                                                         net39 (net)
                      0.321613    0.001998    0.768761 ^ fanout38/A (sg13g2_buf_1)
     8    0.035007    0.230441    0.342620    1.111382 ^ fanout38/X (sg13g2_buf_1)
                                                         net38 (net)
                      0.230451    0.001807    1.113189 ^ _137_/B (sg13g2_xnor2_1)
     2    0.009430    0.139865    0.203559    1.316748 v _137_/Y (sg13g2_xnor2_1)
                                                         _091_ (net)
                      0.139865    0.000273    1.317020 v _138_/A2 (sg13g2_o21ai_1)
     2    0.012586    0.248969    0.262347    1.579368 ^ _138_/Y (sg13g2_o21ai_1)
                                                         _092_ (net)
                      0.248969    0.000418    1.579785 ^ _278_/A (sg13g2_xor2_1)
     1    0.002138    0.087331    0.222544    1.802329 ^ _278_/X (sg13g2_xor2_1)
                                                         DPATH.SUM.fa_2.S (net)
                      0.087331    0.000140    1.802469 ^ _290_/D (sg13g2_dfrbpq_1)
                                              1.802469   data arrival time

                                  5.000000    5.000000   clock clk (rise edge)
                                  0.000000    5.000000   clock source latency
     1    0.017978    0.000000    0.000000    5.000000 ^ clk (in)
                                                         clk (net)
                      0.000800    0.000400    5.000400 ^ clkbuf_0_clk/A (sg13g2_buf_16)
     2    0.033249    0.033307    0.082549    5.082949 ^ clkbuf_0_clk/X (sg13g2_buf_16)
                                                         clknet_0_clk (net)
                      0.033320    0.001375    5.084324 ^ clkbuf_1_0__f_clk/A (sg13g2_buf_16)
     5    0.017591    0.028930    0.096455    5.180779 ^ clkbuf_1_0__f_clk/X (sg13g2_buf_16)
                                                         clknet_1_0__leaf_clk (net)
                      0.028931    0.000353    5.181133 ^ _290_/CLK (sg13g2_dfrbpq_1)
                                 -0.150000    5.031133   clock uncertainty
                                  0.003163    5.034296   clock reconvergence pessimism
                                 -0.217032    4.817265   library setup time
                                              4.817265   data required time
---------------------------------------------------------------------------------------------
                                              4.817265   data required time
                                             -1.802469   data arrival time
---------------------------------------------------------------------------------------------
                                              3.014795   slack (MET)


Startpoint: _295_ (rising edge-triggered flip-flop clocked by clk)
Endpoint: signB (output port clocked by clk)
Path Group: clk
Path Type: max

Fanout         Cap        Slew       Delay        Time   Description
---------------------------------------------------------------------------------------------
                                  0.000000    0.000000   clock clk (rise edge)
                                  0.000000    0.000000   clock source latency
     1    0.020302    0.000000    0.000000    0.000000 ^ clk (in)
                                                         clk (net)
                      0.000919    0.000459    0.000459 ^ clkbuf_0_clk/A (sg13g2_buf_16)
     2    0.037895    0.034919    0.083950    0.084410 ^ clkbuf_0_clk/X (sg13g2_buf_16)
                                                         clknet_0_clk (net)
                      0.034942    0.001650    0.086060 ^ clkbuf_1_1__f_clk/A (sg13g2_buf_16)
     5    0.023597    0.031111    0.099112    0.185172 ^ clkbuf_1_1__f_clk/X (sg13g2_buf_16)
                                                         clknet_1_1__leaf_clk (net)
                      0.031122    0.001172    0.186344 ^ _295_/CLK (sg13g2_dfrbpq_1)
     3    0.015380    0.090914    0.305076    0.491420 v _295_/Q (sg13g2_dfrbpq_1)
                                                         net2 (net)
                      0.090926    0.001035    0.492455 v _133_/A (sg13g2_inv_1)
     1    0.004988    0.054223    0.074001    0.566456 ^ _133_/Y (sg13g2_inv_1)
                                                         net3 (net)
                      0.054227    0.000307    0.566763 ^ output3/A (sg13g2_buf_1)
     1    0.035716    0.233040    0.246949    0.813712 ^ output3/X (sg13g2_buf_1)
                                                         signB (net)
                      0.233126    0.003729    0.817441 ^ signB (out)
                                              0.817441   data arrival time

                                  5.000000    5.000000   clock clk (rise edge)
                                  0.000000    5.000000   clock network delay (propagated)
                                 -0.150000    4.850000   clock uncertainty
                                  0.000000    4.850000   clock reconvergence pessimism
                                 -1.000000    3.850000   output external delay
                                              3.850000   data required time
---------------------------------------------------------------------------------------------
                                              3.850000   data required time
                                             -0.817441   data arrival time
---------------------------------------------------------------------------------------------
                                              3.032559   slack (MET)


Startpoint: _295_ (rising edge-triggered flip-flop clocked by clk)
Endpoint: sign (output port clocked by clk)
Path Group: clk
Path Type: max

Fanout         Cap        Slew       Delay        Time   Description
---------------------------------------------------------------------------------------------
                                  0.000000    0.000000   clock clk (rise edge)
                                  0.000000    0.000000   clock source latency
     1    0.020302    0.000000    0.000000    0.000000 ^ clk (in)
                                                         clk (net)
                      0.000919    0.000459    0.000459 ^ clkbuf_0_clk/A (sg13g2_buf_16)
     2    0.037895    0.034919    0.083950    0.084410 ^ clkbuf_0_clk/X (sg13g2_buf_16)
                                                         clknet_0_clk (net)
                      0.034942    0.001650    0.086060 ^ clkbuf_1_1__f_clk/A (sg13g2_buf_16)
     5    0.023597    0.031111    0.099112    0.185172 ^ clkbuf_1_1__f_clk/X (sg13g2_buf_16)
                                                         clknet_1_1__leaf_clk (net)
                      0.031122    0.001172    0.186344 ^ _295_/CLK (sg13g2_dfrbpq_1)
     3    0.015496    0.110231    0.314412    0.500756 ^ _295_/Q (sg13g2_dfrbpq_1)
                                                         net2 (net)
                      0.110236    0.000839    0.501595 ^ output2/A (sg13g2_buf_1)
     1    0.034250    0.224843    0.268500    0.770096 ^ output2/X (sg13g2_buf_1)
                                                         sign (net)
                      0.224906    0.003118    0.773214 ^ sign (out)
                                              0.773214   data arrival time

                                  5.000000    5.000000   clock clk (rise edge)
                                  0.000000    5.000000   clock network delay (propagated)
                                 -0.150000    4.850000   clock uncertainty
                                  0.000000    4.850000   clock reconvergence pessimism
                                 -1.000000    3.850000   output external delay
                                              3.850000   data required time
---------------------------------------------------------------------------------------------
                                              3.850000   data required time
                                             -0.773214   data arrival time
---------------------------------------------------------------------------------------------
                                              3.076786   slack (MET)


Startpoint: _289_ (rising edge-triggered flip-flop clocked by clk)
Endpoint: _289_ (rising edge-triggered flip-flop clocked by clk)
Path Group: clk
Path Type: max

Fanout         Cap        Slew       Delay        Time   Description
---------------------------------------------------------------------------------------------
                                  0.000000    0.000000   clock clk (rise edge)
                                  0.000000    0.000000   clock source latency
     1    0.020302    0.000000    0.000000    0.000000 ^ clk (in)
                                                         clk (net)
                      0.000919    0.000459    0.000459 ^ clkbuf_0_clk/A (sg13g2_buf_16)
     2    0.037895    0.034919    0.083950    0.084410 ^ clkbuf_0_clk/X (sg13g2_buf_16)
                                                         clknet_0_clk (net)
                      0.034940    0.001575    0.085985 ^ clkbuf_1_0__f_clk/A (sg13g2_buf_16)
     5    0.019526    0.029675    0.097958    0.183943 ^ clkbuf_1_0__f_clk/X (sg13g2_buf_16)
                                                         clknet_1_0__leaf_clk (net)
                      0.029675    0.000144    0.184086 ^ _289_/CLK (sg13g2_dfrbpq_1)
     1    0.006248    0.055523    0.271725    0.455811 ^ _289_/Q (sg13g2_dfrbpq_1)
                                                         DPATH.SUM.fa_1.A (net)
                      0.055557    0.000430    0.456241 ^ fanout39/A (sg13g2_buf_1)
     8    0.049894    0.321596    0.310522    0.766763 ^ fanout39/X (sg13g2_buf_1)
                                                         net39 (net)
                      0.321613    0.001998    0.768761 ^ fanout38/A (sg13g2_buf_1)
     8    0.035007    0.230441    0.342620    1.111382 ^ fanout38/X (sg13g2_buf_1)
                                                         net38 (net)
                      0.230451    0.001807    1.113189 ^ _137_/B (sg13g2_xnor2_1)
     2    0.010261    0.193937    0.239949    1.353137 ^ _137_/Y (sg13g2_xnor2_1)
                                                         _091_ (net)
                      0.193937    0.000343    1.353480 ^ _279_/B (sg13g2_xnor2_1)
     1    0.002359    0.103454    0.183878    1.537358 ^ _279_/Y (sg13g2_xnor2_1)
                                                         DPATH.SUM.fa_1.S (net)
                      0.103454    0.000152    1.537510 ^ _289_/D (sg13g2_dfrbpq_1)
                                              1.537510   data arrival time

                                  5.000000    5.000000   clock clk (rise edge)
                                  0.000000    5.000000   clock source latency
     1    0.017978    0.000000    0.000000    5.000000 ^ clk (in)
                                                         clk (net)
                      0.000800    0.000400    5.000400 ^ clkbuf_0_clk/A (sg13g2_buf_16)
     2    0.033249    0.033307    0.082549    5.082949 ^ clkbuf_0_clk/X (sg13g2_buf_16)
                                                         clknet_0_clk (net)
                      0.033320    0.001375    5.084324 ^ clkbuf_1_0__f_clk/A (sg13g2_buf_16)
     5    0.017591    0.028930    0.096455    5.180779 ^ clkbuf_1_0__f_clk/X (sg13g2_buf_16)
                                                         clknet_1_0__leaf_clk (net)
                      0.028930    0.000127    5.180906 ^ _289_/CLK (sg13g2_dfrbpq_1)
                                 -0.150000    5.030907   clock uncertainty
                                  0.003180    5.034086   clock reconvergence pessimism
                                 -0.223693    4.810393   library setup time
                                              4.810393   data required time
---------------------------------------------------------------------------------------------
                                              4.810393   data required time
                                             -1.537510   data arrival time
---------------------------------------------------------------------------------------------
                                              3.272884   slack (MET)


Startpoint: _288_ (rising edge-triggered flip-flop clocked by clk)
Endpoint: _288_ (rising edge-triggered flip-flop clocked by clk)
Path Group: clk
Path Type: max

Fanout         Cap        Slew       Delay        Time   Description
---------------------------------------------------------------------------------------------
                                  0.000000    0.000000   clock clk (rise edge)
                                  0.000000    0.000000   clock source latency
     1    0.020302    0.000000    0.000000    0.000000 ^ clk (in)
                                                         clk (net)
                      0.000919    0.000459    0.000459 ^ clkbuf_0_clk/A (sg13g2_buf_16)
     2    0.037895    0.034919    0.083950    0.084410 ^ clkbuf_0_clk/X (sg13g2_buf_16)
                                                         clknet_0_clk (net)
                      0.034940    0.001575    0.085985 ^ clkbuf_1_0__f_clk/A (sg13g2_buf_16)
     5    0.019526    0.029675    0.097958    0.183943 ^ clkbuf_1_0__f_clk/X (sg13g2_buf_16)
                                                         clknet_1_0__leaf_clk (net)
                      0.029677    0.000420    0.184362 ^ _288_/CLK (sg13g2_dfrbpq_1)
     1    0.003923    0.042601    0.261187    0.445549 ^ _288_/Q (sg13g2_dfrbpq_1)
                                                         DPATH.SUM.Cout0 (net)
                      0.042601    0.000275    0.445824 ^ fanout41/A (sg13g2_buf_1)
     8    0.046864    0.302968    0.289379    0.735203 ^ fanout41/X (sg13g2_buf_1)
                                                         net41 (net)
                      0.303029    0.003572    0.738775 ^ _132_/A (sg13g2_inv_1)
     8    0.046018    0.279409    0.364003    1.102778 v _132_/Y (sg13g2_inv_1)
                                                         DPATH.SUM.ha_0.S (net)
                      0.279550    0.003030    1.105807 v _288_/D (sg13g2_dfrbpq_1)
                                              1.105807   data arrival time

                                  5.000000    5.000000   clock clk (rise edge)
                                  0.000000    5.000000   clock source latency
     1    0.017978    0.000000    0.000000    5.000000 ^ clk (in)
                                                         clk (net)
                      0.000800    0.000400    5.000400 ^ clkbuf_0_clk/A (sg13g2_buf_16)
     2    0.033249    0.033307    0.082549    5.082949 ^ clkbuf_0_clk/X (sg13g2_buf_16)
                                                         clknet_0_clk (net)
                      0.033320    0.001375    5.084324 ^ clkbuf_1_0__f_clk/A (sg13g2_buf_16)
     5    0.017591    0.028930    0.096455    5.180779 ^ clkbuf_1_0__f_clk/X (sg13g2_buf_16)
                                                         clknet_1_0__leaf_clk (net)
                      0.028931    0.000379    5.181159 ^ _288_/CLK (sg13g2_dfrbpq_1)
                                 -0.150000    5.031158   clock uncertainty
                                  0.003204    5.034362   clock reconvergence pessimism
                                 -0.293224    4.741138   library setup time
                                              4.741138   data required time
---------------------------------------------------------------------------------------------
                                              4.741138   data required time
                                             -1.105807   data arrival time
---------------------------------------------------------------------------------------------
                                              3.635331   slack (MET)



%OL_END_REPORT
%OL_CREATE_REPORT checks.rpt

===========================================================================
report_checks -unconstrained
===========================================================================
======================= nom_slow_1p08V_125C Corner ===================================

Startpoint: _290_ (rising edge-triggered flip-flop clocked by clk)
Endpoint: sine_out[0] (output port clocked by clk)
Path Group: clk
Path Type: max

Fanout         Cap        Slew       Delay        Time   Description
---------------------------------------------------------------------------------------------
                                  0.000000    0.000000   clock clk (rise edge)
                                  0.000000    0.000000   clock source latency
     1    0.020302    0.000000    0.000000    0.000000 ^ clk (in)
                                                         clk (net)
                      0.000919    0.000459    0.000459 ^ clkbuf_0_clk/A (sg13g2_buf_16)
     2    0.037895    0.034919    0.083950    0.084410 ^ clkbuf_0_clk/X (sg13g2_buf_16)
                                                         clknet_0_clk (net)
                      0.034940    0.001575    0.085985 ^ clkbuf_1_0__f_clk/A (sg13g2_buf_16)
     5    0.019526    0.029675    0.097958    0.183943 ^ clkbuf_1_0__f_clk/X (sg13g2_buf_16)
                                                         clknet_1_0__leaf_clk (net)
                      0.029676    0.000394    0.184337 ^ _290_/CLK (sg13g2_dfrbpq_1)
     4    0.021958    0.148825    0.341962    0.526298 ^ _290_/Q (sg13g2_dfrbpq_1)
                                                         DPATH.SUM.fa_2.A (net)
                      0.148852    0.001982    0.528280 ^ fanout37/A (sg13g2_buf_1)
     8    0.040846    0.265580    0.312937    0.841217 ^ fanout37/X (sg13g2_buf_1)
                                                         net37 (net)
                      0.265583    0.000798    0.842015 ^ fanout36/A (sg13g2_buf_1)
     8    0.044540    0.289121    0.366169    1.208184 ^ fanout36/X (sg13g2_buf_1)
                                                         net36 (net)
                      0.289250    0.003012    1.211197 ^ _164_/B (sg13g2_and2_1)
     5    0.020922    0.149966    0.308658    1.519855 ^ _164_/X (sg13g2_and2_1)
                                                         _113_ (net)
                      0.149971    0.001015    1.520870 ^ _180_/A2 (sg13g2_a21oi_1)
     4    0.021208    0.262013    0.271428    1.792298 v _180_/Y (sg13g2_a21oi_1)
                                                         _128_ (net)
                      0.262022    0.001727    1.794024 v _181_/B (sg13g2_and2_1)
     2    0.012556    0.083152    0.243143    2.037168 v _181_/X (sg13g2_and2_1)
                                                         _129_ (net)
                      0.083159    0.000834    2.038001 v _182_/B1 (sg13g2_o21ai_1)
     1    0.003808    0.128314    0.077648    2.115649 ^ _182_/Y (sg13g2_o21ai_1)
                                                         _009_ (net)
                      0.128315    0.000151    2.115800 ^ _183_/A2 (sg13g2_a21oi_1)
     1    0.005011    0.086752    0.142194    2.257994 v _183_/Y (sg13g2_a21oi_1)
                                                         _010_ (net)
                      0.086753    0.000355    2.258349 v _198_/B (sg13g2_nor4_1)
     1    0.004990    0.226001    0.269075    2.527424 ^ _198_/Y (sg13g2_nor4_1)
                                                         _025_ (net)
                      0.226001    0.000201    2.527624 ^ _216_/A2 (sg13g2_a22oi_1)
     1    0.008071    0.132832    0.210282    2.737906 v _216_/Y (sg13g2_a22oi_1)
                                                         net4 (net)
                      0.132834    0.000604    2.738510 v output4/A (sg13g2_buf_1)
     1    0.012257    0.077792    0.176625    2.915135 v output4/X (sg13g2_buf_1)
                                                         sine_out[0] (net)
                      0.077796    0.000632    2.915767 v sine_out[0] (out)
                                              2.915767   data arrival time

                                  5.000000    5.000000   clock clk (rise edge)
                                  0.000000    5.000000   clock network delay (propagated)
                                 -0.150000    4.850000   clock uncertainty
                                  0.000000    4.850000   clock reconvergence pessimism
                                 -1.000000    3.850000   output external delay
                                              3.850000   data required time
---------------------------------------------------------------------------------------------
                                              3.850000   data required time
                                             -2.915767   data arrival time
---------------------------------------------------------------------------------------------
                                              0.934233   slack (MET)




===========================================================================
report_checks --slack_max -0.01
============================================================================
======================= nom_slow_1p08V_125C Corner ===================================

No paths found.


===========================================================================
 report_check_types -max_slew -max_cap -max_fanout -violators
============================================================================
======================= nom_slow_1p08V_125C Corner ===================================



===========================================================================
report_parasitic_annotation -report_unannotated
============================================================================
Found 1 unannotated drivers.
 clkload0/Y
Found 0 partially unannotated drivers.

===========================================================================
max slew violation count 0
%OL_METRIC_I design__max_slew_violation__count__corner:nom_slow_1p08V_125C 0
max fanout violation count 0
%OL_METRIC_I design__max_fanout_violation__count__corner:nom_slow_1p08V_125C 0
max cap violation count 0
%OL_METRIC_I design__max_cap_violation__count__corner:nom_slow_1p08V_125C 0
============================================================================

===========================================================================
check_setup -verbose -unconstrained_endpoints -multiple_clock -no_clock -no_input_delay -loops -generated_clocks
===========================================================================
Warning: There is 1 input port missing set_input_delay.
  rst
%OL_END_REPORT
%OL_CREATE_REPORT power.rpt

===========================================================================
 report_power
============================================================================
======================= nom_slow_1p08V_125C Corner ===================================

Group                    Internal    Switching      Leakage        Total
                            Power        Power        Power        Power (Watts)
------------------------------------------------------------------------
Sequential           7.702896e-05 0.000000e+00 2.058249e-08 7.704954e-05  46.0%
Combinational        4.255215e-07 1.529742e-06 1.061541e-07 2.061418e-06   1.2%
Clock                6.934215e-05 1.889999e-05 2.605518e-08 8.826820e-05  52.7%
Macro                0.000000e+00 0.000000e+00 0.000000e+00 0.000000e+00   0.0%
Pad                  0.000000e+00 0.000000e+00 0.000000e+00 0.000000e+00   0.0%
------------------------------------------------------------------------
Total                1.467966e-04 2.042974e-05 1.527917e-07 1.673792e-04 100.0%
                            87.7%        12.2%         0.1%
%OL_METRIC_F power__internal__total 0.0001467966358177364
%OL_METRIC_F power__switching__total 2.0429735741345212e-5
%OL_METRIC_F power__leakage__total 1.5279172771442973e-7
%OL_METRIC_F power__total 0.00016737917030695826

%OL_END_REPORT
%OL_CREATE_REPORT skew.min.rpt

===========================================================================
Clock Skew (Hold)
============================================================================
%OL_METRIC_F clock__skew__worst_hold__corner:nom_slow_1p08V_125C -0.1570930513470392
======================= nom_slow_1p08V_125C Corner ===================================

Clock clk
0.180907 source latency _289_/CLK ^
-0.186539 target latency _293_/CLK ^
-0.150000 clock uncertainty
-0.001460 CRPR
--------------
-0.157093 hold skew

%OL_END_REPORT
%OL_CREATE_REPORT skew.max.rpt

===========================================================================
Clock Skew (Setup)
============================================================================
%OL_METRIC_F clock__skew__worst_setup__corner:nom_slow_1p08V_125C 0.15390136822779202
======================= nom_slow_1p08V_125C Corner ===================================

Clock clk
0.186268 source latency _296_/CLK ^
-0.180907 target latency _289_/CLK ^
0.150000 clock uncertainty
-0.001460 CRPR
--------------
0.153901 setup skew

%OL_END_REPORT
%OL_CREATE_REPORT ws.min.rpt

===========================================================================
Worst Slack (Hold)
============================================================================
%OL_METRIC_F timing__hold__ws__corner:nom_slow_1p08V_125C 0.5478233577386267
nom_slow_1p08V_125C: 0.5478233577386267
%OL_END_REPORT
%OL_CREATE_REPORT ws.max.rpt

===========================================================================
Worst Slack (Setup)
============================================================================
%OL_METRIC_F timing__setup__ws__corner:nom_slow_1p08V_125C 0.9342329396741429
nom_slow_1p08V_125C: 0.9342329396741429
%OL_END_REPORT
%OL_CREATE_REPORT tns.min.rpt

===========================================================================
Total Negative Slack (Hold)
============================================================================
%OL_METRIC_F timing__hold__tns__corner:nom_slow_1p08V_125C 0.0
nom_slow_1p08V_125C: 0.0
%OL_END_REPORT
%OL_CREATE_REPORT tns.max.rpt

===========================================================================
Total Negative Slack (Setup)
============================================================================
%OL_METRIC_F timing__setup__tns__corner:nom_slow_1p08V_125C 0.0
nom_slow_1p08V_125C: 0.0
%OL_END_REPORT
%OL_CREATE_REPORT wns.min.rpt

===========================================================================
Worst Negative Slack (Hold)
============================================================================
%OL_METRIC_F timing__hold__wns__corner:nom_slow_1p08V_125C 0
nom_slow_1p08V_125C: 0
%OL_END_REPORT
%OL_CREATE_REPORT wns.max.rpt

===========================================================================
Worst Negative Slack (Setup)
============================================================================
%OL_METRIC_F timing__setup__wns__corner:nom_slow_1p08V_125C 0.0
nom_slow_1p08V_125C: 0.0
%OL_END_REPORT
%OL_CREATE_REPORT violator_list.rpt

===========================================================================
Violator List
============================================================================
%OL_METRIC_I timing__hold_vio__count__corner:nom_slow_1p08V_125C 0
%OL_METRIC_F timing__hold_r2r__ws__corner:nom_slow_1p08V_125C 0.554721
%OL_METRIC_I timing__hold_r2r_vio__count__corner:nom_slow_1p08V_125C 0
%OL_METRIC_I timing__setup_vio__count__corner:nom_slow_1p08V_125C 0
%OL_METRIC_F timing__setup_r2r__ws__corner:nom_slow_1p08V_125C 2.078311
%OL_METRIC_I timing__setup_r2r_vio__count__corner:nom_slow_1p08V_125C 0
%OL_END_REPORT
%OL_CREATE_REPORT unpropagated.rpt
%OL_END_REPORT
%OL_CREATE_REPORT clock.rpt
Clock: clk
Sources: clk 
Generated: no
Virtual: yes
Propagated: no
Period: 5.000000

===========================================================================
report_clock_properties
============================================================================
Clock                   Period          Waveform
----------------------------------------------------
clk                   5.000000    0.000000  2.500000

===========================================================================
report_clock_latency
============================================================================
Clock clk
rise -> rise
    min     max
0.000000 0.000000 source latency
0.180907         network latency _289_/CLK
        0.186539 network latency _293_/CLK
---------------
0.180907 0.186539 latency
        0.005633 skew

fall -> fall
    min     max
0.000000 0.000000 source latency
0.198650         network latency _289_/CLK
        0.203758 network latency _293_/CLK
---------------
0.198650 0.203758 latency
        0.005108 skew



===========================================================================
report_clock_min_period
============================================================================
clk period_min = 2.92 fmax = 342.27
%OL_END_REPORT
Writing SDF files for all corners…
Removing Clock latencies before writing libs…
Writing timing models for all corners…
Writing timing models for the nom_slow_1p08V_125C corner to /foss/designs/BASIC/current_generator/digital/DigitalSine/runs/RUN_2026-09-16_23-32-49/55-openroad-stapostpnr/nom_slow_1p08V_125C/DigitalSine__nom_slow_1p08V_125C.lib…
