+ define_corners nom_typ_1p20V_25C
Reading timing models for corner nom_typ_1p20V_25C…
Reading cell library for the 'nom_typ_1p20V_25C' corner at '/foss/pdks/ihp-sg13g2/libs.ref/sg13g2_stdcell/lib/sg13g2_stdcell_typ_1p20V_25C.lib.gz'…
Reading cell library for the 'nom_typ_1p20V_25C' corner at '/foss/pdks/ihp-sg13g2/libs.ref/sg13g2_io/lib/sg13g2_io_typ_1p2V_3p3V_25C.lib.gz'…
Reading top-level netlist at '/foss/designs/BASIC/current_generator/digital/DigitalSine/runs/RUN_2026-09-18_22-13-25/52-openroad-fillinsertion/DigitalSine.nl.v'…
Linking design 'DigitalSine' from netlist…
Reading design constraints file at '/foss/designs/BASIC/current_generator/digital/DigitalSine/cons.sdc'…
[INFO] No information on clock propagation in input SDC file-- propagating all clocks.
Reading top-level design parasitics for the 'nom_typ_1p20V_25C' corner at '/foss/designs/BASIC/current_generator/digital/DigitalSine/runs/RUN_2026-09-18_22-13-25/54-openroad-rcx/nom/DigitalSine.nom.spef'…
%OL_CREATE_REPORT min.rpt

===========================================================================
report_checks -path_delay min (Hold)
============================================================================
======================= nom_typ_1p20V_25C Corner ===================================

Startpoint: _288_ (rising edge-triggered flip-flop clocked by clk)
Endpoint: _289_ (rising edge-triggered flip-flop clocked by clk)
Path Group: clk
Path Type: min

Fanout         Cap        Slew       Delay        Time   Description
---------------------------------------------------------------------------------------------
                                  0.000000    0.000000   clock clk (rise edge)
                                  0.000000    0.000000   clock source latency
     1    0.018548    0.000000    0.000000    0.000000 ^ clk (in)
                                                         clk (net)
                      0.002685    0.001342    0.001342 ^ clkbuf_0_clk/A (sg13g2_buf_16)
     2    0.035457    0.021675    0.054636    0.055979 ^ clkbuf_0_clk/X (sg13g2_buf_16)
                                                         clknet_0_clk (net)
                      0.021706    0.001461    0.057440 ^ clkbuf_1_0__f_clk/A (sg13g2_buf_16)
     5    0.018261    0.018660    0.060841    0.118281 ^ clkbuf_1_0__f_clk/X (sg13g2_buf_16)
                                                         clknet_1_0__leaf_clk (net)
                      0.018662    0.000390    0.118671 ^ _288_/CLK (sg13g2_dfrbpq_1)
     1    0.003513    0.021019    0.160350    0.279021 v _288_/Q (sg13g2_dfrbpq_1)
                                                         DPATH.SUM.Cout0 (net)
                      0.021173    0.000234    0.279255 v fanout41/A (sg13g2_buf_1)
     8    0.041698    0.134134    0.147764    0.427019 v fanout41/X (sg13g2_buf_1)
                                                         net41 (net)
                      0.134144    0.000970    0.427989 v _279_/A (sg13g2_xnor2_1)
     1    0.001902    0.028244    0.090677    0.518666 v _279_/Y (sg13g2_xnor2_1)
                                                         DPATH.SUM.fa_1.S (net)
                      0.028244    0.000071    0.518737 v _289_/D (sg13g2_dfrbpq_1)
                                              0.518737   data arrival time

                                  0.000000    0.000000   clock clk (rise edge)
                                  0.000000    0.000000   clock source latency
     1    0.021221    0.000000    0.000000    0.000000 ^ clk (in)
                                                         clk (net)
                      0.003114    0.001557    0.001557 ^ clkbuf_0_clk/A (sg13g2_buf_16)
     2    0.040803    0.022872    0.055763    0.057320 ^ clkbuf_0_clk/X (sg13g2_buf_16)
                                                         clknet_0_clk (net)
                      0.022914    0.001691    0.059011 ^ clkbuf_1_0__f_clk/A (sg13g2_buf_16)
     5    0.020498    0.019235    0.061856    0.120867 ^ clkbuf_1_0__f_clk/X (sg13g2_buf_16)
                                                         clknet_1_0__leaf_clk (net)
                      0.019235    0.000152    0.121019 ^ _289_/CLK (sg13g2_dfrbpq_1)
                                  0.150000    0.271019   clock uncertainty
                                 -0.002586    0.268433   clock reconvergence pessimism
                                 -0.037156    0.231277   library hold time
                                              0.231277   data required time
---------------------------------------------------------------------------------------------
                                              0.231277   data required time
                                             -0.518737   data arrival time
---------------------------------------------------------------------------------------------
                                              0.287459   slack (MET)


Startpoint: _294_ (rising edge-triggered flip-flop clocked by clk)
Endpoint: DATA[17] (output port clocked by clk)
Path Group: clk
Path Type: min

Fanout         Cap        Slew       Delay        Time   Description
---------------------------------------------------------------------------------------------
                                  0.000000    0.000000   clock clk (rise edge)
                                  0.000000    0.000000   clock source latency
     1    0.018548    0.000000    0.000000    0.000000 ^ clk (in)
                                                         clk (net)
                      0.002685    0.001342    0.001342 ^ clkbuf_0_clk/A (sg13g2_buf_16)
     2    0.035457    0.021675    0.054636    0.055979 ^ clkbuf_0_clk/X (sg13g2_buf_16)
                                                         clknet_0_clk (net)
                      0.021754    0.002180    0.058159 ^ clkbuf_1_1__f_clk/A (sg13g2_buf_16)
     5    0.022947    0.019747    0.061667    0.119825 ^ clkbuf_1_1__f_clk/X (sg13g2_buf_16)
                                                         clknet_1_1__leaf_clk (net)
                      0.019767    0.001197    0.121022 ^ _294_/CLK (sg13g2_dfrbpq_1)
     3    0.013374    0.049273    0.184337    0.305359 v _294_/Q (sg13g2_dfrbpq_1)
                                                         DPATH.SUM.fa_6.A (net)
                      0.049301    0.001078    0.306438 v _277_/B (sg13g2_nand3_1)
     1    0.002508    0.032994    0.045032    0.351470 ^ _277_/Y (sg13g2_nand3_1)
                                                         net10 (net)
                      0.032994    0.000188    0.351658 ^ output10/A (sg13g2_buf_1)
     1    0.011233    0.054236    0.085584    0.437242 ^ output10/X (sg13g2_buf_1)
                                                         DATA[17] (net)
                      0.054240    0.000487    0.437730 ^ DATA[17] (out)
                                              0.437730   data arrival time

                                  0.000000    0.000000   clock clk (rise edge)
                                  0.000000    0.000000   clock network delay (propagated)
                                  0.150000    0.150000   clock uncertainty
                                  0.000000    0.150000   clock reconvergence pessimism
                                  0.000000    0.150000   output external delay
                                              0.150000   data required time
---------------------------------------------------------------------------------------------
                                              0.150000   data required time
                                             -0.437730   data arrival time
---------------------------------------------------------------------------------------------
                                              0.287730   slack (MET)


Startpoint: _295_ (rising edge-triggered flip-flop clocked by clk)
Endpoint: o_sign (output port clocked by clk)
Path Group: clk
Path Type: min

Fanout         Cap        Slew       Delay        Time   Description
---------------------------------------------------------------------------------------------
                                  0.000000    0.000000   clock clk (rise edge)
                                  0.000000    0.000000   clock source latency
     1    0.018548    0.000000    0.000000    0.000000 ^ clk (in)
                                                         clk (net)
                      0.002685    0.001342    0.001342 ^ clkbuf_0_clk/A (sg13g2_buf_16)
     2    0.035457    0.021675    0.054636    0.055979 ^ clkbuf_0_clk/X (sg13g2_buf_16)
                                                         clknet_0_clk (net)
                      0.021754    0.002180    0.058159 ^ clkbuf_1_1__f_clk/A (sg13g2_buf_16)
     5    0.022947    0.019747    0.061667    0.119825 ^ clkbuf_1_1__f_clk/X (sg13g2_buf_16)
                                                         clknet_1_1__leaf_clk (net)
                      0.019767    0.001215    0.121040 ^ _295_/CLK (sg13g2_dfrbpq_1)
     3    0.013407    0.049348    0.184523    0.305563 v _295_/Q (sg13g2_dfrbpq_1)
                                                         net20 (net)
                      0.049364    0.000847    0.306410 v output20/A (sg13g2_buf_1)
     1    0.034262    0.111393    0.143526    0.449936 v output20/X (sg13g2_buf_1)
                                                         o_sign (net)
                      0.111555    0.003113    0.453049 v o_sign (out)
                                              0.453049   data arrival time

                                  0.000000    0.000000   clock clk (rise edge)
                                  0.000000    0.000000   clock network delay (propagated)
                                  0.150000    0.150000   clock uncertainty
                                  0.000000    0.150000   clock reconvergence pessimism
                                  0.000000    0.150000   output external delay
                                              0.150000   data required time
---------------------------------------------------------------------------------------------
                                              0.150000   data required time
                                             -0.453049   data arrival time
---------------------------------------------------------------------------------------------
                                              0.303049   slack (MET)


Startpoint: _295_ (rising edge-triggered flip-flop clocked by clk)
Endpoint: o_signB (output port clocked by clk)
Path Group: clk
Path Type: min

Fanout         Cap        Slew       Delay        Time   Description
---------------------------------------------------------------------------------------------
                                  0.000000    0.000000   clock clk (rise edge)
                                  0.000000    0.000000   clock source latency
     1    0.018548    0.000000    0.000000    0.000000 ^ clk (in)
                                                         clk (net)
                      0.002685    0.001342    0.001342 ^ clkbuf_0_clk/A (sg13g2_buf_16)
     2    0.035457    0.021675    0.054636    0.055979 ^ clkbuf_0_clk/X (sg13g2_buf_16)
                                                         clknet_0_clk (net)
                      0.021754    0.002180    0.058159 ^ clkbuf_1_1__f_clk/A (sg13g2_buf_16)
     5    0.022947    0.019747    0.061667    0.119825 ^ clkbuf_1_1__f_clk/X (sg13g2_buf_16)
                                                         clknet_1_1__leaf_clk (net)
                      0.019767    0.001215    0.121040 ^ _295_/CLK (sg13g2_dfrbpq_1)
     3    0.013378    0.062873    0.192441    0.313481 ^ _295_/Q (sg13g2_dfrbpq_1)
                                                         net20 (net)
                      0.062898    0.001174    0.314656 ^ _133_/A (sg13g2_inv_1)
     1    0.003906    0.026245    0.039749    0.354405 v _133_/Y (sg13g2_inv_1)
                                                         net21 (net)
                      0.026245    0.000236    0.354640 v output21/A (sg13g2_buf_1)
     1    0.037110    0.120611    0.139315    0.493955 v output21/X (sg13g2_buf_1)
                                                         o_signB (net)
                      0.120780    0.003750    0.497705 v o_signB (out)
                                              0.497705   data arrival time

                                  0.000000    0.000000   clock clk (rise edge)
                                  0.000000    0.000000   clock network delay (propagated)
                                  0.150000    0.150000   clock uncertainty
                                  0.000000    0.150000   clock reconvergence pessimism
                                  0.000000    0.150000   output external delay
                                              0.150000   data required time
---------------------------------------------------------------------------------------------
                                              0.150000   data required time
                                             -0.497705   data arrival time
---------------------------------------------------------------------------------------------
                                              0.347705   slack (MET)


Startpoint: _296_ (rising edge-triggered flip-flop clocked by clk)
Endpoint: _294_ (rising edge-triggered flip-flop clocked by clk)
Path Group: clk
Path Type: min

Fanout         Cap        Slew       Delay        Time   Description
---------------------------------------------------------------------------------------------
                                  0.000000    0.000000   clock clk (rise edge)
                                  0.000000    0.000000   clock source latency
     1    0.018548    0.000000    0.000000    0.000000 ^ clk (in)
                                                         clk (net)
                      0.002685    0.001342    0.001342 ^ clkbuf_0_clk/A (sg13g2_buf_16)
     2    0.035457    0.021675    0.054636    0.055979 ^ clkbuf_0_clk/X (sg13g2_buf_16)
                                                         clknet_0_clk (net)
                      0.021754    0.002180    0.058159 ^ clkbuf_1_1__f_clk/A (sg13g2_buf_16)
     5    0.022947    0.019747    0.061667    0.119825 ^ clkbuf_1_1__f_clk/X (sg13g2_buf_16)
                                                         clknet_1_1__leaf_clk (net)
                      0.019765    0.001149    0.120974 ^ _296_/CLK (sg13g2_dfrbpq_1)
     2    0.013463    0.049670    0.184701    0.305675 v _296_/Q (sg13g2_dfrbpq_1)
                                                         CTRL.S0 (net)
                      0.049670    0.000138    0.305813 v fanout24/A (sg13g2_buf_1)
     5    0.026074    0.086754    0.126258    0.432071 v fanout24/X (sg13g2_buf_1)
                                                         net24 (net)
                      0.086842    0.001864    0.433935 v _153_/A (sg13g2_xnor2_1)
     1    0.005919    0.049047    0.095950    0.529886 v _153_/Y (sg13g2_xnor2_1)
                                                         _104_ (net)
                      0.049048    0.000243    0.530128 v _154_/B (sg13g2_xnor2_1)
     1    0.003387    0.034921    0.062349    0.592477 v _154_/Y (sg13g2_xnor2_1)
                                                         DPATH.SUM.fa_6.S (net)
                      0.034922    0.000195    0.592673 v _294_/D (sg13g2_dfrbpq_1)
                                              0.592673   data arrival time

                                  0.000000    0.000000   clock clk (rise edge)
                                  0.000000    0.000000   clock source latency
     1    0.021221    0.000000    0.000000    0.000000 ^ clk (in)
                                                         clk (net)
                      0.003114    0.001557    0.001557 ^ clkbuf_0_clk/A (sg13g2_buf_16)
     2    0.040803    0.022872    0.055763    0.057320 ^ clkbuf_0_clk/X (sg13g2_buf_16)
                                                         clknet_0_clk (net)
                      0.023009    0.002517    0.059837 ^ clkbuf_1_1__f_clk/A (sg13g2_buf_16)
     5    0.025426    0.020374    0.062725    0.122562 ^ clkbuf_1_1__f_clk/X (sg13g2_buf_16)
                                                         clknet_1_1__leaf_clk (net)
                      0.020399    0.001339    0.123901 ^ _294_/CLK (sg13g2_dfrbpq_1)
                                  0.150000    0.273901   clock uncertainty
                                 -0.002737    0.271164   clock reconvergence pessimism
                                 -0.039029    0.232135   library hold time
                                              0.232135   data required time
---------------------------------------------------------------------------------------------
                                              0.232135   data required time
                                             -0.592673   data arrival time
---------------------------------------------------------------------------------------------
                                              0.360538   slack (MET)


Startpoint: _296_ (rising edge-triggered flip-flop clocked by clk)
Endpoint: _295_ (rising edge-triggered flip-flop clocked by clk)
Path Group: clk
Path Type: min

Fanout         Cap        Slew       Delay        Time   Description
---------------------------------------------------------------------------------------------
                                  0.000000    0.000000   clock clk (rise edge)
                                  0.000000    0.000000   clock source latency
     1    0.018548    0.000000    0.000000    0.000000 ^ clk (in)
                                                         clk (net)
                      0.002685    0.001342    0.001342 ^ clkbuf_0_clk/A (sg13g2_buf_16)
     2    0.035457    0.021675    0.054636    0.055979 ^ clkbuf_0_clk/X (sg13g2_buf_16)
                                                         clknet_0_clk (net)
                      0.021754    0.002180    0.058159 ^ clkbuf_1_1__f_clk/A (sg13g2_buf_16)
     5    0.022947    0.019747    0.061667    0.119825 ^ clkbuf_1_1__f_clk/X (sg13g2_buf_16)
                                                         clknet_1_1__leaf_clk (net)
                      0.019765    0.001149    0.120974 ^ _296_/CLK (sg13g2_dfrbpq_1)
     2    0.013463    0.049670    0.184701    0.305675 v _296_/Q (sg13g2_dfrbpq_1)
                                                         CTRL.S0 (net)
                      0.049670    0.000138    0.305813 v fanout24/A (sg13g2_buf_1)
     5    0.026074    0.086754    0.126258    0.432071 v fanout24/X (sg13g2_buf_1)
                                                         net24 (net)
                      0.086810    0.001263    0.433334 v _162_/A (sg13g2_nand4_1)
     2    0.013531    0.075363    0.093199    0.526533 ^ _162_/Y (sg13g2_nand4_1)
                                                         _112_ (net)
                      0.075378    0.000830    0.527363 ^ _163_/B (sg13g2_xnor2_1)
     1    0.002368    0.030518    0.066778    0.594142 v _163_/Y (sg13g2_xnor2_1)
                                                         CTRL.P1 (net)
                      0.030518    0.000141    0.594282 v _295_/D (sg13g2_dfrbpq_1)
                                              0.594282   data arrival time

                                  0.000000    0.000000   clock clk (rise edge)
                                  0.000000    0.000000   clock source latency
     1    0.021221    0.000000    0.000000    0.000000 ^ clk (in)
                                                         clk (net)
                      0.003114    0.001557    0.001557 ^ clkbuf_0_clk/A (sg13g2_buf_16)
     2    0.040803    0.022872    0.055763    0.057320 ^ clkbuf_0_clk/X (sg13g2_buf_16)
                                                         clknet_0_clk (net)
                      0.023009    0.002517    0.059837 ^ clkbuf_1_1__f_clk/A (sg13g2_buf_16)
     5    0.025426    0.020374    0.062725    0.122562 ^ clkbuf_1_1__f_clk/X (sg13g2_buf_16)
                                                         clknet_1_1__leaf_clk (net)
                      0.020400    0.001358    0.123920 ^ _295_/CLK (sg13g2_dfrbpq_1)
                                  0.150000    0.273920   clock uncertainty
                                 -0.002737    0.271183   clock reconvergence pessimism
                                 -0.037634    0.233549   library hold time
                                              0.233549   data required time
---------------------------------------------------------------------------------------------
                                              0.233549   data required time
                                             -0.594282   data arrival time
---------------------------------------------------------------------------------------------
                                              0.360733   slack (MET)


Startpoint: _296_ (rising edge-triggered flip-flop clocked by clk)
Endpoint: _296_ (rising edge-triggered flip-flop clocked by clk)
Path Group: clk
Path Type: min

Fanout         Cap        Slew       Delay        Time   Description
---------------------------------------------------------------------------------------------
                                  0.000000    0.000000   clock clk (rise edge)
                                  0.000000    0.000000   clock source latency
     1    0.018548    0.000000    0.000000    0.000000 ^ clk (in)
                                                         clk (net)
                      0.002685    0.001342    0.001342 ^ clkbuf_0_clk/A (sg13g2_buf_16)
     2    0.035457    0.021675    0.054636    0.055979 ^ clkbuf_0_clk/X (sg13g2_buf_16)
                                                         clknet_0_clk (net)
                      0.021754    0.002180    0.058159 ^ clkbuf_1_1__f_clk/A (sg13g2_buf_16)
     5    0.022947    0.019747    0.061667    0.119825 ^ clkbuf_1_1__f_clk/X (sg13g2_buf_16)
                                                         clknet_1_1__leaf_clk (net)
                      0.019765    0.001149    0.120974 ^ _296_/CLK (sg13g2_dfrbpq_1)
     2    0.013463    0.049670    0.184701    0.305675 v _296_/Q (sg13g2_dfrbpq_1)
                                                         CTRL.S0 (net)
                      0.049670    0.000138    0.305813 v fanout24/A (sg13g2_buf_1)
     5    0.026074    0.086754    0.126258    0.432071 v fanout24/X (sg13g2_buf_1)
                                                         net24 (net)
                      0.086839    0.001816    0.433888 v _170_/B1 (sg13g2_a21o_1)
     1    0.003895    0.026745    0.101753    0.535641 v _170_/X (sg13g2_a21o_1)
                                                         _119_ (net)
                      0.026745    0.000272    0.535913 v _171_/B (sg13g2_and2_1)
     1    0.003286    0.021670    0.070933    0.606847 v _171_/X (sg13g2_and2_1)
                                                         CTRL.P0 (net)
                      0.021670    0.000185    0.607032 v _296_/D (sg13g2_dfrbpq_1)
                                              0.607032   data arrival time

                                  0.000000    0.000000   clock clk (rise edge)
                                  0.000000    0.000000   clock source latency
     1    0.021221    0.000000    0.000000    0.000000 ^ clk (in)
                                                         clk (net)
                      0.003114    0.001557    0.001557 ^ clkbuf_0_clk/A (sg13g2_buf_16)
     2    0.040803    0.022872    0.055763    0.057320 ^ clkbuf_0_clk/X (sg13g2_buf_16)
                                                         clknet_0_clk (net)
                      0.023009    0.002517    0.059837 ^ clkbuf_1_1__f_clk/A (sg13g2_buf_16)
     5    0.025426    0.020374    0.062725    0.122562 ^ clkbuf_1_1__f_clk/X (sg13g2_buf_16)
                                                         clknet_1_1__leaf_clk (net)
                      0.020397    0.001285    0.123847 ^ _296_/CLK (sg13g2_dfrbpq_1)
                                  0.150000    0.273847   clock uncertainty
                                 -0.002872    0.270974   clock reconvergence pessimism
                                 -0.034831    0.236144   library hold time
                                              0.236144   data required time
---------------------------------------------------------------------------------------------
                                              0.236144   data required time
                                             -0.607032   data arrival time
---------------------------------------------------------------------------------------------
                                              0.370888   slack (MET)


Startpoint: _293_ (rising edge-triggered flip-flop clocked by clk)
Endpoint: _293_ (rising edge-triggered flip-flop clocked by clk)
Path Group: clk
Path Type: min

Fanout         Cap        Slew       Delay        Time   Description
---------------------------------------------------------------------------------------------
                                  0.000000    0.000000   clock clk (rise edge)
                                  0.000000    0.000000   clock source latency
     1    0.018548    0.000000    0.000000    0.000000 ^ clk (in)
                                                         clk (net)
                      0.002685    0.001342    0.001342 ^ clkbuf_0_clk/A (sg13g2_buf_16)
     2    0.035457    0.021675    0.054636    0.055979 ^ clkbuf_0_clk/X (sg13g2_buf_16)
                                                         clknet_0_clk (net)
                      0.021754    0.002180    0.058159 ^ clkbuf_1_1__f_clk/A (sg13g2_buf_16)
     5    0.022947    0.019747    0.061667    0.119825 ^ clkbuf_1_1__f_clk/X (sg13g2_buf_16)
                                                         clknet_1_1__leaf_clk (net)
                      0.019773    0.001363    0.121188 ^ _293_/CLK (sg13g2_dfrbpq_1)
     1    0.005301    0.025903    0.165222    0.286410 v _293_/Q (sg13g2_dfrbpq_1)
                                                         DPATH.SUM.fa_5.A (net)
                      0.025903    0.000314    0.286723 v fanout29/A (sg13g2_buf_1)
     8    0.036440    0.118372    0.138407    0.425130 v fanout29/X (sg13g2_buf_1)
                                                         net29 (net)
                      0.118390    0.001250    0.426380 v _150_/B (sg13g2_xnor2_1)
     2    0.010022    0.070795    0.116181    0.542561 v _150_/Y (sg13g2_xnor2_1)
                                                         _102_ (net)
                      0.070795    0.000308    0.542868 v _151_/B (sg13g2_xor2_1)
     1    0.002333    0.025713    0.064843    0.607712 v _151_/X (sg13g2_xor2_1)
                                                         DPATH.SUM.fa_5.S (net)
                      0.025713    0.000088    0.607800 v _293_/D (sg13g2_dfrbpq_1)
                                              0.607800   data arrival time

                                  0.000000    0.000000   clock clk (rise edge)
                                  0.000000    0.000000   clock source latency
     1    0.021221    0.000000    0.000000    0.000000 ^ clk (in)
                                                         clk (net)
                      0.003114    0.001557    0.001557 ^ clkbuf_0_clk/A (sg13g2_buf_16)
     2    0.040803    0.022872    0.055763    0.057320 ^ clkbuf_0_clk/X (sg13g2_buf_16)
                                                         clknet_0_clk (net)
                      0.023009    0.002517    0.059837 ^ clkbuf_1_1__f_clk/A (sg13g2_buf_16)
     5    0.025426    0.020374    0.062725    0.122562 ^ clkbuf_1_1__f_clk/X (sg13g2_buf_16)
                                                         clknet_1_1__leaf_clk (net)
                      0.020407    0.001524    0.124086 ^ _293_/CLK (sg13g2_dfrbpq_1)
                                  0.150000    0.274086   clock uncertainty
                                 -0.002898    0.271188   clock reconvergence pessimism
                                 -0.036109    0.235078   library hold time
                                              0.235078   data required time
---------------------------------------------------------------------------------------------
                                              0.235078   data required time
                                             -0.607800   data arrival time
---------------------------------------------------------------------------------------------
                                              0.372722   slack (MET)


Startpoint: _296_ (rising edge-triggered flip-flop clocked by clk)
Endpoint: _292_ (rising edge-triggered flip-flop clocked by clk)
Path Group: clk
Path Type: min

Fanout         Cap        Slew       Delay        Time   Description
---------------------------------------------------------------------------------------------
                                  0.000000    0.000000   clock clk (rise edge)
                                  0.000000    0.000000   clock source latency
     1    0.018548    0.000000    0.000000    0.000000 ^ clk (in)
                                                         clk (net)
                      0.002685    0.001342    0.001342 ^ clkbuf_0_clk/A (sg13g2_buf_16)
     2    0.035457    0.021675    0.054636    0.055979 ^ clkbuf_0_clk/X (sg13g2_buf_16)
                                                         clknet_0_clk (net)
                      0.021754    0.002180    0.058159 ^ clkbuf_1_1__f_clk/A (sg13g2_buf_16)
     5    0.022947    0.019747    0.061667    0.119825 ^ clkbuf_1_1__f_clk/X (sg13g2_buf_16)
                                                         clknet_1_1__leaf_clk (net)
                      0.019765    0.001149    0.120974 ^ _296_/CLK (sg13g2_dfrbpq_1)
     2    0.013463    0.049670    0.184701    0.305675 v _296_/Q (sg13g2_dfrbpq_1)
                                                         CTRL.S0 (net)
                      0.049699    0.001126    0.306801 v fanout23/A (sg13g2_buf_1)
     8    0.037679    0.122195    0.151938    0.458739 v fanout23/X (sg13g2_buf_1)
                                                         net23 (net)
                      0.122273    0.001931    0.460670 v _146_/A (sg13g2_xor2_1)
     2    0.009202    0.045346    0.118801    0.579471 v _146_/X (sg13g2_xor2_1)
                                                         _099_ (net)
                      0.045347    0.000314    0.579784 v _147_/B (sg13g2_xor2_1)
     1    0.001939    0.025049    0.053270    0.633054 v _147_/X (sg13g2_xor2_1)
                                                         DPATH.SUM.fa_4.S (net)
                      0.025050    0.000074    0.633128 v _292_/D (sg13g2_dfrbpq_1)
                                              0.633128   data arrival time

                                  0.000000    0.000000   clock clk (rise edge)
                                  0.000000    0.000000   clock source latency
     1    0.021221    0.000000    0.000000    0.000000 ^ clk (in)
                                                         clk (net)
                      0.003114    0.001557    0.001557 ^ clkbuf_0_clk/A (sg13g2_buf_16)
     2    0.040803    0.022872    0.055763    0.057320 ^ clkbuf_0_clk/X (sg13g2_buf_16)
                                                         clknet_0_clk (net)
                      0.022914    0.001691    0.059011 ^ clkbuf_1_0__f_clk/A (sg13g2_buf_16)
     5    0.020498    0.019235    0.061856    0.120867 ^ clkbuf_1_0__f_clk/X (sg13g2_buf_16)
                                                         clknet_1_0__leaf_clk (net)
                      0.019239    0.000598    0.121465 ^ _292_/CLK (sg13g2_dfrbpq_1)
                                  0.150000    0.271465   clock uncertainty
                                 -0.001341    0.270124   clock reconvergence pessimism
                                 -0.036143    0.233981   library hold time
                                              0.233981   data required time
---------------------------------------------------------------------------------------------
                                              0.233981   data required time
                                             -0.633128   data arrival time
---------------------------------------------------------------------------------------------
                                              0.399147   slack (MET)


Startpoint: _296_ (rising edge-triggered flip-flop clocked by clk)
Endpoint: _290_ (rising edge-triggered flip-flop clocked by clk)
Path Group: clk
Path Type: min

Fanout         Cap        Slew       Delay        Time   Description
---------------------------------------------------------------------------------------------
                                  0.000000    0.000000   clock clk (rise edge)
                                  0.000000    0.000000   clock source latency
     1    0.018548    0.000000    0.000000    0.000000 ^ clk (in)
                                                         clk (net)
                      0.002685    0.001342    0.001342 ^ clkbuf_0_clk/A (sg13g2_buf_16)
     2    0.035457    0.021675    0.054636    0.055979 ^ clkbuf_0_clk/X (sg13g2_buf_16)
                                                         clknet_0_clk (net)
                      0.021754    0.002180    0.058159 ^ clkbuf_1_1__f_clk/A (sg13g2_buf_16)
     5    0.022947    0.019747    0.061667    0.119825 ^ clkbuf_1_1__f_clk/X (sg13g2_buf_16)
                                                         clknet_1_1__leaf_clk (net)
                      0.019765    0.001149    0.120974 ^ _296_/CLK (sg13g2_dfrbpq_1)
     2    0.013463    0.049670    0.184701    0.305675 v _296_/Q (sg13g2_dfrbpq_1)
                                                         CTRL.S0 (net)
                      0.049699    0.001126    0.306801 v fanout23/A (sg13g2_buf_1)
     8    0.037679    0.122195    0.151938    0.458739 v fanout23/X (sg13g2_buf_1)
                                                         net23 (net)
                      0.122279    0.002072    0.460811 v _139_/A (sg13g2_xor2_1)
     2    0.009043    0.044881    0.118057    0.578868 v _139_/X (sg13g2_xor2_1)
                                                         _093_ (net)
                      0.044882    0.000284    0.579152 v _278_/B (sg13g2_xor2_1)
     1    0.002294    0.025983    0.054658    0.633809 v _278_/X (sg13g2_xor2_1)
                                                         DPATH.SUM.fa_2.S (net)
                      0.025983    0.000144    0.633953 v _290_/D (sg13g2_dfrbpq_1)
                                              0.633953   data arrival time

                                  0.000000    0.000000   clock clk (rise edge)
                                  0.000000    0.000000   clock source latency
     1    0.021221    0.000000    0.000000    0.000000 ^ clk (in)
                                                         clk (net)
                      0.003114    0.001557    0.001557 ^ clkbuf_0_clk/A (sg13g2_buf_16)
     2    0.040803    0.022872    0.055763    0.057320 ^ clkbuf_0_clk/X (sg13g2_buf_16)
                                                         clknet_0_clk (net)
                      0.022914    0.001691    0.059011 ^ clkbuf_1_0__f_clk/A (sg13g2_buf_16)
     5    0.020498    0.019235    0.061856    0.120867 ^ clkbuf_1_0__f_clk/X (sg13g2_buf_16)
                                                         clknet_1_0__leaf_clk (net)
                      0.019237    0.000414    0.121281 ^ _290_/CLK (sg13g2_dfrbpq_1)
                                  0.150000    0.271281   clock uncertainty
                                 -0.001341    0.269940   clock reconvergence pessimism
                                 -0.036439    0.233501   library hold time
                                              0.233501   data required time
---------------------------------------------------------------------------------------------
                                              0.233501   data required time
                                             -0.633953   data arrival time
---------------------------------------------------------------------------------------------
                                              0.400452   slack (MET)


Startpoint: _296_ (rising edge-triggered flip-flop clocked by clk)
Endpoint: _291_ (rising edge-triggered flip-flop clocked by clk)
Path Group: clk
Path Type: min

Fanout         Cap        Slew       Delay        Time   Description
---------------------------------------------------------------------------------------------
                                  0.000000    0.000000   clock clk (rise edge)
                                  0.000000    0.000000   clock source latency
     1    0.018548    0.000000    0.000000    0.000000 ^ clk (in)
                                                         clk (net)
                      0.002685    0.001342    0.001342 ^ clkbuf_0_clk/A (sg13g2_buf_16)
     2    0.035457    0.021675    0.054636    0.055979 ^ clkbuf_0_clk/X (sg13g2_buf_16)
                                                         clknet_0_clk (net)
                      0.021754    0.002180    0.058159 ^ clkbuf_1_1__f_clk/A (sg13g2_buf_16)
     5    0.022947    0.019747    0.061667    0.119825 ^ clkbuf_1_1__f_clk/X (sg13g2_buf_16)
                                                         clknet_1_1__leaf_clk (net)
                      0.019765    0.001149    0.120974 ^ _296_/CLK (sg13g2_dfrbpq_1)
     2    0.013463    0.049670    0.184701    0.305675 v _296_/Q (sg13g2_dfrbpq_1)
                                                         CTRL.S0 (net)
                      0.049699    0.001126    0.306801 v fanout23/A (sg13g2_buf_1)
     8    0.037679    0.122195    0.151938    0.458739 v fanout23/X (sg13g2_buf_1)
                                                         net23 (net)
                      0.122283    0.002145    0.460885 v _142_/A (sg13g2_xnor2_1)
     2    0.008486    0.063194    0.119257    0.580141 v _142_/Y (sg13g2_xnor2_1)
                                                         _096_ (net)
                      0.063194    0.000279    0.580421 v _143_/B (sg13g2_xor2_1)
     1    0.002710    0.026662    0.063621    0.644042 v _143_/X (sg13g2_xor2_1)
                                                         DPATH.SUM.fa_3.S (net)
                      0.026662    0.000161    0.644203 v _291_/D (sg13g2_dfrbpq_1)
                                              0.644203   data arrival time

                                  0.000000    0.000000   clock clk (rise edge)
                                  0.000000    0.000000   clock source latency
     1    0.021221    0.000000    0.000000    0.000000 ^ clk (in)
                                                         clk (net)
                      0.003114    0.001557    0.001557 ^ clkbuf_0_clk/A (sg13g2_buf_16)
     2    0.040803    0.022872    0.055763    0.057320 ^ clkbuf_0_clk/X (sg13g2_buf_16)
                                                         clknet_0_clk (net)
                      0.022914    0.001691    0.059011 ^ clkbuf_1_0__f_clk/A (sg13g2_buf_16)
     5    0.020498    0.019235    0.061856    0.120867 ^ clkbuf_1_0__f_clk/X (sg13g2_buf_16)
                                                         clknet_1_0__leaf_clk (net)
                      0.019237    0.000426    0.121293 ^ _291_/CLK (sg13g2_dfrbpq_1)
                                  0.150000    0.271293   clock uncertainty
                                 -0.001341    0.269952   clock reconvergence pessimism
                                 -0.036654    0.233298   library hold time
                                              0.233298   data required time
---------------------------------------------------------------------------------------------
                                              0.233298   data required time
                                             -0.644203   data arrival time
---------------------------------------------------------------------------------------------
                                              0.410905   slack (MET)


Startpoint: _292_ (rising edge-triggered flip-flop clocked by clk)
Endpoint: DATA[5] (output port clocked by clk)
Path Group: clk
Path Type: min

Fanout         Cap        Slew       Delay        Time   Description
---------------------------------------------------------------------------------------------
                                  0.000000    0.000000   clock clk (rise edge)
                                  0.000000    0.000000   clock source latency
     1    0.018548    0.000000    0.000000    0.000000 ^ clk (in)
                                                         clk (net)
                      0.002685    0.001342    0.001342 ^ clkbuf_0_clk/A (sg13g2_buf_16)
     2    0.035457    0.021675    0.054636    0.055979 ^ clkbuf_0_clk/X (sg13g2_buf_16)
                                                         clknet_0_clk (net)
                      0.021706    0.001461    0.057440 ^ clkbuf_1_0__f_clk/A (sg13g2_buf_16)
     5    0.018261    0.018660    0.060841    0.118281 ^ clkbuf_1_0__f_clk/X (sg13g2_buf_16)
                                                         clknet_1_0__leaf_clk (net)
                      0.018664    0.000532    0.118813 ^ _292_/CLK (sg13g2_dfrbpq_1)
     4    0.021772    0.095311    0.215399    0.334213 ^ _292_/Q (sg13g2_dfrbpq_1)
                                                         DPATH.SUM.fa_4.A (net)
                      0.095377    0.002295    0.336507 ^ _159_/A (sg13g2_or2_1)
     2    0.007920    0.042969    0.113139    0.449647 ^ _159_/X (sg13g2_or2_1)
                                                         _109_ (net)
                      0.042986    0.000788    0.450435 ^ _260_/B (sg13g2_nor3_1)
     1    0.002604    0.025447    0.040092    0.490527 v _260_/Y (sg13g2_nor3_1)
                                                         net15 (net)
                      0.025447    0.000182    0.490709 v output15/A (sg13g2_buf_1)
     1    0.010841    0.042318    0.079589    0.570298 v output15/X (sg13g2_buf_1)
                                                         DATA[5] (net)
                      0.042323    0.000461    0.570759 v DATA[5] (out)
                                              0.570759   data arrival time

                                  0.000000    0.000000   clock clk (rise edge)
                                  0.000000    0.000000   clock network delay (propagated)
                                  0.150000    0.150000   clock uncertainty
                                  0.000000    0.150000   clock reconvergence pessimism
                                  0.000000    0.150000   output external delay
                                              0.150000   data required time
---------------------------------------------------------------------------------------------
                                              0.150000   data required time
                                             -0.570759   data arrival time
---------------------------------------------------------------------------------------------
                                              0.420759   slack (MET)


Startpoint: _294_ (rising edge-triggered flip-flop clocked by clk)
Endpoint: DATA[13] (output port clocked by clk)
Path Group: clk
Path Type: min

Fanout         Cap        Slew       Delay        Time   Description
---------------------------------------------------------------------------------------------
                                  0.000000    0.000000   clock clk (rise edge)
                                  0.000000    0.000000   clock source latency
     1    0.018548    0.000000    0.000000    0.000000 ^ clk (in)
                                                         clk (net)
                      0.002685    0.001342    0.001342 ^ clkbuf_0_clk/A (sg13g2_buf_16)
     2    0.035457    0.021675    0.054636    0.055979 ^ clkbuf_0_clk/X (sg13g2_buf_16)
                                                         clknet_0_clk (net)
                      0.021754    0.002180    0.058159 ^ clkbuf_1_1__f_clk/A (sg13g2_buf_16)
     5    0.022947    0.019747    0.061667    0.119825 ^ clkbuf_1_1__f_clk/X (sg13g2_buf_16)
                                                         clknet_1_1__leaf_clk (net)
                      0.019767    0.001197    0.121022 ^ _294_/CLK (sg13g2_dfrbpq_1)
     3    0.013493    0.063316    0.192675    0.313698 ^ _294_/Q (sg13g2_dfrbpq_1)
                                                         DPATH.SUM.fa_6.A (net)
                      0.063339    0.001135    0.314832 ^ fanout27/A (sg13g2_buf_1)
     4    0.021971    0.097083    0.129840    0.444672 ^ fanout27/X (sg13g2_buf_1)
                                                         net27 (net)
                      0.097088    0.000772    0.445444 ^ _272_/A (sg13g2_nor2_1)
     1    0.003036    0.034334    0.058037    0.503481 v _272_/Y (sg13g2_nor2_1)
                                                         net6 (net)
                      0.034334    0.000202    0.503682 v output6/A (sg13g2_buf_1)
     1    0.011859    0.045498    0.085603    0.589285 v output6/X (sg13g2_buf_1)
                                                         DATA[13] (net)
                      0.045524    0.000992    0.590277 v DATA[13] (out)
                                              0.590277   data arrival time

                                  0.000000    0.000000   clock clk (rise edge)
                                  0.000000    0.000000   clock network delay (propagated)
                                  0.150000    0.150000   clock uncertainty
                                  0.000000    0.150000   clock reconvergence pessimism
                                  0.000000    0.150000   output external delay
                                              0.150000   data required time
---------------------------------------------------------------------------------------------
                                              0.150000   data required time
                                             -0.590277   data arrival time
---------------------------------------------------------------------------------------------
                                              0.440277   slack (MET)


Startpoint: _292_ (rising edge-triggered flip-flop clocked by clk)
Endpoint: DATA[16] (output port clocked by clk)
Path Group: clk
Path Type: min

Fanout         Cap        Slew       Delay        Time   Description
---------------------------------------------------------------------------------------------
                                  0.000000    0.000000   clock clk (rise edge)
                                  0.000000    0.000000   clock source latency
     1    0.018548    0.000000    0.000000    0.000000 ^ clk (in)
                                                         clk (net)
                      0.002685    0.001342    0.001342 ^ clkbuf_0_clk/A (sg13g2_buf_16)
     2    0.035457    0.021675    0.054636    0.055979 ^ clkbuf_0_clk/X (sg13g2_buf_16)
                                                         clknet_0_clk (net)
                      0.021706    0.001461    0.057440 ^ clkbuf_1_0__f_clk/A (sg13g2_buf_16)
     5    0.018261    0.018660    0.060841    0.118281 ^ clkbuf_1_0__f_clk/X (sg13g2_buf_16)
                                                         clknet_1_0__leaf_clk (net)
                      0.018664    0.000532    0.118813 ^ _292_/CLK (sg13g2_dfrbpq_1)
     4    0.021568    0.074336    0.202757    0.321570 v _292_/Q (sg13g2_dfrbpq_1)
                                                         DPATH.SUM.fa_4.A (net)
                      0.074430    0.002342    0.323912 v _270_/B_N (sg13g2_nor2b_1)
     2    0.009126    0.041525    0.102535    0.426447 v _270_/Y (sg13g2_nor2b_1)
                                                         _085_ (net)
                      0.041530    0.000455    0.426903 v _275_/A2 (sg13g2_o21ai_1)
     1    0.002708    0.039121    0.079270    0.506172 ^ _275_/Y (sg13g2_o21ai_1)
                                                         net9 (net)
                      0.039121    0.000106    0.506278 ^ output9/A (sg13g2_buf_1)
     1    0.011142    0.054025    0.087959    0.594237 ^ output9/X (sg13g2_buf_1)
                                                         DATA[16] (net)
                      0.054028    0.000475    0.594712 ^ DATA[16] (out)
                                              0.594712   data arrival time

                                  0.000000    0.000000   clock clk (rise edge)
                                  0.000000    0.000000   clock network delay (propagated)
                                  0.150000    0.150000   clock uncertainty
                                  0.000000    0.150000   clock reconvergence pessimism
                                  0.000000    0.150000   output external delay
                                              0.150000   data required time
---------------------------------------------------------------------------------------------
                                              0.150000   data required time
                                             -0.594712   data arrival time
---------------------------------------------------------------------------------------------
                                              0.444712   slack (MET)


Startpoint: _292_ (rising edge-triggered flip-flop clocked by clk)
Endpoint: DATA[12] (output port clocked by clk)
Path Group: clk
Path Type: min

Fanout         Cap        Slew       Delay        Time   Description
---------------------------------------------------------------------------------------------
                                  0.000000    0.000000   clock clk (rise edge)
                                  0.000000    0.000000   clock source latency
     1    0.018548    0.000000    0.000000    0.000000 ^ clk (in)
                                                         clk (net)
                      0.002685    0.001342    0.001342 ^ clkbuf_0_clk/A (sg13g2_buf_16)
     2    0.035457    0.021675    0.054636    0.055979 ^ clkbuf_0_clk/X (sg13g2_buf_16)
                                                         clknet_0_clk (net)
                      0.021706    0.001461    0.057440 ^ clkbuf_1_0__f_clk/A (sg13g2_buf_16)
     5    0.018261    0.018660    0.060841    0.118281 ^ clkbuf_1_0__f_clk/X (sg13g2_buf_16)
                                                         clknet_1_0__leaf_clk (net)
                      0.018664    0.000532    0.118813 ^ _292_/CLK (sg13g2_dfrbpq_1)
     4    0.021568    0.074336    0.202757    0.321570 v _292_/Q (sg13g2_dfrbpq_1)
                                                         DPATH.SUM.fa_4.A (net)
                      0.074430    0.002342    0.323912 v _270_/B_N (sg13g2_nor2b_1)
     2    0.009126    0.041525    0.102535    0.426447 v _270_/Y (sg13g2_nor2b_1)
                                                         _085_ (net)
                      0.041528    0.000388    0.426835 v _271_/A2 (sg13g2_a21oi_1)
     1    0.004002    0.051645    0.080977    0.507812 ^ _271_/Y (sg13g2_a21oi_1)
                                                         net5 (net)
                      0.051645    0.000265    0.508077 ^ output5/A (sg13g2_buf_1)
     1    0.010962    0.053616    0.092828    0.600905 ^ output5/X (sg13g2_buf_1)
                                                         DATA[12] (net)
                      0.053619    0.000474    0.601378 ^ DATA[12] (out)
                                              0.601378   data arrival time

                                  0.000000    0.000000   clock clk (rise edge)
                                  0.000000    0.000000   clock network delay (propagated)
                                  0.150000    0.150000   clock uncertainty
                                  0.000000    0.150000   clock reconvergence pessimism
                                  0.000000    0.150000   output external delay
                                              0.150000   data required time
---------------------------------------------------------------------------------------------
                                              0.150000   data required time
                                             -0.601378   data arrival time
---------------------------------------------------------------------------------------------
                                              0.451378   slack (MET)


Startpoint: _288_ (rising edge-triggered flip-flop clocked by clk)
Endpoint: _288_ (rising edge-triggered flip-flop clocked by clk)
Path Group: clk
Path Type: min

Fanout         Cap        Slew       Delay        Time   Description
---------------------------------------------------------------------------------------------
                                  0.000000    0.000000   clock clk (rise edge)
                                  0.000000    0.000000   clock source latency
     1    0.018548    0.000000    0.000000    0.000000 ^ clk (in)
                                                         clk (net)
                      0.002685    0.001342    0.001342 ^ clkbuf_0_clk/A (sg13g2_buf_16)
     2    0.035457    0.021675    0.054636    0.055979 ^ clkbuf_0_clk/X (sg13g2_buf_16)
                                                         clknet_0_clk (net)
                      0.021706    0.001461    0.057440 ^ clkbuf_1_0__f_clk/A (sg13g2_buf_16)
     5    0.018261    0.018660    0.060841    0.118281 ^ clkbuf_1_0__f_clk/X (sg13g2_buf_16)
                                                         clknet_1_0__leaf_clk (net)
                      0.018662    0.000390    0.118671 ^ _288_/CLK (sg13g2_dfrbpq_1)
     1    0.003513    0.021019    0.160350    0.279021 v _288_/Q (sg13g2_dfrbpq_1)
                                                         DPATH.SUM.Cout0 (net)
                      0.021173    0.000234    0.279255 v fanout41/A (sg13g2_buf_1)
     8    0.041698    0.134134    0.147764    0.427019 v fanout41/X (sg13g2_buf_1)
                                                         net41 (net)
                      0.134235    0.003078    0.430097 v _132_/A (sg13g2_inv_1)
     8    0.039380    0.173513    0.190067    0.620164 ^ _132_/Y (sg13g2_inv_1)
                                                         DPATH.SUM.ha_0.S (net)
                      0.173713    0.004792    0.624955 ^ _288_/D (sg13g2_dfrbpq_1)
                                              0.624955   data arrival time

                                  0.000000    0.000000   clock clk (rise edge)
                                  0.000000    0.000000   clock source latency
     1    0.021221    0.000000    0.000000    0.000000 ^ clk (in)
                                                         clk (net)
                      0.003114    0.001557    0.001557 ^ clkbuf_0_clk/A (sg13g2_buf_16)
     2    0.040803    0.022872    0.055763    0.057320 ^ clkbuf_0_clk/X (sg13g2_buf_16)
                                                         clknet_0_clk (net)
                      0.022914    0.001691    0.059011 ^ clkbuf_1_0__f_clk/A (sg13g2_buf_16)
     5    0.020498    0.019235    0.061856    0.120867 ^ clkbuf_1_0__f_clk/X (sg13g2_buf_16)
                                                         clknet_1_0__leaf_clk (net)
                      0.019238    0.000437    0.121304 ^ _288_/CLK (sg13g2_dfrbpq_1)
                                  0.150000    0.271304   clock uncertainty
                                 -0.002633    0.268671   clock reconvergence pessimism
                                 -0.100916    0.167755   library hold time
                                              0.167755   data required time
---------------------------------------------------------------------------------------------
                                              0.167755   data required time
                                             -0.624955   data arrival time
---------------------------------------------------------------------------------------------
                                              0.457201   slack (MET)


Startpoint: _293_ (rising edge-triggered flip-flop clocked by clk)
Endpoint: DATA[9] (output port clocked by clk)
Path Group: clk
Path Type: min

Fanout         Cap        Slew       Delay        Time   Description
---------------------------------------------------------------------------------------------
                                  0.000000    0.000000   clock clk (rise edge)
                                  0.000000    0.000000   clock source latency
     1    0.018548    0.000000    0.000000    0.000000 ^ clk (in)
                                                         clk (net)
                      0.002685    0.001342    0.001342 ^ clkbuf_0_clk/A (sg13g2_buf_16)
     2    0.035457    0.021675    0.054636    0.055979 ^ clkbuf_0_clk/X (sg13g2_buf_16)
                                                         clknet_0_clk (net)
                      0.021754    0.002180    0.058159 ^ clkbuf_1_1__f_clk/A (sg13g2_buf_16)
     5    0.022947    0.019747    0.061667    0.119825 ^ clkbuf_1_1__f_clk/X (sg13g2_buf_16)
                                                         clknet_1_1__leaf_clk (net)
                      0.019773    0.001363    0.121188 ^ _293_/CLK (sg13g2_dfrbpq_1)
     1    0.005301    0.025903    0.165222    0.286410 v _293_/Q (sg13g2_dfrbpq_1)
                                                         DPATH.SUM.fa_5.A (net)
                      0.025903    0.000314    0.286723 v fanout29/A (sg13g2_buf_1)
     8    0.036440    0.118372    0.138407    0.425130 v fanout29/X (sg13g2_buf_1)
                                                         net29 (net)
                      0.118553    0.003831    0.428961 v _265_/A1 (sg13g2_a21oi_1)
     1    0.003136    0.047315    0.090153    0.519114 ^ _265_/Y (sg13g2_a21oi_1)
                                                         net19 (net)
                      0.047315    0.000214    0.519328 ^ output19/A (sg13g2_buf_1)
     1    0.013306    0.062710    0.097712    0.617041 ^ output19/X (sg13g2_buf_1)
                                                         DATA[9] (net)
                      0.062717    0.000699    0.617740 ^ DATA[9] (out)
                                              0.617740   data arrival time

                                  0.000000    0.000000   clock clk (rise edge)
                                  0.000000    0.000000   clock network delay (propagated)
                                  0.150000    0.150000   clock uncertainty
                                  0.000000    0.150000   clock reconvergence pessimism
                                  0.000000    0.150000   output external delay
                                              0.150000   data required time
---------------------------------------------------------------------------------------------
                                              0.150000   data required time
                                             -0.617740   data arrival time
---------------------------------------------------------------------------------------------
                                              0.467740   slack (MET)


Startpoint: _294_ (rising edge-triggered flip-flop clocked by clk)
Endpoint: DATA[14] (output port clocked by clk)
Path Group: clk
Path Type: min

Fanout         Cap        Slew       Delay        Time   Description
---------------------------------------------------------------------------------------------
                                  0.000000    0.000000   clock clk (rise edge)
                                  0.000000    0.000000   clock source latency
     1    0.018548    0.000000    0.000000    0.000000 ^ clk (in)
                                                         clk (net)
                      0.002685    0.001342    0.001342 ^ clkbuf_0_clk/A (sg13g2_buf_16)
     2    0.035457    0.021675    0.054636    0.055979 ^ clkbuf_0_clk/X (sg13g2_buf_16)
                                                         clknet_0_clk (net)
                      0.021754    0.002180    0.058159 ^ clkbuf_1_1__f_clk/A (sg13g2_buf_16)
     5    0.022947    0.019747    0.061667    0.119825 ^ clkbuf_1_1__f_clk/X (sg13g2_buf_16)
                                                         clknet_1_1__leaf_clk (net)
                      0.019767    0.001197    0.121022 ^ _294_/CLK (sg13g2_dfrbpq_1)
     3    0.013374    0.049273    0.184337    0.305359 v _294_/Q (sg13g2_dfrbpq_1)
                                                         DPATH.SUM.fa_6.A (net)
                      0.049303    0.001105    0.306465 v fanout25/A (sg13g2_buf_1)
     8    0.038361    0.123701    0.152617    0.459082 v fanout25/X (sg13g2_buf_1)
                                                         net25 (net)
                      0.123790    0.002778    0.461860 v _273_/A (sg13g2_nand2_1)
     1    0.005751    0.044396    0.067185    0.529045 ^ _273_/Y (sg13g2_nand2_1)
                                                         net7 (net)
                      0.044397    0.000412    0.529457 ^ output7/A (sg13g2_buf_1)
     1    0.010643    0.052195    0.088782    0.618239 ^ output7/X (sg13g2_buf_1)
                                                         DATA[14] (net)
                      0.052198    0.000451    0.618690 ^ DATA[14] (out)
                                              0.618690   data arrival time

                                  0.000000    0.000000   clock clk (rise edge)
                                  0.000000    0.000000   clock network delay (propagated)
                                  0.150000    0.150000   clock uncertainty
                                  0.000000    0.150000   clock reconvergence pessimism
                                  0.000000    0.150000   output external delay
                                              0.150000   data required time
---------------------------------------------------------------------------------------------
                                              0.150000   data required time
                                             -0.618690   data arrival time
---------------------------------------------------------------------------------------------
                                              0.468690   slack (MET)


Startpoint: _290_ (rising edge-triggered flip-flop clocked by clk)
Endpoint: DATA[11] (output port clocked by clk)
Path Group: clk
Path Type: min

Fanout         Cap        Slew       Delay        Time   Description
---------------------------------------------------------------------------------------------
                                  0.000000    0.000000   clock clk (rise edge)
                                  0.000000    0.000000   clock source latency
     1    0.018548    0.000000    0.000000    0.000000 ^ clk (in)
                                                         clk (net)
                      0.002685    0.001342    0.001342 ^ clkbuf_0_clk/A (sg13g2_buf_16)
     2    0.035457    0.021675    0.054636    0.055979 ^ clkbuf_0_clk/X (sg13g2_buf_16)
                                                         clknet_0_clk (net)
                      0.021706    0.001461    0.057440 ^ clkbuf_1_0__f_clk/A (sg13g2_buf_16)
     5    0.018261    0.018660    0.060841    0.118281 ^ clkbuf_1_0__f_clk/X (sg13g2_buf_16)
                                                         clknet_1_0__leaf_clk (net)
                      0.018662    0.000367    0.118648 ^ _290_/CLK (sg13g2_dfrbpq_1)
     4    0.019523    0.086582    0.209256    0.327904 ^ _290_/Q (sg13g2_dfrbpq_1)
                                                         DPATH.SUM.fa_2.A (net)
                      0.086636    0.001988    0.329892 ^ _210_/B (sg13g2_nor2_1)
     4    0.014752    0.065067    0.085077    0.414970 v _210_/Y (sg13g2_nor2_1)
                                                         _037_ (net)
                      0.065074    0.000673    0.415643 v _268_/A2 (sg13g2_a21oi_1)
     1    0.002819    0.044606    0.082625    0.498267 ^ _268_/Y (sg13g2_a21oi_1)
                                                         _084_ (net)
                      0.044606    0.000110    0.498378 ^ _269_/B (sg13g2_nor2_1)
     1    0.005737    0.029032    0.041583    0.539961 v _269_/Y (sg13g2_nor2_1)
                                                         net4 (net)
                      0.029053    0.000389    0.540350 v output4/A (sg13g2_buf_1)
     1    0.013014    0.048942    0.086426    0.626776 v output4/X (sg13g2_buf_1)
                                                         DATA[11] (net)
                      0.048949    0.000615    0.627391 v DATA[11] (out)
                                              0.627391   data arrival time

                                  0.000000    0.000000   clock clk (rise edge)
                                  0.000000    0.000000   clock network delay (propagated)
                                  0.150000    0.150000   clock uncertainty
                                  0.000000    0.150000   clock reconvergence pessimism
                                  0.000000    0.150000   output external delay
                                              0.150000   data required time
---------------------------------------------------------------------------------------------
                                              0.150000   data required time
                                             -0.627391   data arrival time
---------------------------------------------------------------------------------------------
                                              0.477391   slack (MET)


Startpoint: _290_ (rising edge-triggered flip-flop clocked by clk)
Endpoint: DATA[6] (output port clocked by clk)
Path Group: clk
Path Type: min

Fanout         Cap        Slew       Delay        Time   Description
---------------------------------------------------------------------------------------------
                                  0.000000    0.000000   clock clk (rise edge)
                                  0.000000    0.000000   clock source latency
     1    0.018548    0.000000    0.000000    0.000000 ^ clk (in)
                                                         clk (net)
                      0.002685    0.001342    0.001342 ^ clkbuf_0_clk/A (sg13g2_buf_16)
     2    0.035457    0.021675    0.054636    0.055979 ^ clkbuf_0_clk/X (sg13g2_buf_16)
                                                         clknet_0_clk (net)
                      0.021706    0.001461    0.057440 ^ clkbuf_1_0__f_clk/A (sg13g2_buf_16)
     5    0.018261    0.018660    0.060841    0.118281 ^ clkbuf_1_0__f_clk/X (sg13g2_buf_16)
                                                         clknet_1_0__leaf_clk (net)
                      0.018662    0.000367    0.118648 ^ _290_/CLK (sg13g2_dfrbpq_1)
     4    0.019523    0.086582    0.209256    0.327904 ^ _290_/Q (sg13g2_dfrbpq_1)
                                                         DPATH.SUM.fa_2.A (net)
                      0.086636    0.001988    0.329892 ^ _210_/B (sg13g2_nor2_1)
     4    0.014752    0.065067    0.085077    0.414970 v _210_/Y (sg13g2_nor2_1)
                                                         _037_ (net)
                      0.065071    0.000511    0.415481 v _211_/A (sg13g2_inv_1)
     1    0.004233    0.033698    0.043227    0.458707 ^ _211_/Y (sg13g2_inv_1)
                                                         _038_ (net)
                      0.033699    0.000302    0.459009 ^ _262_/A2 (sg13g2_a21oi_1)
     1    0.008705    0.040812    0.082090    0.541099 v _262_/Y (sg13g2_a21oi_1)
                                                         net16 (net)
                      0.040832    0.000741    0.541840 v output16/A (sg13g2_buf_1)
     1    0.011811    0.045559    0.088549    0.630389 v output16/X (sg13g2_buf_1)
                                                         DATA[6] (net)
                      0.045564    0.000523    0.630912 v DATA[6] (out)
                                              0.630912   data arrival time

                                  0.000000    0.000000   clock clk (rise edge)
                                  0.000000    0.000000   clock network delay (propagated)
                                  0.150000    0.150000   clock uncertainty
                                  0.000000    0.150000   clock reconvergence pessimism
                                  0.000000    0.150000   output external delay
                                              0.150000   data required time
---------------------------------------------------------------------------------------------
                                              0.150000   data required time
                                             -0.630912   data arrival time
---------------------------------------------------------------------------------------------
                                              0.480912   slack (MET)


Startpoint: _294_ (rising edge-triggered flip-flop clocked by clk)
Endpoint: DATA[15] (output port clocked by clk)
Path Group: clk
Path Type: min

Fanout         Cap        Slew       Delay        Time   Description
---------------------------------------------------------------------------------------------
                                  0.000000    0.000000   clock clk (rise edge)
                                  0.000000    0.000000   clock source latency
     1    0.018548    0.000000    0.000000    0.000000 ^ clk (in)
                                                         clk (net)
                      0.002685    0.001342    0.001342 ^ clkbuf_0_clk/A (sg13g2_buf_16)
     2    0.035457    0.021675    0.054636    0.055979 ^ clkbuf_0_clk/X (sg13g2_buf_16)
                                                         clknet_0_clk (net)
                      0.021754    0.002180    0.058159 ^ clkbuf_1_1__f_clk/A (sg13g2_buf_16)
     5    0.022947    0.019747    0.061667    0.119825 ^ clkbuf_1_1__f_clk/X (sg13g2_buf_16)
                                                         clknet_1_1__leaf_clk (net)
                      0.019767    0.001197    0.121022 ^ _294_/CLK (sg13g2_dfrbpq_1)
     3    0.013374    0.049273    0.184337    0.305359 v _294_/Q (sg13g2_dfrbpq_1)
                                                         DPATH.SUM.fa_6.A (net)
                      0.049303    0.001105    0.306465 v fanout25/A (sg13g2_buf_1)
     8    0.038361    0.123701    0.152617    0.459082 v fanout25/X (sg13g2_buf_1)
                                                         net25 (net)
                      0.123907    0.004181    0.463263 v _274_/A (sg13g2_nand2_1)
     1    0.006324    0.048638    0.069594    0.532858 ^ _274_/Y (sg13g2_nand2_1)
                                                         net8 (net)
                      0.048639    0.000434    0.533292 ^ output8/A (sg13g2_buf_1)
     1    0.015214    0.070061    0.103619    0.636911 ^ output8/X (sg13g2_buf_1)
                                                         DATA[15] (net)
                      0.070123    0.001258    0.638169 ^ DATA[15] (out)
                                              0.638169   data arrival time

                                  0.000000    0.000000   clock clk (rise edge)
                                  0.000000    0.000000   clock network delay (propagated)
                                  0.150000    0.150000   clock uncertainty
                                  0.000000    0.150000   clock reconvergence pessimism
                                  0.000000    0.150000   output external delay
                                              0.150000   data required time
---------------------------------------------------------------------------------------------
                                              0.150000   data required time
                                             -0.638169   data arrival time
---------------------------------------------------------------------------------------------
                                              0.488169   slack (MET)


Startpoint: _292_ (rising edge-triggered flip-flop clocked by clk)
Endpoint: DATA[8] (output port clocked by clk)
Path Group: clk
Path Type: min

Fanout         Cap        Slew       Delay        Time   Description
---------------------------------------------------------------------------------------------
                                  0.000000    0.000000   clock clk (rise edge)
                                  0.000000    0.000000   clock source latency
     1    0.018548    0.000000    0.000000    0.000000 ^ clk (in)
                                                         clk (net)
                      0.002685    0.001342    0.001342 ^ clkbuf_0_clk/A (sg13g2_buf_16)
     2    0.035457    0.021675    0.054636    0.055979 ^ clkbuf_0_clk/X (sg13g2_buf_16)
                                                         clknet_0_clk (net)
                      0.021706    0.001461    0.057440 ^ clkbuf_1_0__f_clk/A (sg13g2_buf_16)
     5    0.018261    0.018660    0.060841    0.118281 ^ clkbuf_1_0__f_clk/X (sg13g2_buf_16)
                                                         clknet_1_0__leaf_clk (net)
                      0.018664    0.000532    0.118813 ^ _292_/CLK (sg13g2_dfrbpq_1)
     4    0.021568    0.074336    0.202757    0.321570 v _292_/Q (sg13g2_dfrbpq_1)
                                                         DPATH.SUM.fa_4.A (net)
                      0.074448    0.002541    0.324111 v fanout30/A (sg13g2_buf_1)
     8    0.029706    0.098102    0.145767    0.469878 v fanout30/X (sg13g2_buf_1)
                                                         net30 (net)
                      0.098121    0.001347    0.471225 v _264_/A1 (sg13g2_a21oi_1)
     1    0.002570    0.037187    0.082623    0.553848 ^ _264_/Y (sg13g2_a21oi_1)
                                                         net18 (net)
                      0.037187    0.000101    0.553949 ^ output18/A (sg13g2_buf_1)
     1    0.010790    0.052596    0.086103    0.640052 ^ output18/X (sg13g2_buf_1)
                                                         DATA[8] (net)
                      0.052599    0.000464    0.640517 ^ DATA[8] (out)
                                              0.640517   data arrival time

                                  0.000000    0.000000   clock clk (rise edge)
                                  0.000000    0.000000   clock network delay (propagated)
                                  0.150000    0.150000   clock uncertainty
                                  0.000000    0.150000   clock reconvergence pessimism
                                  0.000000    0.150000   output external delay
                                              0.150000   data required time
---------------------------------------------------------------------------------------------
                                              0.150000   data required time
                                             -0.640517   data arrival time
---------------------------------------------------------------------------------------------
                                              0.490517   slack (MET)


Startpoint: _294_ (rising edge-triggered flip-flop clocked by clk)
Endpoint: DATA[3] (output port clocked by clk)
Path Group: clk
Path Type: min

Fanout         Cap        Slew       Delay        Time   Description
---------------------------------------------------------------------------------------------
                                  0.000000    0.000000   clock clk (rise edge)
                                  0.000000    0.000000   clock source latency
     1    0.018548    0.000000    0.000000    0.000000 ^ clk (in)
                                                         clk (net)
                      0.002685    0.001342    0.001342 ^ clkbuf_0_clk/A (sg13g2_buf_16)
     2    0.035457    0.021675    0.054636    0.055979 ^ clkbuf_0_clk/X (sg13g2_buf_16)
                                                         clknet_0_clk (net)
                      0.021754    0.002180    0.058159 ^ clkbuf_1_1__f_clk/A (sg13g2_buf_16)
     5    0.022947    0.019747    0.061667    0.119825 ^ clkbuf_1_1__f_clk/X (sg13g2_buf_16)
                                                         clknet_1_1__leaf_clk (net)
                      0.019767    0.001197    0.121022 ^ _294_/CLK (sg13g2_dfrbpq_1)
     3    0.013374    0.049273    0.184337    0.305359 v _294_/Q (sg13g2_dfrbpq_1)
                                                         DPATH.SUM.fa_6.A (net)
                      0.049303    0.001105    0.306465 v fanout25/A (sg13g2_buf_1)
     8    0.038361    0.123701    0.152617    0.459082 v fanout25/X (sg13g2_buf_1)
                                                         net25 (net)
                      0.123875    0.003851    0.462933 v _256_/A (sg13g2_nor2_1)
     1    0.002714    0.049772    0.081077    0.544010 ^ _256_/Y (sg13g2_nor2_1)
                                                         net13 (net)
                      0.049772    0.000191    0.544201 ^ output13/A (sg13g2_buf_1)
     1    0.012423    0.059284    0.096260    0.640461 ^ output13/X (sg13g2_buf_1)
                                                         DATA[3] (net)
                      0.059289    0.000561    0.641022 ^ DATA[3] (out)
                                              0.641022   data arrival time

                                  0.000000    0.000000   clock clk (rise edge)
                                  0.000000    0.000000   clock network delay (propagated)
                                  0.150000    0.150000   clock uncertainty
                                  0.000000    0.150000   clock reconvergence pessimism
                                  0.000000    0.150000   output external delay
                                              0.150000   data required time
---------------------------------------------------------------------------------------------
                                              0.150000   data required time
                                             -0.641022   data arrival time
---------------------------------------------------------------------------------------------
                                              0.491022   slack (MET)


Startpoint: _292_ (rising edge-triggered flip-flop clocked by clk)
Endpoint: DATA[7] (output port clocked by clk)
Path Group: clk
Path Type: min

Fanout         Cap        Slew       Delay        Time   Description
---------------------------------------------------------------------------------------------
                                  0.000000    0.000000   clock clk (rise edge)
                                  0.000000    0.000000   clock source latency
     1    0.018548    0.000000    0.000000    0.000000 ^ clk (in)
                                                         clk (net)
                      0.002685    0.001342    0.001342 ^ clkbuf_0_clk/A (sg13g2_buf_16)
     2    0.035457    0.021675    0.054636    0.055979 ^ clkbuf_0_clk/X (sg13g2_buf_16)
                                                         clknet_0_clk (net)
                      0.021706    0.001461    0.057440 ^ clkbuf_1_0__f_clk/A (sg13g2_buf_16)
     5    0.018261    0.018660    0.060841    0.118281 ^ clkbuf_1_0__f_clk/X (sg13g2_buf_16)
                                                         clknet_1_0__leaf_clk (net)
                      0.018664    0.000532    0.118813 ^ _292_/CLK (sg13g2_dfrbpq_1)
     4    0.021568    0.074336    0.202757    0.321570 v _292_/Q (sg13g2_dfrbpq_1)
                                                         DPATH.SUM.fa_4.A (net)
                      0.074448    0.002541    0.324111 v fanout30/A (sg13g2_buf_1)
     8    0.029706    0.098102    0.145767    0.469878 v fanout30/X (sg13g2_buf_1)
                                                         net30 (net)
                      0.098122    0.001371    0.471249 v _263_/A1 (sg13g2_a21oi_1)
     1    0.002806    0.038444    0.084088    0.555336 ^ _263_/Y (sg13g2_a21oi_1)
                                                         net17 (net)
                      0.038444    0.000109    0.555446 ^ output17/A (sg13g2_buf_1)
     1    0.013042    0.061488    0.093130    0.648575 ^ output17/X (sg13g2_buf_1)
                                                         DATA[7] (net)
                      0.061494    0.000663    0.649238 ^ DATA[7] (out)
                                              0.649238   data arrival time

                                  0.000000    0.000000   clock clk (rise edge)
                                  0.000000    0.000000   clock network delay (propagated)
                                  0.150000    0.150000   clock uncertainty
                                  0.000000    0.150000   clock reconvergence pessimism
                                  0.000000    0.150000   output external delay
                                              0.150000   data required time
---------------------------------------------------------------------------------------------
                                              0.150000   data required time
                                             -0.649238   data arrival time
---------------------------------------------------------------------------------------------
                                              0.499238   slack (MET)


Startpoint: _290_ (rising edge-triggered flip-flop clocked by clk)
Endpoint: DATA[1] (output port clocked by clk)
Path Group: clk
Path Type: min

Fanout         Cap        Slew       Delay        Time   Description
---------------------------------------------------------------------------------------------
                                  0.000000    0.000000   clock clk (rise edge)
                                  0.000000    0.000000   clock source latency
     1    0.018548    0.000000    0.000000    0.000000 ^ clk (in)
                                                         clk (net)
                      0.002685    0.001342    0.001342 ^ clkbuf_0_clk/A (sg13g2_buf_16)
     2    0.035457    0.021675    0.054636    0.055979 ^ clkbuf_0_clk/X (sg13g2_buf_16)
                                                         clknet_0_clk (net)
                      0.021706    0.001461    0.057440 ^ clkbuf_1_0__f_clk/A (sg13g2_buf_16)
     5    0.018261    0.018660    0.060841    0.118281 ^ clkbuf_1_0__f_clk/X (sg13g2_buf_16)
                                                         clknet_1_0__leaf_clk (net)
                      0.018662    0.000367    0.118648 ^ _290_/CLK (sg13g2_dfrbpq_1)
     4    0.019523    0.086582    0.209256    0.327904 ^ _290_/Q (sg13g2_dfrbpq_1)
                                                         DPATH.SUM.fa_2.A (net)
                      0.086626    0.001824    0.329728 ^ _233_/A1 (sg13g2_a221oi_1)
     1    0.007329    0.037938    0.109674    0.439401 v _233_/Y (sg13g2_a221oi_1)
                                                         _059_ (net)
                      0.037974    0.000658    0.440059 v _235_/A2 (sg13g2_o21ai_1)
     1    0.006595    0.049959    0.105461    0.545521 ^ _235_/Y (sg13g2_o21ai_1)
                                                         net11 (net)
                      0.049983    0.000433    0.545954 ^ output11/A (sg13g2_buf_1)
     1    0.015663    0.072053    0.105641    0.651595 ^ output11/X (sg13g2_buf_1)
                                                         DATA[1] (net)
                      0.072064    0.000884    0.652479 ^ DATA[1] (out)
                                              0.652479   data arrival time

                                  0.000000    0.000000   clock clk (rise edge)
                                  0.000000    0.000000   clock network delay (propagated)
                                  0.150000    0.150000   clock uncertainty
                                  0.000000    0.150000   clock reconvergence pessimism
                                  0.000000    0.150000   output external delay
                                              0.150000   data required time
---------------------------------------------------------------------------------------------
                                              0.150000   data required time
                                             -0.652479   data arrival time
---------------------------------------------------------------------------------------------
                                              0.502479   slack (MET)


Startpoint: _294_ (rising edge-triggered flip-flop clocked by clk)
Endpoint: DATA[4] (output port clocked by clk)
Path Group: clk
Path Type: min

Fanout         Cap        Slew       Delay        Time   Description
---------------------------------------------------------------------------------------------
                                  0.000000    0.000000   clock clk (rise edge)
                                  0.000000    0.000000   clock source latency
     1    0.018548    0.000000    0.000000    0.000000 ^ clk (in)
                                                         clk (net)
                      0.002685    0.001342    0.001342 ^ clkbuf_0_clk/A (sg13g2_buf_16)
     2    0.035457    0.021675    0.054636    0.055979 ^ clkbuf_0_clk/X (sg13g2_buf_16)
                                                         clknet_0_clk (net)
                      0.021754    0.002180    0.058159 ^ clkbuf_1_1__f_clk/A (sg13g2_buf_16)
     5    0.022947    0.019747    0.061667    0.119825 ^ clkbuf_1_1__f_clk/X (sg13g2_buf_16)
                                                         clknet_1_1__leaf_clk (net)
                      0.019767    0.001197    0.121022 ^ _294_/CLK (sg13g2_dfrbpq_1)
     3    0.013493    0.063316    0.192675    0.313698 ^ _294_/Q (sg13g2_dfrbpq_1)
                                                         DPATH.SUM.fa_6.A (net)
                      0.063338    0.001117    0.314814 ^ fanout25/A (sg13g2_buf_1)
     8    0.039277    0.165449    0.176979    0.491794 ^ fanout25/X (sg13g2_buf_1)
                                                         net25 (net)
                      0.165543    0.003256    0.495050 ^ _258_/A (sg13g2_nor3_1)
     1    0.004522    0.045066    0.088333    0.583382 v _258_/Y (sg13g2_nor3_1)
                                                         net14 (net)
                      0.045067    0.000439    0.583822 v output14/A (sg13g2_buf_1)
     1    0.015015    0.055294    0.098230    0.682051 v output14/X (sg13g2_buf_1)
                                                         DATA[4] (net)
                      0.055304    0.000730    0.682781 v DATA[4] (out)
                                              0.682781   data arrival time

                                  0.000000    0.000000   clock clk (rise edge)
                                  0.000000    0.000000   clock network delay (propagated)
                                  0.150000    0.150000   clock uncertainty
                                  0.000000    0.150000   clock reconvergence pessimism
                                  0.000000    0.150000   output external delay
                                              0.150000   data required time
---------------------------------------------------------------------------------------------
                                              0.150000   data required time
                                             -0.682781   data arrival time
---------------------------------------------------------------------------------------------
                                              0.532781   slack (MET)


Startpoint: _294_ (rising edge-triggered flip-flop clocked by clk)
Endpoint: DATA[10] (output port clocked by clk)
Path Group: clk
Path Type: min

Fanout         Cap        Slew       Delay        Time   Description
---------------------------------------------------------------------------------------------
                                  0.000000    0.000000   clock clk (rise edge)
                                  0.000000    0.000000   clock source latency
     1    0.018548    0.000000    0.000000    0.000000 ^ clk (in)
                                                         clk (net)
                      0.002685    0.001342    0.001342 ^ clkbuf_0_clk/A (sg13g2_buf_16)
     2    0.035457    0.021675    0.054636    0.055979 ^ clkbuf_0_clk/X (sg13g2_buf_16)
                                                         clknet_0_clk (net)
                      0.021754    0.002180    0.058159 ^ clkbuf_1_1__f_clk/A (sg13g2_buf_16)
     5    0.022947    0.019747    0.061667    0.119825 ^ clkbuf_1_1__f_clk/X (sg13g2_buf_16)
                                                         clknet_1_1__leaf_clk (net)
                      0.019767    0.001197    0.121022 ^ _294_/CLK (sg13g2_dfrbpq_1)
     3    0.013493    0.063316    0.192675    0.313698 ^ _294_/Q (sg13g2_dfrbpq_1)
                                                         DPATH.SUM.fa_6.A (net)
                      0.063339    0.001135    0.314832 ^ fanout27/A (sg13g2_buf_1)
     4    0.021971    0.097083    0.129840    0.444672 ^ fanout27/X (sg13g2_buf_1)
                                                         net27 (net)
                      0.097145    0.001430    0.446103 ^ _257_/B (sg13g2_nor2_1)
     1    0.003704    0.033466    0.052498    0.498600 v _257_/Y (sg13g2_nor2_1)
                                                         _080_ (net)
                      0.033467    0.000149    0.498749 v _266_/B1 (sg13g2_o21ai_1)
     1    0.009630    0.058250    0.061715    0.560464 ^ _266_/Y (sg13g2_o21ai_1)
                                                         _083_ (net)
                      0.058265    0.000752    0.561216 ^ _267_/B (sg13g2_nand2_1)
     1    0.002451    0.030303    0.053998    0.615214 v _267_/Y (sg13g2_nand2_1)
                                                         net3 (net)
                      0.030303    0.000095    0.615309 v output3/A (sg13g2_buf_1)
     1    0.010685    0.041959    0.081292    0.696601 v output3/X (sg13g2_buf_1)
                                                         DATA[10] (net)
                      0.041963    0.000451    0.697052 v DATA[10] (out)
                                              0.697052   data arrival time

                                  0.000000    0.000000   clock clk (rise edge)
                                  0.000000    0.000000   clock network delay (propagated)
                                  0.150000    0.150000   clock uncertainty
                                  0.000000    0.150000   clock reconvergence pessimism
                                  0.000000    0.150000   output external delay
                                              0.150000   data required time
---------------------------------------------------------------------------------------------
                                              0.150000   data required time
                                             -0.697052   data arrival time
---------------------------------------------------------------------------------------------
                                              0.547052   slack (MET)


Startpoint: _294_ (rising edge-triggered flip-flop clocked by clk)
Endpoint: DATA[0] (output port clocked by clk)
Path Group: clk
Path Type: min

Fanout         Cap        Slew       Delay        Time   Description
---------------------------------------------------------------------------------------------
                                  0.000000    0.000000   clock clk (rise edge)
                                  0.000000    0.000000   clock source latency
     1    0.018548    0.000000    0.000000    0.000000 ^ clk (in)
                                                         clk (net)
                      0.002685    0.001342    0.001342 ^ clkbuf_0_clk/A (sg13g2_buf_16)
     2    0.035457    0.021675    0.054636    0.055979 ^ clkbuf_0_clk/X (sg13g2_buf_16)
                                                         clknet_0_clk (net)
                      0.021754    0.002180    0.058159 ^ clkbuf_1_1__f_clk/A (sg13g2_buf_16)
     5    0.022947    0.019747    0.061667    0.119825 ^ clkbuf_1_1__f_clk/X (sg13g2_buf_16)
                                                         clknet_1_1__leaf_clk (net)
                      0.019767    0.001197    0.121022 ^ _294_/CLK (sg13g2_dfrbpq_1)
     3    0.013493    0.063316    0.192675    0.313698 ^ _294_/Q (sg13g2_dfrbpq_1)
                                                         DPATH.SUM.fa_6.A (net)
                      0.063339    0.001135    0.314832 ^ fanout27/A (sg13g2_buf_1)
     4    0.021971    0.097083    0.129840    0.444672 ^ fanout27/X (sg13g2_buf_1)
                                                         net27 (net)
                      0.097136    0.001227    0.445899 ^ _198_/A (sg13g2_nor4_1)
     1    0.004538    0.029574    0.074857    0.520756 v _198_/Y (sg13g2_nor4_1)
                                                         _025_ (net)
                      0.029575    0.000182    0.520937 v _216_/A2 (sg13g2_a22oi_1)
     1    0.008574    0.092366    0.109833    0.630770 ^ _216_/Y (sg13g2_a22oi_1)
                                                         net2 (net)
                      0.092374    0.000653    0.631423 ^ output2/A (sg13g2_buf_1)
     1    0.012257    0.059449    0.114094    0.745517 ^ output2/X (sg13g2_buf_1)
                                                         DATA[0] (net)
                      0.059455    0.000632    0.746148 ^ DATA[0] (out)
                                              0.746148   data arrival time

                                  0.000000    0.000000   clock clk (rise edge)
                                  0.000000    0.000000   clock network delay (propagated)
                                  0.150000    0.150000   clock uncertainty
                                  0.000000    0.150000   clock reconvergence pessimism
                                  0.000000    0.150000   output external delay
                                              0.150000   data required time
---------------------------------------------------------------------------------------------
                                              0.150000   data required time
                                             -0.746148   data arrival time
---------------------------------------------------------------------------------------------
                                              0.596148   slack (MET)


Startpoint: _292_ (rising edge-triggered flip-flop clocked by clk)
Endpoint: DATA[2] (output port clocked by clk)
Path Group: clk
Path Type: min

Fanout         Cap        Slew       Delay        Time   Description
---------------------------------------------------------------------------------------------
                                  0.000000    0.000000   clock clk (rise edge)
                                  0.000000    0.000000   clock source latency
     1    0.018548    0.000000    0.000000    0.000000 ^ clk (in)
                                                         clk (net)
                      0.002685    0.001342    0.001342 ^ clkbuf_0_clk/A (sg13g2_buf_16)
     2    0.035457    0.021675    0.054636    0.055979 ^ clkbuf_0_clk/X (sg13g2_buf_16)
                                                         clknet_0_clk (net)
                      0.021706    0.001461    0.057440 ^ clkbuf_1_0__f_clk/A (sg13g2_buf_16)
     5    0.018261    0.018660    0.060841    0.118281 ^ clkbuf_1_0__f_clk/X (sg13g2_buf_16)
                                                         clknet_1_0__leaf_clk (net)
                      0.018664    0.000532    0.118813 ^ _292_/CLK (sg13g2_dfrbpq_1)
     4    0.021568    0.074336    0.202757    0.321570 v _292_/Q (sg13g2_dfrbpq_1)
                                                         DPATH.SUM.fa_4.A (net)
                      0.074448    0.002541    0.324111 v fanout30/A (sg13g2_buf_1)
     8    0.029706    0.098102    0.145767    0.469878 v fanout30/X (sg13g2_buf_1)
                                                         net30 (net)
                      0.098106    0.000782    0.470660 v _251_/A1 (sg13g2_a21oi_1)
     1    0.003362    0.041532    0.087479    0.558139 ^ _251_/Y (sg13g2_a21oi_1)
                                                         _076_ (net)
                      0.041532    0.000247    0.558386 ^ _252_/B (sg13g2_nand2b_1)
     1    0.004307    0.039181    0.059115    0.617501 v _252_/Y (sg13g2_nand2b_1)
                                                         _077_ (net)
                      0.039184    0.000285    0.617786 v _253_/B1 (sg13g2_o21ai_1)
     1    0.009781    0.059901    0.064552    0.682338 ^ _253_/Y (sg13g2_o21ai_1)
                                                         net12 (net)
                      0.059922    0.000906    0.683244 ^ output12/A (sg13g2_buf_1)
     1    0.014035    0.065658    0.105244    0.788487 ^ output12/X (sg13g2_buf_1)
                                                         DATA[2] (net)
                      0.065666    0.000775    0.789262 ^ DATA[2] (out)
                                              0.789262   data arrival time

                                  0.000000    0.000000   clock clk (rise edge)
                                  0.000000    0.000000   clock network delay (propagated)
                                  0.150000    0.150000   clock uncertainty
                                  0.000000    0.150000   clock reconvergence pessimism
                                  0.000000    0.150000   output external delay
                                              0.150000   data required time
---------------------------------------------------------------------------------------------
                                              0.150000   data required time
                                             -0.789262   data arrival time
---------------------------------------------------------------------------------------------
                                              0.639262   slack (MET)



%OL_END_REPORT
%OL_CREATE_REPORT max.rpt

===========================================================================
report_checks -path_delay max (Setup)
============================================================================
======================= nom_typ_1p20V_25C Corner ===================================

Startpoint: _290_ (rising edge-triggered flip-flop clocked by clk)
Endpoint: DATA[0] (output port clocked by clk)
Path Group: clk
Path Type: max

Fanout         Cap        Slew       Delay        Time   Description
---------------------------------------------------------------------------------------------
                                  0.000000    0.000000   clock clk (rise edge)
                                  0.000000    0.000000   clock source latency
     1    0.021221    0.000000    0.000000    0.000000 ^ clk (in)
                                                         clk (net)
                      0.003114    0.001557    0.001557 ^ clkbuf_0_clk/A (sg13g2_buf_16)
     2    0.040803    0.022872    0.055763    0.057320 ^ clkbuf_0_clk/X (sg13g2_buf_16)
                                                         clknet_0_clk (net)
                      0.022914    0.001691    0.059011 ^ clkbuf_1_0__f_clk/A (sg13g2_buf_16)
     5    0.020498    0.019235    0.061856    0.120867 ^ clkbuf_1_0__f_clk/X (sg13g2_buf_16)
                                                         clknet_1_0__leaf_clk (net)
                      0.019237    0.000414    0.121281 ^ _290_/CLK (sg13g2_dfrbpq_1)
     4    0.021666    0.094890    0.215605    0.336887 ^ _290_/Q (sg13g2_dfrbpq_1)
                                                         DPATH.SUM.fa_2.A (net)
                      0.094920    0.001633    0.338520 ^ fanout37/A (sg13g2_buf_1)
     8    0.040745    0.171383    0.194812    0.533332 ^ fanout37/X (sg13g2_buf_1)
                                                         net37 (net)
                      0.171411    0.001815    0.535147 ^ fanout36/A (sg13g2_buf_1)
     8    0.045211    0.189765    0.228117    0.763264 ^ fanout36/X (sg13g2_buf_1)
                                                         net36 (net)
                      0.189988    0.005343    0.768607 ^ _164_/B (sg13g2_and2_1)
     5    0.022216    0.101868    0.192616    0.961223 ^ _164_/X (sg13g2_and2_1)
                                                         _113_ (net)
                      0.101879    0.001076    0.962299 ^ _180_/A2 (sg13g2_a21oi_1)
     4    0.022520    0.172871    0.172438    1.134738 v _180_/Y (sg13g2_a21oi_1)
                                                         _128_ (net)
                      0.172892    0.001850    1.136587 v _181_/B (sg13g2_and2_1)
     2    0.011866    0.049240    0.148849    1.285437 v _181_/X (sg13g2_and2_1)
                                                         _129_ (net)
                      0.049247    0.000610    1.286047 v _182_/B1 (sg13g2_o21ai_1)
     1    0.004014    0.086751    0.046985    1.333032 ^ _182_/Y (sg13g2_o21ai_1)
                                                         _009_ (net)
                      0.086751    0.000159    1.333191 ^ _183_/A2 (sg13g2_a21oi_1)
     1    0.005096    0.054866    0.087412    1.420603 v _183_/Y (sg13g2_a21oi_1)
                                                         _010_ (net)
                      0.054867    0.000381    1.420984 v _198_/B (sg13g2_nor4_1)
     1    0.005260    0.150641    0.173408    1.594393 ^ _198_/Y (sg13g2_nor4_1)
                                                         _025_ (net)
                      0.150641    0.000216    1.594608 ^ _216_/A2 (sg13g2_a22oi_1)
     1    0.008913    0.086980    0.131750    1.726359 v _216_/Y (sg13g2_a22oi_1)
                                                         net2 (net)
                      0.086985    0.000700    1.727059 v output2/A (sg13g2_buf_1)
     1    0.012257    0.047868    0.109412    1.836470 v output2/X (sg13g2_buf_1)
                                                         DATA[0] (net)
                      0.047876    0.000631    1.837102 v DATA[0] (out)
                                              1.837102   data arrival time

                                  5.000000    5.000000   clock clk (rise edge)
                                  0.000000    5.000000   clock network delay (propagated)
                                 -0.150000    4.850000   clock uncertainty
                                  0.000000    4.850000   clock reconvergence pessimism
                                 -1.000000    3.850000   output external delay
                                              3.850000   data required time
---------------------------------------------------------------------------------------------
                                              3.850000   data required time
                                             -1.837102   data arrival time
---------------------------------------------------------------------------------------------
                                              2.012898   slack (MET)


Startpoint: _290_ (rising edge-triggered flip-flop clocked by clk)
Endpoint: DATA[1] (output port clocked by clk)
Path Group: clk
Path Type: max

Fanout         Cap        Slew       Delay        Time   Description
---------------------------------------------------------------------------------------------
                                  0.000000    0.000000   clock clk (rise edge)
                                  0.000000    0.000000   clock source latency
     1    0.021221    0.000000    0.000000    0.000000 ^ clk (in)
                                                         clk (net)
                      0.003114    0.001557    0.001557 ^ clkbuf_0_clk/A (sg13g2_buf_16)
     2    0.040803    0.022872    0.055763    0.057320 ^ clkbuf_0_clk/X (sg13g2_buf_16)
                                                         clknet_0_clk (net)
                      0.022914    0.001691    0.059011 ^ clkbuf_1_0__f_clk/A (sg13g2_buf_16)
     5    0.020498    0.019235    0.061856    0.120867 ^ clkbuf_1_0__f_clk/X (sg13g2_buf_16)
                                                         clknet_1_0__leaf_clk (net)
                      0.019237    0.000414    0.121281 ^ _290_/CLK (sg13g2_dfrbpq_1)
     4    0.021666    0.094890    0.215605    0.336887 ^ _290_/Q (sg13g2_dfrbpq_1)
                                                         DPATH.SUM.fa_2.A (net)
                      0.094920    0.001633    0.338520 ^ fanout37/A (sg13g2_buf_1)
     8    0.040745    0.171383    0.194812    0.533332 ^ fanout37/X (sg13g2_buf_1)
                                                         net37 (net)
                      0.171411    0.001815    0.535147 ^ fanout36/A (sg13g2_buf_1)
     8    0.045211    0.189765    0.228117    0.763264 ^ fanout36/X (sg13g2_buf_1)
                                                         net36 (net)
                      0.189988    0.005343    0.768607 ^ _164_/B (sg13g2_and2_1)
     5    0.022216    0.101868    0.192616    0.961223 ^ _164_/X (sg13g2_and2_1)
                                                         _113_ (net)
                      0.101879    0.001076    0.962299 ^ _180_/A2 (sg13g2_a21oi_1)
     4    0.022520    0.172871    0.172438    1.134738 v _180_/Y (sg13g2_a21oi_1)
                                                         _128_ (net)
                      0.172885    0.001551    1.136289 v _230_/A (sg13g2_xnor2_1)
     1    0.003614    0.060941    0.141159    1.277447 v _230_/Y (sg13g2_xnor2_1)
                                                         _056_ (net)
                      0.060941    0.000144    1.277591 v _231_/A2 (sg13g2_o21ai_1)
     1    0.006013    0.100474    0.110331    1.387922 ^ _231_/Y (sg13g2_o21ai_1)
                                                         _057_ (net)
                      0.100475    0.000610    1.388532 ^ _233_/B2 (sg13g2_a221oi_1)
     1    0.007746    0.098757    0.111772    1.500304 v _233_/Y (sg13g2_a221oi_1)
                                                         _059_ (net)
                      0.098759    0.000713    1.501017 v _235_/A2 (sg13g2_o21ai_1)
     1    0.006972    0.110062    0.132185    1.633202 ^ _235_/Y (sg13g2_o21ai_1)
                                                         net11 (net)
                      0.110063    0.000469    1.633671 ^ output11/A (sg13g2_buf_1)
     1    0.015663    0.073105    0.129488    1.763159 ^ output11/X (sg13g2_buf_1)
                                                         DATA[1] (net)
                      0.073115    0.000884    1.764042 ^ DATA[1] (out)
                                              1.764042   data arrival time

                                  5.000000    5.000000   clock clk (rise edge)
                                  0.000000    5.000000   clock network delay (propagated)
                                 -0.150000    4.850000   clock uncertainty
                                  0.000000    4.850000   clock reconvergence pessimism
                                 -1.000000    3.850000   output external delay
                                              3.850000   data required time
---------------------------------------------------------------------------------------------
                                              3.850000   data required time
                                             -1.764042   data arrival time
---------------------------------------------------------------------------------------------
                                              2.085958   slack (MET)


Startpoint: _291_ (rising edge-triggered flip-flop clocked by clk)
Endpoint: DATA[2] (output port clocked by clk)
Path Group: clk
Path Type: max

Fanout         Cap        Slew       Delay        Time   Description
---------------------------------------------------------------------------------------------
                                  0.000000    0.000000   clock clk (rise edge)
                                  0.000000    0.000000   clock source latency
     1    0.021221    0.000000    0.000000    0.000000 ^ clk (in)
                                                         clk (net)
                      0.003114    0.001557    0.001557 ^ clkbuf_0_clk/A (sg13g2_buf_16)
     2    0.040803    0.022872    0.055763    0.057320 ^ clkbuf_0_clk/X (sg13g2_buf_16)
                                                         clknet_0_clk (net)
                      0.022914    0.001691    0.059011 ^ clkbuf_1_0__f_clk/A (sg13g2_buf_16)
     5    0.020498    0.019235    0.061856    0.120867 ^ clkbuf_1_0__f_clk/X (sg13g2_buf_16)
                                                         clknet_1_0__leaf_clk (net)
                      0.019237    0.000426    0.121293 ^ _291_/CLK (sg13g2_dfrbpq_1)
     1    0.006829    0.038067    0.173430    0.294723 ^ _291_/Q (sg13g2_dfrbpq_1)
                                                         DPATH.SUM.fa_3.A (net)
                      0.038074    0.000482    0.295205 ^ fanout35/A (sg13g2_buf_1)
     5    0.029963    0.128024    0.140771    0.435976 ^ fanout35/X (sg13g2_buf_1)
                                                         net35 (net)
                      0.128076    0.002134    0.438110 ^ fanout34/A (sg13g2_buf_1)
     8    0.038775    0.163056    0.199240    0.637349 ^ fanout34/X (sg13g2_buf_1)
                                                         net34 (net)
                      0.163062    0.000887    0.638237 ^ fanout33/A (sg13g2_buf_1)
     8    0.039914    0.168414    0.211650    0.849886 ^ fanout33/X (sg13g2_buf_1)
                                                         net33 (net)
                      0.168569    0.004209    0.854095 ^ _202_/B1 (sg13g2_o21ai_1)
     3    0.012097    0.106061    0.127829    0.981925 v _202_/Y (sg13g2_o21ai_1)
                                                         _029_ (net)
                      0.106063    0.000631    0.982556 v _241_/D (sg13g2_nor4_1)
     1    0.002764    0.117081    0.119410    1.101966 ^ _241_/Y (sg13g2_nor4_1)
                                                         _066_ (net)
                      0.117081    0.000109    1.102076 ^ _242_/A_N (sg13g2_nand2b_1)
     1    0.003888    0.050346    0.099497    1.201573 ^ _242_/Y (sg13g2_nand2b_1)
                                                         _067_ (net)
                      0.050346    0.000155    1.201728 ^ _243_/B1 (sg13g2_a21oi_1)
     1    0.004306    0.078018    0.040199    1.241926 v _243_/Y (sg13g2_a21oi_1)
                                                         _068_ (net)
                      0.078018    0.000312    1.242239 v _244_/B1 (sg13g2_o21ai_1)
     1    0.004279    0.082394    0.057822    1.300061 ^ _244_/Y (sg13g2_o21ai_1)
                                                         _069_ (net)
                      0.082394    0.000171    1.300232 ^ _245_/B1 (sg13g2_o21ai_1)
     1    0.011477    0.097630    0.098482    1.398715 v _245_/Y (sg13g2_o21ai_1)
                                                         _070_ (net)
                      0.097640    0.001066    1.399780 v _253_/A2 (sg13g2_o21ai_1)
     1    0.010158    0.137522    0.154969    1.554749 ^ _253_/Y (sg13g2_o21ai_1)
                                                         net12 (net)
                      0.137581    0.000962    1.555711 ^ output12/A (sg13g2_buf_1)
     1    0.014035    0.067273    0.132321    1.688032 ^ output12/X (sg13g2_buf_1)
                                                         DATA[2] (net)
                      0.067281    0.000775    1.688807 ^ DATA[2] (out)
                                              1.688807   data arrival time

                                  5.000000    5.000000   clock clk (rise edge)
                                  0.000000    5.000000   clock network delay (propagated)
                                 -0.150000    4.850000   clock uncertainty
                                  0.000000    4.850000   clock reconvergence pessimism
                                 -1.000000    3.850000   output external delay
                                              3.850000   data required time
---------------------------------------------------------------------------------------------
                                              3.850000   data required time
                                             -1.688807   data arrival time
---------------------------------------------------------------------------------------------
                                              2.161193   slack (MET)


Startpoint: _290_ (rising edge-triggered flip-flop clocked by clk)
Endpoint: DATA[12] (output port clocked by clk)
Path Group: clk
Path Type: max

Fanout         Cap        Slew       Delay        Time   Description
---------------------------------------------------------------------------------------------
                                  0.000000    0.000000   clock clk (rise edge)
                                  0.000000    0.000000   clock source latency
     1    0.021221    0.000000    0.000000    0.000000 ^ clk (in)
                                                         clk (net)
                      0.003114    0.001557    0.001557 ^ clkbuf_0_clk/A (sg13g2_buf_16)
     2    0.040803    0.022872    0.055763    0.057320 ^ clkbuf_0_clk/X (sg13g2_buf_16)
                                                         clknet_0_clk (net)
                      0.022914    0.001691    0.059011 ^ clkbuf_1_0__f_clk/A (sg13g2_buf_16)
     5    0.020498    0.019235    0.061856    0.120867 ^ clkbuf_1_0__f_clk/X (sg13g2_buf_16)
                                                         clknet_1_0__leaf_clk (net)
                      0.019237    0.000414    0.121281 ^ _290_/CLK (sg13g2_dfrbpq_1)
     4    0.021666    0.094890    0.215605    0.336887 ^ _290_/Q (sg13g2_dfrbpq_1)
                                                         DPATH.SUM.fa_2.A (net)
                      0.094920    0.001633    0.338520 ^ fanout37/A (sg13g2_buf_1)
     8    0.040745    0.171383    0.194812    0.533332 ^ fanout37/X (sg13g2_buf_1)
                                                         net37 (net)
                      0.171411    0.001815    0.535147 ^ fanout36/A (sg13g2_buf_1)
     8    0.045211    0.189765    0.228117    0.763264 ^ fanout36/X (sg13g2_buf_1)
                                                         net36 (net)
                      0.189988    0.005343    0.768607 ^ _164_/B (sg13g2_and2_1)
     5    0.022216    0.101868    0.192616    0.961223 ^ _164_/X (sg13g2_and2_1)
                                                         _113_ (net)
                      0.101879    0.001076    0.962299 ^ _180_/A2 (sg13g2_a21oi_1)
     4    0.022520    0.172871    0.172438    1.134738 v _180_/Y (sg13g2_a21oi_1)
                                                         _128_ (net)
                      0.172894    0.001924    1.136662 v _270_/A (sg13g2_nor2b_1)
     2    0.011042    0.127619    0.144480    1.281142 ^ _270_/Y (sg13g2_nor2b_1)
                                                         _085_ (net)
                      0.127621    0.000474    1.281616 ^ _271_/A2 (sg13g2_a21oi_1)
     1    0.004341    0.071398    0.096212    1.377828 v _271_/Y (sg13g2_a21oi_1)
                                                         net5 (net)
                      0.071398    0.000294    1.378121 v output5/A (sg13g2_buf_1)
     1    0.010962    0.043680    0.099583    1.477705 v output5/X (sg13g2_buf_1)
                                                         DATA[12] (net)
                      0.043684    0.000474    1.478179 v DATA[12] (out)
                                              1.478179   data arrival time

                                  5.000000    5.000000   clock clk (rise edge)
                                  0.000000    5.000000   clock network delay (propagated)
                                 -0.150000    4.850000   clock uncertainty
                                  0.000000    4.850000   clock reconvergence pessimism
                                 -1.000000    3.850000   output external delay
                                              3.850000   data required time
---------------------------------------------------------------------------------------------
                                              3.850000   data required time
                                             -1.478179   data arrival time
---------------------------------------------------------------------------------------------
                                              2.371821   slack (MET)


Startpoint: _290_ (rising edge-triggered flip-flop clocked by clk)
Endpoint: DATA[16] (output port clocked by clk)
Path Group: clk
Path Type: max

Fanout         Cap        Slew       Delay        Time   Description
---------------------------------------------------------------------------------------------
                                  0.000000    0.000000   clock clk (rise edge)
                                  0.000000    0.000000   clock source latency
     1    0.021221    0.000000    0.000000    0.000000 ^ clk (in)
                                                         clk (net)
                      0.003114    0.001557    0.001557 ^ clkbuf_0_clk/A (sg13g2_buf_16)
     2    0.040803    0.022872    0.055763    0.057320 ^ clkbuf_0_clk/X (sg13g2_buf_16)
                                                         clknet_0_clk (net)
                      0.022914    0.001691    0.059011 ^ clkbuf_1_0__f_clk/A (sg13g2_buf_16)
     5    0.020498    0.019235    0.061856    0.120867 ^ clkbuf_1_0__f_clk/X (sg13g2_buf_16)
                                                         clknet_1_0__leaf_clk (net)
                      0.019237    0.000414    0.121281 ^ _290_/CLK (sg13g2_dfrbpq_1)
     4    0.021666    0.094890    0.215605    0.336887 ^ _290_/Q (sg13g2_dfrbpq_1)
                                                         DPATH.SUM.fa_2.A (net)
                      0.094920    0.001633    0.338520 ^ fanout37/A (sg13g2_buf_1)
     8    0.040745    0.171383    0.194812    0.533332 ^ fanout37/X (sg13g2_buf_1)
                                                         net37 (net)
                      0.171411    0.001815    0.535147 ^ fanout36/A (sg13g2_buf_1)
     8    0.045211    0.189765    0.228117    0.763264 ^ fanout36/X (sg13g2_buf_1)
                                                         net36 (net)
                      0.189988    0.005343    0.768607 ^ _164_/B (sg13g2_and2_1)
     5    0.022216    0.101868    0.192616    0.961223 ^ _164_/X (sg13g2_and2_1)
                                                         _113_ (net)
                      0.101879    0.001076    0.962299 ^ _180_/A2 (sg13g2_a21oi_1)
     4    0.022520    0.172871    0.172438    1.134738 v _180_/Y (sg13g2_a21oi_1)
                                                         _128_ (net)
                      0.172894    0.001924    1.136662 v _270_/A (sg13g2_nor2b_1)
     2    0.011042    0.127619    0.144480    1.281142 ^ _270_/Y (sg13g2_nor2b_1)
                                                         _085_ (net)
                      0.127622    0.000571    1.281713 ^ _275_/A2 (sg13g2_o21ai_1)
     1    0.003047    0.055669    0.077918    1.359631 v _275_/Y (sg13g2_o21ai_1)
                                                         net9 (net)
                      0.055669    0.000120    1.359751 v output9/A (sg13g2_buf_1)
     1    0.011142    0.043875    0.093281    1.453032 v output9/X (sg13g2_buf_1)
                                                         DATA[16] (net)
                      0.043879    0.000475    1.453507 v DATA[16] (out)
                                              1.453507   data arrival time

                                  5.000000    5.000000   clock clk (rise edge)
                                  0.000000    5.000000   clock network delay (propagated)
                                 -0.150000    4.850000   clock uncertainty
                                  0.000000    4.850000   clock reconvergence pessimism
                                 -1.000000    3.850000   output external delay
                                              3.850000   data required time
---------------------------------------------------------------------------------------------
                                              3.850000   data required time
                                             -1.453507   data arrival time
---------------------------------------------------------------------------------------------
                                              2.396493   slack (MET)


Startpoint: _290_ (rising edge-triggered flip-flop clocked by clk)
Endpoint: DATA[8] (output port clocked by clk)
Path Group: clk
Path Type: max

Fanout         Cap        Slew       Delay        Time   Description
---------------------------------------------------------------------------------------------
                                  0.000000    0.000000   clock clk (rise edge)
                                  0.000000    0.000000   clock source latency
     1    0.021221    0.000000    0.000000    0.000000 ^ clk (in)
                                                         clk (net)
                      0.003114    0.001557    0.001557 ^ clkbuf_0_clk/A (sg13g2_buf_16)
     2    0.040803    0.022872    0.055763    0.057320 ^ clkbuf_0_clk/X (sg13g2_buf_16)
                                                         clknet_0_clk (net)
                      0.022914    0.001691    0.059011 ^ clkbuf_1_0__f_clk/A (sg13g2_buf_16)
     5    0.020498    0.019235    0.061856    0.120867 ^ clkbuf_1_0__f_clk/X (sg13g2_buf_16)
                                                         clknet_1_0__leaf_clk (net)
                      0.019237    0.000414    0.121281 ^ _290_/CLK (sg13g2_dfrbpq_1)
     4    0.021666    0.094890    0.215605    0.336887 ^ _290_/Q (sg13g2_dfrbpq_1)
                                                         DPATH.SUM.fa_2.A (net)
                      0.094920    0.001633    0.338520 ^ fanout37/A (sg13g2_buf_1)
     8    0.040745    0.171383    0.194812    0.533332 ^ fanout37/X (sg13g2_buf_1)
                                                         net37 (net)
                      0.171411    0.001815    0.535147 ^ fanout36/A (sg13g2_buf_1)
     8    0.045211    0.189765    0.228117    0.763264 ^ fanout36/X (sg13g2_buf_1)
                                                         net36 (net)
                      0.189988    0.005343    0.768607 ^ _164_/B (sg13g2_and2_1)
     5    0.022216    0.101868    0.192616    0.961223 ^ _164_/X (sg13g2_and2_1)
                                                         _113_ (net)
                      0.101879    0.001085    0.962307 ^ _166_/B (sg13g2_nand2_1)
     4    0.021077    0.157220    0.154607    1.116915 v _166_/Y (sg13g2_nand2_1)
                                                         _115_ (net)
                      0.157248    0.001930    1.118845 v _259_/B (sg13g2_nor2_1)
     2    0.009972    0.116703    0.132194    1.251039 ^ _259_/Y (sg13g2_nor2_1)
                                                         _081_ (net)
                      0.116709    0.000698    1.251737 ^ _264_/A2 (sg13g2_a21oi_1)
     1    0.002908    0.059886    0.086496    1.338233 v _264_/Y (sg13g2_a21oi_1)
                                                         net18 (net)
                      0.059886    0.000115    1.338348 v output18/A (sg13g2_buf_1)
     1    0.010790    0.042918    0.094222    1.432570 v output18/X (sg13g2_buf_1)
                                                         DATA[8] (net)
                      0.042923    0.000464    1.433034 v DATA[8] (out)
                                              1.433034   data arrival time

                                  5.000000    5.000000   clock clk (rise edge)
                                  0.000000    5.000000   clock network delay (propagated)
                                 -0.150000    4.850000   clock uncertainty
                                  0.000000    4.850000   clock reconvergence pessimism
                                 -1.000000    3.850000   output external delay
                                              3.850000   data required time
---------------------------------------------------------------------------------------------
                                              3.850000   data required time
                                             -1.433034   data arrival time
---------------------------------------------------------------------------------------------
                                              2.416966   slack (MET)


Startpoint: _290_ (rising edge-triggered flip-flop clocked by clk)
Endpoint: DATA[15] (output port clocked by clk)
Path Group: clk
Path Type: max

Fanout         Cap        Slew       Delay        Time   Description
---------------------------------------------------------------------------------------------
                                  0.000000    0.000000   clock clk (rise edge)
                                  0.000000    0.000000   clock source latency
     1    0.021221    0.000000    0.000000    0.000000 ^ clk (in)
                                                         clk (net)
                      0.003114    0.001557    0.001557 ^ clkbuf_0_clk/A (sg13g2_buf_16)
     2    0.040803    0.022872    0.055763    0.057320 ^ clkbuf_0_clk/X (sg13g2_buf_16)
                                                         clknet_0_clk (net)
                      0.022914    0.001691    0.059011 ^ clkbuf_1_0__f_clk/A (sg13g2_buf_16)
     5    0.020498    0.019235    0.061856    0.120867 ^ clkbuf_1_0__f_clk/X (sg13g2_buf_16)
                                                         clknet_1_0__leaf_clk (net)
                      0.019237    0.000414    0.121281 ^ _290_/CLK (sg13g2_dfrbpq_1)
     4    0.021666    0.094890    0.215605    0.336887 ^ _290_/Q (sg13g2_dfrbpq_1)
                                                         DPATH.SUM.fa_2.A (net)
                      0.094920    0.001633    0.338520 ^ fanout37/A (sg13g2_buf_1)
     8    0.040745    0.171383    0.194812    0.533332 ^ fanout37/X (sg13g2_buf_1)
                                                         net37 (net)
                      0.171411    0.001815    0.535147 ^ fanout36/A (sg13g2_buf_1)
     8    0.045211    0.189765    0.228117    0.763264 ^ fanout36/X (sg13g2_buf_1)
                                                         net36 (net)
                      0.189988    0.005343    0.768607 ^ _164_/B (sg13g2_and2_1)
     5    0.022216    0.101868    0.192616    0.961223 ^ _164_/X (sg13g2_and2_1)
                                                         _113_ (net)
                      0.101879    0.001085    0.962307 ^ _166_/B (sg13g2_nand2_1)
     4    0.021077    0.157220    0.154607    1.116915 v _166_/Y (sg13g2_nand2_1)
                                                         _115_ (net)
                      0.157251    0.002020    1.118935 v _246_/B (sg13g2_nand2b_1)
     2    0.013030    0.089398    0.115190    1.234125 ^ _246_/Y (sg13g2_nand2b_1)
                                                         _071_ (net)
                      0.089418    0.001093    1.235218 ^ _274_/B (sg13g2_nand2_1)
     1    0.006663    0.075374    0.083568    1.318786 v _274_/Y (sg13g2_nand2_1)
                                                         net8 (net)
                      0.075375    0.000466    1.319252 v output8/A (sg13g2_buf_1)
     1    0.015214    0.056345    0.111506    1.430758 v output8/X (sg13g2_buf_1)
                                                         DATA[15] (net)
                      0.056378    0.001257    1.432016 v DATA[15] (out)
                                              1.432016   data arrival time

                                  5.000000    5.000000   clock clk (rise edge)
                                  0.000000    5.000000   clock network delay (propagated)
                                 -0.150000    4.850000   clock uncertainty
                                  0.000000    4.850000   clock reconvergence pessimism
                                 -1.000000    3.850000   output external delay
                                              3.850000   data required time
---------------------------------------------------------------------------------------------
                                              3.850000   data required time
                                             -1.432016   data arrival time
---------------------------------------------------------------------------------------------
                                              2.417984   slack (MET)


Startpoint: _290_ (rising edge-triggered flip-flop clocked by clk)
Endpoint: DATA[13] (output port clocked by clk)
Path Group: clk
Path Type: max

Fanout         Cap        Slew       Delay        Time   Description
---------------------------------------------------------------------------------------------
                                  0.000000    0.000000   clock clk (rise edge)
                                  0.000000    0.000000   clock source latency
     1    0.021221    0.000000    0.000000    0.000000 ^ clk (in)
                                                         clk (net)
                      0.003114    0.001557    0.001557 ^ clkbuf_0_clk/A (sg13g2_buf_16)
     2    0.040803    0.022872    0.055763    0.057320 ^ clkbuf_0_clk/X (sg13g2_buf_16)
                                                         clknet_0_clk (net)
                      0.022914    0.001691    0.059011 ^ clkbuf_1_0__f_clk/A (sg13g2_buf_16)
     5    0.020498    0.019235    0.061856    0.120867 ^ clkbuf_1_0__f_clk/X (sg13g2_buf_16)
                                                         clknet_1_0__leaf_clk (net)
                      0.019237    0.000414    0.121281 ^ _290_/CLK (sg13g2_dfrbpq_1)
     4    0.021666    0.094890    0.215605    0.336887 ^ _290_/Q (sg13g2_dfrbpq_1)
                                                         DPATH.SUM.fa_2.A (net)
                      0.094920    0.001633    0.338520 ^ fanout37/A (sg13g2_buf_1)
     8    0.040745    0.171383    0.194812    0.533332 ^ fanout37/X (sg13g2_buf_1)
                                                         net37 (net)
                      0.171411    0.001815    0.535147 ^ fanout36/A (sg13g2_buf_1)
     8    0.045211    0.189765    0.228117    0.763264 ^ fanout36/X (sg13g2_buf_1)
                                                         net36 (net)
                      0.189988    0.005343    0.768607 ^ _164_/B (sg13g2_and2_1)
     5    0.022216    0.101868    0.192616    0.961223 ^ _164_/X (sg13g2_and2_1)
                                                         _113_ (net)
                      0.101879    0.001085    0.962307 ^ _166_/B (sg13g2_nand2_1)
     4    0.021077    0.157220    0.154607    1.116915 v _166_/Y (sg13g2_nand2_1)
                                                         _115_ (net)
                      0.157248    0.001918    1.118833 v _168_/A (sg13g2_nor2_1)
     2    0.012365    0.136284    0.150988    1.269821 ^ _168_/Y (sg13g2_nor2_1)
                                                         _117_ (net)
                      0.136296    0.001054    1.270875 ^ _272_/B (sg13g2_nor2_1)
     1    0.003407    0.039003    0.058459    1.329334 v _272_/Y (sg13g2_nor2_1)
                                                         net6 (net)
                      0.039003    0.000232    1.329566 v output6/A (sg13g2_buf_1)
     1    0.011859    0.045597    0.087608    1.417174 v output6/X (sg13g2_buf_1)
                                                         DATA[13] (net)
                      0.045622    0.000992    1.418166 v DATA[13] (out)
                                              1.418166   data arrival time

                                  5.000000    5.000000   clock clk (rise edge)
                                  0.000000    5.000000   clock network delay (propagated)
                                 -0.150000    4.850000   clock uncertainty
                                  0.000000    4.850000   clock reconvergence pessimism
                                 -1.000000    3.850000   output external delay
                                              3.850000   data required time
---------------------------------------------------------------------------------------------
                                              3.850000   data required time
                                             -1.418166   data arrival time
---------------------------------------------------------------------------------------------
                                              2.431834   slack (MET)


Startpoint: _290_ (rising edge-triggered flip-flop clocked by clk)
Endpoint: DATA[5] (output port clocked by clk)
Path Group: clk
Path Type: max

Fanout         Cap        Slew       Delay        Time   Description
---------------------------------------------------------------------------------------------
                                  0.000000    0.000000   clock clk (rise edge)
                                  0.000000    0.000000   clock source latency
     1    0.021221    0.000000    0.000000    0.000000 ^ clk (in)
                                                         clk (net)
                      0.003114    0.001557    0.001557 ^ clkbuf_0_clk/A (sg13g2_buf_16)
     2    0.040803    0.022872    0.055763    0.057320 ^ clkbuf_0_clk/X (sg13g2_buf_16)
                                                         clknet_0_clk (net)
                      0.022914    0.001691    0.059011 ^ clkbuf_1_0__f_clk/A (sg13g2_buf_16)
     5    0.020498    0.019235    0.061856    0.120867 ^ clkbuf_1_0__f_clk/X (sg13g2_buf_16)
                                                         clknet_1_0__leaf_clk (net)
                      0.019237    0.000414    0.121281 ^ _290_/CLK (sg13g2_dfrbpq_1)
     4    0.021666    0.094890    0.215605    0.336887 ^ _290_/Q (sg13g2_dfrbpq_1)
                                                         DPATH.SUM.fa_2.A (net)
                      0.094920    0.001633    0.338520 ^ fanout37/A (sg13g2_buf_1)
     8    0.040745    0.171383    0.194812    0.533332 ^ fanout37/X (sg13g2_buf_1)
                                                         net37 (net)
                      0.171411    0.001815    0.535147 ^ fanout36/A (sg13g2_buf_1)
     8    0.045211    0.189765    0.228117    0.763264 ^ fanout36/X (sg13g2_buf_1)
                                                         net36 (net)
                      0.189988    0.005343    0.768607 ^ _164_/B (sg13g2_and2_1)
     5    0.022216    0.101868    0.192616    0.961223 ^ _164_/X (sg13g2_and2_1)
                                                         _113_ (net)
                      0.101879    0.001085    0.962307 ^ _166_/B (sg13g2_nand2_1)
     4    0.021077    0.157220    0.154607    1.116915 v _166_/Y (sg13g2_nand2_1)
                                                         _115_ (net)
                      0.157248    0.001930    1.118845 v _259_/B (sg13g2_nor2_1)
     2    0.009972    0.116703    0.132194    1.251039 ^ _259_/Y (sg13g2_nor2_1)
                                                         _081_ (net)
                      0.116709    0.000685    1.251724 ^ _260_/C (sg13g2_nor3_1)
     1    0.002975    0.048213    0.057454    1.309178 v _260_/Y (sg13g2_nor3_1)
                                                         net15 (net)
                      0.048213    0.000212    1.309390 v output15/A (sg13g2_buf_1)
     1    0.010841    0.042815    0.089347    1.398737 v output15/X (sg13g2_buf_1)
                                                         DATA[5] (net)
                      0.042819    0.000461    1.399198 v DATA[5] (out)
                                              1.399198   data arrival time

                                  5.000000    5.000000   clock clk (rise edge)
                                  0.000000    5.000000   clock network delay (propagated)
                                 -0.150000    4.850000   clock uncertainty
                                  0.000000    4.850000   clock reconvergence pessimism
                                 -1.000000    3.850000   output external delay
                                              3.850000   data required time
---------------------------------------------------------------------------------------------
                                              3.850000   data required time
                                             -1.399198   data arrival time
---------------------------------------------------------------------------------------------
                                              2.450802   slack (MET)


Startpoint: _291_ (rising edge-triggered flip-flop clocked by clk)
Endpoint: DATA[10] (output port clocked by clk)
Path Group: clk
Path Type: max

Fanout         Cap        Slew       Delay        Time   Description
---------------------------------------------------------------------------------------------
                                  0.000000    0.000000   clock clk (rise edge)
                                  0.000000    0.000000   clock source latency
     1    0.021221    0.000000    0.000000    0.000000 ^ clk (in)
                                                         clk (net)
                      0.003114    0.001557    0.001557 ^ clkbuf_0_clk/A (sg13g2_buf_16)
     2    0.040803    0.022872    0.055763    0.057320 ^ clkbuf_0_clk/X (sg13g2_buf_16)
                                                         clknet_0_clk (net)
                      0.022914    0.001691    0.059011 ^ clkbuf_1_0__f_clk/A (sg13g2_buf_16)
     5    0.020498    0.019235    0.061856    0.120867 ^ clkbuf_1_0__f_clk/X (sg13g2_buf_16)
                                                         clknet_1_0__leaf_clk (net)
                      0.019237    0.000426    0.121293 ^ _291_/CLK (sg13g2_dfrbpq_1)
     1    0.006829    0.038067    0.173430    0.294723 ^ _291_/Q (sg13g2_dfrbpq_1)
                                                         DPATH.SUM.fa_3.A (net)
                      0.038074    0.000482    0.295205 ^ fanout35/A (sg13g2_buf_1)
     5    0.029963    0.128024    0.140771    0.435976 ^ fanout35/X (sg13g2_buf_1)
                                                         net35 (net)
                      0.128076    0.002134    0.438110 ^ fanout34/A (sg13g2_buf_1)
     8    0.038775    0.163056    0.199240    0.637349 ^ fanout34/X (sg13g2_buf_1)
                                                         net34 (net)
                      0.163062    0.000887    0.638237 ^ fanout33/A (sg13g2_buf_1)
     8    0.039914    0.168414    0.211650    0.849886 ^ fanout33/X (sg13g2_buf_1)
                                                         net33 (net)
                      0.168569    0.004209    0.854095 ^ _202_/B1 (sg13g2_o21ai_1)
     3    0.012097    0.106061    0.127829    0.981925 v _202_/Y (sg13g2_o21ai_1)
                                                         _029_ (net)
                      0.106063    0.000688    0.982613 v _266_/A2 (sg13g2_o21ai_1)
     1    0.010418    0.141026    0.159761    1.142373 ^ _266_/Y (sg13g2_o21ai_1)
                                                         _083_ (net)
                      0.141082    0.000830    1.143203 ^ _267_/B (sg13g2_nand2_1)
     1    0.002822    0.042433    0.077235    1.220438 v _267_/Y (sg13g2_nand2_1)
                                                         net3 (net)
                      0.042433    0.000110    1.220549 v output3/A (sg13g2_buf_1)
     1    0.010685    0.042225    0.086490    1.307038 v output3/X (sg13g2_buf_1)
                                                         DATA[10] (net)
                      0.042230    0.000451    1.307490 v DATA[10] (out)
                                              1.307490   data arrival time

                                  5.000000    5.000000   clock clk (rise edge)
                                  0.000000    5.000000   clock network delay (propagated)
                                 -0.150000    4.850000   clock uncertainty
                                  0.000000    4.850000   clock reconvergence pessimism
                                 -1.000000    3.850000   output external delay
                                              3.850000   data required time
---------------------------------------------------------------------------------------------
                                              3.850000   data required time
                                             -1.307490   data arrival time
---------------------------------------------------------------------------------------------
                                              2.542510   slack (MET)


Startpoint: _288_ (rising edge-triggered flip-flop clocked by clk)
Endpoint: DATA[3] (output port clocked by clk)
Path Group: clk
Path Type: max

Fanout         Cap        Slew       Delay        Time   Description
---------------------------------------------------------------------------------------------
                                  0.000000    0.000000   clock clk (rise edge)
                                  0.000000    0.000000   clock source latency
     1    0.021221    0.000000    0.000000    0.000000 ^ clk (in)
                                                         clk (net)
                      0.003114    0.001557    0.001557 ^ clkbuf_0_clk/A (sg13g2_buf_16)
     2    0.040803    0.022872    0.055763    0.057320 ^ clkbuf_0_clk/X (sg13g2_buf_16)
                                                         clknet_0_clk (net)
                      0.022914    0.001691    0.059011 ^ clkbuf_1_0__f_clk/A (sg13g2_buf_16)
     5    0.020498    0.019235    0.061856    0.120867 ^ clkbuf_1_0__f_clk/X (sg13g2_buf_16)
                                                         clknet_1_0__leaf_clk (net)
                      0.019238    0.000437    0.121304 ^ _288_/CLK (sg13g2_dfrbpq_1)
     1    0.003883    0.022142    0.161515    0.282820 v _288_/Q (sg13g2_dfrbpq_1)
                                                         DPATH.SUM.Cout0 (net)
                      0.022142    0.000265    0.283085 v fanout41/A (sg13g2_buf_1)
     8    0.048474    0.154820    0.162983    0.446068 v fanout41/X (sg13g2_buf_1)
                                                         net41 (net)
                      0.155022    0.004638    0.450705 v fanout40/A (sg13g2_buf_1)
     8    0.043912    0.141061    0.201787    0.652493 v fanout40/X (sg13g2_buf_1)
                                                         net40 (net)
                      0.141066    0.001038    0.653530 v _203_/A2 (sg13g2_o21ai_1)
     5    0.023463    0.260745    0.271715    0.925246 ^ _203_/Y (sg13g2_o21ai_1)
                                                         _030_ (net)
                      0.260753    0.001150    0.926396 ^ _255_/B (sg13g2_nand2_1)
     2    0.009268    0.090968    0.135935    1.062331 v _255_/Y (sg13g2_nand2_1)
                                                         _079_ (net)
                      0.090969    0.000476    1.062806 v _256_/B (sg13g2_nor2_1)
     1    0.003092    0.057267    0.070057    1.132863 ^ _256_/Y (sg13g2_nor2_1)
                                                         net13 (net)
                      0.057268    0.000221    1.133085 ^ output13/A (sg13g2_buf_1)
     1    0.012423    0.059445    0.099490    1.232575 ^ output13/X (sg13g2_buf_1)
                                                         DATA[3] (net)
                      0.059450    0.000561    1.233136 ^ DATA[3] (out)
                                              1.233136   data arrival time

                                  5.000000    5.000000   clock clk (rise edge)
                                  0.000000    5.000000   clock network delay (propagated)
                                 -0.150000    4.850000   clock uncertainty
                                  0.000000    4.850000   clock reconvergence pessimism
                                 -1.000000    3.850000   output external delay
                                              3.850000   data required time
---------------------------------------------------------------------------------------------
                                              3.850000   data required time
                                             -1.233136   data arrival time
---------------------------------------------------------------------------------------------
                                              2.616864   slack (MET)


Startpoint: _288_ (rising edge-triggered flip-flop clocked by clk)
Endpoint: DATA[9] (output port clocked by clk)
Path Group: clk
Path Type: max

Fanout         Cap        Slew       Delay        Time   Description
---------------------------------------------------------------------------------------------
                                  0.000000    0.000000   clock clk (rise edge)
                                  0.000000    0.000000   clock source latency
     1    0.021221    0.000000    0.000000    0.000000 ^ clk (in)
                                                         clk (net)
                      0.003114    0.001557    0.001557 ^ clkbuf_0_clk/A (sg13g2_buf_16)
     2    0.040803    0.022872    0.055763    0.057320 ^ clkbuf_0_clk/X (sg13g2_buf_16)
                                                         clknet_0_clk (net)
                      0.022914    0.001691    0.059011 ^ clkbuf_1_0__f_clk/A (sg13g2_buf_16)
     5    0.020498    0.019235    0.061856    0.120867 ^ clkbuf_1_0__f_clk/X (sg13g2_buf_16)
                                                         clknet_1_0__leaf_clk (net)
                      0.019238    0.000437    0.121304 ^ _288_/CLK (sg13g2_dfrbpq_1)
     1    0.003883    0.022142    0.161515    0.282820 v _288_/Q (sg13g2_dfrbpq_1)
                                                         DPATH.SUM.Cout0 (net)
                      0.022142    0.000265    0.283085 v fanout41/A (sg13g2_buf_1)
     8    0.048474    0.154820    0.162983    0.446068 v fanout41/X (sg13g2_buf_1)
                                                         net41 (net)
                      0.155022    0.004638    0.450705 v fanout40/A (sg13g2_buf_1)
     8    0.043912    0.141061    0.201787    0.652493 v fanout40/X (sg13g2_buf_1)
                                                         net40 (net)
                      0.141066    0.001038    0.653530 v _203_/A2 (sg13g2_o21ai_1)
     5    0.023463    0.260745    0.271715    0.925246 ^ _203_/Y (sg13g2_o21ai_1)
                                                         _030_ (net)
                      0.260757    0.001422    0.926667 ^ _254_/B (sg13g2_nand2_1)
     1    0.004898    0.071512    0.108571    1.035238 v _254_/Y (sg13g2_nand2_1)
                                                         _078_ (net)
                      0.071513    0.000380    1.035618 v _265_/A2 (sg13g2_a21oi_1)
     1    0.003513    0.069167    0.089130    1.124748 ^ _265_/Y (sg13g2_a21oi_1)
                                                         net19 (net)
                      0.069167    0.000245    1.124993 ^ output19/A (sg13g2_buf_1)
     1    0.013306    0.063151    0.107135    1.232129 ^ output19/X (sg13g2_buf_1)
                                                         DATA[9] (net)
                      0.063158    0.000699    1.232828 ^ DATA[9] (out)
                                              1.232828   data arrival time

                                  5.000000    5.000000   clock clk (rise edge)
                                  0.000000    5.000000   clock network delay (propagated)
                                 -0.150000    4.850000   clock uncertainty
                                  0.000000    4.850000   clock reconvergence pessimism
                                 -1.000000    3.850000   output external delay
                                              3.850000   data required time
---------------------------------------------------------------------------------------------
                                              3.850000   data required time
                                             -1.232828   data arrival time
---------------------------------------------------------------------------------------------
                                              2.617172   slack (MET)


Startpoint: _288_ (rising edge-triggered flip-flop clocked by clk)
Endpoint: DATA[14] (output port clocked by clk)
Path Group: clk
Path Type: max

Fanout         Cap        Slew       Delay        Time   Description
---------------------------------------------------------------------------------------------
                                  0.000000    0.000000   clock clk (rise edge)
                                  0.000000    0.000000   clock source latency
     1    0.021221    0.000000    0.000000    0.000000 ^ clk (in)
                                                         clk (net)
                      0.003114    0.001557    0.001557 ^ clkbuf_0_clk/A (sg13g2_buf_16)
     2    0.040803    0.022872    0.055763    0.057320 ^ clkbuf_0_clk/X (sg13g2_buf_16)
                                                         clknet_0_clk (net)
                      0.022914    0.001691    0.059011 ^ clkbuf_1_0__f_clk/A (sg13g2_buf_16)
     5    0.020498    0.019235    0.061856    0.120867 ^ clkbuf_1_0__f_clk/X (sg13g2_buf_16)
                                                         clknet_1_0__leaf_clk (net)
                      0.019238    0.000437    0.121304 ^ _288_/CLK (sg13g2_dfrbpq_1)
     1    0.003883    0.022142    0.161515    0.282820 v _288_/Q (sg13g2_dfrbpq_1)
                                                         DPATH.SUM.Cout0 (net)
                      0.022142    0.000265    0.283085 v fanout41/A (sg13g2_buf_1)
     8    0.048474    0.154820    0.162983    0.446068 v fanout41/X (sg13g2_buf_1)
                                                         net41 (net)
                      0.155022    0.004638    0.450705 v fanout40/A (sg13g2_buf_1)
     8    0.043912    0.141061    0.201787    0.652493 v fanout40/X (sg13g2_buf_1)
                                                         net40 (net)
                      0.141066    0.001038    0.653530 v _203_/A2 (sg13g2_o21ai_1)
     5    0.023463    0.260745    0.271715    0.925246 ^ _203_/Y (sg13g2_o21ai_1)
                                                         _030_ (net)
                      0.260753    0.001150    0.926396 ^ _255_/B (sg13g2_nand2_1)
     2    0.009268    0.090968    0.135935    1.062331 v _255_/Y (sg13g2_nand2_1)
                                                         _079_ (net)
                      0.090968    0.000262    1.062593 v _273_/B (sg13g2_nand2_1)
     1    0.006129    0.056353    0.068549    1.131142 ^ _273_/Y (sg13g2_nand2_1)
                                                         net7 (net)
                      0.056356    0.000446    1.131588 ^ output7/A (sg13g2_buf_1)
     1    0.010643    0.052486    0.093927    1.225515 ^ output7/X (sg13g2_buf_1)
                                                         DATA[14] (net)
                      0.052489    0.000451    1.225966 ^ DATA[14] (out)
                                              1.225966   data arrival time

                                  5.000000    5.000000   clock clk (rise edge)
                                  0.000000    5.000000   clock network delay (propagated)
                                 -0.150000    4.850000   clock uncertainty
                                  0.000000    4.850000   clock reconvergence pessimism
                                 -1.000000    3.850000   output external delay
                                              3.850000   data required time
---------------------------------------------------------------------------------------------
                                              3.850000   data required time
                                             -1.225966   data arrival time
---------------------------------------------------------------------------------------------
                                              2.624034   slack (MET)


Startpoint: _293_ (rising edge-triggered flip-flop clocked by clk)
Endpoint: DATA[11] (output port clocked by clk)
Path Group: clk
Path Type: max

Fanout         Cap        Slew       Delay        Time   Description
---------------------------------------------------------------------------------------------
                                  0.000000    0.000000   clock clk (rise edge)
                                  0.000000    0.000000   clock source latency
     1    0.021221    0.000000    0.000000    0.000000 ^ clk (in)
                                                         clk (net)
                      0.003114    0.001557    0.001557 ^ clkbuf_0_clk/A (sg13g2_buf_16)
     2    0.040803    0.022872    0.055763    0.057320 ^ clkbuf_0_clk/X (sg13g2_buf_16)
                                                         clknet_0_clk (net)
                      0.023009    0.002517    0.059837 ^ clkbuf_1_1__f_clk/A (sg13g2_buf_16)
     5    0.025426    0.020374    0.062725    0.122562 ^ clkbuf_1_1__f_clk/X (sg13g2_buf_16)
                                                         clknet_1_1__leaf_clk (net)
                      0.020407    0.001524    0.124086 ^ _293_/CLK (sg13g2_dfrbpq_1)
     1    0.005711    0.033954    0.170808    0.294894 ^ _293_/Q (sg13g2_dfrbpq_1)
                                                         DPATH.SUM.fa_5.A (net)
                      0.033954    0.000352    0.295246 ^ fanout29/A (sg13g2_buf_1)
     8    0.042494    0.177632    0.173387    0.468632 ^ fanout29/X (sg13g2_buf_1)
                                                         net29 (net)
                      0.177686    0.002576    0.471209 ^ fanout28/A (sg13g2_buf_1)
     8    0.040175    0.168885    0.216675    0.687884 ^ fanout28/X (sg13g2_buf_1)
                                                         net28 (net)
                      0.168938    0.002477    0.690361 ^ _167_/B (sg13g2_nand2_1)
     5    0.024862    0.162813    0.199770    0.890130 v _167_/Y (sg13g2_nand2_1)
                                                         _116_ (net)
                      0.162866    0.000578    0.890709 v _268_/B1 (sg13g2_a21oi_1)
     1    0.003816    0.080793    0.105274    0.995982 ^ _268_/Y (sg13g2_a21oi_1)
                                                         _084_ (net)
                      0.080793    0.000152    0.996135 ^ _269_/B (sg13g2_nor2_1)
     1    0.006108    0.050922    0.055045    1.051180 v _269_/Y (sg13g2_nor2_1)
                                                         net4 (net)
                      0.050923    0.000423    1.051603 v output4/A (sg13g2_buf_1)
     1    0.013014    0.049373    0.095838    1.147442 v output4/X (sg13g2_buf_1)
                                                         DATA[11] (net)
                      0.049380    0.000615    1.148056 v DATA[11] (out)
                                              1.148056   data arrival time

                                  5.000000    5.000000   clock clk (rise edge)
                                  0.000000    5.000000   clock network delay (propagated)
                                 -0.150000    4.850000   clock uncertainty
                                  0.000000    4.850000   clock reconvergence pessimism
                                 -1.000000    3.850000   output external delay
                                              3.850000   data required time
---------------------------------------------------------------------------------------------
                                              3.850000   data required time
                                             -1.148056   data arrival time
---------------------------------------------------------------------------------------------
                                              2.701944   slack (MET)


Startpoint: _290_ (rising edge-triggered flip-flop clocked by clk)
Endpoint: DATA[4] (output port clocked by clk)
Path Group: clk
Path Type: max

Fanout         Cap        Slew       Delay        Time   Description
---------------------------------------------------------------------------------------------
                                  0.000000    0.000000   clock clk (rise edge)
                                  0.000000    0.000000   clock source latency
     1    0.021221    0.000000    0.000000    0.000000 ^ clk (in)
                                                         clk (net)
                      0.003114    0.001557    0.001557 ^ clkbuf_0_clk/A (sg13g2_buf_16)
     2    0.040803    0.022872    0.055763    0.057320 ^ clkbuf_0_clk/X (sg13g2_buf_16)
                                                         clknet_0_clk (net)
                      0.022914    0.001691    0.059011 ^ clkbuf_1_0__f_clk/A (sg13g2_buf_16)
     5    0.020498    0.019235    0.061856    0.120867 ^ clkbuf_1_0__f_clk/X (sg13g2_buf_16)
                                                         clknet_1_0__leaf_clk (net)
                      0.019237    0.000414    0.121281 ^ _290_/CLK (sg13g2_dfrbpq_1)
     4    0.021489    0.073610    0.203166    0.324448 v _290_/Q (sg13g2_dfrbpq_1)
                                                         DPATH.SUM.fa_2.A (net)
                      0.073652    0.001617    0.326064 v fanout37/A (sg13g2_buf_1)
     8    0.038798    0.125028    0.164358    0.490423 v fanout37/X (sg13g2_buf_1)
                                                         net37 (net)
                      0.125147    0.002649    0.493072 v _156_/B (sg13g2_nor2_1)
     5    0.025223    0.224079    0.225031    0.718103 ^ _156_/Y (sg13g2_nor2_1)
                                                         _106_ (net)
                      0.224089    0.001252    0.719355 ^ _201_/A (sg13g2_nor2b_1)
     3    0.017407    0.108121    0.139041    0.858396 v _201_/Y (sg13g2_nor2b_1)
                                                         _028_ (net)
                      0.108165    0.001948    0.860344 v _258_/C (sg13g2_nor3_1)
     1    0.004931    0.109926    0.118653    0.978997 ^ _258_/Y (sg13g2_nor3_1)
                                                         net14 (net)
                      0.109927    0.000491    0.979488 ^ output14/A (sg13g2_buf_1)
     1    0.015015    0.070564    0.127704    1.107192 ^ output14/X (sg13g2_buf_1)
                                                         DATA[4] (net)
                      0.070570    0.000730    1.107922 ^ DATA[4] (out)
                                              1.107922   data arrival time

                                  5.000000    5.000000   clock clk (rise edge)
                                  0.000000    5.000000   clock network delay (propagated)
                                 -0.150000    4.850000   clock uncertainty
                                  0.000000    4.850000   clock reconvergence pessimism
                                 -1.000000    3.850000   output external delay
                                              3.850000   data required time
---------------------------------------------------------------------------------------------
                                              3.850000   data required time
                                             -1.107922   data arrival time
---------------------------------------------------------------------------------------------
                                              2.742078   slack (MET)


Startpoint: _291_ (rising edge-triggered flip-flop clocked by clk)
Endpoint: DATA[7] (output port clocked by clk)
Path Group: clk
Path Type: max

Fanout         Cap        Slew       Delay        Time   Description
---------------------------------------------------------------------------------------------
                                  0.000000    0.000000   clock clk (rise edge)
                                  0.000000    0.000000   clock source latency
     1    0.021221    0.000000    0.000000    0.000000 ^ clk (in)
                                                         clk (net)
                      0.003114    0.001557    0.001557 ^ clkbuf_0_clk/A (sg13g2_buf_16)
     2    0.040803    0.022872    0.055763    0.057320 ^ clkbuf_0_clk/X (sg13g2_buf_16)
                                                         clknet_0_clk (net)
                      0.022914    0.001691    0.059011 ^ clkbuf_1_0__f_clk/A (sg13g2_buf_16)
     5    0.020498    0.019235    0.061856    0.120867 ^ clkbuf_1_0__f_clk/X (sg13g2_buf_16)
                                                         clknet_1_0__leaf_clk (net)
                      0.019237    0.000426    0.121293 ^ _291_/CLK (sg13g2_dfrbpq_1)
     1    0.006829    0.038067    0.173430    0.294723 ^ _291_/Q (sg13g2_dfrbpq_1)
                                                         DPATH.SUM.fa_3.A (net)
                      0.038074    0.000482    0.295205 ^ fanout35/A (sg13g2_buf_1)
     5    0.029963    0.128024    0.140771    0.435976 ^ fanout35/X (sg13g2_buf_1)
                                                         net35 (net)
                      0.128050    0.001525    0.437501 ^ fanout32/A (sg13g2_buf_1)
     8    0.043361    0.181355    0.211946    0.649447 ^ fanout32/X (sg13g2_buf_1)
                                                         net32 (net)
                      0.181448    0.003397    0.652844 ^ _201_/B_N (sg13g2_nor2b_1)
     3    0.017757    0.171920    0.225784    0.878629 ^ _201_/Y (sg13g2_nor2b_1)
                                                         _028_ (net)
                      0.171957    0.002120    0.880749 ^ _263_/A2 (sg13g2_a21oi_1)
     1    0.003145    0.060991    0.102051    0.982799 v _263_/Y (sg13g2_a21oi_1)
                                                         net17 (net)
                      0.060991    0.000124    0.982923 v output17/A (sg13g2_buf_1)
     1    0.013042    0.049679    0.100180    1.083103 v output17/X (sg13g2_buf_1)
                                                         DATA[7] (net)
                      0.049688    0.000662    1.083765 v DATA[7] (out)
                                              1.083765   data arrival time

                                  5.000000    5.000000   clock clk (rise edge)
                                  0.000000    5.000000   clock network delay (propagated)
                                 -0.150000    4.850000   clock uncertainty
                                  0.000000    4.850000   clock reconvergence pessimism
                                 -1.000000    3.850000   output external delay
                                              3.850000   data required time
---------------------------------------------------------------------------------------------
                                              3.850000   data required time
                                             -1.083765   data arrival time
---------------------------------------------------------------------------------------------
                                              2.766235   slack (MET)


Startpoint: _291_ (rising edge-triggered flip-flop clocked by clk)
Endpoint: DATA[6] (output port clocked by clk)
Path Group: clk
Path Type: max

Fanout         Cap        Slew       Delay        Time   Description
---------------------------------------------------------------------------------------------
                                  0.000000    0.000000   clock clk (rise edge)
                                  0.000000    0.000000   clock source latency
     1    0.021221    0.000000    0.000000    0.000000 ^ clk (in)
                                                         clk (net)
                      0.003114    0.001557    0.001557 ^ clkbuf_0_clk/A (sg13g2_buf_16)
     2    0.040803    0.022872    0.055763    0.057320 ^ clkbuf_0_clk/X (sg13g2_buf_16)
                                                         clknet_0_clk (net)
                      0.022914    0.001691    0.059011 ^ clkbuf_1_0__f_clk/A (sg13g2_buf_16)
     5    0.020498    0.019235    0.061856    0.120867 ^ clkbuf_1_0__f_clk/X (sg13g2_buf_16)
                                                         clknet_1_0__leaf_clk (net)
                      0.019237    0.000426    0.121293 ^ _291_/CLK (sg13g2_dfrbpq_1)
     1    0.006790    0.030030    0.168498    0.289792 v _291_/Q (sg13g2_dfrbpq_1)
                                                         DPATH.SUM.fa_3.A (net)
                      0.030060    0.000478    0.290270 v fanout35/A (sg13g2_buf_1)
     5    0.029684    0.097521    0.125615    0.415885 v fanout35/X (sg13g2_buf_1)
                                                         net35 (net)
                      0.097586    0.002107    0.417991 v fanout34/A (sg13g2_buf_1)
     8    0.039446    0.127050    0.176440    0.594431 v fanout34/X (sg13g2_buf_1)
                                                         net34 (net)
                      0.127195    0.003040    0.597471 v _210_/A (sg13g2_nor2_1)
     4    0.018361    0.171616    0.181853    0.779325 ^ _210_/Y (sg13g2_nor2_1)
                                                         _037_ (net)
                      0.171663    0.000627    0.779952 ^ _211_/A (sg13g2_inv_1)
     1    0.004878    0.046598    0.067399    0.847350 v _211_/Y (sg13g2_inv_1)
                                                         _038_ (net)
                      0.046602    0.000355    0.847706 v _262_/A2 (sg13g2_a21oi_1)
     1    0.009114    0.103439    0.113032    0.960738 ^ _262_/Y (sg13g2_a21oi_1)
                                                         net16 (net)
                      0.103449    0.000800    0.961538 ^ output16/A (sg13g2_buf_1)
     1    0.011811    0.058113    0.116526    1.078064 ^ output16/X (sg13g2_buf_1)
                                                         DATA[6] (net)
                      0.058117    0.000524    1.078588 ^ DATA[6] (out)
                                              1.078588   data arrival time

                                  5.000000    5.000000   clock clk (rise edge)
                                  0.000000    5.000000   clock network delay (propagated)
                                 -0.150000    4.850000   clock uncertainty
                                  0.000000    4.850000   clock reconvergence pessimism
                                 -1.000000    3.850000   output external delay
                                              3.850000   data required time
---------------------------------------------------------------------------------------------
                                              3.850000   data required time
                                             -1.078588   data arrival time
---------------------------------------------------------------------------------------------
                                              2.771412   slack (MET)


Startpoint: _291_ (rising edge-triggered flip-flop clocked by clk)
Endpoint: DATA[17] (output port clocked by clk)
Path Group: clk
Path Type: max

Fanout         Cap        Slew       Delay        Time   Description
---------------------------------------------------------------------------------------------
                                  0.000000    0.000000   clock clk (rise edge)
                                  0.000000    0.000000   clock source latency
     1    0.021221    0.000000    0.000000    0.000000 ^ clk (in)
                                                         clk (net)
                      0.003114    0.001557    0.001557 ^ clkbuf_0_clk/A (sg13g2_buf_16)
     2    0.040803    0.022872    0.055763    0.057320 ^ clkbuf_0_clk/X (sg13g2_buf_16)
                                                         clknet_0_clk (net)
                      0.022914    0.001691    0.059011 ^ clkbuf_1_0__f_clk/A (sg13g2_buf_16)
     5    0.020498    0.019235    0.061856    0.120867 ^ clkbuf_1_0__f_clk/X (sg13g2_buf_16)
                                                         clknet_1_0__leaf_clk (net)
                      0.019237    0.000426    0.121293 ^ _291_/CLK (sg13g2_dfrbpq_1)
     1    0.006790    0.030030    0.168498    0.289792 v _291_/Q (sg13g2_dfrbpq_1)
                                                         DPATH.SUM.fa_3.A (net)
                      0.030060    0.000478    0.290270 v fanout35/A (sg13g2_buf_1)
     5    0.029684    0.097521    0.125615    0.415885 v fanout35/X (sg13g2_buf_1)
                                                         net35 (net)
                      0.097586    0.002107    0.417991 v fanout34/A (sg13g2_buf_1)
     8    0.039446    0.127050    0.176440    0.594431 v fanout34/X (sg13g2_buf_1)
                                                         net34 (net)
                      0.127193    0.003004    0.597435 v _160_/A (sg13g2_nor2_1)
     4    0.025015    0.221389    0.223374    0.820809 ^ _160_/Y (sg13g2_nor2_1)
                                                         _110_ (net)
                      0.221404    0.001504    0.822313 ^ _276_/B (sg13g2_nand2b_1)
     1    0.004303    0.060817    0.100648    0.922961 v _276_/Y (sg13g2_nand2b_1)
                                                         _086_ (net)
                      0.060818    0.000308    0.923268 v _277_/C (sg13g2_nand3_1)
     1    0.002885    0.048657    0.053825    0.977093 ^ _277_/Y (sg13g2_nand3_1)
                                                         net10 (net)
                      0.048658    0.000219    0.977312 ^ output10/A (sg13g2_buf_1)
     1    0.011233    0.054601    0.092327    1.069639 ^ output10/X (sg13g2_buf_1)
                                                         DATA[17] (net)
                      0.054604    0.000487    1.070126 ^ DATA[17] (out)
                                              1.070126   data arrival time

                                  5.000000    5.000000   clock clk (rise edge)
                                  0.000000    5.000000   clock network delay (propagated)
                                 -0.150000    4.850000   clock uncertainty
                                  0.000000    4.850000   clock reconvergence pessimism
                                 -1.000000    3.850000   output external delay
                                              3.850000   data required time
---------------------------------------------------------------------------------------------
                                              3.850000   data required time
                                             -1.070126   data arrival time
---------------------------------------------------------------------------------------------
                                              2.779874   slack (MET)


Startpoint: _289_ (rising edge-triggered flip-flop clocked by clk)
Endpoint: _294_ (rising edge-triggered flip-flop clocked by clk)
Path Group: clk
Path Type: max

Fanout         Cap        Slew       Delay        Time   Description
---------------------------------------------------------------------------------------------
                                  0.000000    0.000000   clock clk (rise edge)
                                  0.000000    0.000000   clock source latency
     1    0.021221    0.000000    0.000000    0.000000 ^ clk (in)
                                                         clk (net)
                      0.003114    0.001557    0.001557 ^ clkbuf_0_clk/A (sg13g2_buf_16)
     2    0.040803    0.022872    0.055763    0.057320 ^ clkbuf_0_clk/X (sg13g2_buf_16)
                                                         clknet_0_clk (net)
                      0.022914    0.001691    0.059011 ^ clkbuf_1_0__f_clk/A (sg13g2_buf_16)
     5    0.020498    0.019235    0.061856    0.120867 ^ clkbuf_1_0__f_clk/X (sg13g2_buf_16)
                                                         clknet_1_0__leaf_clk (net)
                      0.019235    0.000152    0.121019 ^ _289_/CLK (sg13g2_dfrbpq_1)
     1    0.005540    0.033328    0.169719    0.290738 ^ _289_/Q (sg13g2_dfrbpq_1)
                                                         DPATH.SUM.fa_1.A (net)
                      0.033328    0.000390    0.291128 ^ fanout39/A (sg13g2_buf_1)
     8    0.049456    0.206179    0.193312    0.484440 ^ fanout39/X (sg13g2_buf_1)
                                                         net39 (net)
                      0.206220    0.002409    0.486849 ^ fanout38/A (sg13g2_buf_1)
     8    0.037767    0.159916    0.216489    0.703337 ^ fanout38/X (sg13g2_buf_1)
                                                         net38 (net)
                      0.159930    0.001577    0.704914 ^ _137_/B (sg13g2_xnor2_1)
     2    0.009987    0.091560    0.127813    0.832727 v _137_/Y (sg13g2_xnor2_1)
                                                         _091_ (net)
                      0.091560    0.000288    0.833014 v _138_/A2 (sg13g2_o21ai_1)
     2    0.013384    0.170413    0.176026    1.009041 ^ _138_/Y (sg13g2_o21ai_1)
                                                         _092_ (net)
                      0.170479    0.000918    1.009958 ^ _140_/A1 (sg13g2_a21oi_1)
     2    0.011204    0.104079    0.143009    1.152967 v _140_/Y (sg13g2_a21oi_1)
                                                         _094_ (net)
                      0.104079    0.000306    1.153273 v _144_/A1 (sg13g2_o21ai_1)
     2    0.013458    0.166789    0.186529    1.339802 ^ _144_/Y (sg13g2_o21ai_1)
                                                         _097_ (net)
                      0.166795    0.000819    1.340622 ^ _148_/A1 (sg13g2_a21oi_1)
     2    0.012536    0.110700    0.149105    1.489726 v _148_/Y (sg13g2_a21oi_1)
                                                         _100_ (net)
                      0.110700    0.000372    1.490098 v _152_/A1 (sg13g2_o21ai_1)
     1    0.008442    0.122018    0.152391    1.642489 ^ _152_/Y (sg13g2_o21ai_1)
                                                         _103_ (net)
                      0.122020    0.000648    1.643137 ^ _154_/A (sg13g2_xnor2_1)
     1    0.003562    0.073411    0.118757    1.761894 ^ _154_/Y (sg13g2_xnor2_1)
                                                         DPATH.SUM.fa_6.S (net)
                      0.073412    0.000210    1.762105 ^ _294_/D (sg13g2_dfrbpq_1)
                                              1.762105   data arrival time

                                  5.000000    5.000000   clock clk (rise edge)
                                  0.000000    5.000000   clock source latency
     1    0.018548    0.000000    0.000000    5.000000 ^ clk (in)
                                                         clk (net)
                      0.002685    0.001342    5.001343 ^ clkbuf_0_clk/A (sg13g2_buf_16)
     2    0.035457    0.021675    0.054636    5.055979 ^ clkbuf_0_clk/X (sg13g2_buf_16)
                                                         clknet_0_clk (net)
                      0.021754    0.002180    5.058158 ^ clkbuf_1_1__f_clk/A (sg13g2_buf_16)
     5    0.022947    0.019747    0.061667    5.119825 ^ clkbuf_1_1__f_clk/X (sg13g2_buf_16)
                                                         clknet_1_1__leaf_clk (net)
                      0.019767    0.001197    5.121022 ^ _294_/CLK (sg13g2_dfrbpq_1)
                                 -0.150000    4.971023   clock uncertainty
                                  0.001341    4.972363   clock reconvergence pessimism
                                 -0.130124    4.842240   library setup time
                                              4.842240   data required time
---------------------------------------------------------------------------------------------
                                              4.842240   data required time
                                             -1.762105   data arrival time
---------------------------------------------------------------------------------------------
                                              3.080135   slack (MET)


Startpoint: _289_ (rising edge-triggered flip-flop clocked by clk)
Endpoint: _293_ (rising edge-triggered flip-flop clocked by clk)
Path Group: clk
Path Type: max

Fanout         Cap        Slew       Delay        Time   Description
---------------------------------------------------------------------------------------------
                                  0.000000    0.000000   clock clk (rise edge)
                                  0.000000    0.000000   clock source latency
     1    0.021221    0.000000    0.000000    0.000000 ^ clk (in)
                                                         clk (net)
                      0.003114    0.001557    0.001557 ^ clkbuf_0_clk/A (sg13g2_buf_16)
     2    0.040803    0.022872    0.055763    0.057320 ^ clkbuf_0_clk/X (sg13g2_buf_16)
                                                         clknet_0_clk (net)
                      0.022914    0.001691    0.059011 ^ clkbuf_1_0__f_clk/A (sg13g2_buf_16)
     5    0.020498    0.019235    0.061856    0.120867 ^ clkbuf_1_0__f_clk/X (sg13g2_buf_16)
                                                         clknet_1_0__leaf_clk (net)
                      0.019235    0.000152    0.121019 ^ _289_/CLK (sg13g2_dfrbpq_1)
     1    0.005540    0.033328    0.169719    0.290738 ^ _289_/Q (sg13g2_dfrbpq_1)
                                                         DPATH.SUM.fa_1.A (net)
                      0.033328    0.000390    0.291128 ^ fanout39/A (sg13g2_buf_1)
     8    0.049456    0.206179    0.193312    0.484440 ^ fanout39/X (sg13g2_buf_1)
                                                         net39 (net)
                      0.206220    0.002409    0.486849 ^ fanout38/A (sg13g2_buf_1)
     8    0.037767    0.159916    0.216489    0.703337 ^ fanout38/X (sg13g2_buf_1)
                                                         net38 (net)
                      0.159930    0.001577    0.704914 ^ _137_/B (sg13g2_xnor2_1)
     2    0.009987    0.091560    0.127813    0.832727 v _137_/Y (sg13g2_xnor2_1)
                                                         _091_ (net)
                      0.091560    0.000288    0.833014 v _138_/A2 (sg13g2_o21ai_1)
     2    0.013384    0.170413    0.176026    1.009041 ^ _138_/Y (sg13g2_o21ai_1)
                                                         _092_ (net)
                      0.170479    0.000918    1.009958 ^ _140_/A1 (sg13g2_a21oi_1)
     2    0.011204    0.104079    0.143009    1.152967 v _140_/Y (sg13g2_a21oi_1)
                                                         _094_ (net)
                      0.104079    0.000306    1.153273 v _144_/A1 (sg13g2_o21ai_1)
     2    0.013458    0.166789    0.186529    1.339802 ^ _144_/Y (sg13g2_o21ai_1)
                                                         _097_ (net)
                      0.166795    0.000819    1.340622 ^ _148_/A1 (sg13g2_a21oi_1)
     2    0.012536    0.110700    0.149105    1.489726 v _148_/Y (sg13g2_a21oi_1)
                                                         _100_ (net)
                      0.110700    0.000418    1.490144 v _151_/A (sg13g2_xor2_1)
     1    0.002684    0.059382    0.124830    1.614974 v _151_/X (sg13g2_xor2_1)
                                                         DPATH.SUM.fa_5.S (net)
                      0.059382    0.000103    1.615078 v _293_/D (sg13g2_dfrbpq_1)
                                              1.615078   data arrival time

                                  5.000000    5.000000   clock clk (rise edge)
                                  0.000000    5.000000   clock source latency
     1    0.018548    0.000000    0.000000    5.000000 ^ clk (in)
                                                         clk (net)
                      0.002685    0.001342    5.001343 ^ clkbuf_0_clk/A (sg13g2_buf_16)
     2    0.035457    0.021675    0.054636    5.055979 ^ clkbuf_0_clk/X (sg13g2_buf_16)
                                                         clknet_0_clk (net)
                      0.021754    0.002180    5.058158 ^ clkbuf_1_1__f_clk/A (sg13g2_buf_16)
     5    0.022947    0.019747    0.061667    5.119825 ^ clkbuf_1_1__f_clk/X (sg13g2_buf_16)
                                                         clknet_1_1__leaf_clk (net)
                      0.019773    0.001363    5.121188 ^ _293_/CLK (sg13g2_dfrbpq_1)
                                 -0.150000    4.971188   clock uncertainty
                                  0.001341    4.972529   clock reconvergence pessimism
                                 -0.126869    4.845661   library setup time
                                              4.845661   data required time
---------------------------------------------------------------------------------------------
                                              4.845661   data required time
                                             -1.615078   data arrival time
---------------------------------------------------------------------------------------------
                                              3.230582   slack (MET)


Startpoint: _295_ (rising edge-triggered flip-flop clocked by clk)
Endpoint: o_signB (output port clocked by clk)
Path Group: clk
Path Type: max

Fanout         Cap        Slew       Delay        Time   Description
---------------------------------------------------------------------------------------------
                                  0.000000    0.000000   clock clk (rise edge)
                                  0.000000    0.000000   clock source latency
     1    0.021221    0.000000    0.000000    0.000000 ^ clk (in)
                                                         clk (net)
                      0.003114    0.001557    0.001557 ^ clkbuf_0_clk/A (sg13g2_buf_16)
     2    0.040803    0.022872    0.055763    0.057320 ^ clkbuf_0_clk/X (sg13g2_buf_16)
                                                         clknet_0_clk (net)
                      0.023009    0.002517    0.059837 ^ clkbuf_1_1__f_clk/A (sg13g2_buf_16)
     5    0.025426    0.020374    0.062725    0.122562 ^ clkbuf_1_1__f_clk/X (sg13g2_buf_16)
                                                         clknet_1_1__leaf_clk (net)
                      0.020400    0.001358    0.123920 ^ _295_/CLK (sg13g2_dfrbpq_1)
     3    0.014558    0.052775    0.187560    0.311480 v _295_/Q (sg13g2_dfrbpq_1)
                                                         net20 (net)
                      0.052814    0.001295    0.312775 v _133_/A (sg13g2_inv_1)
     1    0.004315    0.031539    0.039961    0.352736 ^ _133_/Y (sg13g2_inv_1)
                                                         net21 (net)
                      0.031540    0.000270    0.353006 ^ output21/A (sg13g2_buf_1)
     1    0.037110    0.156834    0.156841    0.509847 ^ output21/X (sg13g2_buf_1)
                                                         o_signB (net)
                      0.156966    0.003755    0.513602 ^ o_signB (out)
                                              0.513602   data arrival time

                                  5.000000    5.000000   clock clk (rise edge)
                                  0.000000    5.000000   clock network delay (propagated)
                                 -0.150000    4.850000   clock uncertainty
                                  0.000000    4.850000   clock reconvergence pessimism
                                 -1.000000    3.850000   output external delay
                                              3.850000   data required time
---------------------------------------------------------------------------------------------
                                              3.850000   data required time
                                             -0.513602   data arrival time
---------------------------------------------------------------------------------------------
                                              3.336398   slack (MET)


Startpoint: _290_ (rising edge-triggered flip-flop clocked by clk)
Endpoint: _296_ (rising edge-triggered flip-flop clocked by clk)
Path Group: clk
Path Type: max

Fanout         Cap        Slew       Delay        Time   Description
---------------------------------------------------------------------------------------------
                                  0.000000    0.000000   clock clk (rise edge)
                                  0.000000    0.000000   clock source latency
     1    0.021221    0.000000    0.000000    0.000000 ^ clk (in)
                                                         clk (net)
                      0.003114    0.001557    0.001557 ^ clkbuf_0_clk/A (sg13g2_buf_16)
     2    0.040803    0.022872    0.055763    0.057320 ^ clkbuf_0_clk/X (sg13g2_buf_16)
                                                         clknet_0_clk (net)
                      0.022914    0.001691    0.059011 ^ clkbuf_1_0__f_clk/A (sg13g2_buf_16)
     5    0.020498    0.019235    0.061856    0.120867 ^ clkbuf_1_0__f_clk/X (sg13g2_buf_16)
                                                         clknet_1_0__leaf_clk (net)
                      0.019237    0.000414    0.121281 ^ _290_/CLK (sg13g2_dfrbpq_1)
     4    0.021666    0.094890    0.215605    0.336887 ^ _290_/Q (sg13g2_dfrbpq_1)
                                                         DPATH.SUM.fa_2.A (net)
                      0.094920    0.001633    0.338520 ^ fanout37/A (sg13g2_buf_1)
     8    0.040745    0.171383    0.194812    0.533332 ^ fanout37/X (sg13g2_buf_1)
                                                         net37 (net)
                      0.171411    0.001815    0.535147 ^ fanout36/A (sg13g2_buf_1)
     8    0.045211    0.189765    0.228117    0.763264 ^ fanout36/X (sg13g2_buf_1)
                                                         net36 (net)
                      0.189988    0.005343    0.768607 ^ _164_/B (sg13g2_and2_1)
     5    0.022216    0.101868    0.192616    0.961223 ^ _164_/X (sg13g2_and2_1)
                                                         _113_ (net)
                      0.101879    0.001085    0.962307 ^ _166_/B (sg13g2_nand2_1)
     4    0.021077    0.157220    0.154607    1.116915 v _166_/Y (sg13g2_nand2_1)
                                                         _115_ (net)
                      0.157248    0.001918    1.118833 v _168_/A (sg13g2_nor2_1)
     2    0.012365    0.136284    0.150988    1.269821 ^ _168_/Y (sg13g2_nor2_1)
                                                         _117_ (net)
                      0.136292    0.000892    1.270713 ^ _170_/A1 (sg13g2_a21o_1)
     1    0.004448    0.035724    0.140578    1.411291 ^ _170_/X (sg13g2_a21o_1)
                                                         _119_ (net)
                      0.035724    0.000319    1.411610 ^ _171_/B (sg13g2_and2_1)
     1    0.003461    0.029808    0.085187    1.496798 ^ _171_/X (sg13g2_and2_1)
                                                         CTRL.P0 (net)
                      0.029808    0.000200    1.496998 ^ _296_/D (sg13g2_dfrbpq_1)
                                              1.496998   data arrival time

                                  5.000000    5.000000   clock clk (rise edge)
                                  0.000000    5.000000   clock source latency
     1    0.018548    0.000000    0.000000    5.000000 ^ clk (in)
                                                         clk (net)
                      0.002685    0.001342    5.001343 ^ clkbuf_0_clk/A (sg13g2_buf_16)
     2    0.035457    0.021675    0.054636    5.055979 ^ clkbuf_0_clk/X (sg13g2_buf_16)
                                                         clknet_0_clk (net)
                      0.021754    0.002180    5.058158 ^ clkbuf_1_1__f_clk/A (sg13g2_buf_16)
     5    0.022947    0.019747    0.061667    5.119825 ^ clkbuf_1_1__f_clk/X (sg13g2_buf_16)
                                                         clknet_1_1__leaf_clk (net)
                      0.019765    0.001149    5.120975 ^ _296_/CLK (sg13g2_dfrbpq_1)
                                 -0.150000    4.970974   clock uncertainty
                                  0.001341    4.972316   clock reconvergence pessimism
                                 -0.115953    4.856363   library setup time
                                              4.856363   data required time
---------------------------------------------------------------------------------------------
                                              4.856363   data required time
                                             -1.496998   data arrival time
---------------------------------------------------------------------------------------------
                                              3.359365   slack (MET)


Startpoint: _295_ (rising edge-triggered flip-flop clocked by clk)
Endpoint: o_sign (output port clocked by clk)
Path Group: clk
Path Type: max

Fanout         Cap        Slew       Delay        Time   Description
---------------------------------------------------------------------------------------------
                                  0.000000    0.000000   clock clk (rise edge)
                                  0.000000    0.000000   clock source latency
     1    0.021221    0.000000    0.000000    0.000000 ^ clk (in)
                                                         clk (net)
                      0.003114    0.001557    0.001557 ^ clkbuf_0_clk/A (sg13g2_buf_16)
     2    0.040803    0.022872    0.055763    0.057320 ^ clkbuf_0_clk/X (sg13g2_buf_16)
                                                         clknet_0_clk (net)
                      0.023009    0.002517    0.059837 ^ clkbuf_1_1__f_clk/A (sg13g2_buf_16)
     5    0.025426    0.020374    0.062725    0.122562 ^ clkbuf_1_1__f_clk/X (sg13g2_buf_16)
                                                         clknet_1_1__leaf_clk (net)
                      0.020400    0.001358    0.123920 ^ _295_/CLK (sg13g2_dfrbpq_1)
     3    0.014628    0.067676    0.196319    0.320239 ^ _295_/Q (sg13g2_dfrbpq_1)
                                                         net20 (net)
                      0.067688    0.000935    0.321174 ^ output20/A (sg13g2_buf_1)
     1    0.034262    0.145476    0.164967    0.486141 ^ output20/X (sg13g2_buf_1)
                                                         o_sign (net)
                      0.145574    0.003116    0.489257 ^ o_sign (out)
                                              0.489257   data arrival time

                                  5.000000    5.000000   clock clk (rise edge)
                                  0.000000    5.000000   clock network delay (propagated)
                                 -0.150000    4.850000   clock uncertainty
                                  0.000000    4.850000   clock reconvergence pessimism
                                 -1.000000    3.850000   output external delay
                                              3.850000   data required time
---------------------------------------------------------------------------------------------
                                              3.850000   data required time
                                             -0.489257   data arrival time
---------------------------------------------------------------------------------------------
                                              3.360743   slack (MET)


Startpoint: _289_ (rising edge-triggered flip-flop clocked by clk)
Endpoint: _292_ (rising edge-triggered flip-flop clocked by clk)
Path Group: clk
Path Type: max

Fanout         Cap        Slew       Delay        Time   Description
---------------------------------------------------------------------------------------------
                                  0.000000    0.000000   clock clk (rise edge)
                                  0.000000    0.000000   clock source latency
     1    0.021221    0.000000    0.000000    0.000000 ^ clk (in)
                                                         clk (net)
                      0.003114    0.001557    0.001557 ^ clkbuf_0_clk/A (sg13g2_buf_16)
     2    0.040803    0.022872    0.055763    0.057320 ^ clkbuf_0_clk/X (sg13g2_buf_16)
                                                         clknet_0_clk (net)
                      0.022914    0.001691    0.059011 ^ clkbuf_1_0__f_clk/A (sg13g2_buf_16)
     5    0.020498    0.019235    0.061856    0.120867 ^ clkbuf_1_0__f_clk/X (sg13g2_buf_16)
                                                         clknet_1_0__leaf_clk (net)
                      0.019235    0.000152    0.121019 ^ _289_/CLK (sg13g2_dfrbpq_1)
     1    0.005540    0.033328    0.169719    0.290738 ^ _289_/Q (sg13g2_dfrbpq_1)
                                                         DPATH.SUM.fa_1.A (net)
                      0.033328    0.000390    0.291128 ^ fanout39/A (sg13g2_buf_1)
     8    0.049456    0.206179    0.193312    0.484440 ^ fanout39/X (sg13g2_buf_1)
                                                         net39 (net)
                      0.206220    0.002409    0.486849 ^ fanout38/A (sg13g2_buf_1)
     8    0.037767    0.159916    0.216489    0.703337 ^ fanout38/X (sg13g2_buf_1)
                                                         net38 (net)
                      0.159930    0.001577    0.704914 ^ _137_/B (sg13g2_xnor2_1)
     2    0.009987    0.091560    0.127813    0.832727 v _137_/Y (sg13g2_xnor2_1)
                                                         _091_ (net)
                      0.091560    0.000288    0.833014 v _138_/A2 (sg13g2_o21ai_1)
     2    0.013384    0.170413    0.176026    1.009041 ^ _138_/Y (sg13g2_o21ai_1)
                                                         _092_ (net)
                      0.170479    0.000918    1.009958 ^ _140_/A1 (sg13g2_a21oi_1)
     2    0.011204    0.104079    0.143009    1.152967 v _140_/Y (sg13g2_a21oi_1)
                                                         _094_ (net)
                      0.104079    0.000306    1.153273 v _144_/A1 (sg13g2_o21ai_1)
     2    0.013458    0.166789    0.186529    1.339802 ^ _144_/Y (sg13g2_o21ai_1)
                                                         _097_ (net)
                      0.166797    0.000945    1.340747 ^ _147_/A (sg13g2_xor2_1)
     1    0.002113    0.058332    0.137864    1.478611 ^ _147_/X (sg13g2_xor2_1)
                                                         DPATH.SUM.fa_4.S (net)
                      0.058332    0.000081    1.478692 ^ _292_/D (sg13g2_dfrbpq_1)
                                              1.478692   data arrival time

                                  5.000000    5.000000   clock clk (rise edge)
                                  0.000000    5.000000   clock source latency
     1    0.018548    0.000000    0.000000    5.000000 ^ clk (in)
                                                         clk (net)
                      0.002685    0.001342    5.001343 ^ clkbuf_0_clk/A (sg13g2_buf_16)
     2    0.035457    0.021675    0.054636    5.055979 ^ clkbuf_0_clk/X (sg13g2_buf_16)
                                                         clknet_0_clk (net)
                      0.021706    0.001461    5.057440 ^ clkbuf_1_0__f_clk/A (sg13g2_buf_16)
     5    0.018261    0.018660    0.060841    5.118281 ^ clkbuf_1_0__f_clk/X (sg13g2_buf_16)
                                                         clknet_1_0__leaf_clk (net)
                      0.018664    0.000532    5.118813 ^ _292_/CLK (sg13g2_dfrbpq_1)
                                 -0.150000    4.968813   clock uncertainty
                                  0.002586    4.971399   clock reconvergence pessimism
                                 -0.125386    4.846013   library setup time
                                              4.846013   data required time
---------------------------------------------------------------------------------------------
                                              4.846013   data required time
                                             -1.478692   data arrival time
---------------------------------------------------------------------------------------------
                                              3.367321   slack (MET)


Startpoint: _289_ (rising edge-triggered flip-flop clocked by clk)
Endpoint: _291_ (rising edge-triggered flip-flop clocked by clk)
Path Group: clk
Path Type: max

Fanout         Cap        Slew       Delay        Time   Description
---------------------------------------------------------------------------------------------
                                  0.000000    0.000000   clock clk (rise edge)
                                  0.000000    0.000000   clock source latency
     1    0.021221    0.000000    0.000000    0.000000 ^ clk (in)
                                                         clk (net)
                      0.003114    0.001557    0.001557 ^ clkbuf_0_clk/A (sg13g2_buf_16)
     2    0.040803    0.022872    0.055763    0.057320 ^ clkbuf_0_clk/X (sg13g2_buf_16)
                                                         clknet_0_clk (net)
                      0.022914    0.001691    0.059011 ^ clkbuf_1_0__f_clk/A (sg13g2_buf_16)
     5    0.020498    0.019235    0.061856    0.120867 ^ clkbuf_1_0__f_clk/X (sg13g2_buf_16)
                                                         clknet_1_0__leaf_clk (net)
                      0.019235    0.000152    0.121019 ^ _289_/CLK (sg13g2_dfrbpq_1)
     1    0.005540    0.033328    0.169719    0.290738 ^ _289_/Q (sg13g2_dfrbpq_1)
                                                         DPATH.SUM.fa_1.A (net)
                      0.033328    0.000390    0.291128 ^ fanout39/A (sg13g2_buf_1)
     8    0.049456    0.206179    0.193312    0.484440 ^ fanout39/X (sg13g2_buf_1)
                                                         net39 (net)
                      0.206220    0.002409    0.486849 ^ fanout38/A (sg13g2_buf_1)
     8    0.037767    0.159916    0.216489    0.703337 ^ fanout38/X (sg13g2_buf_1)
                                                         net38 (net)
                      0.159930    0.001577    0.704914 ^ _137_/B (sg13g2_xnor2_1)
     2    0.009987    0.091560    0.127813    0.832727 v _137_/Y (sg13g2_xnor2_1)
                                                         _091_ (net)
                      0.091560    0.000288    0.833014 v _138_/A2 (sg13g2_o21ai_1)
     2    0.013384    0.170413    0.176026    1.009041 ^ _138_/Y (sg13g2_o21ai_1)
                                                         _092_ (net)
                      0.170479    0.000918    1.009958 ^ _140_/A1 (sg13g2_a21oi_1)
     2    0.011204    0.104079    0.143009    1.152967 v _140_/Y (sg13g2_a21oi_1)
                                                         _094_ (net)
                      0.104079    0.000381    1.153348 v _143_/A (sg13g2_xor2_1)
     1    0.003061    0.059267    0.124197    1.277545 v _143_/X (sg13g2_xor2_1)
                                                         DPATH.SUM.fa_3.S (net)
                      0.059267    0.000190    1.277735 v _291_/D (sg13g2_dfrbpq_1)
                                              1.277735   data arrival time

                                  5.000000    5.000000   clock clk (rise edge)
                                  0.000000    5.000000   clock source latency
     1    0.018548    0.000000    0.000000    5.000000 ^ clk (in)
                                                         clk (net)
                      0.002685    0.001342    5.001343 ^ clkbuf_0_clk/A (sg13g2_buf_16)
     2    0.035457    0.021675    0.054636    5.055979 ^ clkbuf_0_clk/X (sg13g2_buf_16)
                                                         clknet_0_clk (net)
                      0.021706    0.001461    5.057440 ^ clkbuf_1_0__f_clk/A (sg13g2_buf_16)
     5    0.018261    0.018660    0.060841    5.118281 ^ clkbuf_1_0__f_clk/X (sg13g2_buf_16)
                                                         clknet_1_0__leaf_clk (net)
                      0.018662    0.000378    5.118659 ^ _291_/CLK (sg13g2_dfrbpq_1)
                                 -0.150000    4.968659   clock uncertainty
                                  0.002586    4.971245   clock reconvergence pessimism
                                 -0.127111    4.844134   library setup time
                                              4.844134   data required time
---------------------------------------------------------------------------------------------
                                              4.844134   data required time
                                             -1.277735   data arrival time
---------------------------------------------------------------------------------------------
                                              3.566399   slack (MET)


Startpoint: _290_ (rising edge-triggered flip-flop clocked by clk)
Endpoint: _295_ (rising edge-triggered flip-flop clocked by clk)
Path Group: clk
Path Type: max

Fanout         Cap        Slew       Delay        Time   Description
---------------------------------------------------------------------------------------------
                                  0.000000    0.000000   clock clk (rise edge)
                                  0.000000    0.000000   clock source latency
     1    0.021221    0.000000    0.000000    0.000000 ^ clk (in)
                                                         clk (net)
                      0.003114    0.001557    0.001557 ^ clkbuf_0_clk/A (sg13g2_buf_16)
     2    0.040803    0.022872    0.055763    0.057320 ^ clkbuf_0_clk/X (sg13g2_buf_16)
                                                         clknet_0_clk (net)
                      0.022914    0.001691    0.059011 ^ clkbuf_1_0__f_clk/A (sg13g2_buf_16)
     5    0.020498    0.019235    0.061856    0.120867 ^ clkbuf_1_0__f_clk/X (sg13g2_buf_16)
                                                         clknet_1_0__leaf_clk (net)
                      0.019237    0.000414    0.121281 ^ _290_/CLK (sg13g2_dfrbpq_1)
     4    0.021489    0.073610    0.203166    0.324448 v _290_/Q (sg13g2_dfrbpq_1)
                                                         DPATH.SUM.fa_2.A (net)
                      0.073652    0.001617    0.326064 v fanout37/A (sg13g2_buf_1)
     8    0.038798    0.125028    0.164358    0.490423 v fanout37/X (sg13g2_buf_1)
                                                         net37 (net)
                      0.125147    0.002649    0.493072 v _156_/B (sg13g2_nor2_1)
     5    0.025223    0.224079    0.225031    0.718103 ^ _156_/Y (sg13g2_nor2_1)
                                                         _106_ (net)
                      0.224093    0.001464    0.719567 ^ _157_/A (sg13g2_inv_1)
     4    0.016041    0.101031    0.129990    0.849557 v _157_/Y (sg13g2_inv_1)
                                                         _107_ (net)
                      0.101044    0.001039    0.850596 v _158_/B (sg13g2_nor2_1)
     1    0.004412    0.070070    0.081173    0.931769 ^ _158_/Y (sg13g2_nor2_1)
                                                         _108_ (net)
                      0.070070    0.000323    0.932092 ^ _162_/C (sg13g2_nand4_1)
     2    0.015241    0.204811    0.210497    1.142589 v _162_/Y (sg13g2_nand4_1)
                                                         _112_ (net)
                      0.204817    0.000965    1.143553 v _163_/B (sg13g2_xnor2_1)
     1    0.002719    0.047952    0.137947    1.281500 v _163_/Y (sg13g2_xnor2_1)
                                                         CTRL.P1 (net)
                      0.047952    0.000170    1.281670 v _295_/D (sg13g2_dfrbpq_1)
                                              1.281670   data arrival time

                                  5.000000    5.000000   clock clk (rise edge)
                                  0.000000    5.000000   clock source latency
     1    0.018548    0.000000    0.000000    5.000000 ^ clk (in)
                                                         clk (net)
                      0.002685    0.001342    5.001343 ^ clkbuf_0_clk/A (sg13g2_buf_16)
     2    0.035457    0.021675    0.054636    5.055979 ^ clkbuf_0_clk/X (sg13g2_buf_16)
                                                         clknet_0_clk (net)
                      0.021754    0.002180    5.058158 ^ clkbuf_1_1__f_clk/A (sg13g2_buf_16)
     5    0.022947    0.019747    0.061667    5.119825 ^ clkbuf_1_1__f_clk/X (sg13g2_buf_16)
                                                         clknet_1_1__leaf_clk (net)
                      0.019767    0.001215    5.121040 ^ _295_/CLK (sg13g2_dfrbpq_1)
                                 -0.150000    4.971040   clock uncertainty
                                  0.001341    4.972381   clock reconvergence pessimism
                                 -0.122753    4.849627   library setup time
                                              4.849627   data required time
---------------------------------------------------------------------------------------------
                                              4.849627   data required time
                                             -1.281670   data arrival time
---------------------------------------------------------------------------------------------
                                              3.567957   slack (MET)


Startpoint: _289_ (rising edge-triggered flip-flop clocked by clk)
Endpoint: _290_ (rising edge-triggered flip-flop clocked by clk)
Path Group: clk
Path Type: max

Fanout         Cap        Slew       Delay        Time   Description
---------------------------------------------------------------------------------------------
                                  0.000000    0.000000   clock clk (rise edge)
                                  0.000000    0.000000   clock source latency
     1    0.021221    0.000000    0.000000    0.000000 ^ clk (in)
                                                         clk (net)
                      0.003114    0.001557    0.001557 ^ clkbuf_0_clk/A (sg13g2_buf_16)
     2    0.040803    0.022872    0.055763    0.057320 ^ clkbuf_0_clk/X (sg13g2_buf_16)
                                                         clknet_0_clk (net)
                      0.022914    0.001691    0.059011 ^ clkbuf_1_0__f_clk/A (sg13g2_buf_16)
     5    0.020498    0.019235    0.061856    0.120867 ^ clkbuf_1_0__f_clk/X (sg13g2_buf_16)
                                                         clknet_1_0__leaf_clk (net)
                      0.019235    0.000152    0.121019 ^ _289_/CLK (sg13g2_dfrbpq_1)
     1    0.005540    0.033328    0.169719    0.290738 ^ _289_/Q (sg13g2_dfrbpq_1)
                                                         DPATH.SUM.fa_1.A (net)
                      0.033328    0.000390    0.291128 ^ fanout39/A (sg13g2_buf_1)
     8    0.049456    0.206179    0.193312    0.484440 ^ fanout39/X (sg13g2_buf_1)
                                                         net39 (net)
                      0.206220    0.002409    0.486849 ^ fanout38/A (sg13g2_buf_1)
     8    0.037767    0.159916    0.216489    0.703337 ^ fanout38/X (sg13g2_buf_1)
                                                         net38 (net)
                      0.159930    0.001577    0.704914 ^ _137_/B (sg13g2_xnor2_1)
     2    0.009987    0.091560    0.127813    0.832727 v _137_/Y (sg13g2_xnor2_1)
                                                         _091_ (net)
                      0.091560    0.000288    0.833014 v _138_/A2 (sg13g2_o21ai_1)
     2    0.013384    0.170413    0.176026    1.009041 ^ _138_/Y (sg13g2_o21ai_1)
                                                         _092_ (net)
                      0.170478    0.000858    1.009899 ^ _278_/A (sg13g2_xor2_1)
     1    0.002469    0.061300    0.141134    1.151033 ^ _278_/X (sg13g2_xor2_1)
                                                         DPATH.SUM.fa_2.S (net)
                      0.061300    0.000158    1.151191 ^ _290_/D (sg13g2_dfrbpq_1)
                                              1.151191   data arrival time

                                  5.000000    5.000000   clock clk (rise edge)
                                  0.000000    5.000000   clock source latency
     1    0.018548    0.000000    0.000000    5.000000 ^ clk (in)
                                                         clk (net)
                      0.002685    0.001342    5.001343 ^ clkbuf_0_clk/A (sg13g2_buf_16)
     2    0.035457    0.021675    0.054636    5.055979 ^ clkbuf_0_clk/X (sg13g2_buf_16)
                                                         clknet_0_clk (net)
                      0.021706    0.001461    5.057440 ^ clkbuf_1_0__f_clk/A (sg13g2_buf_16)
     5    0.018261    0.018660    0.060841    5.118281 ^ clkbuf_1_0__f_clk/X (sg13g2_buf_16)
                                                         clknet_1_0__leaf_clk (net)
                      0.018662    0.000367    5.118649 ^ _290_/CLK (sg13g2_dfrbpq_1)
                                 -0.150000    4.968648   clock uncertainty
                                  0.002586    4.971234   clock reconvergence pessimism
                                 -0.126351    4.844883   library setup time
                                              4.844883   data required time
---------------------------------------------------------------------------------------------
                                              4.844883   data required time
                                             -1.151191   data arrival time
---------------------------------------------------------------------------------------------
                                              3.693692   slack (MET)


Startpoint: _289_ (rising edge-triggered flip-flop clocked by clk)
Endpoint: _289_ (rising edge-triggered flip-flop clocked by clk)
Path Group: clk
Path Type: max

Fanout         Cap        Slew       Delay        Time   Description
---------------------------------------------------------------------------------------------
                                  0.000000    0.000000   clock clk (rise edge)
                                  0.000000    0.000000   clock source latency
     1    0.021221    0.000000    0.000000    0.000000 ^ clk (in)
                                                         clk (net)
                      0.003114    0.001557    0.001557 ^ clkbuf_0_clk/A (sg13g2_buf_16)
     2    0.040803    0.022872    0.055763    0.057320 ^ clkbuf_0_clk/X (sg13g2_buf_16)
                                                         clknet_0_clk (net)
                      0.022914    0.001691    0.059011 ^ clkbuf_1_0__f_clk/A (sg13g2_buf_16)
     5    0.020498    0.019235    0.061856    0.120867 ^ clkbuf_1_0__f_clk/X (sg13g2_buf_16)
                                                         clknet_1_0__leaf_clk (net)
                      0.019235    0.000152    0.121019 ^ _289_/CLK (sg13g2_dfrbpq_1)
     1    0.005540    0.033328    0.169719    0.290738 ^ _289_/Q (sg13g2_dfrbpq_1)
                                                         DPATH.SUM.fa_1.A (net)
                      0.033328    0.000390    0.291128 ^ fanout39/A (sg13g2_buf_1)
     8    0.049456    0.206179    0.193312    0.484440 ^ fanout39/X (sg13g2_buf_1)
                                                         net39 (net)
                      0.206220    0.002409    0.486849 ^ fanout38/A (sg13g2_buf_1)
     8    0.037767    0.159916    0.216489    0.703337 ^ fanout38/X (sg13g2_buf_1)
                                                         net38 (net)
                      0.159930    0.001577    0.704914 ^ _137_/B (sg13g2_xnor2_1)
     2    0.010935    0.132899    0.158212    0.863126 ^ _137_/Y (sg13g2_xnor2_1)
                                                         _091_ (net)
                      0.132899    0.000361    0.863488 ^ _279_/B (sg13g2_xnor2_1)
     1    0.002077    0.067752    0.113636    0.977123 ^ _279_/Y (sg13g2_xnor2_1)
                                                         DPATH.SUM.fa_1.S (net)
                      0.067752    0.000079    0.977202 ^ _289_/D (sg13g2_dfrbpq_1)
                                              0.977202   data arrival time

                                  5.000000    5.000000   clock clk (rise edge)
                                  0.000000    5.000000   clock source latency
     1    0.018548    0.000000    0.000000    5.000000 ^ clk (in)
                                                         clk (net)
                      0.002685    0.001342    5.001343 ^ clkbuf_0_clk/A (sg13g2_buf_16)
     2    0.035457    0.021675    0.054636    5.055979 ^ clkbuf_0_clk/X (sg13g2_buf_16)
                                                         clknet_0_clk (net)
                      0.021706    0.001461    5.057440 ^ clkbuf_1_0__f_clk/A (sg13g2_buf_16)
     5    0.018261    0.018660    0.060841    5.118281 ^ clkbuf_1_0__f_clk/X (sg13g2_buf_16)
                                                         clknet_1_0__leaf_clk (net)
                      0.018660    0.000133    5.118414 ^ _289_/CLK (sg13g2_dfrbpq_1)
                                 -0.150000    4.968414   clock uncertainty
                                  0.002605    4.971019   clock reconvergence pessimism
                                 -0.128449    4.842570   library setup time
                                              4.842570   data required time
---------------------------------------------------------------------------------------------
                                              4.842570   data required time
                                             -0.977202   data arrival time
---------------------------------------------------------------------------------------------
                                              3.865369   slack (MET)


Startpoint: _288_ (rising edge-triggered flip-flop clocked by clk)
Endpoint: _288_ (rising edge-triggered flip-flop clocked by clk)
Path Group: clk
Path Type: max

Fanout         Cap        Slew       Delay        Time   Description
---------------------------------------------------------------------------------------------
                                  0.000000    0.000000   clock clk (rise edge)
                                  0.000000    0.000000   clock source latency
     1    0.021221    0.000000    0.000000    0.000000 ^ clk (in)
                                                         clk (net)
                      0.003114    0.001557    0.001557 ^ clkbuf_0_clk/A (sg13g2_buf_16)
     2    0.040803    0.022872    0.055763    0.057320 ^ clkbuf_0_clk/X (sg13g2_buf_16)
                                                         clknet_0_clk (net)
                      0.022914    0.001691    0.059011 ^ clkbuf_1_0__f_clk/A (sg13g2_buf_16)
     5    0.020498    0.019235    0.061856    0.120867 ^ clkbuf_1_0__f_clk/X (sg13g2_buf_16)
                                                         clknet_1_0__leaf_clk (net)
                      0.019238    0.000437    0.121304 ^ _288_/CLK (sg13g2_dfrbpq_1)
     1    0.003922    0.027570    0.165056    0.286360 ^ _288_/Q (sg13g2_dfrbpq_1)
                                                         DPATH.SUM.Cout0 (net)
                      0.027570    0.000268    0.286629 ^ fanout41/A (sg13g2_buf_1)
     8    0.049859    0.207127    0.190865    0.477493 ^ fanout41/X (sg13g2_buf_1)
                                                         net41 (net)
                      0.207218    0.003611    0.481104 ^ _132_/A (sg13g2_inv_1)
     8    0.045144    0.173725    0.222946    0.704051 v _132_/Y (sg13g2_inv_1)
                                                         DPATH.SUM.ha_0.S (net)
                      0.173990    0.005570    0.709621 v _288_/D (sg13g2_dfrbpq_1)
                                              0.709621   data arrival time

                                  5.000000    5.000000   clock clk (rise edge)
                                  0.000000    5.000000   clock source latency
     1    0.018548    0.000000    0.000000    5.000000 ^ clk (in)
                                                         clk (net)
                      0.002685    0.001342    5.001343 ^ clkbuf_0_clk/A (sg13g2_buf_16)
     2    0.035457    0.021675    0.054636    5.055979 ^ clkbuf_0_clk/X (sg13g2_buf_16)
                                                         clknet_0_clk (net)
                      0.021706    0.001461    5.057440 ^ clkbuf_1_0__f_clk/A (sg13g2_buf_16)
     5    0.018261    0.018660    0.060841    5.118281 ^ clkbuf_1_0__f_clk/X (sg13g2_buf_16)
                                                         clknet_1_0__leaf_clk (net)
                      0.018662    0.000390    5.118671 ^ _288_/CLK (sg13g2_dfrbpq_1)
                                 -0.150000    4.968671   clock uncertainty
                                  0.002633    4.971304   clock reconvergence pessimism
                                 -0.168432    4.802872   library setup time
                                              4.802872   data required time
---------------------------------------------------------------------------------------------
                                              4.802872   data required time
                                             -0.709621   data arrival time
---------------------------------------------------------------------------------------------
                                              4.093251   slack (MET)



%OL_END_REPORT
%OL_CREATE_REPORT checks.rpt

===========================================================================
report_checks -unconstrained
===========================================================================
======================= nom_typ_1p20V_25C Corner ===================================

Startpoint: _290_ (rising edge-triggered flip-flop clocked by clk)
Endpoint: DATA[0] (output port clocked by clk)
Path Group: clk
Path Type: max

Fanout         Cap        Slew       Delay        Time   Description
---------------------------------------------------------------------------------------------
                                  0.000000    0.000000   clock clk (rise edge)
                                  0.000000    0.000000   clock source latency
     1    0.021221    0.000000    0.000000    0.000000 ^ clk (in)
                                                         clk (net)
                      0.003114    0.001557    0.001557 ^ clkbuf_0_clk/A (sg13g2_buf_16)
     2    0.040803    0.022872    0.055763    0.057320 ^ clkbuf_0_clk/X (sg13g2_buf_16)
                                                         clknet_0_clk (net)
                      0.022914    0.001691    0.059011 ^ clkbuf_1_0__f_clk/A (sg13g2_buf_16)
     5    0.020498    0.019235    0.061856    0.120867 ^ clkbuf_1_0__f_clk/X (sg13g2_buf_16)
                                                         clknet_1_0__leaf_clk (net)
                      0.019237    0.000414    0.121281 ^ _290_/CLK (sg13g2_dfrbpq_1)
     4    0.021666    0.094890    0.215605    0.336887 ^ _290_/Q (sg13g2_dfrbpq_1)
                                                         DPATH.SUM.fa_2.A (net)
                      0.094920    0.001633    0.338520 ^ fanout37/A (sg13g2_buf_1)
     8    0.040745    0.171383    0.194812    0.533332 ^ fanout37/X (sg13g2_buf_1)
                                                         net37 (net)
                      0.171411    0.001815    0.535147 ^ fanout36/A (sg13g2_buf_1)
     8    0.045211    0.189765    0.228117    0.763264 ^ fanout36/X (sg13g2_buf_1)
                                                         net36 (net)
                      0.189988    0.005343    0.768607 ^ _164_/B (sg13g2_and2_1)
     5    0.022216    0.101868    0.192616    0.961223 ^ _164_/X (sg13g2_and2_1)
                                                         _113_ (net)
                      0.101879    0.001076    0.962299 ^ _180_/A2 (sg13g2_a21oi_1)
     4    0.022520    0.172871    0.172438    1.134738 v _180_/Y (sg13g2_a21oi_1)
                                                         _128_ (net)
                      0.172892    0.001850    1.136587 v _181_/B (sg13g2_and2_1)
     2    0.011866    0.049240    0.148849    1.285437 v _181_/X (sg13g2_and2_1)
                                                         _129_ (net)
                      0.049247    0.000610    1.286047 v _182_/B1 (sg13g2_o21ai_1)
     1    0.004014    0.086751    0.046985    1.333032 ^ _182_/Y (sg13g2_o21ai_1)
                                                         _009_ (net)
                      0.086751    0.000159    1.333191 ^ _183_/A2 (sg13g2_a21oi_1)
     1    0.005096    0.054866    0.087412    1.420603 v _183_/Y (sg13g2_a21oi_1)
                                                         _010_ (net)
                      0.054867    0.000381    1.420984 v _198_/B (sg13g2_nor4_1)
     1    0.005260    0.150641    0.173408    1.594393 ^ _198_/Y (sg13g2_nor4_1)
                                                         _025_ (net)
                      0.150641    0.000216    1.594608 ^ _216_/A2 (sg13g2_a22oi_1)
     1    0.008913    0.086980    0.131750    1.726359 v _216_/Y (sg13g2_a22oi_1)
                                                         net2 (net)
                      0.086985    0.000700    1.727059 v output2/A (sg13g2_buf_1)
     1    0.012257    0.047868    0.109412    1.836470 v output2/X (sg13g2_buf_1)
                                                         DATA[0] (net)
                      0.047876    0.000631    1.837102 v DATA[0] (out)
                                              1.837102   data arrival time

                                  5.000000    5.000000   clock clk (rise edge)
                                  0.000000    5.000000   clock network delay (propagated)
                                 -0.150000    4.850000   clock uncertainty
                                  0.000000    4.850000   clock reconvergence pessimism
                                 -1.000000    3.850000   output external delay
                                              3.850000   data required time
---------------------------------------------------------------------------------------------
                                              3.850000   data required time
                                             -1.837102   data arrival time
---------------------------------------------------------------------------------------------
                                              2.012898   slack (MET)




===========================================================================
report_checks --slack_max -0.01
============================================================================
======================= nom_typ_1p20V_25C Corner ===================================

No paths found.


===========================================================================
 report_check_types -max_slew -max_cap -max_fanout -violators
============================================================================
======================= nom_typ_1p20V_25C Corner ===================================



===========================================================================
report_parasitic_annotation -report_unannotated
============================================================================
Found 1 unannotated drivers.
 clkload0/Y
Found 0 partially unannotated drivers.

===========================================================================
max slew violation count 0
%OL_METRIC_I design__max_slew_violation__count__corner:nom_typ_1p20V_25C 0
max fanout violation count 0
%OL_METRIC_I design__max_fanout_violation__count__corner:nom_typ_1p20V_25C 0
max cap violation count 0
%OL_METRIC_I design__max_cap_violation__count__corner:nom_typ_1p20V_25C 0
============================================================================

===========================================================================
check_setup -verbose -unconstrained_endpoints -multiple_clock -no_clock -no_input_delay -loops -generated_clocks
===========================================================================
Warning: There is 1 input port missing set_input_delay.
  rst
%OL_END_REPORT
%OL_CREATE_REPORT power.rpt

===========================================================================
 report_power
============================================================================
======================= nom_typ_1p20V_25C Corner ===================================

Group                    Internal    Switching      Leakage        Total
                            Power        Power        Power        Power (Watts)
------------------------------------------------------------------------
Sequential           9.430807e-05 0.000000e+00 4.413539e-09 9.431249e-05  45.0%
Combinational        5.347779e-07 1.980618e-06 2.376574e-08 2.539162e-06   1.2%
Clock                8.775278e-05 2.497735e-05 2.518580e-08 1.127553e-04  53.8%
Macro                0.000000e+00 0.000000e+00 0.000000e+00 0.000000e+00   0.0%
Pad                  0.000000e+00 0.000000e+00 0.000000e+00 0.000000e+00   0.0%
------------------------------------------------------------------------
Total                1.825956e-04 2.695797e-05 5.336502e-08 2.096070e-04 100.0%
                            87.1%        12.9%         0.0%
%OL_METRIC_F power__internal__total 0.00018259564239997417
%OL_METRIC_F power__switching__total 2.695796501939185e-5
%OL_METRIC_F power__leakage__total 5.336502084674066e-8
%OL_METRIC_F power__total 0.00020960696565452963

%OL_END_REPORT
%OL_CREATE_REPORT skew.min.rpt

===========================================================================
Clock Skew (Hold)
============================================================================
%OL_METRIC_F clock__skew__worst_hold__corner:nom_typ_1p20V_25C -0.15701312916479362
======================= nom_typ_1p20V_25C Corner ===================================

Clock clk
0.118414 source latency _289_/CLK ^
-0.124086 target latency _293_/CLK ^
-0.150000 clock uncertainty
-0.001341 CRPR
--------------
-0.157013 hold skew

%OL_END_REPORT
%OL_CREATE_REPORT skew.max.rpt

===========================================================================
Clock Skew (Setup)
============================================================================
%OL_METRIC_F clock__skew__worst_setup__corner:nom_typ_1p20V_25C 0.1540912441259486
======================= nom_typ_1p20V_25C Corner ===================================

Clock clk
0.123847 source latency _296_/CLK ^
-0.118414 target latency _289_/CLK ^
0.150000 clock uncertainty
-0.001341 CRPR
--------------
0.154091 setup skew

%OL_END_REPORT
%OL_CREATE_REPORT ws.min.rpt

===========================================================================
Worst Slack (Hold)
============================================================================
%OL_METRIC_F timing__hold__ws__corner:nom_typ_1p20V_25C 0.2874594532662152
nom_typ_1p20V_25C: 0.2874594532662152
%OL_END_REPORT
%OL_CREATE_REPORT ws.max.rpt

===========================================================================
Worst Slack (Setup)
============================================================================
%OL_METRIC_F timing__setup__ws__corner:nom_typ_1p20V_25C 2.0128983494202806
nom_typ_1p20V_25C: 2.0128983494202806
%OL_END_REPORT
%OL_CREATE_REPORT tns.min.rpt

===========================================================================
Total Negative Slack (Hold)
============================================================================
%OL_METRIC_F timing__hold__tns__corner:nom_typ_1p20V_25C 0.0
nom_typ_1p20V_25C: 0.0
%OL_END_REPORT
%OL_CREATE_REPORT tns.max.rpt

===========================================================================
Total Negative Slack (Setup)
============================================================================
%OL_METRIC_F timing__setup__tns__corner:nom_typ_1p20V_25C 0.0
nom_typ_1p20V_25C: 0.0
%OL_END_REPORT
%OL_CREATE_REPORT wns.min.rpt

===========================================================================
Worst Negative Slack (Hold)
============================================================================
%OL_METRIC_F timing__hold__wns__corner:nom_typ_1p20V_25C 0
nom_typ_1p20V_25C: 0
%OL_END_REPORT
%OL_CREATE_REPORT wns.max.rpt

===========================================================================
Worst Negative Slack (Setup)
============================================================================
%OL_METRIC_F timing__setup__wns__corner:nom_typ_1p20V_25C 0.0
nom_typ_1p20V_25C: 0.0
%OL_END_REPORT
%OL_CREATE_REPORT violator_list.rpt

===========================================================================
Violator List
============================================================================
%OL_METRIC_I timing__hold_vio__count__corner:nom_typ_1p20V_25C 0
%OL_METRIC_F timing__hold_r2r__ws__corner:nom_typ_1p20V_25C 0.287459
%OL_METRIC_I timing__hold_r2r_vio__count__corner:nom_typ_1p20V_25C 0
%OL_METRIC_I timing__setup_vio__count__corner:nom_typ_1p20V_25C 0
%OL_METRIC_F timing__setup_r2r__ws__corner:nom_typ_1p20V_25C 3.080135
%OL_METRIC_I timing__setup_r2r_vio__count__corner:nom_typ_1p20V_25C 0
%OL_END_REPORT
%OL_CREATE_REPORT unpropagated.rpt
%OL_END_REPORT
%OL_CREATE_REPORT clock.rpt
Clock: clk
Sources: clk 
Generated: no
Virtual: yes
Propagated: no
Period: 5.000000

===========================================================================
report_clock_properties
============================================================================
Clock                   Period          Waveform
----------------------------------------------------
clk                   5.000000    0.000000  2.500000

===========================================================================
report_clock_latency
============================================================================
Clock clk
rise -> rise
    min     max
0.000000 0.000000 source latency
0.118414         network latency _289_/CLK
        0.124086 network latency _293_/CLK
---------------
0.118414 0.124086 latency
        0.005672 skew

fall -> fall
    min     max
0.000000 0.000000 source latency
0.131489         network latency _289_/CLK
        0.136692 network latency _293_/CLK
---------------
0.131489 0.136692 latency
        0.005203 skew



===========================================================================
report_clock_min_period
============================================================================
clk period_min = 1.92 fmax = 520.87
%OL_END_REPORT
Writing SDF files for all corners…
Removing Clock latencies before writing libs…
Writing timing models for all corners…
Writing timing models for the nom_typ_1p20V_25C corner to /foss/designs/BASIC/current_generator/digital/DigitalSine/runs/RUN_2026-09-18_22-13-25/55-openroad-stapostpnr/nom_typ_1p20V_25C/DigitalSine__nom_typ_1p20V_25C.lib…
