[WARNING ORD-0032] Invalid thread number specification: None.
Reading timing models for corner nom_typ_1p20V_25C…
Reading timing library for the 'nom_typ_1p20V_25C' corner at '/foss/pdks/ihp-sg13g2/libs.ref/sg13g2_stdcell/lib/sg13g2_stdcell_typ_1p20V_25C.lib.gz'…
Reading timing library for the 'nom_typ_1p20V_25C' corner at '/foss/pdks/ihp-sg13g2/libs.ref/sg13g2_io/lib/sg13g2_io_typ_1p2V_3p3V_25C.lib.gz'…
Reading OpenROAD database at '/foss/designs/BASIC/current_generator/digital/DigitalSine/runs/RUN_2026-09-18_22-13-25/42-openroad-repairantennas/1-openroad-diodeinsertion/DigitalSine.odb'…
Reading design constraints file at '/foss/designs/BASIC/current_generator/digital/DigitalSine/cons.sdc'…
[INFO] No information on clock propagation in input SDC file-- propagating all clocks.
%OL_CREATE_REPORT min.rpt

===========================================================================
report_checks -path_delay min (Hold)
============================================================================
======================= nom_typ_1p20V_25C Corner ===================================

Startpoint: _288_ (rising edge-triggered flip-flop clocked by clk)
Endpoint: _289_ (rising edge-triggered flip-flop clocked by clk)
Path Group: clk
Path Type: min

Fanout         Cap        Slew       Delay        Time   Description
---------------------------------------------------------------------------------------------
                                  0.000000    0.000000   clock clk (rise edge)
                                  0.000000    0.000000   clock source latency
     1    0.022852    0.000000    0.000000    0.000000 ^ clk (in)
                                                         clk (net)
                      0.002461    0.001230    0.001230 ^ clkbuf_0_clk/A (sg13g2_buf_16)
     2    0.040336    0.022775    0.055575    0.056805 ^ clkbuf_0_clk/X (sg13g2_buf_16)
                                                         clknet_0_clk (net)
                      0.022791    0.001106    0.057912 ^ clkbuf_1_0__f_clk/A (sg13g2_buf_16)
     5    0.025423    0.020356    0.062705    0.120616 ^ clkbuf_1_0__f_clk/X (sg13g2_buf_16)
                                                         clknet_1_0__leaf_clk (net)
                      0.020362    0.000691    0.121307 ^ _288_/CLK (sg13g2_dfrbpq_1)
     1    0.004484    0.023729    0.163569    0.284876 v _288_/Q (sg13g2_dfrbpq_1)
                                                         DPATH.SUM.Cout0 (net)
                      0.023729    0.000117    0.284993 v fanout41/A (sg13g2_buf_1)
     8    0.042370    0.136062    0.150914    0.435907 v fanout41/X (sg13g2_buf_1)
                                                         net41 (net)
                      0.136065    0.000582    0.436490 v _279_/A (sg13g2_xnor2_1)
     1    0.003769    0.038082    0.100319    0.536808 v _279_/Y (sg13g2_xnor2_1)
                                                         DPATH.SUM.fa_1.S (net)
                      0.038082    0.000102    0.536911 v _289_/D (sg13g2_dfrbpq_1)
                                              0.536911   data arrival time

                                  0.000000    0.000000   clock clk (rise edge)
                                  0.000000    0.000000   clock source latency
     1    0.025525    0.000000    0.000000    0.000000 ^ clk (in)
                                                         clk (net)
                      0.002808    0.001404    0.001404 ^ clkbuf_0_clk/A (sg13g2_buf_16)
     2    0.045682    0.023978    0.056698    0.058102 ^ clkbuf_0_clk/X (sg13g2_buf_16)
                                                         clknet_0_clk (net)
                      0.023999    0.001267    0.059369 ^ clkbuf_1_0__f_clk/A (sg13g2_buf_16)
     5    0.027661    0.020925    0.063711    0.123080 ^ clkbuf_1_0__f_clk/X (sg13g2_buf_16)
                                                         clknet_1_0__leaf_clk (net)
                      0.020933    0.000771    0.123850 ^ _289_/CLK (sg13g2_dfrbpq_1)
                                  0.150000    0.273850   clock uncertainty
                                 -0.002463    0.271387   clock reconvergence pessimism
                                 -0.039919    0.231468   library hold time
                                              0.231468   data required time
---------------------------------------------------------------------------------------------
                                              0.231468   data required time
                                             -0.536911   data arrival time
---------------------------------------------------------------------------------------------
                                              0.305443   slack (MET)


Startpoint: _295_ (rising edge-triggered flip-flop clocked by clk)
Endpoint: o_sign (output port clocked by clk)
Path Group: clk
Path Type: min

Fanout         Cap        Slew       Delay        Time   Description
---------------------------------------------------------------------------------------------
                                  0.000000    0.000000   clock clk (rise edge)
                                  0.000000    0.000000   clock source latency
     1    0.022852    0.000000    0.000000    0.000000 ^ clk (in)
                                                         clk (net)
                      0.002461    0.001230    0.001230 ^ clkbuf_0_clk/A (sg13g2_buf_16)
     2    0.040336    0.022775    0.055575    0.056805 ^ clkbuf_0_clk/X (sg13g2_buf_16)
                                                         clknet_0_clk (net)
                      0.022817    0.001705    0.058510 ^ clkbuf_1_1__f_clk/A (sg13g2_buf_16)
     5    0.025050    0.020277    0.062625    0.121136 ^ clkbuf_1_1__f_clk/X (sg13g2_buf_16)
                                                         clknet_1_1__leaf_clk (net)
                      0.020288    0.000953    0.122089 ^ _295_/CLK (sg13g2_dfrbpq_1)
     3    0.015703    0.056285    0.190565    0.312653 v _295_/Q (sg13g2_dfrbpq_1)
                                                         net20 (net)
                      0.056290    0.000598    0.313251 v output20/A (sg13g2_buf_1)
     1    0.037645    0.121638    0.154171    0.467422 v output20/X (sg13g2_buf_1)
                                                         o_sign (net)
                      0.121759    0.003205    0.470627 v o_sign (out)
                                              0.470627   data arrival time

                                  0.000000    0.000000   clock clk (rise edge)
                                  0.000000    0.000000   clock network delay (propagated)
                                  0.150000    0.150000   clock uncertainty
                                  0.000000    0.150000   clock reconvergence pessimism
                                  0.000000    0.150000   output external delay
                                              0.150000   data required time
---------------------------------------------------------------------------------------------
                                              0.150000   data required time
                                             -0.470627   data arrival time
---------------------------------------------------------------------------------------------
                                              0.320627   slack (MET)


Startpoint: _294_ (rising edge-triggered flip-flop clocked by clk)
Endpoint: DATA[17] (output port clocked by clk)
Path Group: clk
Path Type: min

Fanout         Cap        Slew       Delay        Time   Description
---------------------------------------------------------------------------------------------
                                  0.000000    0.000000   clock clk (rise edge)
                                  0.000000    0.000000   clock source latency
     1    0.022852    0.000000    0.000000    0.000000 ^ clk (in)
                                                         clk (net)
                      0.002461    0.001230    0.001230 ^ clkbuf_0_clk/A (sg13g2_buf_16)
     2    0.040336    0.022775    0.055575    0.056805 ^ clkbuf_0_clk/X (sg13g2_buf_16)
                                                         clknet_0_clk (net)
                      0.022817    0.001705    0.058510 ^ clkbuf_1_1__f_clk/A (sg13g2_buf_16)
     5    0.025050    0.020277    0.062625    0.121136 ^ clkbuf_1_1__f_clk/X (sg13g2_buf_16)
                                                         clknet_1_1__leaf_clk (net)
                      0.020285    0.000794    0.121930 ^ _294_/CLK (sg13g2_dfrbpq_1)
     3    0.017974    0.063232    0.195714    0.317644 v _294_/Q (sg13g2_dfrbpq_1)
                                                         DPATH.SUM.fa_6.A (net)
                      0.063258    0.001203    0.318847 v _277_/B (sg13g2_nand3_1)
     1    0.006558    0.050008    0.063230    0.382077 ^ _277_/Y (sg13g2_nand3_1)
                                                         net10 (net)
                      0.050008    0.000284    0.382361 ^ output10/A (sg13g2_buf_1)
     1    0.013342    0.062883    0.099080    0.481441 ^ output10/X (sg13g2_buf_1)
                                                         DATA[17] (net)
                      0.062886    0.000550    0.481990 ^ DATA[17] (out)
                                              0.481990   data arrival time

                                  0.000000    0.000000   clock clk (rise edge)
                                  0.000000    0.000000   clock network delay (propagated)
                                  0.150000    0.150000   clock uncertainty
                                  0.000000    0.150000   clock reconvergence pessimism
                                  0.000000    0.150000   output external delay
                                              0.150000   data required time
---------------------------------------------------------------------------------------------
                                              0.150000   data required time
                                             -0.481990   data arrival time
---------------------------------------------------------------------------------------------
                                              0.331990   slack (MET)


Startpoint: _295_ (rising edge-triggered flip-flop clocked by clk)
Endpoint: o_signB (output port clocked by clk)
Path Group: clk
Path Type: min

Fanout         Cap        Slew       Delay        Time   Description
---------------------------------------------------------------------------------------------
                                  0.000000    0.000000   clock clk (rise edge)
                                  0.000000    0.000000   clock source latency
     1    0.022852    0.000000    0.000000    0.000000 ^ clk (in)
                                                         clk (net)
                      0.002461    0.001230    0.001230 ^ clkbuf_0_clk/A (sg13g2_buf_16)
     2    0.040336    0.022775    0.055575    0.056805 ^ clkbuf_0_clk/X (sg13g2_buf_16)
                                                         clknet_0_clk (net)
                      0.022817    0.001705    0.058510 ^ clkbuf_1_1__f_clk/A (sg13g2_buf_16)
     5    0.025050    0.020277    0.062625    0.121136 ^ clkbuf_1_1__f_clk/X (sg13g2_buf_16)
                                                         clknet_1_1__leaf_clk (net)
                      0.020288    0.000953    0.122089 ^ _295_/CLK (sg13g2_dfrbpq_1)
     3    0.015675    0.071855    0.199565    0.321654 ^ _295_/Q (sg13g2_dfrbpq_1)
                                                         net20 (net)
                      0.071863    0.000836    0.322490 ^ _133_/A (sg13g2_inv_1)
     1    0.005944    0.033426    0.048752    0.371241 v _133_/Y (sg13g2_inv_1)
                                                         net21 (net)
                      0.033427    0.000233    0.371474 v output21/A (sg13g2_buf_1)
     1    0.041724    0.134725    0.151605    0.523080 v output21/X (sg13g2_buf_1)
                                                         o_signB (net)
                      0.135072    0.005653    0.528733 v o_signB (out)
                                              0.528733   data arrival time

                                  0.000000    0.000000   clock clk (rise edge)
                                  0.000000    0.000000   clock network delay (propagated)
                                  0.150000    0.150000   clock uncertainty
                                  0.000000    0.150000   clock reconvergence pessimism
                                  0.000000    0.150000   output external delay
                                              0.150000   data required time
---------------------------------------------------------------------------------------------
                                              0.150000   data required time
                                             -0.528733   data arrival time
---------------------------------------------------------------------------------------------
                                              0.378733   slack (MET)


Startpoint: _296_ (rising edge-triggered flip-flop clocked by clk)
Endpoint: _296_ (rising edge-triggered flip-flop clocked by clk)
Path Group: clk
Path Type: min

Fanout         Cap        Slew       Delay        Time   Description
---------------------------------------------------------------------------------------------
                                  0.000000    0.000000   clock clk (rise edge)
                                  0.000000    0.000000   clock source latency
     1    0.022852    0.000000    0.000000    0.000000 ^ clk (in)
                                                         clk (net)
                      0.002461    0.001230    0.001230 ^ clkbuf_0_clk/A (sg13g2_buf_16)
     2    0.040336    0.022775    0.055575    0.056805 ^ clkbuf_0_clk/X (sg13g2_buf_16)
                                                         clknet_0_clk (net)
                      0.022817    0.001705    0.058510 ^ clkbuf_1_1__f_clk/A (sg13g2_buf_16)
     5    0.025050    0.020277    0.062625    0.121136 ^ clkbuf_1_1__f_clk/X (sg13g2_buf_16)
                                                         clknet_1_1__leaf_clk (net)
                      0.020281    0.000566    0.121702 ^ _296_/CLK (sg13g2_dfrbpq_1)
     2    0.014242    0.051904    0.187066    0.308768 v _296_/Q (sg13g2_dfrbpq_1)
                                                         CTRL.S0 (net)
                      0.051904    0.000178    0.308946 v fanout24/A (sg13g2_buf_1)
     5    0.028386    0.093696    0.132654    0.441600 v fanout24/X (sg13g2_buf_1)
                                                         net24 (net)
                      0.093743    0.001007    0.442606 v _170_/B1 (sg13g2_a21o_1)
     1    0.004308    0.027989    0.105757    0.548363 v _170_/X (sg13g2_a21o_1)
                                                         _119_ (net)
                      0.027989    0.000097    0.548461 v _171_/B (sg13g2_and2_1)
     1    0.003602    0.022537    0.072329    0.620790 v _171_/X (sg13g2_and2_1)
                                                         CTRL.P0 (net)
                      0.022537    0.000080    0.620870 v _296_/D (sg13g2_dfrbpq_1)
                                              0.620870   data arrival time

                                  0.000000    0.000000   clock clk (rise edge)
                                  0.000000    0.000000   clock source latency
     1    0.025525    0.000000    0.000000    0.000000 ^ clk (in)
                                                         clk (net)
                      0.002808    0.001404    0.001404 ^ clkbuf_0_clk/A (sg13g2_buf_16)
     2    0.045682    0.023978    0.056698    0.058102 ^ clkbuf_0_clk/X (sg13g2_buf_16)
                                                         clknet_0_clk (net)
                      0.024045    0.001949    0.060051 ^ clkbuf_1_1__f_clk/A (sg13g2_buf_16)
     5    0.027529    0.020899    0.063680    0.123731 ^ clkbuf_1_1__f_clk/X (sg13g2_buf_16)
                                                         clknet_1_1__leaf_clk (net)
                      0.020904    0.000625    0.124356 ^ _296_/CLK (sg13g2_dfrbpq_1)
                                  0.150000    0.274356   clock uncertainty
                                 -0.002654    0.271702   clock reconvergence pessimism
                                 -0.035000    0.236703   library hold time
                                              0.236703   data required time
---------------------------------------------------------------------------------------------
                                              0.236703   data required time
                                             -0.620870   data arrival time
---------------------------------------------------------------------------------------------
                                              0.384167   slack (MET)


Startpoint: _296_ (rising edge-triggered flip-flop clocked by clk)
Endpoint: _294_ (rising edge-triggered flip-flop clocked by clk)
Path Group: clk
Path Type: min

Fanout         Cap        Slew       Delay        Time   Description
---------------------------------------------------------------------------------------------
                                  0.000000    0.000000   clock clk (rise edge)
                                  0.000000    0.000000   clock source latency
     1    0.022852    0.000000    0.000000    0.000000 ^ clk (in)
                                                         clk (net)
                      0.002461    0.001230    0.001230 ^ clkbuf_0_clk/A (sg13g2_buf_16)
     2    0.040336    0.022775    0.055575    0.056805 ^ clkbuf_0_clk/X (sg13g2_buf_16)
                                                         clknet_0_clk (net)
                      0.022817    0.001705    0.058510 ^ clkbuf_1_1__f_clk/A (sg13g2_buf_16)
     5    0.025050    0.020277    0.062625    0.121136 ^ clkbuf_1_1__f_clk/X (sg13g2_buf_16)
                                                         clknet_1_1__leaf_clk (net)
                      0.020281    0.000566    0.121702 ^ _296_/CLK (sg13g2_dfrbpq_1)
     2    0.014242    0.051904    0.187066    0.308768 v _296_/Q (sg13g2_dfrbpq_1)
                                                         CTRL.S0 (net)
                      0.051904    0.000178    0.308946 v fanout24/A (sg13g2_buf_1)
     5    0.028386    0.093696    0.132654    0.441600 v fanout24/X (sg13g2_buf_1)
                                                         net24 (net)
                      0.093771    0.001670    0.443270 v _153_/A (sg13g2_xnor2_1)
     1    0.008082    0.060508    0.108572    0.551841 v _153_/Y (sg13g2_xnor2_1)
                                                         _104_ (net)
                      0.060509    0.000343    0.552184 v _154_/B (sg13g2_xnor2_1)
     1    0.003634    0.036782    0.067448    0.619632 v _154_/Y (sg13g2_xnor2_1)
                                                         DPATH.SUM.fa_6.S (net)
                      0.036782    0.000094    0.619726 v _294_/D (sg13g2_dfrbpq_1)
                                              0.619726   data arrival time

                                  0.000000    0.000000   clock clk (rise edge)
                                  0.000000    0.000000   clock source latency
     1    0.025525    0.000000    0.000000    0.000000 ^ clk (in)
                                                         clk (net)
                      0.002808    0.001404    0.001404 ^ clkbuf_0_clk/A (sg13g2_buf_16)
     2    0.045682    0.023978    0.056698    0.058102 ^ clkbuf_0_clk/X (sg13g2_buf_16)
                                                         clknet_0_clk (net)
                      0.024045    0.001949    0.060051 ^ clkbuf_1_1__f_clk/A (sg13g2_buf_16)
     5    0.027529    0.020899    0.063680    0.123731 ^ clkbuf_1_1__f_clk/X (sg13g2_buf_16)
                                                         clknet_1_1__leaf_clk (net)
                      0.020908    0.000877    0.124608 ^ _294_/CLK (sg13g2_dfrbpq_1)
                                  0.150000    0.274608   clock uncertainty
                                 -0.002595    0.272012   clock reconvergence pessimism
                                 -0.039512    0.232500   library hold time
                                              0.232500   data required time
---------------------------------------------------------------------------------------------
                                              0.232500   data required time
                                             -0.619726   data arrival time
---------------------------------------------------------------------------------------------
                                              0.387226   slack (MET)


Startpoint: _296_ (rising edge-triggered flip-flop clocked by clk)
Endpoint: _295_ (rising edge-triggered flip-flop clocked by clk)
Path Group: clk
Path Type: min

Fanout         Cap        Slew       Delay        Time   Description
---------------------------------------------------------------------------------------------
                                  0.000000    0.000000   clock clk (rise edge)
                                  0.000000    0.000000   clock source latency
     1    0.022852    0.000000    0.000000    0.000000 ^ clk (in)
                                                         clk (net)
                      0.002461    0.001230    0.001230 ^ clkbuf_0_clk/A (sg13g2_buf_16)
     2    0.040336    0.022775    0.055575    0.056805 ^ clkbuf_0_clk/X (sg13g2_buf_16)
                                                         clknet_0_clk (net)
                      0.022817    0.001705    0.058510 ^ clkbuf_1_1__f_clk/A (sg13g2_buf_16)
     5    0.025050    0.020277    0.062625    0.121136 ^ clkbuf_1_1__f_clk/X (sg13g2_buf_16)
                                                         clknet_1_1__leaf_clk (net)
                      0.020281    0.000566    0.121702 ^ _296_/CLK (sg13g2_dfrbpq_1)
     2    0.014242    0.051904    0.187066    0.308768 v _296_/Q (sg13g2_dfrbpq_1)
                                                         CTRL.S0 (net)
                      0.051904    0.000178    0.308946 v fanout24/A (sg13g2_buf_1)
     5    0.028386    0.093696    0.132654    0.441600 v fanout24/X (sg13g2_buf_1)
                                                         net24 (net)
                      0.093743    0.001010    0.442610 v _162_/A (sg13g2_nand4_1)
     2    0.015938    0.085247    0.105137    0.547747 ^ _162_/Y (sg13g2_nand4_1)
                                                         _112_ (net)
                      0.085258    0.000789    0.548536 ^ _163_/B (sg13g2_xnor2_1)
     1    0.003778    0.037558    0.076712    0.625247 v _163_/Y (sg13g2_xnor2_1)
                                                         CTRL.P1 (net)
                      0.037558    0.000090    0.625337 v _295_/D (sg13g2_dfrbpq_1)
                                              0.625337   data arrival time

                                  0.000000    0.000000   clock clk (rise edge)
                                  0.000000    0.000000   clock source latency
     1    0.025525    0.000000    0.000000    0.000000 ^ clk (in)
                                                         clk (net)
                      0.002808    0.001404    0.001404 ^ clkbuf_0_clk/A (sg13g2_buf_16)
     2    0.045682    0.023978    0.056698    0.058102 ^ clkbuf_0_clk/X (sg13g2_buf_16)
                                                         clknet_0_clk (net)
                      0.024045    0.001949    0.060051 ^ clkbuf_1_1__f_clk/A (sg13g2_buf_16)
     5    0.027529    0.020899    0.063680    0.123731 ^ clkbuf_1_1__f_clk/X (sg13g2_buf_16)
                                                         clknet_1_1__leaf_clk (net)
                      0.020913    0.001053    0.124784 ^ _295_/CLK (sg13g2_dfrbpq_1)
                                  0.150000    0.274784   clock uncertainty
                                 -0.002595    0.272189   clock reconvergence pessimism
                                 -0.039757    0.232431   library hold time
                                              0.232431   data required time
---------------------------------------------------------------------------------------------
                                              0.232431   data required time
                                             -0.625337   data arrival time
---------------------------------------------------------------------------------------------
                                              0.392906   slack (MET)


Startpoint: _296_ (rising edge-triggered flip-flop clocked by clk)
Endpoint: _293_ (rising edge-triggered flip-flop clocked by clk)
Path Group: clk
Path Type: min

Fanout         Cap        Slew       Delay        Time   Description
---------------------------------------------------------------------------------------------
                                  0.000000    0.000000   clock clk (rise edge)
                                  0.000000    0.000000   clock source latency
     1    0.022852    0.000000    0.000000    0.000000 ^ clk (in)
                                                         clk (net)
                      0.002461    0.001230    0.001230 ^ clkbuf_0_clk/A (sg13g2_buf_16)
     2    0.040336    0.022775    0.055575    0.056805 ^ clkbuf_0_clk/X (sg13g2_buf_16)
                                                         clknet_0_clk (net)
                      0.022817    0.001705    0.058510 ^ clkbuf_1_1__f_clk/A (sg13g2_buf_16)
     5    0.025050    0.020277    0.062625    0.121136 ^ clkbuf_1_1__f_clk/X (sg13g2_buf_16)
                                                         clknet_1_1__leaf_clk (net)
                      0.020281    0.000566    0.121702 ^ _296_/CLK (sg13g2_dfrbpq_1)
     2    0.014242    0.051904    0.187066    0.308768 v _296_/Q (sg13g2_dfrbpq_1)
                                                         CTRL.S0 (net)
                      0.051904    0.000178    0.308946 v fanout24/A (sg13g2_buf_1)
     5    0.028386    0.093696    0.132654    0.441600 v fanout24/X (sg13g2_buf_1)
                                                         net24 (net)
                      0.093792    0.002034    0.443634 v _150_/A (sg13g2_xnor2_1)
     2    0.012316    0.083236    0.128041    0.571675 v _150_/Y (sg13g2_xnor2_1)
                                                         _102_ (net)
                      0.083236    0.000199    0.571873 v _151_/B (sg13g2_xor2_1)
     1    0.002564    0.026449    0.070746    0.642620 v _151_/X (sg13g2_xor2_1)
                                                         DPATH.SUM.fa_5.S (net)
                      0.026449    0.000042    0.642662 v _293_/D (sg13g2_dfrbpq_1)
                                              0.642662   data arrival time

                                  0.000000    0.000000   clock clk (rise edge)
                                  0.000000    0.000000   clock source latency
     1    0.025525    0.000000    0.000000    0.000000 ^ clk (in)
                                                         clk (net)
                      0.002808    0.001404    0.001404 ^ clkbuf_0_clk/A (sg13g2_buf_16)
     2    0.045682    0.023978    0.056698    0.058102 ^ clkbuf_0_clk/X (sg13g2_buf_16)
                                                         clknet_0_clk (net)
                      0.024045    0.001949    0.060051 ^ clkbuf_1_1__f_clk/A (sg13g2_buf_16)
     5    0.027529    0.020899    0.063680    0.123731 ^ clkbuf_1_1__f_clk/X (sg13g2_buf_16)
                                                         clknet_1_1__leaf_clk (net)
                      0.020915    0.001145    0.124876 ^ _293_/CLK (sg13g2_dfrbpq_1)
                                  0.150000    0.274876   clock uncertainty
                                 -0.002595    0.272281   clock reconvergence pessimism
                                 -0.036237    0.236044   library hold time
                                              0.236044   data required time
---------------------------------------------------------------------------------------------
                                              0.236044   data required time
                                             -0.642662   data arrival time
---------------------------------------------------------------------------------------------
                                              0.406618   slack (MET)


Startpoint: _292_ (rising edge-triggered flip-flop clocked by clk)
Endpoint: DATA[5] (output port clocked by clk)
Path Group: clk
Path Type: min

Fanout         Cap        Slew       Delay        Time   Description
---------------------------------------------------------------------------------------------
                                  0.000000    0.000000   clock clk (rise edge)
                                  0.000000    0.000000   clock source latency
     1    0.022852    0.000000    0.000000    0.000000 ^ clk (in)
                                                         clk (net)
                      0.002461    0.001230    0.001230 ^ clkbuf_0_clk/A (sg13g2_buf_16)
     2    0.040336    0.022775    0.055575    0.056805 ^ clkbuf_0_clk/X (sg13g2_buf_16)
                                                         clknet_0_clk (net)
                      0.022791    0.001106    0.057912 ^ clkbuf_1_0__f_clk/A (sg13g2_buf_16)
     5    0.025423    0.020356    0.062705    0.120616 ^ clkbuf_1_0__f_clk/X (sg13g2_buf_16)
                                                         clknet_1_0__leaf_clk (net)
                      0.020363    0.000762    0.121378 ^ _292_/CLK (sg13g2_dfrbpq_1)
     4    0.021203    0.093377    0.215279    0.336657 ^ _292_/Q (sg13g2_dfrbpq_1)
                                                         DPATH.SUM.fa_4.A (net)
                      0.093394    0.001249    0.337905 ^ _159_/A (sg13g2_or2_1)
     2    0.009113    0.047411    0.115907    0.453812 ^ _159_/X (sg13g2_or2_1)
                                                         _109_ (net)
                      0.047413    0.000405    0.454217 ^ _260_/B (sg13g2_nor3_1)
     1    0.005155    0.032816    0.048160    0.502377 v _260_/Y (sg13g2_nor3_1)
                                                         net15 (net)
                      0.032816    0.000166    0.502543 v output15/A (sg13g2_buf_1)
     1    0.013176    0.049479    0.088503    0.591046 v output15/X (sg13g2_buf_1)
                                                         DATA[5] (net)
                      0.049484    0.000501    0.591546 v DATA[5] (out)
                                              0.591546   data arrival time

                                  0.000000    0.000000   clock clk (rise edge)
                                  0.000000    0.000000   clock network delay (propagated)
                                  0.150000    0.150000   clock uncertainty
                                  0.000000    0.150000   clock reconvergence pessimism
                                  0.000000    0.150000   output external delay
                                              0.150000   data required time
---------------------------------------------------------------------------------------------
                                              0.150000   data required time
                                             -0.591546   data arrival time
---------------------------------------------------------------------------------------------
                                              0.441546   slack (MET)


Startpoint: _296_ (rising edge-triggered flip-flop clocked by clk)
Endpoint: _290_ (rising edge-triggered flip-flop clocked by clk)
Path Group: clk
Path Type: min

Fanout         Cap        Slew       Delay        Time   Description
---------------------------------------------------------------------------------------------
                                  0.000000    0.000000   clock clk (rise edge)
                                  0.000000    0.000000   clock source latency
     1    0.022852    0.000000    0.000000    0.000000 ^ clk (in)
                                                         clk (net)
                      0.002461    0.001230    0.001230 ^ clkbuf_0_clk/A (sg13g2_buf_16)
     2    0.040336    0.022775    0.055575    0.056805 ^ clkbuf_0_clk/X (sg13g2_buf_16)
                                                         clknet_0_clk (net)
                      0.022817    0.001705    0.058510 ^ clkbuf_1_1__f_clk/A (sg13g2_buf_16)
     5    0.025050    0.020277    0.062625    0.121136 ^ clkbuf_1_1__f_clk/X (sg13g2_buf_16)
                                                         clknet_1_1__leaf_clk (net)
                      0.020281    0.000566    0.121702 ^ _296_/CLK (sg13g2_dfrbpq_1)
     2    0.014242    0.051904    0.187066    0.308768 v _296_/Q (sg13g2_dfrbpq_1)
                                                         CTRL.S0 (net)
                      0.051914    0.000735    0.309503 v fanout23/A (sg13g2_buf_1)
     8    0.044499    0.142607    0.168087    0.477590 v fanout23/X (sg13g2_buf_1)
                                                         net23 (net)
                      0.142701    0.002337    0.479927 v _139_/A (sg13g2_xor2_1)
     2    0.009824    0.047537    0.128270    0.608198 v _139_/X (sg13g2_xor2_1)
                                                         _093_ (net)
                      0.047537    0.000130    0.608328 v _278_/B (sg13g2_xor2_1)
     1    0.005591    0.034610    0.070328    0.678656 v _278_/X (sg13g2_xor2_1)
                                                         DPATH.SUM.fa_2.S (net)
                      0.034611    0.000219    0.678875 v _290_/D (sg13g2_dfrbpq_1)
                                              0.678875   data arrival time

                                  0.000000    0.000000   clock clk (rise edge)
                                  0.000000    0.000000   clock source latency
     1    0.025525    0.000000    0.000000    0.000000 ^ clk (in)
                                                         clk (net)
                      0.002808    0.001404    0.001404 ^ clkbuf_0_clk/A (sg13g2_buf_16)
     2    0.045682    0.023978    0.056698    0.058102 ^ clkbuf_0_clk/X (sg13g2_buf_16)
                                                         clknet_0_clk (net)
                      0.023999    0.001267    0.059369 ^ clkbuf_1_0__f_clk/A (sg13g2_buf_16)
     5    0.027661    0.020925    0.063711    0.123080 ^ clkbuf_1_0__f_clk/X (sg13g2_buf_16)
                                                         clknet_1_0__leaf_clk (net)
                      0.020934    0.000865    0.123945 ^ _290_/CLK (sg13g2_dfrbpq_1)
                                  0.150000    0.273945   clock uncertainty
                                 -0.001297    0.272648   clock reconvergence pessimism
                                 -0.038819    0.233829   library hold time
                                              0.233829   data required time
---------------------------------------------------------------------------------------------
                                              0.233829   data required time
                                             -0.678875   data arrival time
---------------------------------------------------------------------------------------------
                                              0.445046   slack (MET)


Startpoint: _296_ (rising edge-triggered flip-flop clocked by clk)
Endpoint: _291_ (rising edge-triggered flip-flop clocked by clk)
Path Group: clk
Path Type: min

Fanout         Cap        Slew       Delay        Time   Description
---------------------------------------------------------------------------------------------
                                  0.000000    0.000000   clock clk (rise edge)
                                  0.000000    0.000000   clock source latency
     1    0.022852    0.000000    0.000000    0.000000 ^ clk (in)
                                                         clk (net)
                      0.002461    0.001230    0.001230 ^ clkbuf_0_clk/A (sg13g2_buf_16)
     2    0.040336    0.022775    0.055575    0.056805 ^ clkbuf_0_clk/X (sg13g2_buf_16)
                                                         clknet_0_clk (net)
                      0.022817    0.001705    0.058510 ^ clkbuf_1_1__f_clk/A (sg13g2_buf_16)
     5    0.025050    0.020277    0.062625    0.121136 ^ clkbuf_1_1__f_clk/X (sg13g2_buf_16)
                                                         clknet_1_1__leaf_clk (net)
                      0.020281    0.000566    0.121702 ^ _296_/CLK (sg13g2_dfrbpq_1)
     2    0.014242    0.051904    0.187066    0.308768 v _296_/Q (sg13g2_dfrbpq_1)
                                                         CTRL.S0 (net)
                      0.051914    0.000735    0.309503 v fanout23/A (sg13g2_buf_1)
     8    0.044499    0.142607    0.168087    0.477590 v fanout23/X (sg13g2_buf_1)
                                                         net23 (net)
                      0.142710    0.002514    0.480104 v _142_/A (sg13g2_xnor2_1)
     2    0.008991    0.066225    0.127940    0.608044 v _142_/Y (sg13g2_xnor2_1)
                                                         _096_ (net)
                      0.066225    0.000143    0.608187 v _143_/B (sg13g2_xor2_1)
     1    0.004463    0.031238    0.072841    0.681027 v _143_/X (sg13g2_xor2_1)
                                                         DPATH.SUM.fa_3.S (net)
                      0.031238    0.000133    0.681160 v _291_/D (sg13g2_dfrbpq_1)
                                              0.681160   data arrival time

                                  0.000000    0.000000   clock clk (rise edge)
                                  0.000000    0.000000   clock source latency
     1    0.025525    0.000000    0.000000    0.000000 ^ clk (in)
                                                         clk (net)
                      0.002808    0.001404    0.001404 ^ clkbuf_0_clk/A (sg13g2_buf_16)
     2    0.045682    0.023978    0.056698    0.058102 ^ clkbuf_0_clk/X (sg13g2_buf_16)
                                                         clknet_0_clk (net)
                      0.023999    0.001267    0.059369 ^ clkbuf_1_0__f_clk/A (sg13g2_buf_16)
     5    0.027661    0.020925    0.063711    0.123080 ^ clkbuf_1_0__f_clk/X (sg13g2_buf_16)
                                                         clknet_1_0__leaf_clk (net)
                      0.020934    0.000850    0.123929 ^ _291_/CLK (sg13g2_dfrbpq_1)
                                  0.150000    0.273929   clock uncertainty
                                 -0.001297    0.272633   clock reconvergence pessimism
                                 -0.037750    0.234882   library hold time
                                              0.234882   data required time
---------------------------------------------------------------------------------------------
                                              0.234882   data required time
                                             -0.681160   data arrival time
---------------------------------------------------------------------------------------------
                                              0.446278   slack (MET)


Startpoint: _296_ (rising edge-triggered flip-flop clocked by clk)
Endpoint: _292_ (rising edge-triggered flip-flop clocked by clk)
Path Group: clk
Path Type: min

Fanout         Cap        Slew       Delay        Time   Description
---------------------------------------------------------------------------------------------
                                  0.000000    0.000000   clock clk (rise edge)
                                  0.000000    0.000000   clock source latency
     1    0.022852    0.000000    0.000000    0.000000 ^ clk (in)
                                                         clk (net)
                      0.002461    0.001230    0.001230 ^ clkbuf_0_clk/A (sg13g2_buf_16)
     2    0.040336    0.022775    0.055575    0.056805 ^ clkbuf_0_clk/X (sg13g2_buf_16)
                                                         clknet_0_clk (net)
                      0.022817    0.001705    0.058510 ^ clkbuf_1_1__f_clk/A (sg13g2_buf_16)
     5    0.025050    0.020277    0.062625    0.121136 ^ clkbuf_1_1__f_clk/X (sg13g2_buf_16)
                                                         clknet_1_1__leaf_clk (net)
                      0.020281    0.000566    0.121702 ^ _296_/CLK (sg13g2_dfrbpq_1)
     2    0.014242    0.051904    0.187066    0.308768 v _296_/Q (sg13g2_dfrbpq_1)
                                                         CTRL.S0 (net)
                      0.051914    0.000735    0.309503 v fanout23/A (sg13g2_buf_1)
     8    0.044499    0.142607    0.168087    0.477590 v fanout23/X (sg13g2_buf_1)
                                                         net23 (net)
                      0.142671    0.001578    0.479168 v _146_/A (sg13g2_xor2_1)
     2    0.011107    0.051353    0.134465    0.613632 v _146_/X (sg13g2_xor2_1)
                                                         _099_ (net)
                      0.051357    0.000471    0.614103 v _147_/B (sg13g2_xor2_1)
     1    0.005834    0.035322    0.072977    0.687080 v _147_/X (sg13g2_xor2_1)
                                                         DPATH.SUM.fa_4.S (net)
                      0.035323    0.000241    0.687321 v _292_/D (sg13g2_dfrbpq_1)
                                              0.687321   data arrival time

                                  0.000000    0.000000   clock clk (rise edge)
                                  0.000000    0.000000   clock source latency
     1    0.025525    0.000000    0.000000    0.000000 ^ clk (in)
                                                         clk (net)
                      0.002808    0.001404    0.001404 ^ clkbuf_0_clk/A (sg13g2_buf_16)
     2    0.045682    0.023978    0.056698    0.058102 ^ clkbuf_0_clk/X (sg13g2_buf_16)
                                                         clknet_0_clk (net)
                      0.023999    0.001267    0.059369 ^ clkbuf_1_0__f_clk/A (sg13g2_buf_16)
     5    0.027661    0.020925    0.063711    0.123080 ^ clkbuf_1_0__f_clk/X (sg13g2_buf_16)
                                                         clknet_1_0__leaf_clk (net)
                      0.020934    0.000833    0.123913 ^ _292_/CLK (sg13g2_dfrbpq_1)
                                  0.150000    0.273913   clock uncertainty
                                 -0.001297    0.272616   clock reconvergence pessimism
                                 -0.039045    0.233571   library hold time
                                              0.233571   data required time
---------------------------------------------------------------------------------------------
                                              0.233571   data required time
                                             -0.687321   data arrival time
---------------------------------------------------------------------------------------------
                                              0.453750   slack (MET)


Startpoint: _292_ (rising edge-triggered flip-flop clocked by clk)
Endpoint: DATA[16] (output port clocked by clk)
Path Group: clk
Path Type: min

Fanout         Cap        Slew       Delay        Time   Description
---------------------------------------------------------------------------------------------
                                  0.000000    0.000000   clock clk (rise edge)
                                  0.000000    0.000000   clock source latency
     1    0.022852    0.000000    0.000000    0.000000 ^ clk (in)
                                                         clk (net)
                      0.002461    0.001230    0.001230 ^ clkbuf_0_clk/A (sg13g2_buf_16)
     2    0.040336    0.022775    0.055575    0.056805 ^ clkbuf_0_clk/X (sg13g2_buf_16)
                                                         clknet_0_clk (net)
                      0.022791    0.001106    0.057912 ^ clkbuf_1_0__f_clk/A (sg13g2_buf_16)
     5    0.025423    0.020356    0.062705    0.120616 ^ clkbuf_1_0__f_clk/X (sg13g2_buf_16)
                                                         clknet_1_0__leaf_clk (net)
                      0.020363    0.000762    0.121378 ^ _292_/CLK (sg13g2_dfrbpq_1)
     4    0.020999    0.072345    0.203033    0.324411 v _292_/Q (sg13g2_dfrbpq_1)
                                                         DPATH.SUM.fa_4.A (net)
                      0.072382    0.001512    0.325923 v _270_/B_N (sg13g2_nor2b_1)
     2    0.009427    0.042364    0.102505    0.428428 v _270_/Y (sg13g2_nor2b_1)
                                                         _085_ (net)
                      0.042364    0.000158    0.428586 v _275_/A2 (sg13g2_o21ai_1)
     1    0.003726    0.046426    0.086856    0.515441 ^ _275_/Y (sg13g2_o21ai_1)
                                                         net9 (net)
                      0.046426    0.000084    0.515525 ^ output9/A (sg13g2_buf_1)
     1    0.011879    0.057043    0.093404    0.608930 ^ output9/X (sg13g2_buf_1)
                                                         DATA[16] (net)
                      0.057043    0.000246    0.609175 ^ DATA[16] (out)
                                              0.609175   data arrival time

                                  0.000000    0.000000   clock clk (rise edge)
                                  0.000000    0.000000   clock network delay (propagated)
                                  0.150000    0.150000   clock uncertainty
                                  0.000000    0.150000   clock reconvergence pessimism
                                  0.000000    0.150000   output external delay
                                              0.150000   data required time
---------------------------------------------------------------------------------------------
                                              0.150000   data required time
                                             -0.609175   data arrival time
---------------------------------------------------------------------------------------------
                                              0.459175   slack (MET)


Startpoint: _292_ (rising edge-triggered flip-flop clocked by clk)
Endpoint: DATA[12] (output port clocked by clk)
Path Group: clk
Path Type: min

Fanout         Cap        Slew       Delay        Time   Description
---------------------------------------------------------------------------------------------
                                  0.000000    0.000000   clock clk (rise edge)
                                  0.000000    0.000000   clock source latency
     1    0.022852    0.000000    0.000000    0.000000 ^ clk (in)
                                                         clk (net)
                      0.002461    0.001230    0.001230 ^ clkbuf_0_clk/A (sg13g2_buf_16)
     2    0.040336    0.022775    0.055575    0.056805 ^ clkbuf_0_clk/X (sg13g2_buf_16)
                                                         clknet_0_clk (net)
                      0.022791    0.001106    0.057912 ^ clkbuf_1_0__f_clk/A (sg13g2_buf_16)
     5    0.025423    0.020356    0.062705    0.120616 ^ clkbuf_1_0__f_clk/X (sg13g2_buf_16)
                                                         clknet_1_0__leaf_clk (net)
                      0.020363    0.000762    0.121378 ^ _292_/CLK (sg13g2_dfrbpq_1)
     4    0.020999    0.072345    0.203033    0.324411 v _292_/Q (sg13g2_dfrbpq_1)
                                                         DPATH.SUM.fa_4.A (net)
                      0.072382    0.001512    0.325923 v _270_/B_N (sg13g2_nor2b_1)
     2    0.009427    0.042364    0.102505    0.428428 v _270_/Y (sg13g2_nor2b_1)
                                                         _085_ (net)
                      0.042364    0.000153    0.428581 v _271_/A2 (sg13g2_a21oi_1)
     1    0.006446    0.067149    0.095785    0.524366 ^ _271_/Y (sg13g2_a21oi_1)
                                                         net5 (net)
                      0.067149    0.000274    0.524640 ^ output5/A (sg13g2_buf_1)
     1    0.012725    0.060812    0.104715    0.629355 ^ output5/X (sg13g2_buf_1)
                                                         DATA[12] (net)
                      0.060814    0.000436    0.629791 ^ DATA[12] (out)
                                              0.629791   data arrival time

                                  0.000000    0.000000   clock clk (rise edge)
                                  0.000000    0.000000   clock network delay (propagated)
                                  0.150000    0.150000   clock uncertainty
                                  0.000000    0.150000   clock reconvergence pessimism
                                  0.000000    0.150000   output external delay
                                              0.150000   data required time
---------------------------------------------------------------------------------------------
                                              0.150000   data required time
                                             -0.629791   data arrival time
---------------------------------------------------------------------------------------------
                                              0.479791   slack (MET)


Startpoint: _294_ (rising edge-triggered flip-flop clocked by clk)
Endpoint: DATA[13] (output port clocked by clk)
Path Group: clk
Path Type: min

Fanout         Cap        Slew       Delay        Time   Description
---------------------------------------------------------------------------------------------
                                  0.000000    0.000000   clock clk (rise edge)
                                  0.000000    0.000000   clock source latency
     1    0.022852    0.000000    0.000000    0.000000 ^ clk (in)
                                                         clk (net)
                      0.002461    0.001230    0.001230 ^ clkbuf_0_clk/A (sg13g2_buf_16)
     2    0.040336    0.022775    0.055575    0.056805 ^ clkbuf_0_clk/X (sg13g2_buf_16)
                                                         clknet_0_clk (net)
                      0.022817    0.001705    0.058510 ^ clkbuf_1_1__f_clk/A (sg13g2_buf_16)
     5    0.025050    0.020277    0.062625    0.121136 ^ clkbuf_1_1__f_clk/X (sg13g2_buf_16)
                                                         clknet_1_1__leaf_clk (net)
                      0.020285    0.000794    0.121930 ^ _294_/CLK (sg13g2_dfrbpq_1)
     3    0.018093    0.081297    0.206262    0.328192 ^ _294_/Q (sg13g2_dfrbpq_1)
                                                         DPATH.SUM.fa_6.A (net)
                      0.081314    0.001158    0.329350 ^ fanout27/A (sg13g2_buf_1)
     4    0.024207    0.105031    0.144382    0.473732 ^ fanout27/X (sg13g2_buf_1)
                                                         net27 (net)
                      0.105032    0.000510    0.474242 ^ _272_/A (sg13g2_nor2_1)
     1    0.005788    0.041212    0.068840    0.543082 v _272_/Y (sg13g2_nor2_1)
                                                         net6 (net)
                      0.041213    0.000220    0.543302 v output6/A (sg13g2_buf_1)
     1    0.012918    0.048833    0.091567    0.634868 v output6/X (sg13g2_buf_1)
                                                         DATA[13] (net)
                      0.048835    0.000358    0.635226 v DATA[13] (out)
                                              0.635226   data arrival time

                                  0.000000    0.000000   clock clk (rise edge)
                                  0.000000    0.000000   clock network delay (propagated)
                                  0.150000    0.150000   clock uncertainty
                                  0.000000    0.150000   clock reconvergence pessimism
                                  0.000000    0.150000   output external delay
                                              0.150000   data required time
---------------------------------------------------------------------------------------------
                                              0.150000   data required time
                                             -0.635226   data arrival time
---------------------------------------------------------------------------------------------
                                              0.485226   slack (MET)


Startpoint: _288_ (rising edge-triggered flip-flop clocked by clk)
Endpoint: _288_ (rising edge-triggered flip-flop clocked by clk)
Path Group: clk
Path Type: min

Fanout         Cap        Slew       Delay        Time   Description
---------------------------------------------------------------------------------------------
                                  0.000000    0.000000   clock clk (rise edge)
                                  0.000000    0.000000   clock source latency
     1    0.022852    0.000000    0.000000    0.000000 ^ clk (in)
                                                         clk (net)
                      0.002461    0.001230    0.001230 ^ clkbuf_0_clk/A (sg13g2_buf_16)
     2    0.040336    0.022775    0.055575    0.056805 ^ clkbuf_0_clk/X (sg13g2_buf_16)
                                                         clknet_0_clk (net)
                      0.022791    0.001106    0.057912 ^ clkbuf_1_0__f_clk/A (sg13g2_buf_16)
     5    0.025423    0.020356    0.062705    0.120616 ^ clkbuf_1_0__f_clk/X (sg13g2_buf_16)
                                                         clknet_1_0__leaf_clk (net)
                      0.020362    0.000691    0.121307 ^ _288_/CLK (sg13g2_dfrbpq_1)
     1    0.004484    0.023729    0.163569    0.284876 v _288_/Q (sg13g2_dfrbpq_1)
                                                         DPATH.SUM.Cout0 (net)
                      0.023729    0.000117    0.284993 v fanout41/A (sg13g2_buf_1)
     8    0.042370    0.136062    0.150914    0.435907 v fanout41/X (sg13g2_buf_1)
                                                         net41 (net)
                      0.136119    0.002338    0.438245 v _132_/A (sg13g2_inv_1)
     8    0.045604    0.197242    0.209831    0.648076 ^ _132_/Y (sg13g2_inv_1)
                                                         DPATH.SUM.ha_0.S (net)
                      0.197278    0.002206    0.650282 ^ _288_/D (sg13g2_dfrbpq_1)
                                              0.650282   data arrival time

                                  0.000000    0.000000   clock clk (rise edge)
                                  0.000000    0.000000   clock source latency
     1    0.025525    0.000000    0.000000    0.000000 ^ clk (in)
                                                         clk (net)
                      0.002808    0.001404    0.001404 ^ clkbuf_0_clk/A (sg13g2_buf_16)
     2    0.045682    0.023978    0.056698    0.058102 ^ clkbuf_0_clk/X (sg13g2_buf_16)
                                                         clknet_0_clk (net)
                      0.023999    0.001267    0.059369 ^ clkbuf_1_0__f_clk/A (sg13g2_buf_16)
     5    0.027661    0.020925    0.063711    0.123080 ^ clkbuf_1_0__f_clk/X (sg13g2_buf_16)
                                                         clknet_1_0__leaf_clk (net)
                      0.020932    0.000757    0.123837 ^ _288_/CLK (sg13g2_dfrbpq_1)
                                  0.150000    0.273837   clock uncertainty
                                 -0.002529    0.271307   clock reconvergence pessimism
                                 -0.107160    0.164148   library hold time
                                              0.164148   data required time
---------------------------------------------------------------------------------------------
                                              0.164148   data required time
                                             -0.650282   data arrival time
---------------------------------------------------------------------------------------------
                                              0.486134   slack (MET)


Startpoint: _294_ (rising edge-triggered flip-flop clocked by clk)
Endpoint: DATA[14] (output port clocked by clk)
Path Group: clk
Path Type: min

Fanout         Cap        Slew       Delay        Time   Description
---------------------------------------------------------------------------------------------
                                  0.000000    0.000000   clock clk (rise edge)
                                  0.000000    0.000000   clock source latency
     1    0.022852    0.000000    0.000000    0.000000 ^ clk (in)
                                                         clk (net)
                      0.002461    0.001230    0.001230 ^ clkbuf_0_clk/A (sg13g2_buf_16)
     2    0.040336    0.022775    0.055575    0.056805 ^ clkbuf_0_clk/X (sg13g2_buf_16)
                                                         clknet_0_clk (net)
                      0.022817    0.001705    0.058510 ^ clkbuf_1_1__f_clk/A (sg13g2_buf_16)
     5    0.025050    0.020277    0.062625    0.121136 ^ clkbuf_1_1__f_clk/X (sg13g2_buf_16)
                                                         clknet_1_1__leaf_clk (net)
                      0.020285    0.000794    0.121930 ^ _294_/CLK (sg13g2_dfrbpq_1)
     3    0.017974    0.063232    0.195714    0.317644 v _294_/Q (sg13g2_dfrbpq_1)
                                                         DPATH.SUM.fa_6.A (net)
                      0.063261    0.001261    0.318904 v fanout25/A (sg13g2_buf_1)
     8    0.044499    0.142534    0.173879    0.492783 v fanout25/X (sg13g2_buf_1)
                                                         net25 (net)
                      0.142541    0.001062    0.493845 v _273_/A (sg13g2_nand2_1)
     1    0.005908    0.047847    0.071690    0.565535 ^ _273_/Y (sg13g2_nand2_1)
                                                         net7 (net)
                      0.047847    0.000225    0.565760 ^ output7/A (sg13g2_buf_1)
     1    0.011307    0.054833    0.092379    0.658139 ^ output7/X (sg13g2_buf_1)
                                                         DATA[14] (net)
                      0.054833    0.000170    0.658309 ^ DATA[14] (out)
                                              0.658309   data arrival time

                                  0.000000    0.000000   clock clk (rise edge)
                                  0.000000    0.000000   clock network delay (propagated)
                                  0.150000    0.150000   clock uncertainty
                                  0.000000    0.150000   clock reconvergence pessimism
                                  0.000000    0.150000   output external delay
                                              0.150000   data required time
---------------------------------------------------------------------------------------------
                                              0.150000   data required time
                                             -0.658309   data arrival time
---------------------------------------------------------------------------------------------
                                              0.508309   slack (MET)


Startpoint: _293_ (rising edge-triggered flip-flop clocked by clk)
Endpoint: DATA[9] (output port clocked by clk)
Path Group: clk
Path Type: min

Fanout         Cap        Slew       Delay        Time   Description
---------------------------------------------------------------------------------------------
                                  0.000000    0.000000   clock clk (rise edge)
                                  0.000000    0.000000   clock source latency
     1    0.022852    0.000000    0.000000    0.000000 ^ clk (in)
                                                         clk (net)
                      0.002461    0.001230    0.001230 ^ clkbuf_0_clk/A (sg13g2_buf_16)
     2    0.040336    0.022775    0.055575    0.056805 ^ clkbuf_0_clk/X (sg13g2_buf_16)
                                                         clknet_0_clk (net)
                      0.022817    0.001705    0.058510 ^ clkbuf_1_1__f_clk/A (sg13g2_buf_16)
     5    0.025050    0.020277    0.062625    0.121136 ^ clkbuf_1_1__f_clk/X (sg13g2_buf_16)
                                                         clknet_1_1__leaf_clk (net)
                      0.020290    0.001036    0.122172 ^ _293_/CLK (sg13g2_dfrbpq_1)
     1    0.008920    0.036209    0.174189    0.296360 v _293_/Q (sg13g2_dfrbpq_1)
                                                         DPATH.SUM.fa_5.A (net)
                      0.036215    0.000484    0.296845 v fanout29/A (sg13g2_buf_1)
     8    0.040733    0.131228    0.152505    0.449350 v fanout29/X (sg13g2_buf_1)
                                                         net29 (net)
                      0.131357    0.003415    0.452765 v _265_/A1 (sg13g2_a21oi_1)
     1    0.005839    0.064023    0.110104    0.562869 ^ _265_/Y (sg13g2_a21oi_1)
                                                         net19 (net)
                      0.064023    0.000223    0.563092 ^ output19/A (sg13g2_buf_1)
     1    0.015735    0.072555    0.111982    0.675074 ^ output19/X (sg13g2_buf_1)
                                                         DATA[9] (net)
                      0.072566    0.000884    0.675958 ^ DATA[9] (out)
                                              0.675958   data arrival time

                                  0.000000    0.000000   clock clk (rise edge)
                                  0.000000    0.000000   clock network delay (propagated)
                                  0.150000    0.150000   clock uncertainty
                                  0.000000    0.150000   clock reconvergence pessimism
                                  0.000000    0.150000   output external delay
                                              0.150000   data required time
---------------------------------------------------------------------------------------------
                                              0.150000   data required time
                                             -0.675958   data arrival time
---------------------------------------------------------------------------------------------
                                              0.525958   slack (MET)


Startpoint: _292_ (rising edge-triggered flip-flop clocked by clk)
Endpoint: DATA[7] (output port clocked by clk)
Path Group: clk
Path Type: min

Fanout         Cap        Slew       Delay        Time   Description
---------------------------------------------------------------------------------------------
                                  0.000000    0.000000   clock clk (rise edge)
                                  0.000000    0.000000   clock source latency
     1    0.022852    0.000000    0.000000    0.000000 ^ clk (in)
                                                         clk (net)
                      0.002461    0.001230    0.001230 ^ clkbuf_0_clk/A (sg13g2_buf_16)
     2    0.040336    0.022775    0.055575    0.056805 ^ clkbuf_0_clk/X (sg13g2_buf_16)
                                                         clknet_0_clk (net)
                      0.022791    0.001106    0.057912 ^ clkbuf_1_0__f_clk/A (sg13g2_buf_16)
     5    0.025423    0.020356    0.062705    0.120616 ^ clkbuf_1_0__f_clk/X (sg13g2_buf_16)
                                                         clknet_1_0__leaf_clk (net)
                      0.020363    0.000762    0.121378 ^ _292_/CLK (sg13g2_dfrbpq_1)
     4    0.020999    0.072345    0.203033    0.324411 v _292_/Q (sg13g2_dfrbpq_1)
                                                         DPATH.SUM.fa_4.A (net)
                      0.072388    0.001612    0.326023 v fanout30/A (sg13g2_buf_1)
     8    0.035000    0.114050    0.156633    0.482656 v fanout30/X (sg13g2_buf_1)
                                                         net30 (net)
                      0.114067    0.001388    0.484044 v _263_/A1 (sg13g2_a21oi_1)
     1    0.003768    0.045085    0.093285    0.577329 ^ _263_/Y (sg13g2_a21oi_1)
                                                         net17 (net)
                      0.045085    0.000086    0.577415 ^ output17/A (sg13g2_buf_1)
     1    0.014408    0.066989    0.100023    0.677438 ^ output17/X (sg13g2_buf_1)
                                                         DATA[7] (net)
                      0.066994    0.000666    0.678104 ^ DATA[7] (out)
                                              0.678104   data arrival time

                                  0.000000    0.000000   clock clk (rise edge)
                                  0.000000    0.000000   clock network delay (propagated)
                                  0.150000    0.150000   clock uncertainty
                                  0.000000    0.150000   clock reconvergence pessimism
                                  0.000000    0.150000   output external delay
                                              0.150000   data required time
---------------------------------------------------------------------------------------------
                                              0.150000   data required time
                                             -0.678104   data arrival time
---------------------------------------------------------------------------------------------
                                              0.528104   slack (MET)


Startpoint: _294_ (rising edge-triggered flip-flop clocked by clk)
Endpoint: DATA[15] (output port clocked by clk)
Path Group: clk
Path Type: min

Fanout         Cap        Slew       Delay        Time   Description
---------------------------------------------------------------------------------------------
                                  0.000000    0.000000   clock clk (rise edge)
                                  0.000000    0.000000   clock source latency
     1    0.022852    0.000000    0.000000    0.000000 ^ clk (in)
                                                         clk (net)
                      0.002461    0.001230    0.001230 ^ clkbuf_0_clk/A (sg13g2_buf_16)
     2    0.040336    0.022775    0.055575    0.056805 ^ clkbuf_0_clk/X (sg13g2_buf_16)
                                                         clknet_0_clk (net)
                      0.022817    0.001705    0.058510 ^ clkbuf_1_1__f_clk/A (sg13g2_buf_16)
     5    0.025050    0.020277    0.062625    0.121136 ^ clkbuf_1_1__f_clk/X (sg13g2_buf_16)
                                                         clknet_1_1__leaf_clk (net)
                      0.020285    0.000794    0.121930 ^ _294_/CLK (sg13g2_dfrbpq_1)
     3    0.017974    0.063232    0.195714    0.317644 v _294_/Q (sg13g2_dfrbpq_1)
                                                         DPATH.SUM.fa_6.A (net)
                      0.063261    0.001261    0.318904 v fanout25/A (sg13g2_buf_1)
     8    0.044499    0.142534    0.173879    0.492783 v fanout25/X (sg13g2_buf_1)
                                                         net25 (net)
                      0.142540    0.001009    0.493792 v _274_/A (sg13g2_nand2_1)
     1    0.006635    0.050989    0.074890    0.568682 ^ _274_/Y (sg13g2_nand2_1)
                                                         net8 (net)
                      0.050990    0.000315    0.568998 ^ output8/A (sg13g2_buf_1)
     1    0.017190    0.078098    0.110469    0.679466 ^ output8/X (sg13g2_buf_1)
                                                         DATA[15] (net)
                      0.078155    0.001211    0.680677 ^ DATA[15] (out)
                                              0.680677   data arrival time

                                  0.000000    0.000000   clock clk (rise edge)
                                  0.000000    0.000000   clock network delay (propagated)
                                  0.150000    0.150000   clock uncertainty
                                  0.000000    0.150000   clock reconvergence pessimism
                                  0.000000    0.150000   output external delay
                                              0.150000   data required time
---------------------------------------------------------------------------------------------
                                              0.150000   data required time
                                             -0.680677   data arrival time
---------------------------------------------------------------------------------------------
                                              0.530677   slack (MET)


Startpoint: _292_ (rising edge-triggered flip-flop clocked by clk)
Endpoint: DATA[8] (output port clocked by clk)
Path Group: clk
Path Type: min

Fanout         Cap        Slew       Delay        Time   Description
---------------------------------------------------------------------------------------------
                                  0.000000    0.000000   clock clk (rise edge)
                                  0.000000    0.000000   clock source latency
     1    0.022852    0.000000    0.000000    0.000000 ^ clk (in)
                                                         clk (net)
                      0.002461    0.001230    0.001230 ^ clkbuf_0_clk/A (sg13g2_buf_16)
     2    0.040336    0.022775    0.055575    0.056805 ^ clkbuf_0_clk/X (sg13g2_buf_16)
                                                         clknet_0_clk (net)
                      0.022791    0.001106    0.057912 ^ clkbuf_1_0__f_clk/A (sg13g2_buf_16)
     5    0.025423    0.020356    0.062705    0.120616 ^ clkbuf_1_0__f_clk/X (sg13g2_buf_16)
                                                         clknet_1_0__leaf_clk (net)
                      0.020363    0.000762    0.121378 ^ _292_/CLK (sg13g2_dfrbpq_1)
     4    0.020999    0.072345    0.203033    0.324411 v _292_/Q (sg13g2_dfrbpq_1)
                                                         DPATH.SUM.fa_4.A (net)
                      0.072388    0.001612    0.326023 v fanout30/A (sg13g2_buf_1)
     8    0.035000    0.114050    0.156633    0.482656 v fanout30/X (sg13g2_buf_1)
                                                         net30 (net)
                      0.114064    0.001310    0.483966 v _264_/A1 (sg13g2_a21oi_1)
     1    0.005157    0.052358    0.102027    0.585994 ^ _264_/Y (sg13g2_a21oi_1)
                                                         net18 (net)
                      0.052359    0.000182    0.586176 ^ output18/A (sg13g2_buf_1)
     1    0.012121    0.058123    0.096653    0.682828 ^ output18/X (sg13g2_buf_1)
                                                         DATA[8] (net)
                      0.058123    0.000278    0.683106 ^ DATA[8] (out)
                                              0.683106   data arrival time

                                  0.000000    0.000000   clock clk (rise edge)
                                  0.000000    0.000000   clock network delay (propagated)
                                  0.150000    0.150000   clock uncertainty
                                  0.000000    0.150000   clock reconvergence pessimism
                                  0.000000    0.150000   output external delay
                                              0.150000   data required time
---------------------------------------------------------------------------------------------
                                              0.150000   data required time
                                             -0.683106   data arrival time
---------------------------------------------------------------------------------------------
                                              0.533106   slack (MET)


Startpoint: _290_ (rising edge-triggered flip-flop clocked by clk)
Endpoint: DATA[6] (output port clocked by clk)
Path Group: clk
Path Type: min

Fanout         Cap        Slew       Delay        Time   Description
---------------------------------------------------------------------------------------------
                                  0.000000    0.000000   clock clk (rise edge)
                                  0.000000    0.000000   clock source latency
     1    0.022852    0.000000    0.000000    0.000000 ^ clk (in)
                                                         clk (net)
                      0.002461    0.001230    0.001230 ^ clkbuf_0_clk/A (sg13g2_buf_16)
     2    0.040336    0.022775    0.055575    0.056805 ^ clkbuf_0_clk/X (sg13g2_buf_16)
                                                         clknet_0_clk (net)
                      0.022791    0.001106    0.057912 ^ clkbuf_1_0__f_clk/A (sg13g2_buf_16)
     5    0.025423    0.020356    0.062705    0.120616 ^ clkbuf_1_0__f_clk/X (sg13g2_buf_16)
                                                         clknet_1_0__leaf_clk (net)
                      0.020364    0.000788    0.121405 ^ _290_/CLK (sg13g2_dfrbpq_1)
     4    0.024597    0.105377    0.224416    0.345821 ^ _290_/Q (sg13g2_dfrbpq_1)
                                                         DPATH.SUM.fa_2.A (net)
                      0.105460    0.002696    0.348517 ^ _210_/B (sg13g2_nor2_1)
     4    0.015509    0.071669    0.095591    0.444108 v _210_/Y (sg13g2_nor2_1)
                                                         _037_ (net)
                      0.071669    0.000162    0.444270 v _211_/A (sg13g2_inv_1)
     1    0.005066    0.037812    0.048175    0.492445 ^ _211_/Y (sg13g2_inv_1)
                                                         _038_ (net)
                      0.037812    0.000135    0.492579 ^ _262_/A2 (sg13g2_a21oi_1)
     1    0.011231    0.050488    0.094614    0.587193 v _262_/Y (sg13g2_a21oi_1)
                                                         net16 (net)
                      0.050511    0.000894    0.588086 v output16/A (sg13g2_buf_1)
     1    0.013390    0.050482    0.096614    0.684701 v output16/X (sg13g2_buf_1)
                                                         DATA[6] (net)
                      0.050488    0.000568    0.685269 v DATA[6] (out)
                                              0.685269   data arrival time

                                  0.000000    0.000000   clock clk (rise edge)
                                  0.000000    0.000000   clock network delay (propagated)
                                  0.150000    0.150000   clock uncertainty
                                  0.000000    0.150000   clock reconvergence pessimism
                                  0.000000    0.150000   output external delay
                                              0.150000   data required time
---------------------------------------------------------------------------------------------
                                              0.150000   data required time
                                             -0.685269   data arrival time
---------------------------------------------------------------------------------------------
                                              0.535268   slack (MET)


Startpoint: _290_ (rising edge-triggered flip-flop clocked by clk)
Endpoint: DATA[1] (output port clocked by clk)
Path Group: clk
Path Type: min

Fanout         Cap        Slew       Delay        Time   Description
---------------------------------------------------------------------------------------------
                                  0.000000    0.000000   clock clk (rise edge)
                                  0.000000    0.000000   clock source latency
     1    0.022852    0.000000    0.000000    0.000000 ^ clk (in)
                                                         clk (net)
                      0.002461    0.001230    0.001230 ^ clkbuf_0_clk/A (sg13g2_buf_16)
     2    0.040336    0.022775    0.055575    0.056805 ^ clkbuf_0_clk/X (sg13g2_buf_16)
                                                         clknet_0_clk (net)
                      0.022791    0.001106    0.057912 ^ clkbuf_1_0__f_clk/A (sg13g2_buf_16)
     5    0.025423    0.020356    0.062705    0.120616 ^ clkbuf_1_0__f_clk/X (sg13g2_buf_16)
                                                         clknet_1_0__leaf_clk (net)
                      0.020364    0.000788    0.121405 ^ _290_/CLK (sg13g2_dfrbpq_1)
     4    0.024527    0.081085    0.210803    0.332208 v _290_/Q (sg13g2_dfrbpq_1)
                                                         DPATH.SUM.fa_2.A (net)
                      0.081172    0.002388    0.334596 v _233_/A1 (sg13g2_a221oi_1)
     1    0.007241    0.085363    0.154011    0.488607 ^ _233_/Y (sg13g2_a221oi_1)
                                                         _059_ (net)
                      0.085389    0.000334    0.488941 ^ _235_/A2 (sg13g2_o21ai_1)
     1    0.007567    0.058911    0.089720    0.578661 v _235_/Y (sg13g2_o21ai_1)
                                                         net11 (net)
                      0.058914    0.000337    0.578998 v output11/A (sg13g2_buf_1)
     1    0.017063    0.061763    0.109183    0.688181 v output11/X (sg13g2_buf_1)
                                                         DATA[1] (net)
                      0.061778    0.000926    0.689107 v DATA[1] (out)
                                              0.689107   data arrival time

                                  0.000000    0.000000   clock clk (rise edge)
                                  0.000000    0.000000   clock network delay (propagated)
                                  0.150000    0.150000   clock uncertainty
                                  0.000000    0.150000   clock reconvergence pessimism
                                  0.000000    0.150000   output external delay
                                              0.150000   data required time
---------------------------------------------------------------------------------------------
                                              0.150000   data required time
                                             -0.689107   data arrival time
---------------------------------------------------------------------------------------------
                                              0.539107   slack (MET)


Startpoint: _290_ (rising edge-triggered flip-flop clocked by clk)
Endpoint: DATA[11] (output port clocked by clk)
Path Group: clk
Path Type: min

Fanout         Cap        Slew       Delay        Time   Description
---------------------------------------------------------------------------------------------
                                  0.000000    0.000000   clock clk (rise edge)
                                  0.000000    0.000000   clock source latency
     1    0.022852    0.000000    0.000000    0.000000 ^ clk (in)
                                                         clk (net)
                      0.002461    0.001230    0.001230 ^ clkbuf_0_clk/A (sg13g2_buf_16)
     2    0.040336    0.022775    0.055575    0.056805 ^ clkbuf_0_clk/X (sg13g2_buf_16)
                                                         clknet_0_clk (net)
                      0.022791    0.001106    0.057912 ^ clkbuf_1_0__f_clk/A (sg13g2_buf_16)
     5    0.025423    0.020356    0.062705    0.120616 ^ clkbuf_1_0__f_clk/X (sg13g2_buf_16)
                                                         clknet_1_0__leaf_clk (net)
                      0.020364    0.000788    0.121405 ^ _290_/CLK (sg13g2_dfrbpq_1)
     4    0.024597    0.105377    0.224416    0.345821 ^ _290_/Q (sg13g2_dfrbpq_1)
                                                         DPATH.SUM.fa_2.A (net)
                      0.105460    0.002696    0.348517 ^ _210_/B (sg13g2_nor2_1)
     4    0.015509    0.071669    0.095591    0.444108 v _210_/Y (sg13g2_nor2_1)
                                                         _037_ (net)
                      0.071670    0.000266    0.444374 v _268_/A2 (sg13g2_a21oi_1)
     1    0.004868    0.060391    0.097367    0.541741 ^ _268_/Y (sg13g2_a21oi_1)
                                                         _084_ (net)
                      0.060391    0.000148    0.541888 ^ _269_/B (sg13g2_nor2_1)
     1    0.009260    0.042292    0.057103    0.598991 v _269_/Y (sg13g2_nor2_1)
                                                         net4 (net)
                      0.042316    0.000494    0.599485 v output4/A (sg13g2_buf_1)
     1    0.014767    0.054529    0.096343    0.695828 v output4/X (sg13g2_buf_1)
                                                         DATA[11] (net)
                      0.054542    0.000828    0.696656 v DATA[11] (out)
                                              0.696656   data arrival time

                                  0.000000    0.000000   clock clk (rise edge)
                                  0.000000    0.000000   clock network delay (propagated)
                                  0.150000    0.150000   clock uncertainty
                                  0.000000    0.150000   clock reconvergence pessimism
                                  0.000000    0.150000   output external delay
                                              0.150000   data required time
---------------------------------------------------------------------------------------------
                                              0.150000   data required time
                                             -0.696656   data arrival time
---------------------------------------------------------------------------------------------
                                              0.546656   slack (MET)


Startpoint: _294_ (rising edge-triggered flip-flop clocked by clk)
Endpoint: DATA[3] (output port clocked by clk)
Path Group: clk
Path Type: min

Fanout         Cap        Slew       Delay        Time   Description
---------------------------------------------------------------------------------------------
                                  0.000000    0.000000   clock clk (rise edge)
                                  0.000000    0.000000   clock source latency
     1    0.022852    0.000000    0.000000    0.000000 ^ clk (in)
                                                         clk (net)
                      0.002461    0.001230    0.001230 ^ clkbuf_0_clk/A (sg13g2_buf_16)
     2    0.040336    0.022775    0.055575    0.056805 ^ clkbuf_0_clk/X (sg13g2_buf_16)
                                                         clknet_0_clk (net)
                      0.022817    0.001705    0.058510 ^ clkbuf_1_1__f_clk/A (sg13g2_buf_16)
     5    0.025050    0.020277    0.062625    0.121136 ^ clkbuf_1_1__f_clk/X (sg13g2_buf_16)
                                                         clknet_1_1__leaf_clk (net)
                      0.020285    0.000794    0.121930 ^ _294_/CLK (sg13g2_dfrbpq_1)
     3    0.017974    0.063232    0.195714    0.317644 v _294_/Q (sg13g2_dfrbpq_1)
                                                         DPATH.SUM.fa_6.A (net)
                      0.063261    0.001261    0.318904 v fanout25/A (sg13g2_buf_1)
     8    0.044499    0.142534    0.173879    0.492783 v fanout25/X (sg13g2_buf_1)
                                                         net25 (net)
                      0.142540    0.001044    0.493827 v _256_/A (sg13g2_nor2_1)
     1    0.004969    0.068437    0.099227    0.593054 ^ _256_/Y (sg13g2_nor2_1)
                                                         net13 (net)
                      0.068437    0.000151    0.593205 ^ output13/A (sg13g2_buf_1)
     1    0.014831    0.069094    0.111258    0.704463 ^ output13/X (sg13g2_buf_1)
                                                         DATA[3] (net)
                      0.069103    0.000836    0.705299 ^ DATA[3] (out)
                                              0.705299   data arrival time

                                  0.000000    0.000000   clock clk (rise edge)
                                  0.000000    0.000000   clock network delay (propagated)
                                  0.150000    0.150000   clock uncertainty
                                  0.000000    0.150000   clock reconvergence pessimism
                                  0.000000    0.150000   output external delay
                                              0.150000   data required time
---------------------------------------------------------------------------------------------
                                              0.150000   data required time
                                             -0.705299   data arrival time
---------------------------------------------------------------------------------------------
                                              0.555299   slack (MET)


Startpoint: _294_ (rising edge-triggered flip-flop clocked by clk)
Endpoint: DATA[10] (output port clocked by clk)
Path Group: clk
Path Type: min

Fanout         Cap        Slew       Delay        Time   Description
---------------------------------------------------------------------------------------------
                                  0.000000    0.000000   clock clk (rise edge)
                                  0.000000    0.000000   clock source latency
     1    0.022852    0.000000    0.000000    0.000000 ^ clk (in)
                                                         clk (net)
                      0.002461    0.001230    0.001230 ^ clkbuf_0_clk/A (sg13g2_buf_16)
     2    0.040336    0.022775    0.055575    0.056805 ^ clkbuf_0_clk/X (sg13g2_buf_16)
                                                         clknet_0_clk (net)
                      0.022817    0.001705    0.058510 ^ clkbuf_1_1__f_clk/A (sg13g2_buf_16)
     5    0.025050    0.020277    0.062625    0.121136 ^ clkbuf_1_1__f_clk/X (sg13g2_buf_16)
                                                         clknet_1_1__leaf_clk (net)
                      0.020285    0.000794    0.121930 ^ _294_/CLK (sg13g2_dfrbpq_1)
     3    0.018093    0.081297    0.206262    0.328192 ^ _294_/Q (sg13g2_dfrbpq_1)
                                                         DPATH.SUM.fa_6.A (net)
                      0.081314    0.001158    0.329350 ^ fanout27/A (sg13g2_buf_1)
     4    0.024207    0.105031    0.144382    0.473732 ^ fanout27/X (sg13g2_buf_1)
                                                         net27 (net)
                      0.105039    0.001009    0.474741 ^ _257_/B (sg13g2_nor2_1)
     1    0.004138    0.035817    0.055489    0.530230 v _257_/Y (sg13g2_nor2_1)
                                                         _080_ (net)
                      0.035817    0.000086    0.530316 v _266_/B1 (sg13g2_o21ai_1)
     1    0.010268    0.061694    0.065164    0.595479 ^ _266_/Y (sg13g2_o21ai_1)
                                                         _083_ (net)
                      0.061700    0.000510    0.595989 ^ _267_/B (sg13g2_nand2_1)
     1    0.003226    0.034481    0.058581    0.654570 v _267_/Y (sg13g2_nand2_1)
                                                         net3 (net)
                      0.034481    0.000058    0.654628 v output3/A (sg13g2_buf_1)
     1    0.013334    0.049993    0.089602    0.744230 v output3/X (sg13g2_buf_1)
                                                         DATA[10] (net)
                      0.049997    0.000516    0.744746 v DATA[10] (out)
                                              0.744746   data arrival time

                                  0.000000    0.000000   clock clk (rise edge)
                                  0.000000    0.000000   clock network delay (propagated)
                                  0.150000    0.150000   clock uncertainty
                                  0.000000    0.150000   clock reconvergence pessimism
                                  0.000000    0.150000   output external delay
                                              0.150000   data required time
---------------------------------------------------------------------------------------------
                                              0.150000   data required time
                                             -0.744746   data arrival time
---------------------------------------------------------------------------------------------
                                              0.594746   slack (MET)


Startpoint: _294_ (rising edge-triggered flip-flop clocked by clk)
Endpoint: DATA[4] (output port clocked by clk)
Path Group: clk
Path Type: min

Fanout         Cap        Slew       Delay        Time   Description
---------------------------------------------------------------------------------------------
                                  0.000000    0.000000   clock clk (rise edge)
                                  0.000000    0.000000   clock source latency
     1    0.022852    0.000000    0.000000    0.000000 ^ clk (in)
                                                         clk (net)
                      0.002461    0.001230    0.001230 ^ clkbuf_0_clk/A (sg13g2_buf_16)
     2    0.040336    0.022775    0.055575    0.056805 ^ clkbuf_0_clk/X (sg13g2_buf_16)
                                                         clknet_0_clk (net)
                      0.022817    0.001705    0.058510 ^ clkbuf_1_1__f_clk/A (sg13g2_buf_16)
     5    0.025050    0.020277    0.062625    0.121136 ^ clkbuf_1_1__f_clk/X (sg13g2_buf_16)
                                                         clknet_1_1__leaf_clk (net)
                      0.020285    0.000794    0.121930 ^ _294_/CLK (sg13g2_dfrbpq_1)
     3    0.018093    0.081297    0.206262    0.328192 ^ _294_/Q (sg13g2_dfrbpq_1)
                                                         DPATH.SUM.fa_6.A (net)
                      0.081318    0.001272    0.329464 ^ fanout25/A (sg13g2_buf_1)
     8    0.045415    0.189835    0.203343    0.532806 ^ fanout25/X (sg13g2_buf_1)
                                                         net25 (net)
                      0.189846    0.001218    0.534024 ^ _258_/A (sg13g2_nor3_1)
     1    0.007441    0.060473    0.105081    0.639105 v _258_/Y (sg13g2_nor3_1)
                                                         net14 (net)
                      0.060475    0.000375    0.639480 v output14/A (sg13g2_buf_1)
     1    0.016718    0.060839    0.108770    0.748250 v output14/X (sg13g2_buf_1)
                                                         DATA[4] (net)
                      0.060871    0.001308    0.749558 v DATA[4] (out)
                                              0.749558   data arrival time

                                  0.000000    0.000000   clock clk (rise edge)
                                  0.000000    0.000000   clock network delay (propagated)
                                  0.150000    0.150000   clock uncertainty
                                  0.000000    0.150000   clock reconvergence pessimism
                                  0.000000    0.150000   output external delay
                                              0.150000   data required time
---------------------------------------------------------------------------------------------
                                              0.150000   data required time
                                             -0.749558   data arrival time
---------------------------------------------------------------------------------------------
                                              0.599558   slack (MET)


Startpoint: _294_ (rising edge-triggered flip-flop clocked by clk)
Endpoint: DATA[0] (output port clocked by clk)
Path Group: clk
Path Type: min

Fanout         Cap        Slew       Delay        Time   Description
---------------------------------------------------------------------------------------------
                                  0.000000    0.000000   clock clk (rise edge)
                                  0.000000    0.000000   clock source latency
     1    0.022852    0.000000    0.000000    0.000000 ^ clk (in)
                                                         clk (net)
                      0.002461    0.001230    0.001230 ^ clkbuf_0_clk/A (sg13g2_buf_16)
     2    0.040336    0.022775    0.055575    0.056805 ^ clkbuf_0_clk/X (sg13g2_buf_16)
                                                         clknet_0_clk (net)
                      0.022817    0.001705    0.058510 ^ clkbuf_1_1__f_clk/A (sg13g2_buf_16)
     5    0.025050    0.020277    0.062625    0.121136 ^ clkbuf_1_1__f_clk/X (sg13g2_buf_16)
                                                         clknet_1_1__leaf_clk (net)
                      0.020285    0.000794    0.121930 ^ _294_/CLK (sg13g2_dfrbpq_1)
     3    0.018093    0.081297    0.206262    0.328192 ^ _294_/Q (sg13g2_dfrbpq_1)
                                                         DPATH.SUM.fa_6.A (net)
                      0.081314    0.001158    0.329350 ^ fanout27/A (sg13g2_buf_1)
     4    0.024207    0.105031    0.144382    0.473732 ^ fanout27/X (sg13g2_buf_1)
                                                         net27 (net)
                      0.105037    0.000891    0.474623 ^ _198_/A (sg13g2_nor4_1)
     1    0.006188    0.035782    0.082425    0.557048 v _198_/Y (sg13g2_nor4_1)
                                                         _025_ (net)
                      0.035787    0.000247    0.557295 v _216_/A2 (sg13g2_a22oi_1)
     1    0.009229    0.098094    0.116256    0.673552 ^ _216_/Y (sg13g2_a22oi_1)
                                                         net2 (net)
                      0.098096    0.000361    0.673913 ^ output2/A (sg13g2_buf_1)
     1    0.015554    0.072422    0.125962    0.799875 ^ output2/X (sg13g2_buf_1)
                                                         DATA[0] (net)
                      0.072431    0.000832    0.800707 ^ DATA[0] (out)
                                              0.800707   data arrival time

                                  0.000000    0.000000   clock clk (rise edge)
                                  0.000000    0.000000   clock network delay (propagated)
                                  0.150000    0.150000   clock uncertainty
                                  0.000000    0.150000   clock reconvergence pessimism
                                  0.000000    0.150000   output external delay
                                              0.150000   data required time
---------------------------------------------------------------------------------------------
                                              0.150000   data required time
                                             -0.800707   data arrival time
---------------------------------------------------------------------------------------------
                                              0.650707   slack (MET)


Startpoint: _292_ (rising edge-triggered flip-flop clocked by clk)
Endpoint: DATA[2] (output port clocked by clk)
Path Group: clk
Path Type: min

Fanout         Cap        Slew       Delay        Time   Description
---------------------------------------------------------------------------------------------
                                  0.000000    0.000000   clock clk (rise edge)
                                  0.000000    0.000000   clock source latency
     1    0.022852    0.000000    0.000000    0.000000 ^ clk (in)
                                                         clk (net)
                      0.002461    0.001230    0.001230 ^ clkbuf_0_clk/A (sg13g2_buf_16)
     2    0.040336    0.022775    0.055575    0.056805 ^ clkbuf_0_clk/X (sg13g2_buf_16)
                                                         clknet_0_clk (net)
                      0.022791    0.001106    0.057912 ^ clkbuf_1_0__f_clk/A (sg13g2_buf_16)
     5    0.025423    0.020356    0.062705    0.120616 ^ clkbuf_1_0__f_clk/X (sg13g2_buf_16)
                                                         clknet_1_0__leaf_clk (net)
                      0.020363    0.000762    0.121378 ^ _292_/CLK (sg13g2_dfrbpq_1)
     4    0.020999    0.072345    0.203033    0.324411 v _292_/Q (sg13g2_dfrbpq_1)
                                                         DPATH.SUM.fa_4.A (net)
                      0.072388    0.001612    0.326023 v fanout30/A (sg13g2_buf_1)
     8    0.035000    0.114050    0.156633    0.482656 v fanout30/X (sg13g2_buf_1)
                                                         net30 (net)
                      0.114068    0.001418    0.484074 v _251_/A1 (sg13g2_a21oi_1)
     1    0.004605    0.051372    0.098562    0.582635 ^ _251_/Y (sg13g2_a21oi_1)
                                                         _076_ (net)
                      0.051373    0.000118    0.582754 ^ _252_/B (sg13g2_nand2b_1)
     1    0.003564    0.035635    0.059055    0.641809 v _252_/Y (sg13g2_nand2b_1)
                                                         _077_ (net)
                      0.035635    0.000052    0.641861 v _253_/B1 (sg13g2_o21ai_1)
     1    0.011569    0.067749    0.069863    0.711723 ^ _253_/Y (sg13g2_o21ai_1)
                                                         net12 (net)
                      0.067754    0.000472    0.712195 ^ output12/A (sg13g2_buf_1)
     1    0.017592    0.079905    0.118988    0.831182 ^ output12/X (sg13g2_buf_1)
                                                         DATA[2] (net)
                      0.079918    0.001043    0.832225 ^ DATA[2] (out)
                                              0.832225   data arrival time

                                  0.000000    0.000000   clock clk (rise edge)
                                  0.000000    0.000000   clock network delay (propagated)
                                  0.150000    0.150000   clock uncertainty
                                  0.000000    0.150000   clock reconvergence pessimism
                                  0.000000    0.150000   output external delay
                                              0.150000   data required time
---------------------------------------------------------------------------------------------
                                              0.150000   data required time
                                             -0.832225   data arrival time
---------------------------------------------------------------------------------------------
                                              0.682225   slack (MET)



%OL_END_REPORT
%OL_CREATE_REPORT max.rpt

===========================================================================
report_checks -path_delay max (Setup)
============================================================================
======================= nom_typ_1p20V_25C Corner ===================================

Startpoint: _290_ (rising edge-triggered flip-flop clocked by clk)
Endpoint: DATA[0] (output port clocked by clk)
Path Group: clk
Path Type: max

Fanout         Cap        Slew       Delay        Time   Description
---------------------------------------------------------------------------------------------
                                  0.000000    0.000000   clock clk (rise edge)
                                  0.000000    0.000000   clock source latency
     1    0.025525    0.000000    0.000000    0.000000 ^ clk (in)
                                                         clk (net)
                      0.002808    0.001404    0.001404 ^ clkbuf_0_clk/A (sg13g2_buf_16)
     2    0.045682    0.023978    0.056698    0.058102 ^ clkbuf_0_clk/X (sg13g2_buf_16)
                                                         clknet_0_clk (net)
                      0.023999    0.001267    0.059369 ^ clkbuf_1_0__f_clk/A (sg13g2_buf_16)
     5    0.027661    0.020925    0.063711    0.123080 ^ clkbuf_1_0__f_clk/X (sg13g2_buf_16)
                                                         clknet_1_0__leaf_clk (net)
                      0.020934    0.000865    0.123945 ^ _290_/CLK (sg13g2_dfrbpq_1)
     4    0.026740    0.113869    0.230447    0.354392 ^ _290_/Q (sg13g2_dfrbpq_1)
                                                         DPATH.SUM.fa_2.A (net)
                      0.113931    0.002491    0.356883 ^ fanout37/A (sg13g2_buf_1)
     8    0.045555    0.190520    0.215099    0.571983 ^ fanout37/X (sg13g2_buf_1)
                                                         net37 (net)
                      0.190528    0.001064    0.573046 ^ fanout36/A (sg13g2_buf_1)
     8    0.051315    0.213393    0.249769    0.822815 ^ fanout36/X (sg13g2_buf_1)
                                                         net36 (net)
                      0.213456    0.003059    0.825874 ^ _164_/B (sg13g2_and2_1)
     5    0.025858    0.114138    0.208326    1.034200 ^ _164_/X (sg13g2_and2_1)
                                                         _113_ (net)
                      0.114148    0.001135    1.035334 ^ _180_/A2 (sg13g2_a21oi_1)
     4    0.024975    0.181995    0.188734    1.224069 v _180_/Y (sg13g2_a21oi_1)
                                                         _128_ (net)
                      0.182074    0.001394    1.225463 v _181_/B (sg13g2_and2_1)
     2    0.013044    0.052822    0.154212    1.379675 v _181_/X (sg13g2_and2_1)
                                                         _129_ (net)
                      0.052824    0.000430    1.380104 v _182_/B1 (sg13g2_o21ai_1)
     1    0.005483    0.102932    0.053852    1.433956 ^ _182_/Y (sg13g2_o21ai_1)
                                                         _009_ (net)
                      0.102932    0.000154    1.434110 ^ _183_/A2 (sg13g2_a21oi_1)
     1    0.007261    0.067141    0.103081    1.537191 v _183_/Y (sg13g2_a21oi_1)
                                                         _010_ (net)
                      0.067141    0.000302    1.537493 v _198_/B (sg13g2_nor4_1)
     1    0.006909    0.176167    0.197070    1.734563 ^ _198_/Y (sg13g2_nor4_1)
                                                         _025_ (net)
                      0.176167    0.000287    1.734850 ^ _216_/A2 (sg13g2_a22oi_1)
     1    0.009568    0.093563    0.143205    1.878055 v _216_/Y (sg13g2_a22oi_1)
                                                         net2 (net)
                      0.093563    0.000382    1.878437 v output2/A (sg13g2_buf_1)
     1    0.015554    0.057811    0.120449    1.998886 v output2/X (sg13g2_buf_1)
                                                         DATA[0] (net)
                      0.057823    0.000832    1.999717 v DATA[0] (out)
                                              1.999717   data arrival time

                                  5.000000    5.000000   clock clk (rise edge)
                                  0.000000    5.000000   clock network delay (propagated)
                                 -0.150000    4.850000   clock uncertainty
                                  0.000000    4.850000   clock reconvergence pessimism
                                 -1.000000    3.850000   output external delay
                                              3.850000   data required time
---------------------------------------------------------------------------------------------
                                              3.850000   data required time
                                             -1.999717   data arrival time
---------------------------------------------------------------------------------------------
                                              1.850283   slack (MET)


Startpoint: _290_ (rising edge-triggered flip-flop clocked by clk)
Endpoint: DATA[1] (output port clocked by clk)
Path Group: clk
Path Type: max

Fanout         Cap        Slew       Delay        Time   Description
---------------------------------------------------------------------------------------------
                                  0.000000    0.000000   clock clk (rise edge)
                                  0.000000    0.000000   clock source latency
     1    0.025525    0.000000    0.000000    0.000000 ^ clk (in)
                                                         clk (net)
                      0.002808    0.001404    0.001404 ^ clkbuf_0_clk/A (sg13g2_buf_16)
     2    0.045682    0.023978    0.056698    0.058102 ^ clkbuf_0_clk/X (sg13g2_buf_16)
                                                         clknet_0_clk (net)
                      0.023999    0.001267    0.059369 ^ clkbuf_1_0__f_clk/A (sg13g2_buf_16)
     5    0.027661    0.020925    0.063711    0.123080 ^ clkbuf_1_0__f_clk/X (sg13g2_buf_16)
                                                         clknet_1_0__leaf_clk (net)
                      0.020934    0.000865    0.123945 ^ _290_/CLK (sg13g2_dfrbpq_1)
     4    0.026740    0.113869    0.230447    0.354392 ^ _290_/Q (sg13g2_dfrbpq_1)
                                                         DPATH.SUM.fa_2.A (net)
                      0.113931    0.002491    0.356883 ^ fanout37/A (sg13g2_buf_1)
     8    0.045555    0.190520    0.215099    0.571983 ^ fanout37/X (sg13g2_buf_1)
                                                         net37 (net)
                      0.190528    0.001064    0.573046 ^ fanout36/A (sg13g2_buf_1)
     8    0.051315    0.213393    0.249769    0.822815 ^ fanout36/X (sg13g2_buf_1)
                                                         net36 (net)
                      0.213456    0.003059    0.825874 ^ _164_/B (sg13g2_and2_1)
     5    0.025858    0.114138    0.208326    1.034200 ^ _164_/X (sg13g2_and2_1)
                                                         _113_ (net)
                      0.114148    0.001135    1.035334 ^ _180_/A2 (sg13g2_a21oi_1)
     4    0.024975    0.181995    0.188734    1.224069 v _180_/Y (sg13g2_a21oi_1)
                                                         _128_ (net)
                      0.182069    0.001158    1.225227 v _230_/A (sg13g2_xnor2_1)
     1    0.003892    0.064631    0.144494    1.369721 v _230_/Y (sg13g2_xnor2_1)
                                                         _056_ (net)
                      0.064631    0.000046    1.369766 v _231_/A2 (sg13g2_o21ai_1)
     1    0.006774    0.109532    0.117396    1.487163 ^ _231_/Y (sg13g2_o21ai_1)
                                                         _057_ (net)
                      0.109532    0.000248    1.487411 ^ _233_/B2 (sg13g2_a221oi_1)
     1    0.007699    0.102251    0.114470    1.601880 v _233_/Y (sg13g2_a221oi_1)
                                                         _059_ (net)
                      0.102251    0.000364    1.602244 v _235_/A2 (sg13g2_o21ai_1)
     1    0.007976    0.119121    0.140719    1.742964 ^ _235_/Y (sg13g2_o21ai_1)
                                                         net11 (net)
                      0.119121    0.000367    1.743331 ^ output11/A (sg13g2_buf_1)
     1    0.017063    0.078645    0.136182    1.879513 ^ output11/X (sg13g2_buf_1)
                                                         DATA[1] (net)
                      0.078655    0.000927    1.880439 ^ DATA[1] (out)
                                              1.880439   data arrival time

                                  5.000000    5.000000   clock clk (rise edge)
                                  0.000000    5.000000   clock network delay (propagated)
                                 -0.150000    4.850000   clock uncertainty
                                  0.000000    4.850000   clock reconvergence pessimism
                                 -1.000000    3.850000   output external delay
                                              3.850000   data required time
---------------------------------------------------------------------------------------------
                                              3.850000   data required time
                                             -1.880439   data arrival time
---------------------------------------------------------------------------------------------
                                              1.969561   slack (MET)


Startpoint: _291_ (rising edge-triggered flip-flop clocked by clk)
Endpoint: DATA[2] (output port clocked by clk)
Path Group: clk
Path Type: max

Fanout         Cap        Slew       Delay        Time   Description
---------------------------------------------------------------------------------------------
                                  0.000000    0.000000   clock clk (rise edge)
                                  0.000000    0.000000   clock source latency
     1    0.025525    0.000000    0.000000    0.000000 ^ clk (in)
                                                         clk (net)
                      0.002808    0.001404    0.001404 ^ clkbuf_0_clk/A (sg13g2_buf_16)
     2    0.045682    0.023978    0.056698    0.058102 ^ clkbuf_0_clk/X (sg13g2_buf_16)
                                                         clknet_0_clk (net)
                      0.023999    0.001267    0.059369 ^ clkbuf_1_0__f_clk/A (sg13g2_buf_16)
     5    0.027661    0.020925    0.063711    0.123080 ^ clkbuf_1_0__f_clk/X (sg13g2_buf_16)
                                                         clknet_1_0__leaf_clk (net)
                      0.020934    0.000850    0.123929 ^ _291_/CLK (sg13g2_dfrbpq_1)
     1    0.007864    0.041931    0.177302    0.301232 ^ _291_/Q (sg13g2_dfrbpq_1)
                                                         DPATH.SUM.fa_3.A (net)
                      0.041934    0.000409    0.301641 ^ fanout35/A (sg13g2_buf_1)
     5    0.033738    0.143114    0.153280    0.454921 ^ fanout35/X (sg13g2_buf_1)
                                                         net35 (net)
                      0.143162    0.002154    0.457075 ^ fanout34/A (sg13g2_buf_1)
     8    0.041575    0.174810    0.211867    0.668942 ^ fanout34/X (sg13g2_buf_1)
                                                         net34 (net)
                      0.174868    0.000556    0.669498 ^ fanout33/A (sg13g2_buf_1)
     8    0.043011    0.180691    0.224742    0.894239 ^ fanout33/X (sg13g2_buf_1)
                                                         net33 (net)
                      0.180780    0.001985    0.896224 ^ _202_/B1 (sg13g2_o21ai_1)
     3    0.014020    0.118462    0.142855    1.039079 v _202_/Y (sg13g2_o21ai_1)
                                                         _029_ (net)
                      0.118462    0.000363    1.039442 v _241_/D (sg13g2_nor4_1)
     1    0.003059    0.123381    0.126169    1.165611 ^ _241_/Y (sg13g2_nor4_1)
                                                         _066_ (net)
                      0.123381    0.000037    1.165648 ^ _242_/A_N (sg13g2_nand2b_1)
     1    0.005019    0.056264    0.104570    1.270218 ^ _242_/Y (sg13g2_nand2b_1)
                                                         _067_ (net)
                      0.056264    0.000119    1.270337 ^ _243_/B1 (sg13g2_a21oi_1)
     1    0.006142    0.090368    0.047382    1.317719 v _243_/Y (sg13g2_a21oi_1)
                                                         _068_ (net)
                      0.090368    0.000193    1.317912 v _244_/B1 (sg13g2_o21ai_1)
     1    0.005810    0.096276    0.068582    1.386494 ^ _244_/Y (sg13g2_o21ai_1)
                                                         _069_ (net)
                      0.096276    0.000168    1.386662 ^ _245_/B1 (sg13g2_o21ai_1)
     1    0.011650    0.100739    0.104907    1.491569 v _245_/Y (sg13g2_o21ai_1)
                                                         _070_ (net)
                      0.100741    0.000607    1.492175 v _253_/A2 (sg13g2_o21ai_1)
     1    0.011947    0.153933    0.169382    1.661558 ^ _253_/Y (sg13g2_o21ai_1)
                                                         net12 (net)
                      0.153936    0.000500    1.662058 ^ output12/A (sg13g2_buf_1)
     1    0.017592    0.081296    0.147296    1.809354 ^ output12/X (sg13g2_buf_1)
                                                         DATA[2] (net)
                      0.081309    0.001043    1.810397 ^ DATA[2] (out)
                                              1.810397   data arrival time

                                  5.000000    5.000000   clock clk (rise edge)
                                  0.000000    5.000000   clock network delay (propagated)
                                 -0.150000    4.850000   clock uncertainty
                                  0.000000    4.850000   clock reconvergence pessimism
                                 -1.000000    3.850000   output external delay
                                              3.850000   data required time
---------------------------------------------------------------------------------------------
                                              3.850000   data required time
                                             -1.810397   data arrival time
---------------------------------------------------------------------------------------------
                                              2.039603   slack (MET)


Startpoint: _290_ (rising edge-triggered flip-flop clocked by clk)
Endpoint: DATA[12] (output port clocked by clk)
Path Group: clk
Path Type: max

Fanout         Cap        Slew       Delay        Time   Description
---------------------------------------------------------------------------------------------
                                  0.000000    0.000000   clock clk (rise edge)
                                  0.000000    0.000000   clock source latency
     1    0.025525    0.000000    0.000000    0.000000 ^ clk (in)
                                                         clk (net)
                      0.002808    0.001404    0.001404 ^ clkbuf_0_clk/A (sg13g2_buf_16)
     2    0.045682    0.023978    0.056698    0.058102 ^ clkbuf_0_clk/X (sg13g2_buf_16)
                                                         clknet_0_clk (net)
                      0.023999    0.001267    0.059369 ^ clkbuf_1_0__f_clk/A (sg13g2_buf_16)
     5    0.027661    0.020925    0.063711    0.123080 ^ clkbuf_1_0__f_clk/X (sg13g2_buf_16)
                                                         clknet_1_0__leaf_clk (net)
                      0.020934    0.000865    0.123945 ^ _290_/CLK (sg13g2_dfrbpq_1)
     4    0.026740    0.113869    0.230447    0.354392 ^ _290_/Q (sg13g2_dfrbpq_1)
                                                         DPATH.SUM.fa_2.A (net)
                      0.113931    0.002491    0.356883 ^ fanout37/A (sg13g2_buf_1)
     8    0.045555    0.190520    0.215099    0.571983 ^ fanout37/X (sg13g2_buf_1)
                                                         net37 (net)
                      0.190528    0.001064    0.573046 ^ fanout36/A (sg13g2_buf_1)
     8    0.051315    0.213393    0.249769    0.822815 ^ fanout36/X (sg13g2_buf_1)
                                                         net36 (net)
                      0.213456    0.003059    0.825874 ^ _164_/B (sg13g2_and2_1)
     5    0.025858    0.114138    0.208326    1.034200 ^ _164_/X (sg13g2_and2_1)
                                                         _113_ (net)
                      0.114148    0.001135    1.035334 ^ _180_/A2 (sg13g2_a21oi_1)
     4    0.024975    0.181995    0.188734    1.224069 v _180_/Y (sg13g2_a21oi_1)
                                                         _128_ (net)
                      0.182075    0.001425    1.225494 v _270_/A (sg13g2_nor2b_1)
     2    0.011342    0.131367    0.149099    1.374593 ^ _270_/Y (sg13g2_nor2b_1)
                                                         _085_ (net)
                      0.131367    0.000186    1.374778 ^ _271_/A2 (sg13g2_a21oi_1)
     1    0.006785    0.085491    0.109108    1.483886 v _271_/Y (sg13g2_a21oi_1)
                                                         net5 (net)
                      0.085491    0.000296    1.484182 v output5/A (sg13g2_buf_1)
     1    0.012725    0.049157    0.110085    1.594267 v output5/X (sg13g2_buf_1)
                                                         DATA[12] (net)
                      0.049160    0.000436    1.594703 v DATA[12] (out)
                                              1.594703   data arrival time

                                  5.000000    5.000000   clock clk (rise edge)
                                  0.000000    5.000000   clock network delay (propagated)
                                 -0.150000    4.850000   clock uncertainty
                                  0.000000    4.850000   clock reconvergence pessimism
                                 -1.000000    3.850000   output external delay
                                              3.850000   data required time
---------------------------------------------------------------------------------------------
                                              3.850000   data required time
                                             -1.594703   data arrival time
---------------------------------------------------------------------------------------------
                                              2.255297   slack (MET)


Startpoint: _290_ (rising edge-triggered flip-flop clocked by clk)
Endpoint: DATA[8] (output port clocked by clk)
Path Group: clk
Path Type: max

Fanout         Cap        Slew       Delay        Time   Description
---------------------------------------------------------------------------------------------
                                  0.000000    0.000000   clock clk (rise edge)
                                  0.000000    0.000000   clock source latency
     1    0.025525    0.000000    0.000000    0.000000 ^ clk (in)
                                                         clk (net)
                      0.002808    0.001404    0.001404 ^ clkbuf_0_clk/A (sg13g2_buf_16)
     2    0.045682    0.023978    0.056698    0.058102 ^ clkbuf_0_clk/X (sg13g2_buf_16)
                                                         clknet_0_clk (net)
                      0.023999    0.001267    0.059369 ^ clkbuf_1_0__f_clk/A (sg13g2_buf_16)
     5    0.027661    0.020925    0.063711    0.123080 ^ clkbuf_1_0__f_clk/X (sg13g2_buf_16)
                                                         clknet_1_0__leaf_clk (net)
                      0.020934    0.000865    0.123945 ^ _290_/CLK (sg13g2_dfrbpq_1)
     4    0.026740    0.113869    0.230447    0.354392 ^ _290_/Q (sg13g2_dfrbpq_1)
                                                         DPATH.SUM.fa_2.A (net)
                      0.113931    0.002491    0.356883 ^ fanout37/A (sg13g2_buf_1)
     8    0.045555    0.190520    0.215099    0.571983 ^ fanout37/X (sg13g2_buf_1)
                                                         net37 (net)
                      0.190528    0.001064    0.573046 ^ fanout36/A (sg13g2_buf_1)
     8    0.051315    0.213393    0.249769    0.822815 ^ fanout36/X (sg13g2_buf_1)
                                                         net36 (net)
                      0.213456    0.003059    0.825874 ^ _164_/B (sg13g2_and2_1)
     5    0.025858    0.114138    0.208326    1.034200 ^ _164_/X (sg13g2_and2_1)
                                                         _113_ (net)
                      0.114150    0.001202    1.035402 ^ _166_/B (sg13g2_nand2_1)
     4    0.023489    0.160796    0.171469    1.206870 v _166_/Y (sg13g2_nand2_1)
                                                         _115_ (net)
                      0.160870    0.001517    1.208387 v _259_/B (sg13g2_nor2_1)
     2    0.011290    0.127325    0.142906    1.351293 ^ _259_/Y (sg13g2_nor2_1)
                                                         _081_ (net)
                      0.127327    0.000357    1.351650 ^ _264_/A2 (sg13g2_a21oi_1)
     1    0.005496    0.075510    0.101737    1.453386 v _264_/Y (sg13g2_a21oi_1)
                                                         net18 (net)
                      0.075510    0.000199    1.453585 v output18/A (sg13g2_buf_1)
     1    0.012121    0.047130    0.104372    1.557957 v output18/X (sg13g2_buf_1)
                                                         DATA[8] (net)
                      0.047131    0.000278    1.558235 v DATA[8] (out)
                                              1.558235   data arrival time

                                  5.000000    5.000000   clock clk (rise edge)
                                  0.000000    5.000000   clock network delay (propagated)
                                 -0.150000    4.850000   clock uncertainty
                                  0.000000    4.850000   clock reconvergence pessimism
                                 -1.000000    3.850000   output external delay
                                              3.850000   data required time
---------------------------------------------------------------------------------------------
                                              3.850000   data required time
                                             -1.558235   data arrival time
---------------------------------------------------------------------------------------------
                                              2.291765   slack (MET)


Startpoint: _290_ (rising edge-triggered flip-flop clocked by clk)
Endpoint: DATA[16] (output port clocked by clk)
Path Group: clk
Path Type: max

Fanout         Cap        Slew       Delay        Time   Description
---------------------------------------------------------------------------------------------
                                  0.000000    0.000000   clock clk (rise edge)
                                  0.000000    0.000000   clock source latency
     1    0.025525    0.000000    0.000000    0.000000 ^ clk (in)
                                                         clk (net)
                      0.002808    0.001404    0.001404 ^ clkbuf_0_clk/A (sg13g2_buf_16)
     2    0.045682    0.023978    0.056698    0.058102 ^ clkbuf_0_clk/X (sg13g2_buf_16)
                                                         clknet_0_clk (net)
                      0.023999    0.001267    0.059369 ^ clkbuf_1_0__f_clk/A (sg13g2_buf_16)
     5    0.027661    0.020925    0.063711    0.123080 ^ clkbuf_1_0__f_clk/X (sg13g2_buf_16)
                                                         clknet_1_0__leaf_clk (net)
                      0.020934    0.000865    0.123945 ^ _290_/CLK (sg13g2_dfrbpq_1)
     4    0.026740    0.113869    0.230447    0.354392 ^ _290_/Q (sg13g2_dfrbpq_1)
                                                         DPATH.SUM.fa_2.A (net)
                      0.113931    0.002491    0.356883 ^ fanout37/A (sg13g2_buf_1)
     8    0.045555    0.190520    0.215099    0.571983 ^ fanout37/X (sg13g2_buf_1)
                                                         net37 (net)
                      0.190528    0.001064    0.573046 ^ fanout36/A (sg13g2_buf_1)
     8    0.051315    0.213393    0.249769    0.822815 ^ fanout36/X (sg13g2_buf_1)
                                                         net36 (net)
                      0.213456    0.003059    0.825874 ^ _164_/B (sg13g2_and2_1)
     5    0.025858    0.114138    0.208326    1.034200 ^ _164_/X (sg13g2_and2_1)
                                                         _113_ (net)
                      0.114148    0.001135    1.035334 ^ _180_/A2 (sg13g2_a21oi_1)
     4    0.024975    0.181995    0.188734    1.224069 v _180_/Y (sg13g2_a21oi_1)
                                                         _128_ (net)
                      0.182075    0.001425    1.225494 v _270_/A (sg13g2_nor2b_1)
     2    0.011342    0.131367    0.149099    1.374593 ^ _270_/Y (sg13g2_nor2b_1)
                                                         _085_ (net)
                      0.131367    0.000202    1.374795 ^ _275_/A2 (sg13g2_o21ai_1)
     1    0.004065    0.062786    0.083767    1.458562 v _275_/Y (sg13g2_o21ai_1)
                                                         net9 (net)
                      0.062786    0.000093    1.458655 v output9/A (sg13g2_buf_1)
     1    0.011879    0.046145    0.098320    1.556975 v output9/X (sg13g2_buf_1)
                                                         DATA[16] (net)
                      0.046145    0.000246    1.557221 v DATA[16] (out)
                                              1.557221   data arrival time

                                  5.000000    5.000000   clock clk (rise edge)
                                  0.000000    5.000000   clock network delay (propagated)
                                 -0.150000    4.850000   clock uncertainty
                                  0.000000    4.850000   clock reconvergence pessimism
                                 -1.000000    3.850000   output external delay
                                              3.850000   data required time
---------------------------------------------------------------------------------------------
                                              3.850000   data required time
                                             -1.557221   data arrival time
---------------------------------------------------------------------------------------------
                                              2.292779   slack (MET)


Startpoint: _290_ (rising edge-triggered flip-flop clocked by clk)
Endpoint: DATA[15] (output port clocked by clk)
Path Group: clk
Path Type: max

Fanout         Cap        Slew       Delay        Time   Description
---------------------------------------------------------------------------------------------
                                  0.000000    0.000000   clock clk (rise edge)
                                  0.000000    0.000000   clock source latency
     1    0.025525    0.000000    0.000000    0.000000 ^ clk (in)
                                                         clk (net)
                      0.002808    0.001404    0.001404 ^ clkbuf_0_clk/A (sg13g2_buf_16)
     2    0.045682    0.023978    0.056698    0.058102 ^ clkbuf_0_clk/X (sg13g2_buf_16)
                                                         clknet_0_clk (net)
                      0.023999    0.001267    0.059369 ^ clkbuf_1_0__f_clk/A (sg13g2_buf_16)
     5    0.027661    0.020925    0.063711    0.123080 ^ clkbuf_1_0__f_clk/X (sg13g2_buf_16)
                                                         clknet_1_0__leaf_clk (net)
                      0.020934    0.000865    0.123945 ^ _290_/CLK (sg13g2_dfrbpq_1)
     4    0.026740    0.113869    0.230447    0.354392 ^ _290_/Q (sg13g2_dfrbpq_1)
                                                         DPATH.SUM.fa_2.A (net)
                      0.113931    0.002491    0.356883 ^ fanout37/A (sg13g2_buf_1)
     8    0.045555    0.190520    0.215099    0.571983 ^ fanout37/X (sg13g2_buf_1)
                                                         net37 (net)
                      0.190528    0.001064    0.573046 ^ fanout36/A (sg13g2_buf_1)
     8    0.051315    0.213393    0.249769    0.822815 ^ fanout36/X (sg13g2_buf_1)
                                                         net36 (net)
                      0.213456    0.003059    0.825874 ^ _164_/B (sg13g2_and2_1)
     5    0.025858    0.114138    0.208326    1.034200 ^ _164_/X (sg13g2_and2_1)
                                                         _113_ (net)
                      0.114150    0.001202    1.035402 ^ _166_/B (sg13g2_nand2_1)
     4    0.023489    0.160796    0.171469    1.206870 v _166_/Y (sg13g2_nand2_1)
                                                         _115_ (net)
                      0.160874    0.001638    1.208508 v _246_/B (sg13g2_nand2b_1)
     2    0.014328    0.095279    0.122413    1.330921 ^ _246_/Y (sg13g2_nand2b_1)
                                                         _071_ (net)
                      0.095279    0.000397    1.331318 ^ _274_/B (sg13g2_nand2_1)
     1    0.006974    0.080567    0.087187    1.418505 v _274_/Y (sg13g2_nand2_1)
                                                         net8 (net)
                      0.080567    0.000340    1.418845 v output8/A (sg13g2_buf_1)
     1    0.017190    0.062572    0.118727    1.537572 v output8/X (sg13g2_buf_1)
                                                         DATA[15] (net)
                      0.062599    0.001210    1.538782 v DATA[15] (out)
                                              1.538782   data arrival time

                                  5.000000    5.000000   clock clk (rise edge)
                                  0.000000    5.000000   clock network delay (propagated)
                                 -0.150000    4.850000   clock uncertainty
                                  0.000000    4.850000   clock reconvergence pessimism
                                 -1.000000    3.850000   output external delay
                                              3.850000   data required time
---------------------------------------------------------------------------------------------
                                              3.850000   data required time
                                             -1.538782   data arrival time
---------------------------------------------------------------------------------------------
                                              2.311218   slack (MET)


Startpoint: _290_ (rising edge-triggered flip-flop clocked by clk)
Endpoint: DATA[13] (output port clocked by clk)
Path Group: clk
Path Type: max

Fanout         Cap        Slew       Delay        Time   Description
---------------------------------------------------------------------------------------------
                                  0.000000    0.000000   clock clk (rise edge)
                                  0.000000    0.000000   clock source latency
     1    0.025525    0.000000    0.000000    0.000000 ^ clk (in)
                                                         clk (net)
                      0.002808    0.001404    0.001404 ^ clkbuf_0_clk/A (sg13g2_buf_16)
     2    0.045682    0.023978    0.056698    0.058102 ^ clkbuf_0_clk/X (sg13g2_buf_16)
                                                         clknet_0_clk (net)
                      0.023999    0.001267    0.059369 ^ clkbuf_1_0__f_clk/A (sg13g2_buf_16)
     5    0.027661    0.020925    0.063711    0.123080 ^ clkbuf_1_0__f_clk/X (sg13g2_buf_16)
                                                         clknet_1_0__leaf_clk (net)
                      0.020934    0.000865    0.123945 ^ _290_/CLK (sg13g2_dfrbpq_1)
     4    0.026740    0.113869    0.230447    0.354392 ^ _290_/Q (sg13g2_dfrbpq_1)
                                                         DPATH.SUM.fa_2.A (net)
                      0.113931    0.002491    0.356883 ^ fanout37/A (sg13g2_buf_1)
     8    0.045555    0.190520    0.215099    0.571983 ^ fanout37/X (sg13g2_buf_1)
                                                         net37 (net)
                      0.190528    0.001064    0.573046 ^ fanout36/A (sg13g2_buf_1)
     8    0.051315    0.213393    0.249769    0.822815 ^ fanout36/X (sg13g2_buf_1)
                                                         net36 (net)
                      0.213456    0.003059    0.825874 ^ _164_/B (sg13g2_and2_1)
     5    0.025858    0.114138    0.208326    1.034200 ^ _164_/X (sg13g2_and2_1)
                                                         _113_ (net)
                      0.114150    0.001202    1.035402 ^ _166_/B (sg13g2_nand2_1)
     4    0.023489    0.160796    0.171469    1.206870 v _166_/Y (sg13g2_nand2_1)
                                                         _115_ (net)
                      0.160871    0.001528    1.208398 v _168_/A (sg13g2_nor2_1)
     2    0.012035    0.136433    0.150157    1.358555 ^ _168_/Y (sg13g2_nor2_1)
                                                         _117_ (net)
                      0.136472    0.000262    1.358817 ^ _272_/B (sg13g2_nor2_1)
     1    0.006158    0.046397    0.069322    1.428139 v _272_/Y (sg13g2_nor2_1)
                                                         net6 (net)
                      0.046397    0.000241    1.428380 v output6/A (sg13g2_buf_1)
     1    0.012918    0.048935    0.093797    1.522177 v output6/X (sg13g2_buf_1)
                                                         DATA[13] (net)
                      0.048937    0.000358    1.522535 v DATA[13] (out)
                                              1.522535   data arrival time

                                  5.000000    5.000000   clock clk (rise edge)
                                  0.000000    5.000000   clock network delay (propagated)
                                 -0.150000    4.850000   clock uncertainty
                                  0.000000    4.850000   clock reconvergence pessimism
                                 -1.000000    3.850000   output external delay
                                              3.850000   data required time
---------------------------------------------------------------------------------------------
                                              3.850000   data required time
                                             -1.522535   data arrival time
---------------------------------------------------------------------------------------------
                                              2.327465   slack (MET)


Startpoint: _290_ (rising edge-triggered flip-flop clocked by clk)
Endpoint: DATA[5] (output port clocked by clk)
Path Group: clk
Path Type: max

Fanout         Cap        Slew       Delay        Time   Description
---------------------------------------------------------------------------------------------
                                  0.000000    0.000000   clock clk (rise edge)
                                  0.000000    0.000000   clock source latency
     1    0.025525    0.000000    0.000000    0.000000 ^ clk (in)
                                                         clk (net)
                      0.002808    0.001404    0.001404 ^ clkbuf_0_clk/A (sg13g2_buf_16)
     2    0.045682    0.023978    0.056698    0.058102 ^ clkbuf_0_clk/X (sg13g2_buf_16)
                                                         clknet_0_clk (net)
                      0.023999    0.001267    0.059369 ^ clkbuf_1_0__f_clk/A (sg13g2_buf_16)
     5    0.027661    0.020925    0.063711    0.123080 ^ clkbuf_1_0__f_clk/X (sg13g2_buf_16)
                                                         clknet_1_0__leaf_clk (net)
                      0.020934    0.000865    0.123945 ^ _290_/CLK (sg13g2_dfrbpq_1)
     4    0.026740    0.113869    0.230447    0.354392 ^ _290_/Q (sg13g2_dfrbpq_1)
                                                         DPATH.SUM.fa_2.A (net)
                      0.113931    0.002491    0.356883 ^ fanout37/A (sg13g2_buf_1)
     8    0.045555    0.190520    0.215099    0.571983 ^ fanout37/X (sg13g2_buf_1)
                                                         net37 (net)
                      0.190528    0.001064    0.573046 ^ fanout36/A (sg13g2_buf_1)
     8    0.051315    0.213393    0.249769    0.822815 ^ fanout36/X (sg13g2_buf_1)
                                                         net36 (net)
                      0.213456    0.003059    0.825874 ^ _164_/B (sg13g2_and2_1)
     5    0.025858    0.114138    0.208326    1.034200 ^ _164_/X (sg13g2_and2_1)
                                                         _113_ (net)
                      0.114150    0.001202    1.035402 ^ _166_/B (sg13g2_nand2_1)
     4    0.023489    0.160796    0.171469    1.206870 v _166_/Y (sg13g2_nand2_1)
                                                         _115_ (net)
                      0.160870    0.001517    1.208387 v _259_/B (sg13g2_nor2_1)
     2    0.011290    0.127325    0.142906    1.351293 ^ _259_/Y (sg13g2_nor2_1)
                                                         _081_ (net)
                      0.127326    0.000298    1.351591 ^ _260_/C (sg13g2_nor3_1)
     1    0.005525    0.059386    0.068597    1.420188 v _260_/Y (sg13g2_nor3_1)
                                                         net15 (net)
                      0.059386    0.000183    1.420371 v output15/A (sg13g2_buf_1)
     1    0.013176    0.049998    0.099941    1.520312 v output15/X (sg13g2_buf_1)
                                                         DATA[5] (net)
                      0.050002    0.000501    1.520813 v DATA[5] (out)
                                              1.520813   data arrival time

                                  5.000000    5.000000   clock clk (rise edge)
                                  0.000000    5.000000   clock network delay (propagated)
                                 -0.150000    4.850000   clock uncertainty
                                  0.000000    4.850000   clock reconvergence pessimism
                                 -1.000000    3.850000   output external delay
                                              3.850000   data required time
---------------------------------------------------------------------------------------------
                                              3.850000   data required time
                                             -1.520813   data arrival time
---------------------------------------------------------------------------------------------
                                              2.329187   slack (MET)


Startpoint: _291_ (rising edge-triggered flip-flop clocked by clk)
Endpoint: DATA[10] (output port clocked by clk)
Path Group: clk
Path Type: max

Fanout         Cap        Slew       Delay        Time   Description
---------------------------------------------------------------------------------------------
                                  0.000000    0.000000   clock clk (rise edge)
                                  0.000000    0.000000   clock source latency
     1    0.025525    0.000000    0.000000    0.000000 ^ clk (in)
                                                         clk (net)
                      0.002808    0.001404    0.001404 ^ clkbuf_0_clk/A (sg13g2_buf_16)
     2    0.045682    0.023978    0.056698    0.058102 ^ clkbuf_0_clk/X (sg13g2_buf_16)
                                                         clknet_0_clk (net)
                      0.023999    0.001267    0.059369 ^ clkbuf_1_0__f_clk/A (sg13g2_buf_16)
     5    0.027661    0.020925    0.063711    0.123080 ^ clkbuf_1_0__f_clk/X (sg13g2_buf_16)
                                                         clknet_1_0__leaf_clk (net)
                      0.020934    0.000850    0.123929 ^ _291_/CLK (sg13g2_dfrbpq_1)
     1    0.007864    0.041931    0.177302    0.301232 ^ _291_/Q (sg13g2_dfrbpq_1)
                                                         DPATH.SUM.fa_3.A (net)
                      0.041934    0.000409    0.301641 ^ fanout35/A (sg13g2_buf_1)
     5    0.033738    0.143114    0.153280    0.454921 ^ fanout35/X (sg13g2_buf_1)
                                                         net35 (net)
                      0.143162    0.002154    0.457075 ^ fanout34/A (sg13g2_buf_1)
     8    0.041575    0.174810    0.211867    0.668942 ^ fanout34/X (sg13g2_buf_1)
                                                         net34 (net)
                      0.174868    0.000556    0.669498 ^ fanout33/A (sg13g2_buf_1)
     8    0.043011    0.180691    0.224742    0.894239 ^ fanout33/X (sg13g2_buf_1)
                                                         net33 (net)
                      0.180780    0.001985    0.896224 ^ _202_/B1 (sg13g2_o21ai_1)
     3    0.014020    0.118462    0.142855    1.039079 v _202_/Y (sg13g2_o21ai_1)
                                                         _029_ (net)
                      0.118462    0.000418    1.039498 v _266_/A2 (sg13g2_o21ai_1)
     1    0.011056    0.148380    0.168975    1.208473 ^ _266_/Y (sg13g2_o21ai_1)
                                                         _083_ (net)
                      0.148434    0.000572    1.209045 ^ _267_/B (sg13g2_nand2_1)
     1    0.003596    0.047013    0.082771    1.291816 v _267_/Y (sg13g2_nand2_1)
                                                         net3 (net)
                      0.047013    0.000066    1.291882 v output3/A (sg13g2_buf_1)
     1    0.013334    0.050235    0.094998    1.386880 v output3/X (sg13g2_buf_1)
                                                         DATA[10] (net)
                      0.050240    0.000516    1.387397 v DATA[10] (out)
                                              1.387397   data arrival time

                                  5.000000    5.000000   clock clk (rise edge)
                                  0.000000    5.000000   clock network delay (propagated)
                                 -0.150000    4.850000   clock uncertainty
                                  0.000000    4.850000   clock reconvergence pessimism
                                 -1.000000    3.850000   output external delay
                                              3.850000   data required time
---------------------------------------------------------------------------------------------
                                              3.850000   data required time
                                             -1.387397   data arrival time
---------------------------------------------------------------------------------------------
                                              2.462603   slack (MET)


Startpoint: _288_ (rising edge-triggered flip-flop clocked by clk)
Endpoint: DATA[3] (output port clocked by clk)
Path Group: clk
Path Type: max

Fanout         Cap        Slew       Delay        Time   Description
---------------------------------------------------------------------------------------------
                                  0.000000    0.000000   clock clk (rise edge)
                                  0.000000    0.000000   clock source latency
     1    0.025525    0.000000    0.000000    0.000000 ^ clk (in)
                                                         clk (net)
                      0.002808    0.001404    0.001404 ^ clkbuf_0_clk/A (sg13g2_buf_16)
     2    0.045682    0.023978    0.056698    0.058102 ^ clkbuf_0_clk/X (sg13g2_buf_16)
                                                         clknet_0_clk (net)
                      0.023999    0.001267    0.059369 ^ clkbuf_1_0__f_clk/A (sg13g2_buf_16)
     5    0.027661    0.020925    0.063711    0.123080 ^ clkbuf_1_0__f_clk/X (sg13g2_buf_16)
                                                         clknet_1_0__leaf_clk (net)
                      0.020932    0.000757    0.123837 ^ _288_/CLK (sg13g2_dfrbpq_1)
     1    0.004854    0.024707    0.164741    0.288578 v _288_/Q (sg13g2_dfrbpq_1)
                                                         DPATH.SUM.Cout0 (net)
                      0.024707    0.000131    0.288708 v fanout41/A (sg13g2_buf_1)
     8    0.049147    0.156714    0.166201    0.454909 v fanout41/X (sg13g2_buf_1)
                                                         net41 (net)
                      0.156825    0.003479    0.458388 v fanout40/A (sg13g2_buf_1)
     8    0.048494    0.155514    0.213309    0.671697 v fanout40/X (sg13g2_buf_1)
                                                         net40 (net)
                      0.155514    0.000609    0.672305 v _203_/A2 (sg13g2_o21ai_1)
     5    0.028614    0.309811    0.313574    0.985879 ^ _203_/Y (sg13g2_o21ai_1)
                                                         _030_ (net)
                      0.309825    0.001734    0.987613 ^ _255_/B (sg13g2_nand2_1)
     2    0.011746    0.112855    0.162345    1.149958 v _255_/Y (sg13g2_nand2_1)
                                                         _079_ (net)
                      0.112855    0.000307    1.150265 v _256_/B (sg13g2_nor2_1)
     1    0.005346    0.076143    0.089822    1.240087 ^ _256_/Y (sg13g2_nor2_1)
                                                         net13 (net)
                      0.076143    0.000167    1.240254 ^ output13/A (sg13g2_buf_1)
     1    0.014831    0.069232    0.114585    1.354839 ^ output13/X (sg13g2_buf_1)
                                                         DATA[3] (net)
                      0.069242    0.000836    1.355675 ^ DATA[3] (out)
                                              1.355675   data arrival time

                                  5.000000    5.000000   clock clk (rise edge)
                                  0.000000    5.000000   clock network delay (propagated)
                                 -0.150000    4.850000   clock uncertainty
                                  0.000000    4.850000   clock reconvergence pessimism
                                 -1.000000    3.850000   output external delay
                                              3.850000   data required time
---------------------------------------------------------------------------------------------
                                              3.850000   data required time
                                             -1.355675   data arrival time
---------------------------------------------------------------------------------------------
                                              2.494325   slack (MET)


Startpoint: _288_ (rising edge-triggered flip-flop clocked by clk)
Endpoint: DATA[9] (output port clocked by clk)
Path Group: clk
Path Type: max

Fanout         Cap        Slew       Delay        Time   Description
---------------------------------------------------------------------------------------------
                                  0.000000    0.000000   clock clk (rise edge)
                                  0.000000    0.000000   clock source latency
     1    0.025525    0.000000    0.000000    0.000000 ^ clk (in)
                                                         clk (net)
                      0.002808    0.001404    0.001404 ^ clkbuf_0_clk/A (sg13g2_buf_16)
     2    0.045682    0.023978    0.056698    0.058102 ^ clkbuf_0_clk/X (sg13g2_buf_16)
                                                         clknet_0_clk (net)
                      0.023999    0.001267    0.059369 ^ clkbuf_1_0__f_clk/A (sg13g2_buf_16)
     5    0.027661    0.020925    0.063711    0.123080 ^ clkbuf_1_0__f_clk/X (sg13g2_buf_16)
                                                         clknet_1_0__leaf_clk (net)
                      0.020932    0.000757    0.123837 ^ _288_/CLK (sg13g2_dfrbpq_1)
     1    0.004854    0.024707    0.164741    0.288578 v _288_/Q (sg13g2_dfrbpq_1)
                                                         DPATH.SUM.Cout0 (net)
                      0.024707    0.000131    0.288708 v fanout41/A (sg13g2_buf_1)
     8    0.049147    0.156714    0.166201    0.454909 v fanout41/X (sg13g2_buf_1)
                                                         net41 (net)
                      0.156825    0.003479    0.458388 v fanout40/A (sg13g2_buf_1)
     8    0.048494    0.155514    0.213309    0.671697 v fanout40/X (sg13g2_buf_1)
                                                         net40 (net)
                      0.155514    0.000609    0.672305 v _203_/A2 (sg13g2_o21ai_1)
     5    0.028614    0.309811    0.313574    0.985879 ^ _203_/Y (sg13g2_o21ai_1)
                                                         _030_ (net)
                      0.309826    0.001787    0.987666 ^ _254_/B (sg13g2_nand2_1)
     1    0.005734    0.078826    0.121894    1.109560 v _254_/Y (sg13g2_nand2_1)
                                                         _078_ (net)
                      0.078826    0.000180    1.109740 v _265_/A2 (sg13g2_a21oi_1)
     1    0.006217    0.091025    0.108145    1.217885 ^ _265_/Y (sg13g2_a21oi_1)
                                                         net19 (net)
                      0.091025    0.000244    1.218129 ^ output19/A (sg13g2_buf_1)
     1    0.015735    0.073008    0.123648    1.341777 ^ output19/X (sg13g2_buf_1)
                                                         DATA[9] (net)
                      0.073018    0.000884    1.342661 ^ DATA[9] (out)
                                              1.342661   data arrival time

                                  5.000000    5.000000   clock clk (rise edge)
                                  0.000000    5.000000   clock network delay (propagated)
                                 -0.150000    4.850000   clock uncertainty
                                  0.000000    4.850000   clock reconvergence pessimism
                                 -1.000000    3.850000   output external delay
                                              3.850000   data required time
---------------------------------------------------------------------------------------------
                                              3.850000   data required time
                                             -1.342661   data arrival time
---------------------------------------------------------------------------------------------
                                              2.507339   slack (MET)


Startpoint: _288_ (rising edge-triggered flip-flop clocked by clk)
Endpoint: DATA[14] (output port clocked by clk)
Path Group: clk
Path Type: max

Fanout         Cap        Slew       Delay        Time   Description
---------------------------------------------------------------------------------------------
                                  0.000000    0.000000   clock clk (rise edge)
                                  0.000000    0.000000   clock source latency
     1    0.025525    0.000000    0.000000    0.000000 ^ clk (in)
                                                         clk (net)
                      0.002808    0.001404    0.001404 ^ clkbuf_0_clk/A (sg13g2_buf_16)
     2    0.045682    0.023978    0.056698    0.058102 ^ clkbuf_0_clk/X (sg13g2_buf_16)
                                                         clknet_0_clk (net)
                      0.023999    0.001267    0.059369 ^ clkbuf_1_0__f_clk/A (sg13g2_buf_16)
     5    0.027661    0.020925    0.063711    0.123080 ^ clkbuf_1_0__f_clk/X (sg13g2_buf_16)
                                                         clknet_1_0__leaf_clk (net)
                      0.020932    0.000757    0.123837 ^ _288_/CLK (sg13g2_dfrbpq_1)
     1    0.004854    0.024707    0.164741    0.288578 v _288_/Q (sg13g2_dfrbpq_1)
                                                         DPATH.SUM.Cout0 (net)
                      0.024707    0.000131    0.288708 v fanout41/A (sg13g2_buf_1)
     8    0.049147    0.156714    0.166201    0.454909 v fanout41/X (sg13g2_buf_1)
                                                         net41 (net)
                      0.156825    0.003479    0.458388 v fanout40/A (sg13g2_buf_1)
     8    0.048494    0.155514    0.213309    0.671697 v fanout40/X (sg13g2_buf_1)
                                                         net40 (net)
                      0.155514    0.000609    0.672305 v _203_/A2 (sg13g2_o21ai_1)
     5    0.028614    0.309811    0.313574    0.985879 ^ _203_/Y (sg13g2_o21ai_1)
                                                         _030_ (net)
                      0.309825    0.001734    0.987613 ^ _255_/B (sg13g2_nand2_1)
     2    0.011746    0.112855    0.162345    1.149958 v _255_/Y (sg13g2_nand2_1)
                                                         _079_ (net)
                      0.112855    0.000197    1.150156 v _273_/B (sg13g2_nand2_1)
     1    0.006286    0.060042    0.075252    1.225408 ^ _273_/Y (sg13g2_nand2_1)
                                                         net7 (net)
                      0.060042    0.000246    1.225654 ^ output7/A (sg13g2_buf_1)
     1    0.011307    0.055116    0.097628    1.323282 ^ output7/X (sg13g2_buf_1)
                                                         DATA[14] (net)
                      0.055116    0.000170    1.323452 ^ DATA[14] (out)
                                              1.323452   data arrival time

                                  5.000000    5.000000   clock clk (rise edge)
                                  0.000000    5.000000   clock network delay (propagated)
                                 -0.150000    4.850000   clock uncertainty
                                  0.000000    4.850000   clock reconvergence pessimism
                                 -1.000000    3.850000   output external delay
                                              3.850000   data required time
---------------------------------------------------------------------------------------------
                                              3.850000   data required time
                                             -1.323452   data arrival time
---------------------------------------------------------------------------------------------
                                              2.526548   slack (MET)


Startpoint: _293_ (rising edge-triggered flip-flop clocked by clk)
Endpoint: DATA[11] (output port clocked by clk)
Path Group: clk
Path Type: max

Fanout         Cap        Slew       Delay        Time   Description
---------------------------------------------------------------------------------------------
                                  0.000000    0.000000   clock clk (rise edge)
                                  0.000000    0.000000   clock source latency
     1    0.025525    0.000000    0.000000    0.000000 ^ clk (in)
                                                         clk (net)
                      0.002808    0.001404    0.001404 ^ clkbuf_0_clk/A (sg13g2_buf_16)
     2    0.045682    0.023978    0.056698    0.058102 ^ clkbuf_0_clk/X (sg13g2_buf_16)
                                                         clknet_0_clk (net)
                      0.024045    0.001949    0.060051 ^ clkbuf_1_1__f_clk/A (sg13g2_buf_16)
     5    0.027529    0.020899    0.063680    0.123731 ^ clkbuf_1_1__f_clk/X (sg13g2_buf_16)
                                                         clknet_1_1__leaf_clk (net)
                      0.020915    0.001145    0.124876 ^ _293_/CLK (sg13g2_dfrbpq_1)
     1    0.009329    0.047440    0.181509    0.306385 ^ _293_/Q (sg13g2_dfrbpq_1)
                                                         DPATH.SUM.fa_5.A (net)
                      0.047445    0.000519    0.306904 ^ fanout29/A (sg13g2_buf_1)
     8    0.046787    0.194853    0.191228    0.498132 ^ fanout29/X (sg13g2_buf_1)
                                                         net29 (net)
                      0.194956    0.003705    0.501837 ^ fanout28/A (sg13g2_buf_1)
     8    0.044289    0.186043    0.231728    0.733564 ^ fanout28/X (sg13g2_buf_1)
                                                         net28 (net)
                      0.186078    0.002137    0.735701 ^ _167_/B (sg13g2_nand2_1)
     5    0.027589    0.180832    0.218086    0.953787 v _167_/Y (sg13g2_nand2_1)
                                                         _116_ (net)
                      0.180832    0.000196    0.953983 v _268_/B1 (sg13g2_a21oi_1)
     1    0.005865    0.097535    0.123807    1.077790 ^ _268_/Y (sg13g2_a21oi_1)
                                                         _084_ (net)
                      0.097536    0.000188    1.077978 ^ _269_/B (sg13g2_nor2_1)
     1    0.009630    0.065980    0.072693    1.150671 v _269_/Y (sg13g2_nor2_1)
                                                         net4 (net)
                      0.065983    0.000528    1.151199 v output4/A (sg13g2_buf_1)
     1    0.014767    0.054961    0.106562    1.257761 v output4/X (sg13g2_buf_1)
                                                         DATA[11] (net)
                      0.054975    0.000828    1.258589 v DATA[11] (out)
                                              1.258589   data arrival time

                                  5.000000    5.000000   clock clk (rise edge)
                                  0.000000    5.000000   clock network delay (propagated)
                                 -0.150000    4.850000   clock uncertainty
                                  0.000000    4.850000   clock reconvergence pessimism
                                 -1.000000    3.850000   output external delay
                                              3.850000   data required time
---------------------------------------------------------------------------------------------
                                              3.850000   data required time
                                             -1.258589   data arrival time
---------------------------------------------------------------------------------------------
                                              2.591411   slack (MET)


Startpoint: _290_ (rising edge-triggered flip-flop clocked by clk)
Endpoint: DATA[4] (output port clocked by clk)
Path Group: clk
Path Type: max

Fanout         Cap        Slew       Delay        Time   Description
---------------------------------------------------------------------------------------------
                                  0.000000    0.000000   clock clk (rise edge)
                                  0.000000    0.000000   clock source latency
     1    0.025525    0.000000    0.000000    0.000000 ^ clk (in)
                                                         clk (net)
                      0.002808    0.001404    0.001404 ^ clkbuf_0_clk/A (sg13g2_buf_16)
     2    0.045682    0.023978    0.056698    0.058102 ^ clkbuf_0_clk/X (sg13g2_buf_16)
                                                         clknet_0_clk (net)
                      0.023999    0.001267    0.059369 ^ clkbuf_1_0__f_clk/A (sg13g2_buf_16)
     5    0.027661    0.020925    0.063711    0.123080 ^ clkbuf_1_0__f_clk/X (sg13g2_buf_16)
                                                         clknet_1_0__leaf_clk (net)
                      0.020934    0.000865    0.123945 ^ _290_/CLK (sg13g2_dfrbpq_1)
     4    0.026564    0.087208    0.215449    0.339394 v _290_/Q (sg13g2_dfrbpq_1)
                                                         DPATH.SUM.fa_2.A (net)
                      0.087293    0.002469    0.341863 v fanout37/A (sg13g2_buf_1)
     8    0.043608    0.139959    0.182379    0.524242 v fanout37/X (sg13g2_buf_1)
                                                         net37 (net)
                      0.139967    0.001141    0.525384 v _156_/B (sg13g2_nor2_1)
     5    0.028894    0.254216    0.253332    0.778715 ^ _156_/Y (sg13g2_nor2_1)
                                                         _106_ (net)
                      0.254219    0.000762    0.779477 ^ _201_/A (sg13g2_nor2b_1)
     3    0.023029    0.128239    0.177562    0.957039 v _201_/Y (sg13g2_nor2b_1)
                                                         _028_ (net)
                      0.128250    0.001181    0.958220 v _258_/C (sg13g2_nor3_1)
     1    0.007850    0.144034    0.151071    1.109291 ^ _258_/Y (sg13g2_nor3_1)
                                                         net14 (net)
                      0.144034    0.000408    1.109699 ^ output14/A (sg13g2_buf_1)
     1    0.016718    0.077591    0.141854    1.251553 ^ output14/X (sg13g2_buf_1)
                                                         DATA[4] (net)
                      0.077615    0.001309    1.252862 ^ DATA[4] (out)
                                              1.252862   data arrival time

                                  5.000000    5.000000   clock clk (rise edge)
                                  0.000000    5.000000   clock network delay (propagated)
                                 -0.150000    4.850000   clock uncertainty
                                  0.000000    4.850000   clock reconvergence pessimism
                                 -1.000000    3.850000   output external delay
                                              3.850000   data required time
---------------------------------------------------------------------------------------------
                                              3.850000   data required time
                                             -1.252862   data arrival time
---------------------------------------------------------------------------------------------
                                              2.597138   slack (MET)


Startpoint: _291_ (rising edge-triggered flip-flop clocked by clk)
Endpoint: DATA[7] (output port clocked by clk)
Path Group: clk
Path Type: max

Fanout         Cap        Slew       Delay        Time   Description
---------------------------------------------------------------------------------------------
                                  0.000000    0.000000   clock clk (rise edge)
                                  0.000000    0.000000   clock source latency
     1    0.025525    0.000000    0.000000    0.000000 ^ clk (in)
                                                         clk (net)
                      0.002808    0.001404    0.001404 ^ clkbuf_0_clk/A (sg13g2_buf_16)
     2    0.045682    0.023978    0.056698    0.058102 ^ clkbuf_0_clk/X (sg13g2_buf_16)
                                                         clknet_0_clk (net)
                      0.023999    0.001267    0.059369 ^ clkbuf_1_0__f_clk/A (sg13g2_buf_16)
     5    0.027661    0.020925    0.063711    0.123080 ^ clkbuf_1_0__f_clk/X (sg13g2_buf_16)
                                                         clknet_1_0__leaf_clk (net)
                      0.020934    0.000850    0.123929 ^ _291_/CLK (sg13g2_dfrbpq_1)
     1    0.007864    0.041931    0.177302    0.301232 ^ _291_/Q (sg13g2_dfrbpq_1)
                                                         DPATH.SUM.fa_3.A (net)
                      0.041934    0.000409    0.301641 ^ fanout35/A (sg13g2_buf_1)
     5    0.033738    0.143114    0.153280    0.454921 ^ fanout35/X (sg13g2_buf_1)
                                                         net35 (net)
                      0.143120    0.000755    0.455676 ^ fanout32/A (sg13g2_buf_1)
     8    0.052043    0.216988    0.238967    0.694643 ^ fanout32/X (sg13g2_buf_1)
                                                         net32 (net)
                      0.217216    0.005796    0.700439 ^ _201_/B_N (sg13g2_nor2b_1)
     3    0.023379    0.211054    0.266581    0.967021 ^ _201_/Y (sg13g2_nor2b_1)
                                                         _028_ (net)
                      0.211067    0.001376    0.968396 ^ _263_/A2 (sg13g2_a21oi_1)
     1    0.004106    0.069097    0.114759    1.083156 v _263_/Y (sg13g2_a21oi_1)
                                                         net17 (net)
                      0.069097    0.000096    1.083252 v output17/A (sg13g2_buf_1)
     1    0.014408    0.053907    0.107104    1.190356 v output17/X (sg13g2_buf_1)
                                                         DATA[7] (net)
                      0.053915    0.000666    1.191022 v DATA[7] (out)
                                              1.191022   data arrival time

                                  5.000000    5.000000   clock clk (rise edge)
                                  0.000000    5.000000   clock network delay (propagated)
                                 -0.150000    4.850000   clock uncertainty
                                  0.000000    4.850000   clock reconvergence pessimism
                                 -1.000000    3.850000   output external delay
                                              3.850000   data required time
---------------------------------------------------------------------------------------------
                                              3.850000   data required time
                                             -1.191022   data arrival time
---------------------------------------------------------------------------------------------
                                              2.658978   slack (MET)


Startpoint: _291_ (rising edge-triggered flip-flop clocked by clk)
Endpoint: DATA[17] (output port clocked by clk)
Path Group: clk
Path Type: max

Fanout         Cap        Slew       Delay        Time   Description
---------------------------------------------------------------------------------------------
                                  0.000000    0.000000   clock clk (rise edge)
                                  0.000000    0.000000   clock source latency
     1    0.025525    0.000000    0.000000    0.000000 ^ clk (in)
                                                         clk (net)
                      0.002808    0.001404    0.001404 ^ clkbuf_0_clk/A (sg13g2_buf_16)
     2    0.045682    0.023978    0.056698    0.058102 ^ clkbuf_0_clk/X (sg13g2_buf_16)
                                                         clknet_0_clk (net)
                      0.023999    0.001267    0.059369 ^ clkbuf_1_0__f_clk/A (sg13g2_buf_16)
     5    0.027661    0.020925    0.063711    0.123080 ^ clkbuf_1_0__f_clk/X (sg13g2_buf_16)
                                                         clknet_1_0__leaf_clk (net)
                      0.020934    0.000850    0.123929 ^ _291_/CLK (sg13g2_dfrbpq_1)
     1    0.007825    0.032990    0.171881    0.295810 v _291_/Q (sg13g2_dfrbpq_1)
                                                         DPATH.SUM.fa_3.A (net)
                      0.032995    0.000406    0.296216 v fanout35/A (sg13g2_buf_1)
     5    0.033459    0.109302    0.135585    0.431801 v fanout35/X (sg13g2_buf_1)
                                                         net35 (net)
                      0.109362    0.002124    0.433926 v fanout34/A (sg13g2_buf_1)
     8    0.042246    0.136090    0.186648    0.620574 v fanout34/X (sg13g2_buf_1)
                                                         net34 (net)
                      0.136116    0.001834    0.622407 v _160_/A (sg13g2_nor2_1)
     4    0.027682    0.244097    0.242027    0.864434 ^ _160_/Y (sg13g2_nor2_1)
                                                         _110_ (net)
                      0.244107    0.001343    0.865777 ^ _276_/B (sg13g2_nand2b_1)
     1    0.006094    0.072447    0.115107    0.980884 v _276_/Y (sg13g2_nand2b_1)
                                                         _086_ (net)
                      0.072447    0.000223    0.981107 v _277_/C (sg13g2_nand3_1)
     1    0.006935    0.064178    0.071804    1.052911 ^ _277_/Y (sg13g2_nand3_1)
                                                         net10 (net)
                      0.064182    0.000309    1.053220 ^ output10/A (sg13g2_buf_1)
     1    0.013342    0.063167    0.105191    1.158411 ^ output10/X (sg13g2_buf_1)
                                                         DATA[17] (net)
                      0.063171    0.000549    1.158960 ^ DATA[17] (out)
                                              1.158960   data arrival time

                                  5.000000    5.000000   clock clk (rise edge)
                                  0.000000    5.000000   clock network delay (propagated)
                                 -0.150000    4.850000   clock uncertainty
                                  0.000000    4.850000   clock reconvergence pessimism
                                 -1.000000    3.850000   output external delay
                                              3.850000   data required time
---------------------------------------------------------------------------------------------
                                              3.850000   data required time
                                             -1.158960   data arrival time
---------------------------------------------------------------------------------------------
                                              2.691040   slack (MET)


Startpoint: _291_ (rising edge-triggered flip-flop clocked by clk)
Endpoint: DATA[6] (output port clocked by clk)
Path Group: clk
Path Type: max

Fanout         Cap        Slew       Delay        Time   Description
---------------------------------------------------------------------------------------------
                                  0.000000    0.000000   clock clk (rise edge)
                                  0.000000    0.000000   clock source latency
     1    0.025525    0.000000    0.000000    0.000000 ^ clk (in)
                                                         clk (net)
                      0.002808    0.001404    0.001404 ^ clkbuf_0_clk/A (sg13g2_buf_16)
     2    0.045682    0.023978    0.056698    0.058102 ^ clkbuf_0_clk/X (sg13g2_buf_16)
                                                         clknet_0_clk (net)
                      0.023999    0.001267    0.059369 ^ clkbuf_1_0__f_clk/A (sg13g2_buf_16)
     5    0.027661    0.020925    0.063711    0.123080 ^ clkbuf_1_0__f_clk/X (sg13g2_buf_16)
                                                         clknet_1_0__leaf_clk (net)
                      0.020934    0.000850    0.123929 ^ _291_/CLK (sg13g2_dfrbpq_1)
     1    0.007825    0.032990    0.171881    0.295810 v _291_/Q (sg13g2_dfrbpq_1)
                                                         DPATH.SUM.fa_3.A (net)
                      0.032995    0.000406    0.296216 v fanout35/A (sg13g2_buf_1)
     5    0.033459    0.109302    0.135585    0.431801 v fanout35/X (sg13g2_buf_1)
                                                         net35 (net)
                      0.109362    0.002124    0.433926 v fanout34/A (sg13g2_buf_1)
     8    0.042246    0.136090    0.186648    0.620574 v fanout34/X (sg13g2_buf_1)
                                                         net34 (net)
                      0.136120    0.001958    0.622532 v _210_/A (sg13g2_nor2_1)
     4    0.019118    0.178578    0.189827    0.812359 ^ _210_/Y (sg13g2_nor2_1)
                                                         _037_ (net)
                      0.178578    0.000201    0.812559 ^ _211_/A (sg13g2_inv_1)
     1    0.005710    0.050064    0.072317    0.884877 v _211_/Y (sg13g2_inv_1)
                                                         _038_ (net)
                      0.050064    0.000157    0.885034 v _262_/A2 (sg13g2_a21oi_1)
     1    0.011640    0.123730    0.129381    1.014414 ^ _262_/Y (sg13g2_a21oi_1)
                                                         net16 (net)
                      0.123742    0.000951    1.015365 ^ output16/A (sg13g2_buf_1)
     1    0.013390    0.064628    0.126747    1.142113 ^ output16/X (sg13g2_buf_1)
                                                         DATA[6] (net)
                      0.064632    0.000568    1.142681 ^ DATA[6] (out)
                                              1.142681   data arrival time

                                  5.000000    5.000000   clock clk (rise edge)
                                  0.000000    5.000000   clock network delay (propagated)
                                 -0.150000    4.850000   clock uncertainty
                                  0.000000    4.850000   clock reconvergence pessimism
                                 -1.000000    3.850000   output external delay
                                              3.850000   data required time
---------------------------------------------------------------------------------------------
                                              3.850000   data required time
                                             -1.142681   data arrival time
---------------------------------------------------------------------------------------------
                                              2.707319   slack (MET)


Startpoint: _289_ (rising edge-triggered flip-flop clocked by clk)
Endpoint: _294_ (rising edge-triggered flip-flop clocked by clk)
Path Group: clk
Path Type: max

Fanout         Cap        Slew       Delay        Time   Description
---------------------------------------------------------------------------------------------
                                  0.000000    0.000000   clock clk (rise edge)
                                  0.000000    0.000000   clock source latency
     1    0.025525    0.000000    0.000000    0.000000 ^ clk (in)
                                                         clk (net)
                      0.002808    0.001404    0.001404 ^ clkbuf_0_clk/A (sg13g2_buf_16)
     2    0.045682    0.023978    0.056698    0.058102 ^ clkbuf_0_clk/X (sg13g2_buf_16)
                                                         clknet_0_clk (net)
                      0.023999    0.001267    0.059369 ^ clkbuf_1_0__f_clk/A (sg13g2_buf_16)
     5    0.027661    0.020925    0.063711    0.123080 ^ clkbuf_1_0__f_clk/X (sg13g2_buf_16)
                                                         clknet_1_0__leaf_clk (net)
                      0.020933    0.000771    0.123850 ^ _289_/CLK (sg13g2_dfrbpq_1)
     1    0.006970    0.038606    0.174729    0.298579 ^ _289_/Q (sg13g2_dfrbpq_1)
                                                         DPATH.SUM.fa_1.A (net)
                      0.038608    0.000317    0.298896 ^ fanout39/A (sg13g2_buf_1)
     8    0.052175    0.217004    0.203603    0.502500 ^ fanout39/X (sg13g2_buf_1)
                                                         net39 (net)
                      0.217013    0.001192    0.503691 ^ fanout38/A (sg13g2_buf_1)
     8    0.043913    0.184457    0.235724    0.739415 ^ fanout38/X (sg13g2_buf_1)
                                                         net38 (net)
                      0.184524    0.000985    0.740401 ^ _137_/B (sg13g2_xnor2_1)
     2    0.011648    0.104593    0.143154    0.883555 v _137_/Y (sg13g2_xnor2_1)
                                                         _091_ (net)
                      0.104593    0.000351    0.883906 v _138_/A2 (sg13g2_o21ai_1)
     2    0.013472    0.173348    0.181988    1.065894 ^ _138_/Y (sg13g2_o21ai_1)
                                                         _092_ (net)
                      0.173348    0.000463    1.066358 ^ _140_/A1 (sg13g2_a21oi_1)
     2    0.011542    0.106353    0.146054    1.212412 v _140_/Y (sg13g2_a21oi_1)
                                                         _094_ (net)
                      0.106353    0.000083    1.212495 v _144_/A1 (sg13g2_o21ai_1)
     2    0.015399    0.185012    0.201381    1.413875 ^ _144_/Y (sg13g2_o21ai_1)
                                                         _097_ (net)
                      0.185015    0.000634    1.414510 ^ _148_/A1 (sg13g2_a21oi_1)
     2    0.015460    0.130731    0.171521    1.586030 v _148_/Y (sg13g2_a21oi_1)
                                                         _100_ (net)
                      0.130731    0.000314    1.586344 v _152_/A1 (sg13g2_o21ai_1)
     1    0.009449    0.132912    0.165511    1.751856 ^ _152_/Y (sg13g2_o21ai_1)
                                                         _103_ (net)
                      0.132912    0.000360    1.752215 ^ _154_/A (sg13g2_xnor2_1)
     1    0.003809    0.078453    0.122544    1.874760 ^ _154_/Y (sg13g2_xnor2_1)
                                                         DPATH.SUM.fa_6.S (net)
                      0.078453    0.000100    1.874860 ^ _294_/D (sg13g2_dfrbpq_1)
                                              1.874860   data arrival time

                                  5.000000    5.000000   clock clk (rise edge)
                                  0.000000    5.000000   clock source latency
     1    0.022852    0.000000    0.000000    5.000000 ^ clk (in)
                                                         clk (net)
                      0.002461    0.001230    5.001230 ^ clkbuf_0_clk/A (sg13g2_buf_16)
     2    0.040336    0.022775    0.055575    5.056805 ^ clkbuf_0_clk/X (sg13g2_buf_16)
                                                         clknet_0_clk (net)
                      0.022817    0.001705    5.058510 ^ clkbuf_1_1__f_clk/A (sg13g2_buf_16)
     5    0.025050    0.020277    0.062625    5.121136 ^ clkbuf_1_1__f_clk/X (sg13g2_buf_16)
                                                         clknet_1_1__leaf_clk (net)
                      0.020285    0.000794    5.121930 ^ _294_/CLK (sg13g2_dfrbpq_1)
                                 -0.150000    4.971930   clock uncertainty
                                  0.001297    4.973227   clock reconvergence pessimism
                                 -0.131685    4.841541   library setup time
                                              4.841541   data required time
---------------------------------------------------------------------------------------------
                                              4.841541   data required time
                                             -1.874860   data arrival time
---------------------------------------------------------------------------------------------
                                              2.966681   slack (MET)


Startpoint: _289_ (rising edge-triggered flip-flop clocked by clk)
Endpoint: _293_ (rising edge-triggered flip-flop clocked by clk)
Path Group: clk
Path Type: max

Fanout         Cap        Slew       Delay        Time   Description
---------------------------------------------------------------------------------------------
                                  0.000000    0.000000   clock clk (rise edge)
                                  0.000000    0.000000   clock source latency
     1    0.025525    0.000000    0.000000    0.000000 ^ clk (in)
                                                         clk (net)
                      0.002808    0.001404    0.001404 ^ clkbuf_0_clk/A (sg13g2_buf_16)
     2    0.045682    0.023978    0.056698    0.058102 ^ clkbuf_0_clk/X (sg13g2_buf_16)
                                                         clknet_0_clk (net)
                      0.023999    0.001267    0.059369 ^ clkbuf_1_0__f_clk/A (sg13g2_buf_16)
     5    0.027661    0.020925    0.063711    0.123080 ^ clkbuf_1_0__f_clk/X (sg13g2_buf_16)
                                                         clknet_1_0__leaf_clk (net)
                      0.020933    0.000771    0.123850 ^ _289_/CLK (sg13g2_dfrbpq_1)
     1    0.006970    0.038606    0.174729    0.298579 ^ _289_/Q (sg13g2_dfrbpq_1)
                                                         DPATH.SUM.fa_1.A (net)
                      0.038608    0.000317    0.298896 ^ fanout39/A (sg13g2_buf_1)
     8    0.052175    0.217004    0.203603    0.502500 ^ fanout39/X (sg13g2_buf_1)
                                                         net39 (net)
                      0.217013    0.001192    0.503691 ^ fanout38/A (sg13g2_buf_1)
     8    0.043913    0.184457    0.235724    0.739415 ^ fanout38/X (sg13g2_buf_1)
                                                         net38 (net)
                      0.184524    0.000985    0.740401 ^ _137_/B (sg13g2_xnor2_1)
     2    0.011648    0.104593    0.143154    0.883555 v _137_/Y (sg13g2_xnor2_1)
                                                         _091_ (net)
                      0.104593    0.000351    0.883906 v _138_/A2 (sg13g2_o21ai_1)
     2    0.013472    0.173348    0.181988    1.065894 ^ _138_/Y (sg13g2_o21ai_1)
                                                         _092_ (net)
                      0.173348    0.000463    1.066358 ^ _140_/A1 (sg13g2_a21oi_1)
     2    0.011542    0.106353    0.146054    1.212412 v _140_/Y (sg13g2_a21oi_1)
                                                         _094_ (net)
                      0.106353    0.000083    1.212495 v _144_/A1 (sg13g2_o21ai_1)
     2    0.015399    0.185012    0.201381    1.413875 ^ _144_/Y (sg13g2_o21ai_1)
                                                         _097_ (net)
                      0.185015    0.000634    1.414510 ^ _148_/A1 (sg13g2_a21oi_1)
     2    0.015460    0.130731    0.171521    1.586030 v _148_/Y (sg13g2_a21oi_1)
                                                         _100_ (net)
                      0.130731    0.000387    1.586418 v _151_/A (sg13g2_xor2_1)
     1    0.002915    0.064005    0.130559    1.716977 v _151_/X (sg13g2_xor2_1)
                                                         DPATH.SUM.fa_5.S (net)
                      0.064005    0.000049    1.717027 v _293_/D (sg13g2_dfrbpq_1)
                                              1.717027   data arrival time

                                  5.000000    5.000000   clock clk (rise edge)
                                  0.000000    5.000000   clock source latency
     1    0.022852    0.000000    0.000000    5.000000 ^ clk (in)
                                                         clk (net)
                      0.002461    0.001230    5.001230 ^ clkbuf_0_clk/A (sg13g2_buf_16)
     2    0.040336    0.022775    0.055575    5.056805 ^ clkbuf_0_clk/X (sg13g2_buf_16)
                                                         clknet_0_clk (net)
                      0.022817    0.001705    5.058510 ^ clkbuf_1_1__f_clk/A (sg13g2_buf_16)
     5    0.025050    0.020277    0.062625    5.121136 ^ clkbuf_1_1__f_clk/X (sg13g2_buf_16)
                                                         clknet_1_1__leaf_clk (net)
                      0.020290    0.001036    5.122172 ^ _293_/CLK (sg13g2_dfrbpq_1)
                                 -0.150000    4.972172   clock uncertainty
                                  0.001297    4.973468   clock reconvergence pessimism
                                 -0.128402    4.845066   library setup time
                                              4.845066   data required time
---------------------------------------------------------------------------------------------
                                              4.845066   data required time
                                             -1.717027   data arrival time
---------------------------------------------------------------------------------------------
                                              3.128040   slack (MET)


Startpoint: _289_ (rising edge-triggered flip-flop clocked by clk)
Endpoint: _292_ (rising edge-triggered flip-flop clocked by clk)
Path Group: clk
Path Type: max

Fanout         Cap        Slew       Delay        Time   Description
---------------------------------------------------------------------------------------------
                                  0.000000    0.000000   clock clk (rise edge)
                                  0.000000    0.000000   clock source latency
     1    0.025525    0.000000    0.000000    0.000000 ^ clk (in)
                                                         clk (net)
                      0.002808    0.001404    0.001404 ^ clkbuf_0_clk/A (sg13g2_buf_16)
     2    0.045682    0.023978    0.056698    0.058102 ^ clkbuf_0_clk/X (sg13g2_buf_16)
                                                         clknet_0_clk (net)
                      0.023999    0.001267    0.059369 ^ clkbuf_1_0__f_clk/A (sg13g2_buf_16)
     5    0.027661    0.020925    0.063711    0.123080 ^ clkbuf_1_0__f_clk/X (sg13g2_buf_16)
                                                         clknet_1_0__leaf_clk (net)
                      0.020933    0.000771    0.123850 ^ _289_/CLK (sg13g2_dfrbpq_1)
     1    0.006970    0.038606    0.174729    0.298579 ^ _289_/Q (sg13g2_dfrbpq_1)
                                                         DPATH.SUM.fa_1.A (net)
                      0.038608    0.000317    0.298896 ^ fanout39/A (sg13g2_buf_1)
     8    0.052175    0.217004    0.203603    0.502500 ^ fanout39/X (sg13g2_buf_1)
                                                         net39 (net)
                      0.217013    0.001192    0.503691 ^ fanout38/A (sg13g2_buf_1)
     8    0.043913    0.184457    0.235724    0.739415 ^ fanout38/X (sg13g2_buf_1)
                                                         net38 (net)
                      0.184524    0.000985    0.740401 ^ _137_/B (sg13g2_xnor2_1)
     2    0.011648    0.104593    0.143154    0.883555 v _137_/Y (sg13g2_xnor2_1)
                                                         _091_ (net)
                      0.104593    0.000351    0.883906 v _138_/A2 (sg13g2_o21ai_1)
     2    0.013472    0.173348    0.181988    1.065894 ^ _138_/Y (sg13g2_o21ai_1)
                                                         _092_ (net)
                      0.173348    0.000463    1.066358 ^ _140_/A1 (sg13g2_a21oi_1)
     2    0.011542    0.106353    0.146054    1.212412 v _140_/Y (sg13g2_a21oi_1)
                                                         _094_ (net)
                      0.106353    0.000083    1.212495 v _144_/A1 (sg13g2_o21ai_1)
     2    0.015399    0.185012    0.201381    1.413875 ^ _144_/Y (sg13g2_o21ai_1)
                                                         _097_ (net)
                      0.185016    0.000680    1.414556 ^ _147_/A (sg13g2_xor2_1)
     1    0.006009    0.088257    0.165749    1.580305 ^ _147_/X (sg13g2_xor2_1)
                                                         DPATH.SUM.fa_4.S (net)
                      0.088258    0.000252    1.580557 ^ _292_/D (sg13g2_dfrbpq_1)
                                              1.580557   data arrival time

                                  5.000000    5.000000   clock clk (rise edge)
                                  0.000000    5.000000   clock source latency
     1    0.022852    0.000000    0.000000    5.000000 ^ clk (in)
                                                         clk (net)
                      0.002461    0.001230    5.001230 ^ clkbuf_0_clk/A (sg13g2_buf_16)
     2    0.040336    0.022775    0.055575    5.056805 ^ clkbuf_0_clk/X (sg13g2_buf_16)
                                                         clknet_0_clk (net)
                      0.022791    0.001106    5.057911 ^ clkbuf_1_0__f_clk/A (sg13g2_buf_16)
     5    0.025423    0.020356    0.062705    5.120616 ^ clkbuf_1_0__f_clk/X (sg13g2_buf_16)
                                                         clknet_1_0__leaf_clk (net)
                      0.020363    0.000762    5.121378 ^ _292_/CLK (sg13g2_dfrbpq_1)
                                 -0.150000    4.971378   clock uncertainty
                                  0.002463    4.973842   clock reconvergence pessimism
                                 -0.134860    4.838982   library setup time
                                              4.838982   data required time
---------------------------------------------------------------------------------------------
                                              4.838982   data required time
                                             -1.580557   data arrival time
---------------------------------------------------------------------------------------------
                                              3.258424   slack (MET)


Startpoint: _290_ (rising edge-triggered flip-flop clocked by clk)
Endpoint: _296_ (rising edge-triggered flip-flop clocked by clk)
Path Group: clk
Path Type: max

Fanout         Cap        Slew       Delay        Time   Description
---------------------------------------------------------------------------------------------
                                  0.000000    0.000000   clock clk (rise edge)
                                  0.000000    0.000000   clock source latency
     1    0.025525    0.000000    0.000000    0.000000 ^ clk (in)
                                                         clk (net)
                      0.002808    0.001404    0.001404 ^ clkbuf_0_clk/A (sg13g2_buf_16)
     2    0.045682    0.023978    0.056698    0.058102 ^ clkbuf_0_clk/X (sg13g2_buf_16)
                                                         clknet_0_clk (net)
                      0.023999    0.001267    0.059369 ^ clkbuf_1_0__f_clk/A (sg13g2_buf_16)
     5    0.027661    0.020925    0.063711    0.123080 ^ clkbuf_1_0__f_clk/X (sg13g2_buf_16)
                                                         clknet_1_0__leaf_clk (net)
                      0.020934    0.000865    0.123945 ^ _290_/CLK (sg13g2_dfrbpq_1)
     4    0.026740    0.113869    0.230447    0.354392 ^ _290_/Q (sg13g2_dfrbpq_1)
                                                         DPATH.SUM.fa_2.A (net)
                      0.113931    0.002491    0.356883 ^ fanout37/A (sg13g2_buf_1)
     8    0.045555    0.190520    0.215099    0.571983 ^ fanout37/X (sg13g2_buf_1)
                                                         net37 (net)
                      0.190528    0.001064    0.573046 ^ fanout36/A (sg13g2_buf_1)
     8    0.051315    0.213393    0.249769    0.822815 ^ fanout36/X (sg13g2_buf_1)
                                                         net36 (net)
                      0.213456    0.003059    0.825874 ^ _164_/B (sg13g2_and2_1)
     5    0.025858    0.114138    0.208326    1.034200 ^ _164_/X (sg13g2_and2_1)
                                                         _113_ (net)
                      0.114150    0.001202    1.035402 ^ _166_/B (sg13g2_nand2_1)
     4    0.023489    0.160796    0.171469    1.206870 v _166_/Y (sg13g2_nand2_1)
                                                         _115_ (net)
                      0.160871    0.001528    1.208398 v _168_/A (sg13g2_nor2_1)
     2    0.012035    0.136433    0.150157    1.358555 ^ _168_/Y (sg13g2_nor2_1)
                                                         _117_ (net)
                      0.136473    0.000358    1.358914 ^ _170_/A1 (sg13g2_a21o_1)
     1    0.004861    0.037144    0.142012    1.500926 ^ _170_/X (sg13g2_a21o_1)
                                                         _119_ (net)
                      0.037144    0.000113    1.501040 ^ _171_/B (sg13g2_and2_1)
     1    0.003776    0.031385    0.086749    1.587788 ^ _171_/X (sg13g2_and2_1)
                                                         CTRL.P0 (net)
                      0.031385    0.000086    1.587874 ^ _296_/D (sg13g2_dfrbpq_1)
                                              1.587874   data arrival time

                                  5.000000    5.000000   clock clk (rise edge)
                                  0.000000    5.000000   clock source latency
     1    0.022852    0.000000    0.000000    5.000000 ^ clk (in)
                                                         clk (net)
                      0.002461    0.001230    5.001230 ^ clkbuf_0_clk/A (sg13g2_buf_16)
     2    0.040336    0.022775    0.055575    5.056805 ^ clkbuf_0_clk/X (sg13g2_buf_16)
                                                         clknet_0_clk (net)
                      0.022817    0.001705    5.058510 ^ clkbuf_1_1__f_clk/A (sg13g2_buf_16)
     5    0.025050    0.020277    0.062625    5.121136 ^ clkbuf_1_1__f_clk/X (sg13g2_buf_16)
                                                         clknet_1_1__leaf_clk (net)
                      0.020281    0.000567    5.121702 ^ _296_/CLK (sg13g2_dfrbpq_1)
                                 -0.150000    4.971702   clock uncertainty
                                  0.001297    4.972999   clock reconvergence pessimism
                                 -0.116390    4.856609   library setup time
                                              4.856609   data required time
---------------------------------------------------------------------------------------------
                                              4.856609   data required time
                                             -1.587874   data arrival time
---------------------------------------------------------------------------------------------
                                              3.268735   slack (MET)


Startpoint: _295_ (rising edge-triggered flip-flop clocked by clk)
Endpoint: o_signB (output port clocked by clk)
Path Group: clk
Path Type: max

Fanout         Cap        Slew       Delay        Time   Description
---------------------------------------------------------------------------------------------
                                  0.000000    0.000000   clock clk (rise edge)
                                  0.000000    0.000000   clock source latency
     1    0.025525    0.000000    0.000000    0.000000 ^ clk (in)
                                                         clk (net)
                      0.002808    0.001404    0.001404 ^ clkbuf_0_clk/A (sg13g2_buf_16)
     2    0.045682    0.023978    0.056698    0.058102 ^ clkbuf_0_clk/X (sg13g2_buf_16)
                                                         clknet_0_clk (net)
                      0.024045    0.001949    0.060051 ^ clkbuf_1_1__f_clk/A (sg13g2_buf_16)
     5    0.027529    0.020899    0.063680    0.123731 ^ clkbuf_1_1__f_clk/X (sg13g2_buf_16)
                                                         clknet_1_1__leaf_clk (net)
                      0.020913    0.001053    0.124784 ^ _295_/CLK (sg13g2_dfrbpq_1)
     3    0.016855    0.059745    0.193621    0.318405 v _295_/Q (sg13g2_dfrbpq_1)
                                                         net20 (net)
                      0.059761    0.000924    0.319330 v _133_/A (sg13g2_inv_1)
     1    0.006353    0.040188    0.048935    0.368265 ^ _133_/Y (sg13g2_inv_1)
                                                         net21 (net)
                      0.040189    0.000257    0.368522 ^ output21/A (sg13g2_buf_1)
     1    0.041724    0.175450    0.172404    0.540925 ^ output21/X (sg13g2_buf_1)
                                                         o_signB (net)
                      0.175721    0.005663    0.546589 ^ o_signB (out)
                                              0.546589   data arrival time

                                  5.000000    5.000000   clock clk (rise edge)
                                  0.000000    5.000000   clock network delay (propagated)
                                 -0.150000    4.850000   clock uncertainty
                                  0.000000    4.850000   clock reconvergence pessimism
                                 -1.000000    3.850000   output external delay
                                              3.850000   data required time
---------------------------------------------------------------------------------------------
                                              3.850000   data required time
                                             -0.546589   data arrival time
---------------------------------------------------------------------------------------------
                                              3.303411   slack (MET)


Startpoint: _295_ (rising edge-triggered flip-flop clocked by clk)
Endpoint: o_sign (output port clocked by clk)
Path Group: clk
Path Type: max

Fanout         Cap        Slew       Delay        Time   Description
---------------------------------------------------------------------------------------------
                                  0.000000    0.000000   clock clk (rise edge)
                                  0.000000    0.000000   clock source latency
     1    0.025525    0.000000    0.000000    0.000000 ^ clk (in)
                                                         clk (net)
                      0.002808    0.001404    0.001404 ^ clkbuf_0_clk/A (sg13g2_buf_16)
     2    0.045682    0.023978    0.056698    0.058102 ^ clkbuf_0_clk/X (sg13g2_buf_16)
                                                         clknet_0_clk (net)
                      0.024045    0.001949    0.060051 ^ clkbuf_1_1__f_clk/A (sg13g2_buf_16)
     5    0.027529    0.020899    0.063680    0.123731 ^ clkbuf_1_1__f_clk/X (sg13g2_buf_16)
                                                         clknet_1_1__leaf_clk (net)
                      0.020913    0.001053    0.124784 ^ _295_/CLK (sg13g2_dfrbpq_1)
     3    0.016924    0.076695    0.203462    0.328246 ^ _295_/Q (sg13g2_dfrbpq_1)
                                                         net20 (net)
                      0.076699    0.000657    0.328903 ^ output20/A (sg13g2_buf_1)
     1    0.037645    0.159025    0.178363    0.507266 ^ output20/X (sg13g2_buf_1)
                                                         o_sign (net)
                      0.159120    0.003208    0.510474 ^ o_sign (out)
                                              0.510474   data arrival time

                                  5.000000    5.000000   clock clk (rise edge)
                                  0.000000    5.000000   clock network delay (propagated)
                                 -0.150000    4.850000   clock uncertainty
                                  0.000000    4.850000   clock reconvergence pessimism
                                 -1.000000    3.850000   output external delay
                                              3.850000   data required time
---------------------------------------------------------------------------------------------
                                              3.850000   data required time
                                             -0.510474   data arrival time
---------------------------------------------------------------------------------------------
                                              3.339526   slack (MET)


Startpoint: _290_ (rising edge-triggered flip-flop clocked by clk)
Endpoint: _295_ (rising edge-triggered flip-flop clocked by clk)
Path Group: clk
Path Type: max

Fanout         Cap        Slew       Delay        Time   Description
---------------------------------------------------------------------------------------------
                                  0.000000    0.000000   clock clk (rise edge)
                                  0.000000    0.000000   clock source latency
     1    0.025525    0.000000    0.000000    0.000000 ^ clk (in)
                                                         clk (net)
                      0.002808    0.001404    0.001404 ^ clkbuf_0_clk/A (sg13g2_buf_16)
     2    0.045682    0.023978    0.056698    0.058102 ^ clkbuf_0_clk/X (sg13g2_buf_16)
                                                         clknet_0_clk (net)
                      0.023999    0.001267    0.059369 ^ clkbuf_1_0__f_clk/A (sg13g2_buf_16)
     5    0.027661    0.020925    0.063711    0.123080 ^ clkbuf_1_0__f_clk/X (sg13g2_buf_16)
                                                         clknet_1_0__leaf_clk (net)
                      0.020934    0.000865    0.123945 ^ _290_/CLK (sg13g2_dfrbpq_1)
     4    0.026564    0.087208    0.215449    0.339394 v _290_/Q (sg13g2_dfrbpq_1)
                                                         DPATH.SUM.fa_2.A (net)
                      0.087293    0.002469    0.341863 v fanout37/A (sg13g2_buf_1)
     8    0.043608    0.139959    0.182379    0.524242 v fanout37/X (sg13g2_buf_1)
                                                         net37 (net)
                      0.139967    0.001141    0.525384 v _156_/B (sg13g2_nor2_1)
     5    0.028894    0.254216    0.253332    0.778715 ^ _156_/Y (sg13g2_nor2_1)
                                                         _106_ (net)
                      0.254219    0.000696    0.779411 ^ _157_/A (sg13g2_inv_1)
     4    0.017751    0.115558    0.147166    0.926577 v _157_/Y (sg13g2_inv_1)
                                                         _107_ (net)
                      0.115559    0.000383    0.926959 v _158_/B (sg13g2_nor2_1)
     1    0.005724    0.081352    0.092920    1.019879 ^ _158_/Y (sg13g2_nor2_1)
                                                         _108_ (net)
                      0.081352    0.000151    1.020030 ^ _162_/C (sg13g2_nand4_1)
     2    0.017648    0.230505    0.234249    1.254280 v _162_/Y (sg13g2_nand4_1)
                                                         _112_ (net)
                      0.230510    0.000915    1.255195 v _163_/B (sg13g2_xnor2_1)
     1    0.004129    0.057683    0.148944    1.404140 v _163_/Y (sg13g2_xnor2_1)
                                                         CTRL.P1 (net)
                      0.057683    0.000102    1.404242 v _295_/D (sg13g2_dfrbpq_1)
                                              1.404242   data arrival time

                                  5.000000    5.000000   clock clk (rise edge)
                                  0.000000    5.000000   clock source latency
     1    0.022852    0.000000    0.000000    5.000000 ^ clk (in)
                                                         clk (net)
                      0.002461    0.001230    5.001230 ^ clkbuf_0_clk/A (sg13g2_buf_16)
     2    0.040336    0.022775    0.055575    5.056805 ^ clkbuf_0_clk/X (sg13g2_buf_16)
                                                         clknet_0_clk (net)
                      0.022817    0.001705    5.058510 ^ clkbuf_1_1__f_clk/A (sg13g2_buf_16)
     5    0.025050    0.020277    0.062625    5.121136 ^ clkbuf_1_1__f_clk/X (sg13g2_buf_16)
                                                         clknet_1_1__leaf_clk (net)
                      0.020288    0.000953    5.122089 ^ _295_/CLK (sg13g2_dfrbpq_1)
                                 -0.150000    4.972089   clock uncertainty
                                  0.001297    4.973386   clock reconvergence pessimism
                                 -0.126126    4.847260   library setup time
                                              4.847260   data required time
---------------------------------------------------------------------------------------------
                                              4.847260   data required time
                                             -1.404242   data arrival time
---------------------------------------------------------------------------------------------
                                              3.443019   slack (MET)


Startpoint: _289_ (rising edge-triggered flip-flop clocked by clk)
Endpoint: _291_ (rising edge-triggered flip-flop clocked by clk)
Path Group: clk
Path Type: max

Fanout         Cap        Slew       Delay        Time   Description
---------------------------------------------------------------------------------------------
                                  0.000000    0.000000   clock clk (rise edge)
                                  0.000000    0.000000   clock source latency
     1    0.025525    0.000000    0.000000    0.000000 ^ clk (in)
                                                         clk (net)
                      0.002808    0.001404    0.001404 ^ clkbuf_0_clk/A (sg13g2_buf_16)
     2    0.045682    0.023978    0.056698    0.058102 ^ clkbuf_0_clk/X (sg13g2_buf_16)
                                                         clknet_0_clk (net)
                      0.023999    0.001267    0.059369 ^ clkbuf_1_0__f_clk/A (sg13g2_buf_16)
     5    0.027661    0.020925    0.063711    0.123080 ^ clkbuf_1_0__f_clk/X (sg13g2_buf_16)
                                                         clknet_1_0__leaf_clk (net)
                      0.020933    0.000771    0.123850 ^ _289_/CLK (sg13g2_dfrbpq_1)
     1    0.006970    0.038606    0.174729    0.298579 ^ _289_/Q (sg13g2_dfrbpq_1)
                                                         DPATH.SUM.fa_1.A (net)
                      0.038608    0.000317    0.298896 ^ fanout39/A (sg13g2_buf_1)
     8    0.052175    0.217004    0.203603    0.502500 ^ fanout39/X (sg13g2_buf_1)
                                                         net39 (net)
                      0.217013    0.001192    0.503691 ^ fanout38/A (sg13g2_buf_1)
     8    0.043913    0.184457    0.235724    0.739415 ^ fanout38/X (sg13g2_buf_1)
                                                         net38 (net)
                      0.184524    0.000985    0.740401 ^ _137_/B (sg13g2_xnor2_1)
     2    0.011648    0.104593    0.143154    0.883555 v _137_/Y (sg13g2_xnor2_1)
                                                         _091_ (net)
                      0.104593    0.000351    0.883906 v _138_/A2 (sg13g2_o21ai_1)
     2    0.013472    0.173348    0.181988    1.065894 ^ _138_/Y (sg13g2_o21ai_1)
                                                         _092_ (net)
                      0.173348    0.000463    1.066358 ^ _140_/A1 (sg13g2_a21oi_1)
     2    0.011542    0.106353    0.146054    1.212412 v _140_/Y (sg13g2_a21oi_1)
                                                         _094_ (net)
                      0.106353    0.000124    1.212535 v _143_/A (sg13g2_xor2_1)
     1    0.004814    0.069027    0.129682    1.342217 v _143_/X (sg13g2_xor2_1)
                                                         DPATH.SUM.fa_3.S (net)
                      0.069027    0.000148    1.342366 v _291_/D (sg13g2_dfrbpq_1)
                                              1.342366   data arrival time

                                  5.000000    5.000000   clock clk (rise edge)
                                  0.000000    5.000000   clock source latency
     1    0.022852    0.000000    0.000000    5.000000 ^ clk (in)
                                                         clk (net)
                      0.002461    0.001230    5.001230 ^ clkbuf_0_clk/A (sg13g2_buf_16)
     2    0.040336    0.022775    0.055575    5.056805 ^ clkbuf_0_clk/X (sg13g2_buf_16)
                                                         clknet_0_clk (net)
                      0.022791    0.001106    5.057911 ^ clkbuf_1_0__f_clk/A (sg13g2_buf_16)
     5    0.025423    0.020356    0.062705    5.120616 ^ clkbuf_1_0__f_clk/X (sg13g2_buf_16)
                                                         clknet_1_0__leaf_clk (net)
                      0.020363    0.000774    5.121390 ^ _291_/CLK (sg13g2_dfrbpq_1)
                                 -0.150000    4.971391   clock uncertainty
                                  0.002463    4.973854   clock reconvergence pessimism
                                 -0.130193    4.843661   library setup time
                                              4.843661   data required time
---------------------------------------------------------------------------------------------
                                              4.843661   data required time
                                             -1.342366   data arrival time
---------------------------------------------------------------------------------------------
                                              3.501296   slack (MET)


Startpoint: _289_ (rising edge-triggered flip-flop clocked by clk)
Endpoint: _290_ (rising edge-triggered flip-flop clocked by clk)
Path Group: clk
Path Type: max

Fanout         Cap        Slew       Delay        Time   Description
---------------------------------------------------------------------------------------------
                                  0.000000    0.000000   clock clk (rise edge)
                                  0.000000    0.000000   clock source latency
     1    0.025525    0.000000    0.000000    0.000000 ^ clk (in)
                                                         clk (net)
                      0.002808    0.001404    0.001404 ^ clkbuf_0_clk/A (sg13g2_buf_16)
     2    0.045682    0.023978    0.056698    0.058102 ^ clkbuf_0_clk/X (sg13g2_buf_16)
                                                         clknet_0_clk (net)
                      0.023999    0.001267    0.059369 ^ clkbuf_1_0__f_clk/A (sg13g2_buf_16)
     5    0.027661    0.020925    0.063711    0.123080 ^ clkbuf_1_0__f_clk/X (sg13g2_buf_16)
                                                         clknet_1_0__leaf_clk (net)
                      0.020933    0.000771    0.123850 ^ _289_/CLK (sg13g2_dfrbpq_1)
     1    0.006970    0.038606    0.174729    0.298579 ^ _289_/Q (sg13g2_dfrbpq_1)
                                                         DPATH.SUM.fa_1.A (net)
                      0.038608    0.000317    0.298896 ^ fanout39/A (sg13g2_buf_1)
     8    0.052175    0.217004    0.203603    0.502500 ^ fanout39/X (sg13g2_buf_1)
                                                         net39 (net)
                      0.217013    0.001192    0.503691 ^ fanout38/A (sg13g2_buf_1)
     8    0.043913    0.184457    0.235724    0.739415 ^ fanout38/X (sg13g2_buf_1)
                                                         net38 (net)
                      0.184524    0.000985    0.740401 ^ _137_/B (sg13g2_xnor2_1)
     2    0.011648    0.104593    0.143154    0.883555 v _137_/Y (sg13g2_xnor2_1)
                                                         _091_ (net)
                      0.104593    0.000351    0.883906 v _138_/A2 (sg13g2_o21ai_1)
     2    0.013472    0.173348    0.181988    1.065894 ^ _138_/Y (sg13g2_o21ai_1)
                                                         _092_ (net)
                      0.173348    0.000383    1.066278 ^ _278_/A (sg13g2_xor2_1)
     1    0.005765    0.085205    0.161516    1.227794 ^ _278_/X (sg13g2_xor2_1)
                                                         DPATH.SUM.fa_2.S (net)
                      0.085205    0.000230    1.228024 ^ _290_/D (sg13g2_dfrbpq_1)
                                              1.228024   data arrival time

                                  5.000000    5.000000   clock clk (rise edge)
                                  0.000000    5.000000   clock source latency
     1    0.022852    0.000000    0.000000    5.000000 ^ clk (in)
                                                         clk (net)
                      0.002461    0.001230    5.001230 ^ clkbuf_0_clk/A (sg13g2_buf_16)
     2    0.040336    0.022775    0.055575    5.056805 ^ clkbuf_0_clk/X (sg13g2_buf_16)
                                                         clknet_0_clk (net)
                      0.022791    0.001106    5.057911 ^ clkbuf_1_0__f_clk/A (sg13g2_buf_16)
     5    0.025423    0.020356    0.062705    5.120616 ^ clkbuf_1_0__f_clk/X (sg13g2_buf_16)
                                                         clknet_1_0__leaf_clk (net)
                      0.020364    0.000788    5.121405 ^ _290_/CLK (sg13g2_dfrbpq_1)
                                 -0.150000    4.971405   clock uncertainty
                                  0.002463    4.973868   clock reconvergence pessimism
                                 -0.133868    4.840001   library setup time
                                              4.840001   data required time
---------------------------------------------------------------------------------------------
                                              4.840001   data required time
                                             -1.228024   data arrival time
---------------------------------------------------------------------------------------------
                                              3.611977   slack (MET)


Startpoint: _289_ (rising edge-triggered flip-flop clocked by clk)
Endpoint: _289_ (rising edge-triggered flip-flop clocked by clk)
Path Group: clk
Path Type: max

Fanout         Cap        Slew       Delay        Time   Description
---------------------------------------------------------------------------------------------
                                  0.000000    0.000000   clock clk (rise edge)
                                  0.000000    0.000000   clock source latency
     1    0.025525    0.000000    0.000000    0.000000 ^ clk (in)
                                                         clk (net)
                      0.002808    0.001404    0.001404 ^ clkbuf_0_clk/A (sg13g2_buf_16)
     2    0.045682    0.023978    0.056698    0.058102 ^ clkbuf_0_clk/X (sg13g2_buf_16)
                                                         clknet_0_clk (net)
                      0.023999    0.001267    0.059369 ^ clkbuf_1_0__f_clk/A (sg13g2_buf_16)
     5    0.027661    0.020925    0.063711    0.123080 ^ clkbuf_1_0__f_clk/X (sg13g2_buf_16)
                                                         clknet_1_0__leaf_clk (net)
                      0.020933    0.000771    0.123850 ^ _289_/CLK (sg13g2_dfrbpq_1)
     1    0.006970    0.038606    0.174729    0.298579 ^ _289_/Q (sg13g2_dfrbpq_1)
                                                         DPATH.SUM.fa_1.A (net)
                      0.038608    0.000317    0.298896 ^ fanout39/A (sg13g2_buf_1)
     8    0.052175    0.217004    0.203603    0.502500 ^ fanout39/X (sg13g2_buf_1)
                                                         net39 (net)
                      0.217013    0.001192    0.503691 ^ fanout38/A (sg13g2_buf_1)
     8    0.043913    0.184457    0.235724    0.739415 ^ fanout38/X (sg13g2_buf_1)
                                                         net38 (net)
                      0.184524    0.000985    0.740401 ^ _137_/B (sg13g2_xnor2_1)
     2    0.012596    0.149346    0.177302    0.917703 ^ _137_/Y (sg13g2_xnor2_1)
                                                         _091_ (net)
                      0.149346    0.000362    0.918065 ^ _279_/B (sg13g2_xnor2_1)
     1    0.003944    0.082496    0.123917    1.041982 ^ _279_/Y (sg13g2_xnor2_1)
                                                         DPATH.SUM.fa_1.S (net)
                      0.082496    0.000109    1.042091 ^ _289_/D (sg13g2_dfrbpq_1)
                                              1.042091   data arrival time

                                  5.000000    5.000000   clock clk (rise edge)
                                  0.000000    5.000000   clock source latency
     1    0.022852    0.000000    0.000000    5.000000 ^ clk (in)
                                                         clk (net)
                      0.002461    0.001230    5.001230 ^ clkbuf_0_clk/A (sg13g2_buf_16)
     2    0.040336    0.022775    0.055575    5.056805 ^ clkbuf_0_clk/X (sg13g2_buf_16)
                                                         clknet_0_clk (net)
                      0.022791    0.001106    5.057911 ^ clkbuf_1_0__f_clk/A (sg13g2_buf_16)
     5    0.025423    0.020356    0.062705    5.120616 ^ clkbuf_1_0__f_clk/X (sg13g2_buf_16)
                                                         clknet_1_0__leaf_clk (net)
                      0.020362    0.000704    5.121320 ^ _289_/CLK (sg13g2_dfrbpq_1)
                                 -0.150000    4.971320   clock uncertainty
                                  0.002530    4.973850   clock reconvergence pessimism
                                 -0.132987    4.840863   library setup time
                                              4.840863   data required time
---------------------------------------------------------------------------------------------
                                              4.840863   data required time
                                             -1.042091   data arrival time
---------------------------------------------------------------------------------------------
                                              3.798772   slack (MET)


Startpoint: _288_ (rising edge-triggered flip-flop clocked by clk)
Endpoint: _288_ (rising edge-triggered flip-flop clocked by clk)
Path Group: clk
Path Type: max

Fanout         Cap        Slew       Delay        Time   Description
---------------------------------------------------------------------------------------------
                                  0.000000    0.000000   clock clk (rise edge)
                                  0.000000    0.000000   clock source latency
     1    0.025525    0.000000    0.000000    0.000000 ^ clk (in)
                                                         clk (net)
                      0.002808    0.001404    0.001404 ^ clkbuf_0_clk/A (sg13g2_buf_16)
     2    0.045682    0.023978    0.056698    0.058102 ^ clkbuf_0_clk/X (sg13g2_buf_16)
                                                         clknet_0_clk (net)
                      0.023999    0.001267    0.059369 ^ clkbuf_1_0__f_clk/A (sg13g2_buf_16)
     5    0.027661    0.020925    0.063711    0.123080 ^ clkbuf_1_0__f_clk/X (sg13g2_buf_16)
                                                         clknet_1_0__leaf_clk (net)
                      0.020932    0.000757    0.123837 ^ _288_/CLK (sg13g2_dfrbpq_1)
     1    0.004893    0.031041    0.168742    0.292579 ^ _288_/Q (sg13g2_dfrbpq_1)
                                                         DPATH.SUM.Cout0 (net)
                      0.031041    0.000132    0.292711 ^ fanout41/A (sg13g2_buf_1)
     8    0.050531    0.210607    0.194710    0.487421 ^ fanout41/X (sg13g2_buf_1)
                                                         net41 (net)
                      0.210659    0.002743    0.490164 ^ _132_/A (sg13g2_inv_1)
     8    0.051368    0.191601    0.241874    0.732038 v _132_/Y (sg13g2_inv_1)
                                                         DPATH.SUM.ha_0.S (net)
                      0.191701    0.002530    0.734569 v _288_/D (sg13g2_dfrbpq_1)
                                              0.734569   data arrival time

                                  5.000000    5.000000   clock clk (rise edge)
                                  0.000000    5.000000   clock source latency
     1    0.022852    0.000000    0.000000    5.000000 ^ clk (in)
                                                         clk (net)
                      0.002461    0.001230    5.001230 ^ clkbuf_0_clk/A (sg13g2_buf_16)
     2    0.040336    0.022775    0.055575    5.056805 ^ clkbuf_0_clk/X (sg13g2_buf_16)
                                                         clknet_0_clk (net)
                      0.022791    0.001106    5.057911 ^ clkbuf_1_0__f_clk/A (sg13g2_buf_16)
     5    0.025423    0.020356    0.062705    5.120616 ^ clkbuf_1_0__f_clk/X (sg13g2_buf_16)
                                                         clknet_1_0__leaf_clk (net)
                      0.020362    0.000691    5.121307 ^ _288_/CLK (sg13g2_dfrbpq_1)
                                 -0.150000    4.971307   clock uncertainty
                                  0.002529    4.973836   clock reconvergence pessimism
                                 -0.174382    4.799455   library setup time
                                              4.799455   data required time
---------------------------------------------------------------------------------------------
                                              4.799455   data required time
                                             -0.734569   data arrival time
---------------------------------------------------------------------------------------------
                                              4.064887   slack (MET)



%OL_END_REPORT
%OL_CREATE_REPORT checks.rpt

===========================================================================
report_checks -unconstrained
===========================================================================
======================= nom_typ_1p20V_25C Corner ===================================

Startpoint: _290_ (rising edge-triggered flip-flop clocked by clk)
Endpoint: DATA[0] (output port clocked by clk)
Path Group: clk
Path Type: max

Fanout         Cap        Slew       Delay        Time   Description
---------------------------------------------------------------------------------------------
                                  0.000000    0.000000   clock clk (rise edge)
                                  0.000000    0.000000   clock source latency
     1    0.025525    0.000000    0.000000    0.000000 ^ clk (in)
                                                         clk (net)
                      0.002808    0.001404    0.001404 ^ clkbuf_0_clk/A (sg13g2_buf_16)
     2    0.045682    0.023978    0.056698    0.058102 ^ clkbuf_0_clk/X (sg13g2_buf_16)
                                                         clknet_0_clk (net)
                      0.023999    0.001267    0.059369 ^ clkbuf_1_0__f_clk/A (sg13g2_buf_16)
     5    0.027661    0.020925    0.063711    0.123080 ^ clkbuf_1_0__f_clk/X (sg13g2_buf_16)
                                                         clknet_1_0__leaf_clk (net)
                      0.020934    0.000865    0.123945 ^ _290_/CLK (sg13g2_dfrbpq_1)
     4    0.026740    0.113869    0.230447    0.354392 ^ _290_/Q (sg13g2_dfrbpq_1)
                                                         DPATH.SUM.fa_2.A (net)
                      0.113931    0.002491    0.356883 ^ fanout37/A (sg13g2_buf_1)
     8    0.045555    0.190520    0.215099    0.571983 ^ fanout37/X (sg13g2_buf_1)
                                                         net37 (net)
                      0.190528    0.001064    0.573046 ^ fanout36/A (sg13g2_buf_1)
     8    0.051315    0.213393    0.249769    0.822815 ^ fanout36/X (sg13g2_buf_1)
                                                         net36 (net)
                      0.213456    0.003059    0.825874 ^ _164_/B (sg13g2_and2_1)
     5    0.025858    0.114138    0.208326    1.034200 ^ _164_/X (sg13g2_and2_1)
                                                         _113_ (net)
                      0.114148    0.001135    1.035334 ^ _180_/A2 (sg13g2_a21oi_1)
     4    0.024975    0.181995    0.188734    1.224069 v _180_/Y (sg13g2_a21oi_1)
                                                         _128_ (net)
                      0.182074    0.001394    1.225463 v _181_/B (sg13g2_and2_1)
     2    0.013044    0.052822    0.154212    1.379675 v _181_/X (sg13g2_and2_1)
                                                         _129_ (net)
                      0.052824    0.000430    1.380104 v _182_/B1 (sg13g2_o21ai_1)
     1    0.005483    0.102932    0.053852    1.433956 ^ _182_/Y (sg13g2_o21ai_1)
                                                         _009_ (net)
                      0.102932    0.000154    1.434110 ^ _183_/A2 (sg13g2_a21oi_1)
     1    0.007261    0.067141    0.103081    1.537191 v _183_/Y (sg13g2_a21oi_1)
                                                         _010_ (net)
                      0.067141    0.000302    1.537493 v _198_/B (sg13g2_nor4_1)
     1    0.006909    0.176167    0.197070    1.734563 ^ _198_/Y (sg13g2_nor4_1)
                                                         _025_ (net)
                      0.176167    0.000287    1.734850 ^ _216_/A2 (sg13g2_a22oi_1)
     1    0.009568    0.093563    0.143205    1.878055 v _216_/Y (sg13g2_a22oi_1)
                                                         net2 (net)
                      0.093563    0.000382    1.878437 v output2/A (sg13g2_buf_1)
     1    0.015554    0.057811    0.120449    1.998886 v output2/X (sg13g2_buf_1)
                                                         DATA[0] (net)
                      0.057823    0.000832    1.999717 v DATA[0] (out)
                                              1.999717   data arrival time

                                  5.000000    5.000000   clock clk (rise edge)
                                  0.000000    5.000000   clock network delay (propagated)
                                 -0.150000    4.850000   clock uncertainty
                                  0.000000    4.850000   clock reconvergence pessimism
                                 -1.000000    3.850000   output external delay
                                              3.850000   data required time
---------------------------------------------------------------------------------------------
                                              3.850000   data required time
                                             -1.999717   data arrival time
---------------------------------------------------------------------------------------------
                                              1.850283   slack (MET)




===========================================================================
report_checks --slack_max -0.01
============================================================================
======================= nom_typ_1p20V_25C Corner ===================================

No paths found.


===========================================================================
 report_check_types -max_slew -max_cap -max_fanout -violators
============================================================================
======================= nom_typ_1p20V_25C Corner ===================================



===========================================================================
report_parasitic_annotation -report_unannotated
============================================================================
Found 1 unannotated drivers.
 clkload0/Y
Found 0 partially unannotated drivers.

===========================================================================
max slew violation count 0
Writing metric design__max_slew_violation__count__corner:nom_typ_1p20V_25C: 0
max fanout violation count 0
Writing metric design__max_fanout_violation__count__corner:nom_typ_1p20V_25C: 0
max cap violation count 0
Writing metric design__max_cap_violation__count__corner:nom_typ_1p20V_25C: 0
============================================================================

===========================================================================
check_setup -verbose -unconstrained_endpoints -multiple_clock -no_clock -no_input_delay -loops -generated_clocks
===========================================================================
Warning: There is 1 input port missing set_input_delay.
  rst
%OL_END_REPORT
%OL_CREATE_REPORT power.rpt

===========================================================================
 report_power
============================================================================
======================= nom_typ_1p20V_25C Corner ===================================

Group                    Internal    Switching      Leakage        Total
                            Power        Power        Power        Power (Watts)
------------------------------------------------------------------------
Sequential           9.427111e-05 0.000000e+00 4.413539e-09 9.427553e-05  44.0%
Combinational        5.409231e-07 2.298659e-06 2.376574e-08 2.863347e-06   1.3%
Clock                8.787466e-05 2.905106e-05 4.219166e-09 1.169299e-04  54.6%
Macro                0.000000e+00 0.000000e+00 0.000000e+00 0.000000e+00   0.0%
Pad                  0.000000e+00 0.000000e+00 0.000000e+00 0.000000e+00   0.0%
------------------------------------------------------------------------
Total                1.826867e-04 3.134972e-05 3.239845e-08 2.140688e-04 100.0%
                            85.3%        14.6%         0.0%
Writing metric power__internal__total: 0.00018268667918164283
Writing metric power__switching__total: 3.134971848339774e-5
Writing metric power__leakage__total: 3.2398450144910385e-8
Writing metric power__total: 0.0002140687865903601

%OL_END_REPORT
%OL_CREATE_REPORT skew.min.rpt

===========================================================================
Clock Skew (Hold)
============================================================================
Writing metric clock__skew__worst_hold__corner:nom_typ_1p20V_25C: -0.15576956831974068
======================= nom_typ_1p20V_25C Corner ===================================

Clock clk
0.121702 source latency _296_/CLK ^
-0.124876 target latency _293_/CLK ^
-0.150000 clock uncertainty
-0.002595 CRPR
--------------
-0.155770 hold skew

%OL_END_REPORT
%OL_CREATE_REPORT skew.max.rpt

===========================================================================
Clock Skew (Setup)
============================================================================
Writing metric clock__skew__worst_setup__corner:nom_typ_1p20V_25C: 0.15173879249253847
======================= nom_typ_1p20V_25C Corner ===================================

Clock clk
0.124356 source latency _296_/CLK ^
-0.121320 target latency _289_/CLK ^
0.150000 clock uncertainty
-0.001297 CRPR
--------------
0.151739 setup skew

%OL_END_REPORT
%OL_CREATE_REPORT ws.min.rpt

===========================================================================
Worst Slack (Hold)
============================================================================
Writing metric timing__hold__ws__corner:nom_typ_1p20V_25C: 0.30544326266134453
nom_typ_1p20V_25C: 0.30544326266134453
%OL_END_REPORT
%OL_CREATE_REPORT ws.max.rpt

===========================================================================
Worst Slack (Setup)
============================================================================
Writing metric timing__setup__ws__corner:nom_typ_1p20V_25C: 1.850282646136718
nom_typ_1p20V_25C: 1.850282646136718
%OL_END_REPORT
%OL_CREATE_REPORT tns.min.rpt

===========================================================================
Total Negative Slack (Hold)
============================================================================
Writing metric timing__hold__tns__corner:nom_typ_1p20V_25C: 0.0
nom_typ_1p20V_25C: 0.0
%OL_END_REPORT
%OL_CREATE_REPORT tns.max.rpt

===========================================================================
Total Negative Slack (Setup)
============================================================================
Writing metric timing__setup__tns__corner:nom_typ_1p20V_25C: 0.0
nom_typ_1p20V_25C: 0.0
%OL_END_REPORT
%OL_CREATE_REPORT wns.min.rpt

===========================================================================
Worst Negative Slack (Hold)
============================================================================
Writing metric timing__hold__wns__corner:nom_typ_1p20V_25C: 0
nom_typ_1p20V_25C: 0
%OL_END_REPORT
%OL_CREATE_REPORT wns.max.rpt

===========================================================================
Worst Negative Slack (Setup)
============================================================================
Writing metric timing__setup__wns__corner:nom_typ_1p20V_25C: 0.0
nom_typ_1p20V_25C: 0.0
%OL_END_REPORT
%OL_CREATE_REPORT violator_list.rpt

===========================================================================
Violator List
============================================================================
Writing metric timing__hold_vio__count__corner:nom_typ_1p20V_25C: 0
Writing metric timing__hold_r2r__ws__corner:nom_typ_1p20V_25C: 0.305443
Writing metric timing__hold_r2r_vio__count__corner:nom_typ_1p20V_25C: 0
Writing metric timing__setup_vio__count__corner:nom_typ_1p20V_25C: 0
Writing metric timing__setup_r2r__ws__corner:nom_typ_1p20V_25C: 2.966681
Writing metric timing__setup_r2r_vio__count__corner:nom_typ_1p20V_25C: 0
%OL_END_REPORT
%OL_CREATE_REPORT unpropagated.rpt
%OL_END_REPORT
%OL_CREATE_REPORT clock.rpt
Clock: clk
Sources: clk 
Generated: no
Virtual: yes
Propagated: no
Period: 5.000000

===========================================================================
report_clock_properties
============================================================================
Clock                   Period          Waveform
----------------------------------------------------
clk                   5.000000    0.000000  2.500000

===========================================================================
report_clock_latency
============================================================================
Clock clk
rise -> rise
    min     max
0.000000 0.000000 source latency
0.121307         network latency _288_/CLK
        0.124876 network latency _293_/CLK
---------------
0.121307 0.124876 latency
        0.003569 skew

fall -> fall
    min     max
0.000000 0.000000 source latency
0.133984         network latency _288_/CLK
        0.137206 network latency _293_/CLK
---------------
0.133984 0.137206 latency
        0.003222 skew



===========================================================================
report_clock_min_period
============================================================================
clk period_min = 2.03 fmax = 491.81
%OL_END_REPORT
