Reading timing models for corner nom_typ_1p20V_25C…
Reading timing library for the 'nom_typ_1p20V_25C' corner at '/opt/pdks/ciel/ihp-sg13g2/versions/c4b8b4e5e7a05f375cca3815d51b3a37721fbf5c/ihp-sg13g2/libs.ref/sg13g2_stdcell/lib/sg13g2_stdcell_typ_1p20V_25C.lib'…
Reading timing library for the 'nom_typ_1p20V_25C' corner at '/opt/pdks/ciel/ihp-sg13g2/versions/c4b8b4e5e7a05f375cca3815d51b3a37721fbf5c/ihp-sg13g2/libs.ref/sg13g2_io/lib/sg13g2_io_typ_1p2V_3p3V_25C.lib'…
Reading OpenROAD database at '/home/designer/shared/BASIC/current_generator/digital/DigitalSine/runs/RUN_2026-03-28_21-39-37/28-openroad-globalplacement/DigitalSine.odb'…
Reading design constraints file at '/home/designer/shared/BASIC/current_generator/digital/DigitalSine/cons.sdc'…
[WARNING STA-1551] /home/designer/shared/BASIC/current_generator/digital/DigitalSine/cons.sdc line 22, 'rst' is not a valid endpoint.
[WARNING STA-0441] set_input_delay relative to a clock defined on the same port/pin not allowed.
[WARNING STA-0441] set_input_delay relative to a clock defined on the same port/pin not allowed.
[WARNING STA-0441] set_input_delay relative to a clock defined on the same port/pin not allowed.
[WARNING STA-0441] set_input_delay relative to a clock defined on the same port/pin not allowed.
[INFO] No information on clock propagation in input SDC file-- propagating all clocks.
%OL_CREATE_REPORT min.rpt

===========================================================================
report_checks -path_delay min (Hold)
============================================================================
======================= nom_typ_1p20V_25C Corner ===================================

Startpoint: _311_ (rising edge-triggered flip-flop clocked by clk)
Endpoint: sign (output port clocked by clk)
Path Group: clk
Path Type: min

Fanout         Cap        Slew       Delay        Time   Description
---------------------------------------------------------------------------------------------
                                  0.000000    0.000000   clock clk (rise edge)
                                  0.000000    0.000000   clock source latency
     9    0.037747    0.000000    0.000000    0.000000 ^ clk (in)
                                                         clk (net)
                      0.001092    0.000546    0.000546 ^ _311_/CLK (sg13g2_dfrbpq_1)
     2    0.032816    0.106683    0.221521    0.222067 v _311_/Q (sg13g2_dfrbpq_1)
                                                         sign (net)
                      0.106683    0.000000    0.222067 v sign (out)
                                              0.222067   data arrival time

                                  0.000000    0.000000   clock clk (rise edge)
                                  0.000000    0.000000   clock network delay (propagated)
                                  0.150000    0.150000   clock uncertainty
                                  0.000000    0.150000   clock reconvergence pessimism
                                  0.000000    0.150000   output external delay
                                              0.150000   data required time
---------------------------------------------------------------------------------------------
                                              0.150000   data required time
                                             -0.222067   data arrival time
---------------------------------------------------------------------------------------------
                                              0.072067   slack (MET)


Startpoint: _311_ (rising edge-triggered flip-flop clocked by clk)
Endpoint: signB (output port clocked by clk)
Path Group: clk
Path Type: min

Fanout         Cap        Slew       Delay        Time   Description
---------------------------------------------------------------------------------------------
                                  0.000000    0.000000   clock clk (rise edge)
                                  0.000000    0.000000   clock source latency
     9    0.037747    0.000000    0.000000    0.000000 ^ clk (in)
                                                         clk (net)
                      0.001092    0.000546    0.000546 ^ _311_/CLK (sg13g2_dfrbpq_1)
     2    0.032816    0.106683    0.221521    0.222067 v _311_/Q (sg13g2_dfrbpq_1)
                                                         sign (net)
                      0.106683    0.000000    0.222067 v _142_/A (sg13g2_inv_1)
     2    0.035655    0.157627    0.167621    0.389688 ^ _142_/Y (sg13g2_inv_1)
                                                         signB (net)
                      0.157627    0.000000    0.389688 ^ signB (out)
                                              0.389688   data arrival time

                                  0.000000    0.000000   clock clk (rise edge)
                                  0.000000    0.000000   clock network delay (propagated)
                                  0.150000    0.150000   clock uncertainty
                                  0.000000    0.150000   clock reconvergence pessimism
                                  0.000000    0.150000   output external delay
                                              0.150000   data required time
---------------------------------------------------------------------------------------------
                                              0.150000   data required time
                                             -0.389688   data arrival time
---------------------------------------------------------------------------------------------
                                              0.239688   slack (MET)


Startpoint: _310_ (rising edge-triggered flip-flop clocked by clk)
Endpoint: sine_out[16] (output port clocked by clk)
Path Group: clk
Path Type: min

Fanout         Cap        Slew       Delay        Time   Description
---------------------------------------------------------------------------------------------
                                  0.000000    0.000000   clock clk (rise edge)
                                  0.000000    0.000000   clock source latency
     9    0.037747    0.000000    0.000000    0.000000 ^ clk (in)
                                                         clk (net)
                      0.001789    0.000894    0.000894 ^ _310_/CLK (sg13g2_dfrbpq_1)
    17    0.065089    0.203361    0.292185    0.293079 v _310_/Q (sg13g2_dfrbpq_1)
                                                         DPATH.SUM.fa_6.A (net)
                      0.203379    0.001968    0.295047 v _176_/A (sg13g2_nand3_1)
     1    0.010000    0.063042    0.109210    0.404258 ^ _176_/Y (sg13g2_nand3_1)
                                                         sine_out[16] (net)
                      0.063042    0.000000    0.404258 ^ sine_out[16] (out)
                                              0.404258   data arrival time

                                  0.000000    0.000000   clock clk (rise edge)
                                  0.000000    0.000000   clock network delay (propagated)
                                  0.150000    0.150000   clock uncertainty
                                  0.000000    0.150000   clock reconvergence pessimism
                                  0.000000    0.150000   output external delay
                                              0.150000   data required time
---------------------------------------------------------------------------------------------
                                              0.150000   data required time
                                             -0.404258   data arrival time
---------------------------------------------------------------------------------------------
                                              0.254258   slack (MET)


Startpoint: _310_ (rising edge-triggered flip-flop clocked by clk)
Endpoint: sine_out[15] (output port clocked by clk)
Path Group: clk
Path Type: min

Fanout         Cap        Slew       Delay        Time   Description
---------------------------------------------------------------------------------------------
                                  0.000000    0.000000   clock clk (rise edge)
                                  0.000000    0.000000   clock source latency
     9    0.037747    0.000000    0.000000    0.000000 ^ clk (in)
                                                         clk (net)
                      0.001789    0.000894    0.000894 ^ _310_/CLK (sg13g2_dfrbpq_1)
    17    0.065089    0.203361    0.292185    0.293079 v _310_/Q (sg13g2_dfrbpq_1)
                                                         DPATH.SUM.fa_6.A (net)
                      0.203379    0.001980    0.295059 v _173_/B1 (sg13g2_o21ai_1)
     1    0.010000    0.091361    0.117525    0.412585 ^ _173_/Y (sg13g2_o21ai_1)
                                                         sine_out[15] (net)
                      0.091361    0.000000    0.412585 ^ sine_out[15] (out)
                                              0.412585   data arrival time

                                  0.000000    0.000000   clock clk (rise edge)
                                  0.000000    0.000000   clock network delay (propagated)
                                  0.150000    0.150000   clock uncertainty
                                  0.000000    0.150000   clock reconvergence pessimism
                                  0.000000    0.150000   output external delay
                                              0.150000   data required time
---------------------------------------------------------------------------------------------
                                              0.150000   data required time
                                             -0.412585   data arrival time
---------------------------------------------------------------------------------------------
                                              0.262585   slack (MET)


Startpoint: _310_ (rising edge-triggered flip-flop clocked by clk)
Endpoint: sine_out[14] (output port clocked by clk)
Path Group: clk
Path Type: min

Fanout         Cap        Slew       Delay        Time   Description
---------------------------------------------------------------------------------------------
                                  0.000000    0.000000   clock clk (rise edge)
                                  0.000000    0.000000   clock source latency
     9    0.037747    0.000000    0.000000    0.000000 ^ clk (in)
                                                         clk (net)
                      0.001789    0.000894    0.000894 ^ _310_/CLK (sg13g2_dfrbpq_1)
    17    0.065089    0.203361    0.292185    0.293079 v _310_/Q (sg13g2_dfrbpq_1)
                                                         DPATH.SUM.fa_6.A (net)
                      0.203382    0.002079    0.295159 v _171_/B1 (sg13g2_o21ai_1)
     1    0.010000    0.091361    0.117526    0.412684 ^ _171_/Y (sg13g2_o21ai_1)
                                                         sine_out[14] (net)
                      0.091361    0.000000    0.412684 ^ sine_out[14] (out)
                                              0.412684   data arrival time

                                  0.000000    0.000000   clock clk (rise edge)
                                  0.000000    0.000000   clock network delay (propagated)
                                  0.150000    0.150000   clock uncertainty
                                  0.000000    0.150000   clock reconvergence pessimism
                                  0.000000    0.150000   output external delay
                                              0.150000   data required time
---------------------------------------------------------------------------------------------
                                              0.150000   data required time
                                             -0.412684   data arrival time
---------------------------------------------------------------------------------------------
                                              0.262684   slack (MET)


Startpoint: _310_ (rising edge-triggered flip-flop clocked by clk)
Endpoint: sine_out[17] (output port clocked by clk)
Path Group: clk
Path Type: min

Fanout         Cap        Slew       Delay        Time   Description
---------------------------------------------------------------------------------------------
                                  0.000000    0.000000   clock clk (rise edge)
                                  0.000000    0.000000   clock source latency
     9    0.037747    0.000000    0.000000    0.000000 ^ clk (in)
                                                         clk (net)
                      0.001789    0.000894    0.000894 ^ _310_/CLK (sg13g2_dfrbpq_1)
    17    0.065089    0.203361    0.292185    0.293079 v _310_/Q (sg13g2_dfrbpq_1)
                                                         DPATH.SUM.fa_6.A (net)
                      0.203372    0.001647    0.294726 v _179_/B (sg13g2_nand3_1)
     1    0.010000    0.066141    0.118424    0.413150 ^ _179_/Y (sg13g2_nand3_1)
                                                         sine_out[17] (net)
                      0.066141    0.000000    0.413150 ^ sine_out[17] (out)
                                              0.413150   data arrival time

                                  0.000000    0.000000   clock clk (rise edge)
                                  0.000000    0.000000   clock network delay (propagated)
                                  0.150000    0.150000   clock uncertainty
                                  0.000000    0.150000   clock reconvergence pessimism
                                  0.000000    0.150000   output external delay
                                              0.150000   data required time
---------------------------------------------------------------------------------------------
                                              0.150000   data required time
                                             -0.413150   data arrival time
---------------------------------------------------------------------------------------------
                                              0.263150   slack (MET)


Startpoint: _310_ (rising edge-triggered flip-flop clocked by clk)
Endpoint: sine_out[9] (output port clocked by clk)
Path Group: clk
Path Type: min

Fanout         Cap        Slew       Delay        Time   Description
---------------------------------------------------------------------------------------------
                                  0.000000    0.000000   clock clk (rise edge)
                                  0.000000    0.000000   clock source latency
     9    0.037747    0.000000    0.000000    0.000000 ^ clk (in)
                                                         clk (net)
                      0.001789    0.000894    0.000894 ^ _310_/CLK (sg13g2_dfrbpq_1)
    17    0.065089    0.203361    0.292185    0.293079 v _310_/Q (sg13g2_dfrbpq_1)
                                                         DPATH.SUM.fa_6.A (net)
                      0.203385    0.002198    0.295277 v _150_/B1 (sg13g2_a21oi_1)
     1    0.010000    0.105204    0.123968    0.419245 ^ _150_/Y (sg13g2_a21oi_1)
                                                         sine_out[9] (net)
                      0.105204    0.000000    0.419245 ^ sine_out[9] (out)
                                              0.419245   data arrival time

                                  0.000000    0.000000   clock clk (rise edge)
                                  0.000000    0.000000   clock network delay (propagated)
                                  0.150000    0.150000   clock uncertainty
                                  0.000000    0.150000   clock reconvergence pessimism
                                  0.000000    0.150000   output external delay
                                              0.150000   data required time
---------------------------------------------------------------------------------------------
                                              0.150000   data required time
                                             -0.419245   data arrival time
---------------------------------------------------------------------------------------------
                                              0.269245   slack (MET)


Startpoint: _310_ (rising edge-triggered flip-flop clocked by clk)
Endpoint: sine_out[13] (output port clocked by clk)
Path Group: clk
Path Type: min

Fanout         Cap        Slew       Delay        Time   Description
---------------------------------------------------------------------------------------------
                                  0.000000    0.000000   clock clk (rise edge)
                                  0.000000    0.000000   clock source latency
     9    0.037747    0.000000    0.000000    0.000000 ^ clk (in)
                                                         clk (net)
                      0.001789    0.000894    0.000894 ^ _310_/CLK (sg13g2_dfrbpq_1)
    17    0.065089    0.203361    0.292185    0.293079 v _310_/Q (sg13g2_dfrbpq_1)
                                                         DPATH.SUM.fa_6.A (net)
                      0.203385    0.002218    0.295297 v _170_/B1 (sg13g2_a21oi_1)
     1    0.010000    0.101718    0.123968    0.419265 ^ _170_/Y (sg13g2_a21oi_1)
                                                         sine_out[13] (net)
                      0.101718    0.000000    0.419265 ^ sine_out[13] (out)
                                              0.419265   data arrival time

                                  0.000000    0.000000   clock clk (rise edge)
                                  0.000000    0.000000   clock network delay (propagated)
                                  0.150000    0.150000   clock uncertainty
                                  0.000000    0.150000   clock reconvergence pessimism
                                  0.000000    0.150000   output external delay
                                              0.150000   data required time
---------------------------------------------------------------------------------------------
                                              0.150000   data required time
                                             -0.419265   data arrival time
---------------------------------------------------------------------------------------------
                                              0.269265   slack (MET)


Startpoint: _312_ (rising edge-triggered flip-flop clocked by clk)
Endpoint: _312_ (rising edge-triggered flip-flop clocked by clk)
Path Group: clk
Path Type: min

Fanout         Cap        Slew       Delay        Time   Description
---------------------------------------------------------------------------------------------
                                  0.000000    0.000000   clock clk (rise edge)
                                  0.000000    0.000000   clock source latency
     9    0.037747    0.000000    0.000000    0.000000 ^ clk (in)
                                                         clk (net)
                      0.001094    0.000547    0.000547 ^ _312_/CLK (sg13g2_dfrbpq_1)
    13    0.058723    0.184305    0.277360    0.277906 v _312_/Q (sg13g2_dfrbpq_1)
                                                         CTRL.S0 (net)
                      0.184305    0.000649    0.278555 v _206_/B1 (sg13g2_a21oi_1)
     1    0.003200    0.054564    0.077557    0.356112 ^ _206_/Y (sg13g2_a21oi_1)
                                                         _020_ (net)
                      0.054564    0.000018    0.356131 ^ _207_/B (sg13g2_nor2_1)
     1    0.001700    0.020237    0.033714    0.389844 v _207_/Y (sg13g2_nor2_1)
                                                         CTRL.P0 (net)
                      0.020237    0.000010    0.389854 v _312_/D (sg13g2_dfrbpq_1)
                                              0.389854   data arrival time

                                  0.000000    0.000000   clock clk (rise edge)
                                  0.000000    0.000000   clock source latency
     9    0.037747    0.000000    0.000000    0.000000 ^ clk (in)
                                                         clk (net)
                      0.001094    0.000547    0.000547 ^ _312_/CLK (sg13g2_dfrbpq_1)
                                  0.150000    0.150547   clock uncertainty
                                  0.000000    0.150547   clock reconvergence pessimism
                                 -0.038404    0.112143   library hold time
                                              0.112143   data required time
---------------------------------------------------------------------------------------------
                                              0.112143   data required time
                                             -0.389854   data arrival time
---------------------------------------------------------------------------------------------
                                              0.277711   slack (MET)


Startpoint: _304_ (rising edge-triggered flip-flop clocked by clk)
Endpoint: _305_ (rising edge-triggered flip-flop clocked by clk)
Path Group: clk
Path Type: min

Fanout         Cap        Slew       Delay        Time   Description
---------------------------------------------------------------------------------------------
                                  0.000000    0.000000   clock clk (rise edge)
                                  0.000000    0.000000   clock source latency
     9    0.037747    0.000000    0.000000    0.000000 ^ clk (in)
                                                         clk (net)
                      0.002924    0.001462    0.001462 ^ _304_/CLK (sg13g2_dfrbpq_1)
    16    0.066046    0.206048    0.295432    0.296894 v _304_/Q (sg13g2_dfrbpq_1)
                                                         DPATH.SUM.Cout0 (net)
                      0.206048    0.000351    0.297245 v _182_/A (sg13g2_xnor2_1)
     1    0.002639    0.032468    0.110216    0.407461 v _182_/Y (sg13g2_xnor2_1)
                                                         DPATH.SUM.fa_1.S (net)
                      0.032468    0.000030    0.407491 v _305_/D (sg13g2_dfrbpq_1)
                                              0.407491   data arrival time

                                  0.000000    0.000000   clock clk (rise edge)
                                  0.000000    0.000000   clock source latency
     9    0.037747    0.000000    0.000000    0.000000 ^ clk (in)
                                                         clk (net)
                      0.002912    0.001456    0.001456 ^ _305_/CLK (sg13g2_dfrbpq_1)
                                  0.150000    0.151456   clock uncertainty
                                  0.000000    0.151456   clock reconvergence pessimism
                                 -0.041894    0.109561   library hold time
                                              0.109561   data required time
---------------------------------------------------------------------------------------------
                                              0.109561   data required time
                                             -0.407491   data arrival time
---------------------------------------------------------------------------------------------
                                              0.297930   slack (MET)


Startpoint: _310_ (rising edge-triggered flip-flop clocked by clk)
Endpoint: sine_out[0] (output port clocked by clk)
Path Group: clk
Path Type: min

Fanout         Cap        Slew       Delay        Time   Description
---------------------------------------------------------------------------------------------
                                  0.000000    0.000000   clock clk (rise edge)
                                  0.000000    0.000000   clock source latency
     9    0.037747    0.000000    0.000000    0.000000 ^ clk (in)
                                                         clk (net)
                      0.001789    0.000894    0.000894 ^ _310_/CLK (sg13g2_dfrbpq_1)
    17    0.065089    0.203361    0.292185    0.293079 v _310_/Q (sg13g2_dfrbpq_1)
                                                         DPATH.SUM.fa_6.A (net)
                      0.203375    0.001793    0.294872 v _247_/A1 (sg13g2_a22oi_1)
     1    0.010000    0.109036    0.164149    0.459021 ^ _247_/Y (sg13g2_a22oi_1)
                                                         sine_out[0] (net)
                      0.109036    0.000000    0.459021 ^ sine_out[0] (out)
                                              0.459021   data arrival time

                                  0.000000    0.000000   clock clk (rise edge)
                                  0.000000    0.000000   clock network delay (propagated)
                                  0.150000    0.150000   clock uncertainty
                                  0.000000    0.150000   clock reconvergence pessimism
                                  0.000000    0.150000   output external delay
                                              0.150000   data required time
---------------------------------------------------------------------------------------------
                                              0.150000   data required time
                                             -0.459021   data arrival time
---------------------------------------------------------------------------------------------
                                              0.309021   slack (MET)


Startpoint: _306_ (rising edge-triggered flip-flop clocked by clk)
Endpoint: _306_ (rising edge-triggered flip-flop clocked by clk)
Path Group: clk
Path Type: min

Fanout         Cap        Slew       Delay        Time   Description
---------------------------------------------------------------------------------------------
                                  0.000000    0.000000   clock clk (rise edge)
                                  0.000000    0.000000   clock source latency
     9    0.037747    0.000000    0.000000    0.000000 ^ clk (in)
                                                         clk (net)
                      0.002922    0.001461    0.001461 ^ _306_/CLK (sg13g2_dfrbpq_1)
    11    0.042014    0.133560    0.242393    0.243854 v _306_/Q (sg13g2_dfrbpq_1)
                                                         DPATH.SUM.fa_2.A (net)
                      0.133562    0.000687    0.244541 v _185_/A (sg13g2_xor2_1)
     2    0.008572    0.043744    0.119347    0.363888 v _185_/X (sg13g2_xor2_1)
                                                         _134_ (net)
                      0.043744    0.000050    0.363938 v _186_/B (sg13g2_xor2_1)
     1    0.003066    0.027978    0.057650    0.421588 v _186_/X (sg13g2_xor2_1)
                                                         DPATH.SUM.fa_2.S (net)
                      0.027978    0.000043    0.421631 v _306_/D (sg13g2_dfrbpq_1)
                                              0.421631   data arrival time

                                  0.000000    0.000000   clock clk (rise edge)
                                  0.000000    0.000000   clock source latency
     9    0.037747    0.000000    0.000000    0.000000 ^ clk (in)
                                                         clk (net)
                      0.002922    0.001461    0.001461 ^ _306_/CLK (sg13g2_dfrbpq_1)
                                  0.150000    0.151461   clock uncertainty
                                  0.000000    0.151461   clock reconvergence pessimism
                                 -0.040472    0.110989   library hold time
                                              0.110989   data required time
---------------------------------------------------------------------------------------------
                                              0.110989   data required time
                                             -0.421631   data arrival time
---------------------------------------------------------------------------------------------
                                              0.310642   slack (MET)


Startpoint: _310_ (rising edge-triggered flip-flop clocked by clk)
Endpoint: sine_out[2] (output port clocked by clk)
Path Group: clk
Path Type: min

Fanout         Cap        Slew       Delay        Time   Description
---------------------------------------------------------------------------------------------
                                  0.000000    0.000000   clock clk (rise edge)
                                  0.000000    0.000000   clock source latency
     9    0.037747    0.000000    0.000000    0.000000 ^ clk (in)
                                                         clk (net)
                      0.001789    0.000894    0.000894 ^ _310_/CLK (sg13g2_dfrbpq_1)
    17    0.065089    0.203361    0.292185    0.293079 v _310_/Q (sg13g2_dfrbpq_1)
                                                         DPATH.SUM.fa_6.A (net)
                      0.203361    0.000256    0.293335 v _279_/A (sg13g2_nor2_1)
     1    0.003646    0.049959    0.100187    0.393522 ^ _279_/Y (sg13g2_nor2_1)
                                                         _090_ (net)
                      0.049959    0.000030    0.393552 ^ _288_/A2 (sg13g2_a21oi_1)
     1    0.010000    0.042201    0.094660    0.488212 v _288_/Y (sg13g2_a21oi_1)
                                                         sine_out[2] (net)
                      0.042201    0.000000    0.488212 v sine_out[2] (out)
                                              0.488212   data arrival time

                                  0.000000    0.000000   clock clk (rise edge)
                                  0.000000    0.000000   clock network delay (propagated)
                                  0.150000    0.150000   clock uncertainty
                                  0.000000    0.150000   clock reconvergence pessimism
                                  0.000000    0.150000   output external delay
                                              0.150000   data required time
---------------------------------------------------------------------------------------------
                                              0.150000   data required time
                                             -0.488212   data arrival time
---------------------------------------------------------------------------------------------
                                              0.338212   slack (MET)


Startpoint: _312_ (rising edge-triggered flip-flop clocked by clk)
Endpoint: _310_ (rising edge-triggered flip-flop clocked by clk)
Path Group: clk
Path Type: min

Fanout         Cap        Slew       Delay        Time   Description
---------------------------------------------------------------------------------------------
                                  0.000000    0.000000   clock clk (rise edge)
                                  0.000000    0.000000   clock source latency
     9    0.037747    0.000000    0.000000    0.000000 ^ clk (in)
                                                         clk (net)
                      0.001094    0.000547    0.000547 ^ _312_/CLK (sg13g2_dfrbpq_1)
    13    0.058723    0.184305    0.277360    0.277906 v _312_/Q (sg13g2_dfrbpq_1)
                                                         CTRL.S0 (net)
                      0.184315    0.001540    0.279447 v _200_/A (sg13g2_xnor2_1)
     1    0.005556    0.049533    0.121700    0.401147 v _200_/Y (sg13g2_xnor2_1)
                                                         _016_ (net)
                      0.049533    0.000043    0.401190 v _201_/B (sg13g2_xnor2_1)
     1    0.001608    0.026196    0.054657    0.455847 v _201_/Y (sg13g2_xnor2_1)
                                                         DPATH.SUM.fa_6.S (net)
                      0.026196    0.000009    0.455855 v _310_/D (sg13g2_dfrbpq_1)
                                              0.455855   data arrival time

                                  0.000000    0.000000   clock clk (rise edge)
                                  0.000000    0.000000   clock source latency
     9    0.037747    0.000000    0.000000    0.000000 ^ clk (in)
                                                         clk (net)
                      0.001789    0.000894    0.000894 ^ _310_/CLK (sg13g2_dfrbpq_1)
                                  0.150000    0.150894   clock uncertainty
                                  0.000000    0.150894   clock reconvergence pessimism
                                 -0.040144    0.110750   library hold time
                                              0.110750   data required time
---------------------------------------------------------------------------------------------
                                              0.110750   data required time
                                             -0.455855   data arrival time
---------------------------------------------------------------------------------------------
                                              0.345105   slack (MET)


Startpoint: _312_ (rising edge-triggered flip-flop clocked by clk)
Endpoint: _307_ (rising edge-triggered flip-flop clocked by clk)
Path Group: clk
Path Type: min

Fanout         Cap        Slew       Delay        Time   Description
---------------------------------------------------------------------------------------------
                                  0.000000    0.000000   clock clk (rise edge)
                                  0.000000    0.000000   clock source latency
     9    0.037747    0.000000    0.000000    0.000000 ^ clk (in)
                                                         clk (net)
                      0.001094    0.000547    0.000547 ^ _312_/CLK (sg13g2_dfrbpq_1)
    13    0.058723    0.184305    0.277360    0.277906 v _312_/Q (sg13g2_dfrbpq_1)
                                                         CTRL.S0 (net)
                      0.184339    0.002447    0.280353 v _189_/B (sg13g2_xnor2_1)
     2    0.008636    0.066002    0.126727    0.407080 v _189_/Y (sg13g2_xnor2_1)
                                                         _137_ (net)
                      0.066002    0.000046    0.407126 v _190_/B (sg13g2_xor2_1)
     1    0.001768    0.024235    0.060414    0.467539 v _190_/X (sg13g2_xor2_1)
                                                         DPATH.SUM.fa_3.S (net)
                      0.024235    0.000011    0.467550 v _307_/D (sg13g2_dfrbpq_1)
                                              0.467550   data arrival time

                                  0.000000    0.000000   clock clk (rise edge)
                                  0.000000    0.000000   clock source latency
     9    0.037747    0.000000    0.000000    0.000000 ^ clk (in)
                                                         clk (net)
                      0.002585    0.001293    0.001293 ^ _307_/CLK (sg13g2_dfrbpq_1)
                                  0.150000    0.151293   clock uncertainty
                                  0.000000    0.151293   clock reconvergence pessimism
                                 -0.039358    0.111935   library hold time
                                              0.111935   data required time
---------------------------------------------------------------------------------------------
                                              0.111935   data required time
                                             -0.467550   data arrival time
---------------------------------------------------------------------------------------------
                                              0.355615   slack (MET)


Startpoint: _312_ (rising edge-triggered flip-flop clocked by clk)
Endpoint: _308_ (rising edge-triggered flip-flop clocked by clk)
Path Group: clk
Path Type: min

Fanout         Cap        Slew       Delay        Time   Description
---------------------------------------------------------------------------------------------
                                  0.000000    0.000000   clock clk (rise edge)
                                  0.000000    0.000000   clock source latency
     9    0.037747    0.000000    0.000000    0.000000 ^ clk (in)
                                                         clk (net)
                      0.001094    0.000547    0.000547 ^ _312_/CLK (sg13g2_dfrbpq_1)
    13    0.058723    0.184305    0.277360    0.277906 v _312_/Q (sg13g2_dfrbpq_1)
                                                         CTRL.S0 (net)
                      0.184330    0.002157    0.280064 v _192_/B (sg13g2_xor2_1)
     2    0.009198    0.048015    0.135498    0.415561 v _192_/X (sg13g2_xor2_1)
                                                         _010_ (net)
                      0.048015    0.000051    0.415613 v _194_/A (sg13g2_xor2_1)
     1    0.001643    0.024002    0.058017    0.473629 v _194_/X (sg13g2_xor2_1)
                                                         DPATH.SUM.fa_4.S (net)
                      0.024002    0.000009    0.473638 v _308_/D (sg13g2_dfrbpq_1)
                                              0.473638   data arrival time

                                  0.000000    0.000000   clock clk (rise edge)
                                  0.000000    0.000000   clock source latency
     9    0.037747    0.000000    0.000000    0.000000 ^ clk (in)
                                                         clk (net)
                      0.002328    0.001164    0.001164 ^ _308_/CLK (sg13g2_dfrbpq_1)
                                  0.150000    0.151164   clock uncertainty
                                  0.000000    0.151164   clock reconvergence pessimism
                                 -0.039338    0.111826   library hold time
                                              0.111826   data required time
---------------------------------------------------------------------------------------------
                                              0.111826   data required time
                                             -0.473638   data arrival time
---------------------------------------------------------------------------------------------
                                              0.361812   slack (MET)


Startpoint: _312_ (rising edge-triggered flip-flop clocked by clk)
Endpoint: _311_ (rising edge-triggered flip-flop clocked by clk)
Path Group: clk
Path Type: min

Fanout         Cap        Slew       Delay        Time   Description
---------------------------------------------------------------------------------------------
                                  0.000000    0.000000   clock clk (rise edge)
                                  0.000000    0.000000   clock source latency
     9    0.037747    0.000000    0.000000    0.000000 ^ clk (in)
                                                         clk (net)
                      0.001094    0.000547    0.000547 ^ _312_/CLK (sg13g2_dfrbpq_1)
    13    0.058723    0.184305    0.277360    0.277906 v _312_/Q (sg13g2_dfrbpq_1)
                                                         CTRL.S0 (net)
                      0.184305    0.000396    0.278302 v _202_/C (sg13g2_nand3b_1)
     1    0.003299    0.038241    0.091455    0.369757 ^ _202_/Y (sg13g2_nand3b_1)
                                                         _017_ (net)
                      0.038241    0.000021    0.369778 ^ _203_/C (sg13g2_nor3_1)
     2    0.009865    0.040492    0.051549    0.421327 v _203_/Y (sg13g2_nor3_1)
                                                         _018_ (net)
                      0.040492    0.000108    0.421435 v _204_/B (sg13g2_xnor2_1)
     1    0.001914    0.027560    0.052975    0.474410 v _204_/Y (sg13g2_xnor2_1)
                                                         CTRL.P1 (net)
                      0.027560    0.000013    0.474424 v _311_/D (sg13g2_dfrbpq_1)
                                              0.474424   data arrival time

                                  0.000000    0.000000   clock clk (rise edge)
                                  0.000000    0.000000   clock source latency
     9    0.037747    0.000000    0.000000    0.000000 ^ clk (in)
                                                         clk (net)
                      0.001092    0.000546    0.000546 ^ _311_/CLK (sg13g2_dfrbpq_1)
                                  0.150000    0.150546   clock uncertainty
                                  0.000000    0.150546   clock reconvergence pessimism
                                 -0.040721    0.109825   library hold time
                                              0.109825   data required time
---------------------------------------------------------------------------------------------
                                              0.109825   data required time
                                             -0.474424   data arrival time
---------------------------------------------------------------------------------------------
                                              0.364598   slack (MET)


Startpoint: _308_ (rising edge-triggered flip-flop clocked by clk)
Endpoint: sine_out[6] (output port clocked by clk)
Path Group: clk
Path Type: min

Fanout         Cap        Slew       Delay        Time   Description
---------------------------------------------------------------------------------------------
                                  0.000000    0.000000   clock clk (rise edge)
                                  0.000000    0.000000   clock source latency
     9    0.037747    0.000000    0.000000    0.000000 ^ clk (in)
                                                         clk (net)
                      0.002328    0.001164    0.001164 ^ _308_/CLK (sg13g2_dfrbpq_1)
    24    0.089014    0.275566    0.345682    0.346846 v _308_/Q (sg13g2_dfrbpq_1)
                                                         DPATH.SUM.fa_4.A (net)
                      0.275567    0.001078    0.347924 v _293_/A1 (sg13g2_a21oi_1)
     1    0.010000    0.086101    0.167176    0.515100 ^ _293_/Y (sg13g2_a21oi_1)
                                                         sine_out[6] (net)
                      0.086101    0.000000    0.515100 ^ sine_out[6] (out)
                                              0.515100   data arrival time

                                  0.000000    0.000000   clock clk (rise edge)
                                  0.000000    0.000000   clock network delay (propagated)
                                  0.150000    0.150000   clock uncertainty
                                  0.000000    0.150000   clock reconvergence pessimism
                                  0.000000    0.150000   output external delay
                                              0.150000   data required time
---------------------------------------------------------------------------------------------
                                              0.150000   data required time
                                             -0.515100   data arrival time
---------------------------------------------------------------------------------------------
                                              0.365100   slack (MET)


Startpoint: _312_ (rising edge-triggered flip-flop clocked by clk)
Endpoint: _309_ (rising edge-triggered flip-flop clocked by clk)
Path Group: clk
Path Type: min

Fanout         Cap        Slew       Delay        Time   Description
---------------------------------------------------------------------------------------------
                                  0.000000    0.000000   clock clk (rise edge)
                                  0.000000    0.000000   clock source latency
     9    0.037747    0.000000    0.000000    0.000000 ^ clk (in)
                                                         clk (net)
                      0.001094    0.000547    0.000547 ^ _312_/CLK (sg13g2_dfrbpq_1)
    13    0.058723    0.184305    0.277360    0.277906 v _312_/Q (sg13g2_dfrbpq_1)
                                                         CTRL.S0 (net)
                      0.184323    0.001880    0.279787 v _196_/B (sg13g2_xnor2_1)
     2    0.009291    0.069532    0.130327    0.410113 v _196_/Y (sg13g2_xnor2_1)
                                                         _013_ (net)
                      0.069532    0.000048    0.410161 v _198_/A (sg13g2_xor2_1)
     1    0.001754    0.024349    0.066591    0.476752 v _198_/X (sg13g2_xor2_1)
                                                         DPATH.SUM.fa_5.S (net)
                      0.024349    0.000011    0.476763 v _309_/D (sg13g2_dfrbpq_1)
                                              0.476763   data arrival time

                                  0.000000    0.000000   clock clk (rise edge)
                                  0.000000    0.000000   clock source latency
     9    0.037747    0.000000    0.000000    0.000000 ^ clk (in)
                                                         clk (net)
                      0.002042    0.001021    0.001021 ^ _309_/CLK (sg13g2_dfrbpq_1)
                                  0.150000    0.151021   clock uncertainty
                                  0.000000    0.151021   clock reconvergence pessimism
                                 -0.039507    0.111514   library hold time
                                              0.111514   data required time
---------------------------------------------------------------------------------------------
                                              0.111514   data required time
                                             -0.476763   data arrival time
---------------------------------------------------------------------------------------------
                                              0.365249   slack (MET)


Startpoint: _308_ (rising edge-triggered flip-flop clocked by clk)
Endpoint: sine_out[7] (output port clocked by clk)
Path Group: clk
Path Type: min

Fanout         Cap        Slew       Delay        Time   Description
---------------------------------------------------------------------------------------------
                                  0.000000    0.000000   clock clk (rise edge)
                                  0.000000    0.000000   clock source latency
     9    0.037747    0.000000    0.000000    0.000000 ^ clk (in)
                                                         clk (net)
                      0.002328    0.001164    0.001164 ^ _308_/CLK (sg13g2_dfrbpq_1)
    24    0.089014    0.275566    0.345682    0.346846 v _308_/Q (sg13g2_dfrbpq_1)
                                                         DPATH.SUM.fa_4.A (net)
                      0.275575    0.001836    0.348682 v _294_/A1 (sg13g2_a21oi_1)
     1    0.010000    0.086101    0.167177    0.515859 ^ _294_/Y (sg13g2_a21oi_1)
                                                         sine_out[7] (net)
                      0.086101    0.000000    0.515859 ^ sine_out[7] (out)
                                              0.515859   data arrival time

                                  0.000000    0.000000   clock clk (rise edge)
                                  0.000000    0.000000   clock network delay (propagated)
                                  0.150000    0.150000   clock uncertainty
                                  0.000000    0.150000   clock reconvergence pessimism
                                  0.000000    0.150000   output external delay
                                              0.150000   data required time
---------------------------------------------------------------------------------------------
                                              0.150000   data required time
                                             -0.515859   data arrival time
---------------------------------------------------------------------------------------------
                                              0.365859   slack (MET)


Startpoint: _308_ (rising edge-triggered flip-flop clocked by clk)
Endpoint: sine_out[8] (output port clocked by clk)
Path Group: clk
Path Type: min

Fanout         Cap        Slew       Delay        Time   Description
---------------------------------------------------------------------------------------------
                                  0.000000    0.000000   clock clk (rise edge)
                                  0.000000    0.000000   clock source latency
     9    0.037747    0.000000    0.000000    0.000000 ^ clk (in)
                                                         clk (net)
                      0.002328    0.001164    0.001164 ^ _308_/CLK (sg13g2_dfrbpq_1)
    24    0.089014    0.275566    0.345682    0.346846 v _308_/Q (sg13g2_dfrbpq_1)
                                                         DPATH.SUM.fa_4.A (net)
                      0.275575    0.001845    0.348691 v _295_/A1 (sg13g2_a21oi_1)
     1    0.010000    0.086101    0.167177    0.515868 ^ _295_/Y (sg13g2_a21oi_1)
                                                         sine_out[8] (net)
                      0.086101    0.000000    0.515868 ^ sine_out[8] (out)
                                              0.515868   data arrival time

                                  0.000000    0.000000   clock clk (rise edge)
                                  0.000000    0.000000   clock network delay (propagated)
                                  0.150000    0.150000   clock uncertainty
                                  0.000000    0.150000   clock reconvergence pessimism
                                  0.000000    0.150000   output external delay
                                              0.150000   data required time
---------------------------------------------------------------------------------------------
                                              0.150000   data required time
                                             -0.515868   data arrival time
---------------------------------------------------------------------------------------------
                                              0.365868   slack (MET)


Startpoint: _310_ (rising edge-triggered flip-flop clocked by clk)
Endpoint: sine_out[1] (output port clocked by clk)
Path Group: clk
Path Type: min

Fanout         Cap        Slew       Delay        Time   Description
---------------------------------------------------------------------------------------------
                                  0.000000    0.000000   clock clk (rise edge)
                                  0.000000    0.000000   clock source latency
     9    0.037747    0.000000    0.000000    0.000000 ^ clk (in)
                                                         clk (net)
                      0.001789    0.000894    0.000894 ^ _310_/CLK (sg13g2_dfrbpq_1)
    17    0.065089    0.203361    0.292185    0.293079 v _310_/Q (sg13g2_dfrbpq_1)
                                                         DPATH.SUM.fa_6.A (net)
                      0.203366    0.001217    0.294296 v _265_/B1 (sg13g2_o21ai_1)
     1    0.004049    0.062293    0.083352    0.377648 ^ _265_/Y (sg13g2_o21ai_1)
                                                         _077_ (net)
                      0.062293    0.000048    0.377696 ^ _266_/B (sg13g2_nor2_1)
     1    0.003117    0.025396    0.040049    0.417745 v _266_/Y (sg13g2_nor2_1)
                                                         _078_ (net)
                      0.025396    0.000015    0.417760 v _267_/A2 (sg13g2_a21oi_1)
     1    0.010000    0.076576    0.110413    0.528173 ^ _267_/Y (sg13g2_a21oi_1)
                                                         sine_out[1] (net)
                      0.076576    0.000000    0.528173 ^ sine_out[1] (out)
                                              0.528173   data arrival time

                                  0.000000    0.000000   clock clk (rise edge)
                                  0.000000    0.000000   clock network delay (propagated)
                                  0.150000    0.150000   clock uncertainty
                                  0.000000    0.150000   clock reconvergence pessimism
                                  0.000000    0.150000   output external delay
                                              0.150000   data required time
---------------------------------------------------------------------------------------------
                                              0.150000   data required time
                                             -0.528173   data arrival time
---------------------------------------------------------------------------------------------
                                              0.378173   slack (MET)


Startpoint: _310_ (rising edge-triggered flip-flop clocked by clk)
Endpoint: sine_out[11] (output port clocked by clk)
Path Group: clk
Path Type: min

Fanout         Cap        Slew       Delay        Time   Description
---------------------------------------------------------------------------------------------
                                  0.000000    0.000000   clock clk (rise edge)
                                  0.000000    0.000000   clock source latency
     9    0.037747    0.000000    0.000000    0.000000 ^ clk (in)
                                                         clk (net)
                      0.001789    0.000894    0.000894 ^ _310_/CLK (sg13g2_dfrbpq_1)
    17    0.065089    0.203361    0.292185    0.293079 v _310_/Q (sg13g2_dfrbpq_1)
                                                         DPATH.SUM.fa_6.A (net)
                      0.203385    0.002219    0.295299 v _153_/A_N (sg13g2_nand2b_1)
     3    0.009586    0.070640    0.157311    0.452609 v _153_/Y (sg13g2_nand2b_1)
                                                         _111_ (net)
                      0.070640    0.000033    0.452642 v _162_/B1 (sg13g2_o21ai_1)
     1    0.010000    0.067926    0.078534    0.531176 ^ _162_/Y (sg13g2_o21ai_1)
                                                         sine_out[11] (net)
                      0.067926    0.000000    0.531176 ^ sine_out[11] (out)
                                              0.531176   data arrival time

                                  0.000000    0.000000   clock clk (rise edge)
                                  0.000000    0.000000   clock network delay (propagated)
                                  0.150000    0.150000   clock uncertainty
                                  0.000000    0.150000   clock reconvergence pessimism
                                  0.000000    0.150000   output external delay
                                              0.150000   data required time
---------------------------------------------------------------------------------------------
                                              0.150000   data required time
                                             -0.531176   data arrival time
---------------------------------------------------------------------------------------------
                                              0.381176   slack (MET)


Startpoint: _310_ (rising edge-triggered flip-flop clocked by clk)
Endpoint: sine_out[12] (output port clocked by clk)
Path Group: clk
Path Type: min

Fanout         Cap        Slew       Delay        Time   Description
---------------------------------------------------------------------------------------------
                                  0.000000    0.000000   clock clk (rise edge)
                                  0.000000    0.000000   clock source latency
     9    0.037747    0.000000    0.000000    0.000000 ^ clk (in)
                                                         clk (net)
                      0.001789    0.000894    0.000894 ^ _310_/CLK (sg13g2_dfrbpq_1)
    17    0.065089    0.203361    0.292185    0.293079 v _310_/Q (sg13g2_dfrbpq_1)
                                                         DPATH.SUM.fa_6.A (net)
                      0.203385    0.002219    0.295299 v _153_/A_N (sg13g2_nand2b_1)
     3    0.009586    0.070640    0.157311    0.452609 v _153_/Y (sg13g2_nand2b_1)
                                                         _111_ (net)
                      0.070640    0.000036    0.452646 v _167_/B1 (sg13g2_o21ai_1)
     1    0.010000    0.067926    0.078534    0.531180 ^ _167_/Y (sg13g2_o21ai_1)
                                                         sine_out[12] (net)
                      0.067926    0.000000    0.531180 ^ sine_out[12] (out)
                                              0.531180   data arrival time

                                  0.000000    0.000000   clock clk (rise edge)
                                  0.000000    0.000000   clock network delay (propagated)
                                  0.150000    0.150000   clock uncertainty
                                  0.000000    0.150000   clock reconvergence pessimism
                                  0.000000    0.150000   output external delay
                                              0.150000   data required time
---------------------------------------------------------------------------------------------
                                              0.150000   data required time
                                             -0.531180   data arrival time
---------------------------------------------------------------------------------------------
                                              0.381180   slack (MET)


Startpoint: _310_ (rising edge-triggered flip-flop clocked by clk)
Endpoint: sine_out[10] (output port clocked by clk)
Path Group: clk
Path Type: min

Fanout         Cap        Slew       Delay        Time   Description
---------------------------------------------------------------------------------------------
                                  0.000000    0.000000   clock clk (rise edge)
                                  0.000000    0.000000   clock source latency
     9    0.037747    0.000000    0.000000    0.000000 ^ clk (in)
                                                         clk (net)
                      0.001789    0.000894    0.000894 ^ _310_/CLK (sg13g2_dfrbpq_1)
    17    0.065089    0.203361    0.292185    0.293079 v _310_/Q (sg13g2_dfrbpq_1)
                                                         DPATH.SUM.fa_6.A (net)
                      0.203385    0.002219    0.295299 v _153_/A_N (sg13g2_nand2b_1)
     3    0.009586    0.070640    0.157311    0.452609 v _153_/Y (sg13g2_nand2b_1)
                                                         _111_ (net)
                      0.070640    0.000044    0.452654 v _159_/B1 (sg13g2_a21oi_1)
     1    0.010000    0.082817    0.087624    0.540278 ^ _159_/Y (sg13g2_a21oi_1)
                                                         sine_out[10] (net)
                      0.082817    0.000000    0.540278 ^ sine_out[10] (out)
                                              0.540278   data arrival time

                                  0.000000    0.000000   clock clk (rise edge)
                                  0.000000    0.000000   clock network delay (propagated)
                                  0.150000    0.150000   clock uncertainty
                                  0.000000    0.150000   clock reconvergence pessimism
                                  0.000000    0.150000   output external delay
                                              0.150000   data required time
---------------------------------------------------------------------------------------------
                                              0.150000   data required time
                                             -0.540278   data arrival time
---------------------------------------------------------------------------------------------
                                              0.390278   slack (MET)


Startpoint: _308_ (rising edge-triggered flip-flop clocked by clk)
Endpoint: sine_out[4] (output port clocked by clk)
Path Group: clk
Path Type: min

Fanout         Cap        Slew       Delay        Time   Description
---------------------------------------------------------------------------------------------
                                  0.000000    0.000000   clock clk (rise edge)
                                  0.000000    0.000000   clock source latency
     9    0.037747    0.000000    0.000000    0.000000 ^ clk (in)
                                                         clk (net)
                      0.002328    0.001164    0.001164 ^ _308_/CLK (sg13g2_dfrbpq_1)
    24    0.090076    0.366681    0.397961    0.399125 ^ _308_/Q (sg13g2_dfrbpq_1)
                                                         DPATH.SUM.fa_4.A (net)
                      0.366685    0.001054    0.400178 ^ _290_/A (sg13g2_nor3_1)
     1    0.010000    0.058874    0.154885    0.555064 v _290_/Y (sg13g2_nor3_1)
                                                         sine_out[4] (net)
                      0.058874    0.000000    0.555064 v sine_out[4] (out)
                                              0.555064   data arrival time

                                  0.000000    0.000000   clock clk (rise edge)
                                  0.000000    0.000000   clock network delay (propagated)
                                  0.150000    0.150000   clock uncertainty
                                  0.000000    0.150000   clock reconvergence pessimism
                                  0.000000    0.150000   output external delay
                                              0.150000   data required time
---------------------------------------------------------------------------------------------
                                              0.150000   data required time
                                             -0.555064   data arrival time
---------------------------------------------------------------------------------------------
                                              0.405064   slack (MET)


Startpoint: _308_ (rising edge-triggered flip-flop clocked by clk)
Endpoint: sine_out[5] (output port clocked by clk)
Path Group: clk
Path Type: min

Fanout         Cap        Slew       Delay        Time   Description
---------------------------------------------------------------------------------------------
                                  0.000000    0.000000   clock clk (rise edge)
                                  0.000000    0.000000   clock source latency
     9    0.037747    0.000000    0.000000    0.000000 ^ clk (in)
                                                         clk (net)
                      0.002328    0.001164    0.001164 ^ _308_/CLK (sg13g2_dfrbpq_1)
    24    0.090076    0.366681    0.397961    0.399125 ^ _308_/Q (sg13g2_dfrbpq_1)
                                                         DPATH.SUM.fa_4.A (net)
                      0.366695    0.001932    0.401057 ^ _292_/A (sg13g2_nor3_1)
     1    0.010000    0.051090    0.154887    0.555943 v _292_/Y (sg13g2_nor3_1)
                                                         sine_out[5] (net)
                      0.051090    0.000000    0.555943 v sine_out[5] (out)
                                              0.555943   data arrival time

                                  0.000000    0.000000   clock clk (rise edge)
                                  0.000000    0.000000   clock network delay (propagated)
                                  0.150000    0.150000   clock uncertainty
                                  0.000000    0.150000   clock reconvergence pessimism
                                  0.000000    0.150000   output external delay
                                              0.150000   data required time
---------------------------------------------------------------------------------------------
                                              0.150000   data required time
                                             -0.555943   data arrival time
---------------------------------------------------------------------------------------------
                                              0.405943   slack (MET)


Startpoint: _304_ (rising edge-triggered flip-flop clocked by clk)
Endpoint: _304_ (rising edge-triggered flip-flop clocked by clk)
Path Group: clk
Path Type: min

Fanout         Cap        Slew       Delay        Time   Description
---------------------------------------------------------------------------------------------
                                  0.000000    0.000000   clock clk (rise edge)
                                  0.000000    0.000000   clock source latency
     9    0.037747    0.000000    0.000000    0.000000 ^ clk (in)
                                                         clk (net)
                      0.002924    0.001462    0.001462 ^ _304_/CLK (sg13g2_dfrbpq_1)
    16    0.066046    0.206048    0.295432    0.296894 v _304_/Q (sg13g2_dfrbpq_1)
                                                         DPATH.SUM.Cout0 (net)
                      0.206048    0.000324    0.297218 v _141_/A (sg13g2_inv_1)
     6    0.024216    0.135569    0.174306    0.471523 ^ _141_/Y (sg13g2_inv_1)
                                                         DPATH.SUM.ha_0.S (net)
                      0.135569    0.000086    0.471610 ^ _304_/D (sg13g2_dfrbpq_1)
                                              0.471610   data arrival time

                                  0.000000    0.000000   clock clk (rise edge)
                                  0.000000    0.000000   clock source latency
     9    0.037747    0.000000    0.000000    0.000000 ^ clk (in)
                                                         clk (net)
                      0.002924    0.001462    0.001462 ^ _304_/CLK (sg13g2_dfrbpq_1)
                                  0.150000    0.151462   clock uncertainty
                                  0.000000    0.151462   clock reconvergence pessimism
                                 -0.092273    0.059189   library hold time
                                              0.059189   data required time
---------------------------------------------------------------------------------------------
                                              0.059189   data required time
                                             -0.471610   data arrival time
---------------------------------------------------------------------------------------------
                                              0.412421   slack (MET)


Startpoint: _306_ (rising edge-triggered flip-flop clocked by clk)
Endpoint: sine_out[3] (output port clocked by clk)
Path Group: clk
Path Type: min

Fanout         Cap        Slew       Delay        Time   Description
---------------------------------------------------------------------------------------------
                                  0.000000    0.000000   clock clk (rise edge)
                                  0.000000    0.000000   clock source latency
     9    0.037747    0.000000    0.000000    0.000000 ^ clk (in)
                                                         clk (net)
                      0.002922    0.001461    0.001461 ^ _306_/CLK (sg13g2_dfrbpq_1)
    11    0.042682    0.177863    0.267071    0.268532 ^ _306_/Q (sg13g2_dfrbpq_1)
                                                         DPATH.SUM.fa_2.A (net)
                      0.177864    0.000753    0.269285 ^ _148_/B1 (sg13g2_o21ai_1)
     4    0.015261    0.125137    0.149930    0.419215 v _148_/Y (sg13g2_o21ai_1)
                                                         _107_ (net)
                      0.125137    0.000256    0.419471 v _149_/B (sg13g2_nand2_1)
     3    0.013013    0.070054    0.104871    0.524342 ^ _149_/Y (sg13g2_nand2_1)
                                                         _108_ (net)
                      0.070054    0.000075    0.524418 ^ _289_/B (sg13g2_nor2_1)
     1    0.010000    0.047052    0.063344    0.587761 v _289_/Y (sg13g2_nor2_1)
                                                         sine_out[3] (net)
                      0.047052    0.000000    0.587761 v sine_out[3] (out)
                                              0.587761   data arrival time

                                  0.000000    0.000000   clock clk (rise edge)
                                  0.000000    0.000000   clock network delay (propagated)
                                  0.150000    0.150000   clock uncertainty
                                  0.000000    0.150000   clock reconvergence pessimism
                                  0.000000    0.150000   output external delay
                                              0.150000   data required time
---------------------------------------------------------------------------------------------
                                              0.150000   data required time
                                             -0.587761   data arrival time
---------------------------------------------------------------------------------------------
                                              0.437761   slack (MET)



%OL_END_REPORT
%OL_CREATE_REPORT max.rpt

===========================================================================
report_checks -path_delay max (Setup)
============================================================================
======================= nom_typ_1p20V_25C Corner ===================================

Startpoint: _305_ (rising edge-triggered flip-flop clocked by clk)
Endpoint: sine_out[1] (output port clocked by clk)
Path Group: clk
Path Type: max

Fanout         Cap        Slew       Delay        Time   Description
---------------------------------------------------------------------------------------------
                                  0.000000    0.000000   clock clk (rise edge)
                                  0.000000    0.000000   clock source latency
     9    0.037747    0.000000    0.000000    0.000000 ^ clk (in)
                                                         clk (net)
                      0.002912    0.001456    0.001456 ^ _305_/CLK (sg13g2_dfrbpq_1)
    17    0.069195    0.283387    0.340352    0.341808 ^ _305_/Q (sg13g2_dfrbpq_1)
                                                         DPATH.SUM.fa_1.A (net)
                      0.283495    0.002191    0.343998 ^ _212_/A (sg13g2_xor2_1)
     3    0.010410    0.119307    0.167743    0.511741 v _212_/X (sg13g2_xor2_1)
                                                         _025_ (net)
                      0.119307    0.000144    0.511885 v _213_/B (sg13g2_or2_1)
     4    0.015250    0.064612    0.166575    0.678460 v _213_/X (sg13g2_or2_1)
                                                         _026_ (net)
                      0.064612    0.000160    0.678620 v _214_/C (sg13g2_and3_1)
     3    0.011409    0.049824    0.119219    0.797839 v _214_/X (sg13g2_and3_1)
                                                         _027_ (net)
                      0.049824    0.000139    0.797978 v _249_/A2 (sg13g2_a221oi_1)
     1    0.003209    0.110690    0.150479    0.948457 ^ _249_/Y (sg13g2_a221oi_1)
                                                         _061_ (net)
                      0.110690    0.000018    0.948475 ^ _250_/B (sg13g2_nor2_1)
     1    0.003240    0.043292    0.053333    1.001809 v _250_/Y (sg13g2_nor2_1)
                                                         _062_ (net)
                      0.043292    0.000019    1.001828 v _256_/B (sg13g2_nor4_1)
     1    0.005833    0.161514    0.176527    1.178355 ^ _256_/Y (sg13g2_nor4_1)
                                                         _068_ (net)
                      0.161514    0.000137    1.178491 ^ _267_/B1 (sg13g2_a21oi_1)
     1    0.010000    0.085282    0.092216    1.270707 v _267_/Y (sg13g2_a21oi_1)
                                                         sine_out[1] (net)
                      0.085282    0.000000    1.270707 v sine_out[1] (out)
                                              1.270707   data arrival time

                                  5.000000    5.000000   clock clk (rise edge)
                                  0.000000    5.000000   clock network delay (propagated)
                                 -0.150000    4.850000   clock uncertainty
                                  0.000000    4.850000   clock reconvergence pessimism
                                 -1.000000    3.850000   output external delay
                                              3.850000   data required time
---------------------------------------------------------------------------------------------
                                              3.850000   data required time
                                             -1.270707   data arrival time
---------------------------------------------------------------------------------------------
                                              2.579293   slack (MET)


Startpoint: _305_ (rising edge-triggered flip-flop clocked by clk)
Endpoint: sine_out[0] (output port clocked by clk)
Path Group: clk
Path Type: max

Fanout         Cap        Slew       Delay        Time   Description
---------------------------------------------------------------------------------------------
                                  0.000000    0.000000   clock clk (rise edge)
                                  0.000000    0.000000   clock source latency
     9    0.037747    0.000000    0.000000    0.000000 ^ clk (in)
                                                         clk (net)
                      0.002912    0.001456    0.001456 ^ _305_/CLK (sg13g2_dfrbpq_1)
    17    0.069195    0.283387    0.340352    0.341808 ^ _305_/Q (sg13g2_dfrbpq_1)
                                                         DPATH.SUM.fa_1.A (net)
                      0.283495    0.002191    0.343998 ^ _212_/A (sg13g2_xor2_1)
     3    0.010849    0.136067    0.217450    0.561449 ^ _212_/X (sg13g2_xor2_1)
                                                         _025_ (net)
                      0.136067    0.000149    0.561598 ^ _213_/B (sg13g2_or2_1)
     4    0.015918    0.074072    0.141662    0.703260 ^ _213_/X (sg13g2_or2_1)
                                                         _026_ (net)
                      0.074072    0.000168    0.703429 ^ _214_/C (sg13g2_and3_1)
     3    0.011798    0.069726    0.160097    0.863526 ^ _214_/X (sg13g2_and3_1)
                                                         _027_ (net)
                      0.069726    0.000129    0.863655 ^ _215_/A2 (sg13g2_o21ai_1)
     1    0.003199    0.082508    0.064573    0.928228 v _215_/Y (sg13g2_o21ai_1)
                                                         _028_ (net)
                      0.082508    0.000017    0.928245 v _220_/A1 (sg13g2_a21oi_1)
     1    0.005842    0.104977    0.097627    1.025872 ^ _220_/Y (sg13g2_a21oi_1)
                                                         _033_ (net)
                      0.104977    0.000136    1.026008 ^ _232_/C1 (sg13g2_a221oi_1)
     1    0.004243    0.087004    0.062609    1.088617 v _232_/Y (sg13g2_a221oi_1)
                                                         _045_ (net)
                      0.087004    0.000051    1.088668 v _247_/A2 (sg13g2_a22oi_1)
     1    0.010000    0.124723    0.141602    1.230270 ^ _247_/Y (sg13g2_a22oi_1)
                                                         sine_out[0] (net)
                      0.124723    0.000000    1.230270 ^ sine_out[0] (out)
                                              1.230270   data arrival time

                                  5.000000    5.000000   clock clk (rise edge)
                                  0.000000    5.000000   clock network delay (propagated)
                                 -0.150000    4.850000   clock uncertainty
                                  0.000000    4.850000   clock reconvergence pessimism
                                 -1.000000    3.850000   output external delay
                                              3.850000   data required time
---------------------------------------------------------------------------------------------
                                              3.850000   data required time
                                             -1.230270   data arrival time
---------------------------------------------------------------------------------------------
                                              2.619730   slack (MET)


Startpoint: _305_ (rising edge-triggered flip-flop clocked by clk)
Endpoint: sine_out[2] (output port clocked by clk)
Path Group: clk
Path Type: max

Fanout         Cap        Slew       Delay        Time   Description
---------------------------------------------------------------------------------------------
                                  0.000000    0.000000   clock clk (rise edge)
                                  0.000000    0.000000   clock source latency
     9    0.037747    0.000000    0.000000    0.000000 ^ clk (in)
                                                         clk (net)
                      0.002912    0.001456    0.001456 ^ _305_/CLK (sg13g2_dfrbpq_1)
    17    0.069195    0.283387    0.340352    0.341808 ^ _305_/Q (sg13g2_dfrbpq_1)
                                                         DPATH.SUM.fa_1.A (net)
                      0.283495    0.002191    0.343998 ^ _212_/A (sg13g2_xor2_1)
     3    0.010849    0.136067    0.217450    0.561449 ^ _212_/X (sg13g2_xor2_1)
                                                         _025_ (net)
                      0.136067    0.000149    0.561598 ^ _213_/B (sg13g2_or2_1)
     4    0.015918    0.074072    0.141662    0.703260 ^ _213_/X (sg13g2_or2_1)
                                                         _026_ (net)
                      0.074072    0.000087    0.703347 ^ _257_/A1 (sg13g2_a21oi_1)
     2    0.007568    0.089218    0.090671    0.794018 v _257_/Y (sg13g2_a21oi_1)
                                                         _069_ (net)
                      0.089218    0.000035    0.794053 v _282_/A2 (sg13g2_o21ai_1)
     1    0.003408    0.078823    0.102685    0.896738 ^ _282_/Y (sg13g2_o21ai_1)
                                                         _093_ (net)
                      0.078823    0.000025    0.896764 ^ _287_/A1 (sg13g2_a21oi_1)
     1    0.004168    0.053575    0.076786    0.973550 v _287_/Y (sg13g2_a21oi_1)
                                                         _098_ (net)
                      0.053575    0.000058    0.973608 v _288_/B1 (sg13g2_a21oi_1)
     1    0.010000    0.112796    0.111593    1.085201 ^ _288_/Y (sg13g2_a21oi_1)
                                                         sine_out[2] (net)
                      0.112796    0.000000    1.085201 ^ sine_out[2] (out)
                                              1.085201   data arrival time

                                  5.000000    5.000000   clock clk (rise edge)
                                  0.000000    5.000000   clock network delay (propagated)
                                 -0.150000    4.850000   clock uncertainty
                                  0.000000    4.850000   clock reconvergence pessimism
                                 -1.000000    3.850000   output external delay
                                              3.850000   data required time
---------------------------------------------------------------------------------------------
                                              3.850000   data required time
                                             -1.085201   data arrival time
---------------------------------------------------------------------------------------------
                                              2.764799   slack (MET)


Startpoint: _307_ (rising edge-triggered flip-flop clocked by clk)
Endpoint: sine_out[7] (output port clocked by clk)
Path Group: clk
Path Type: max

Fanout         Cap        Slew       Delay        Time   Description
---------------------------------------------------------------------------------------------
                                  0.000000    0.000000   clock clk (rise edge)
                                  0.000000    0.000000   clock source latency
     9    0.037747    0.000000    0.000000    0.000000 ^ clk (in)
                                                         clk (net)
                      0.002585    0.001293    0.001293 ^ _307_/CLK (sg13g2_dfrbpq_1)
    19    0.072439    0.296201    0.349623    0.350916 ^ _307_/Q (sg13g2_dfrbpq_1)
                                                         DPATH.SUM.fa_3.A (net)
                      0.296201    0.000474    0.351390 ^ _138_/A (sg13g2_inv_1)
    11    0.046101    0.197330    0.266340    0.617730 v _138_/Y (sg13g2_inv_1)
                                                         _100_ (net)
                      0.197331    0.000885    0.618615 v _156_/A (sg13g2_nor2_1)
     3    0.013478    0.141618    0.168487    0.787103 ^ _156_/Y (sg13g2_nor2_1)
                                                         _114_ (net)
                      0.141618    0.000153    0.787255 ^ _294_/A2 (sg13g2_a21oi_1)
     1    0.010000    0.134962    0.128077    0.915332 v _294_/Y (sg13g2_a21oi_1)
                                                         sine_out[7] (net)
                      0.134962    0.000000    0.915332 v sine_out[7] (out)
                                              0.915332   data arrival time

                                  5.000000    5.000000   clock clk (rise edge)
                                  0.000000    5.000000   clock network delay (propagated)
                                 -0.150000    4.850000   clock uncertainty
                                  0.000000    4.850000   clock reconvergence pessimism
                                 -1.000000    3.850000   output external delay
                                              3.850000   data required time
---------------------------------------------------------------------------------------------
                                              3.850000   data required time
                                             -0.915332   data arrival time
---------------------------------------------------------------------------------------------
                                              2.934668   slack (MET)


Startpoint: _307_ (rising edge-triggered flip-flop clocked by clk)
Endpoint: sine_out[10] (output port clocked by clk)
Path Group: clk
Path Type: max

Fanout         Cap        Slew       Delay        Time   Description
---------------------------------------------------------------------------------------------
                                  0.000000    0.000000   clock clk (rise edge)
                                  0.000000    0.000000   clock source latency
     9    0.037747    0.000000    0.000000    0.000000 ^ clk (in)
                                                         clk (net)
                      0.002585    0.001293    0.001293 ^ _307_/CLK (sg13g2_dfrbpq_1)
    19    0.072439    0.296201    0.349623    0.350916 ^ _307_/Q (sg13g2_dfrbpq_1)
                                                         DPATH.SUM.fa_3.A (net)
                      0.296201    0.000474    0.351390 ^ _138_/A (sg13g2_inv_1)
    11    0.046101    0.197330    0.266340    0.617730 v _138_/Y (sg13g2_inv_1)
                                                         _100_ (net)
                      0.197331    0.000885    0.618615 v _156_/A (sg13g2_nor2_1)
     3    0.013478    0.141618    0.168487    0.787103 ^ _156_/Y (sg13g2_nor2_1)
                                                         _114_ (net)
                      0.141618    0.000146    0.787248 ^ _159_/A1 (sg13g2_a21oi_1)
     1    0.010000    0.095573    0.126865    0.914113 v _159_/Y (sg13g2_a21oi_1)
                                                         sine_out[10] (net)
                      0.095573    0.000000    0.914113 v sine_out[10] (out)
                                              0.914113   data arrival time

                                  5.000000    5.000000   clock clk (rise edge)
                                  0.000000    5.000000   clock network delay (propagated)
                                 -0.150000    4.850000   clock uncertainty
                                  0.000000    4.850000   clock reconvergence pessimism
                                 -1.000000    3.850000   output external delay
                                              3.850000   data required time
---------------------------------------------------------------------------------------------
                                              3.850000   data required time
                                             -0.914113   data arrival time
---------------------------------------------------------------------------------------------
                                              2.935887   slack (MET)


Startpoint: _307_ (rising edge-triggered flip-flop clocked by clk)
Endpoint: sine_out[4] (output port clocked by clk)
Path Group: clk
Path Type: max

Fanout         Cap        Slew       Delay        Time   Description
---------------------------------------------------------------------------------------------
                                  0.000000    0.000000   clock clk (rise edge)
                                  0.000000    0.000000   clock source latency
     9    0.037747    0.000000    0.000000    0.000000 ^ clk (in)
                                                         clk (net)
                      0.002585    0.001293    0.001293 ^ _307_/CLK (sg13g2_dfrbpq_1)
    19    0.072439    0.296201    0.349623    0.350916 ^ _307_/Q (sg13g2_dfrbpq_1)
                                                         DPATH.SUM.fa_3.A (net)
                      0.296201    0.000474    0.351390 ^ _138_/A (sg13g2_inv_1)
    11    0.046101    0.197330    0.266340    0.617730 v _138_/Y (sg13g2_inv_1)
                                                         _100_ (net)
                      0.197331    0.000885    0.618615 v _156_/A (sg13g2_nor2_1)
     3    0.013478    0.141618    0.168487    0.787103 ^ _156_/Y (sg13g2_nor2_1)
                                                         _114_ (net)
                      0.141618    0.000172    0.787275 ^ _290_/C (sg13g2_nor3_1)
     1    0.010000    0.109168    0.088695    0.875970 v _290_/Y (sg13g2_nor3_1)
                                                         sine_out[4] (net)
                      0.109168    0.000000    0.875970 v sine_out[4] (out)
                                              0.875970   data arrival time

                                  5.000000    5.000000   clock clk (rise edge)
                                  0.000000    5.000000   clock network delay (propagated)
                                 -0.150000    4.850000   clock uncertainty
                                  0.000000    4.850000   clock reconvergence pessimism
                                 -1.000000    3.850000   output external delay
                                              3.850000   data required time
---------------------------------------------------------------------------------------------
                                              3.850000   data required time
                                             -0.875970   data arrival time
---------------------------------------------------------------------------------------------
                                              2.974030   slack (MET)


Startpoint: _307_ (rising edge-triggered flip-flop clocked by clk)
Endpoint: sine_out[15] (output port clocked by clk)
Path Group: clk
Path Type: max

Fanout         Cap        Slew       Delay        Time   Description
---------------------------------------------------------------------------------------------
                                  0.000000    0.000000   clock clk (rise edge)
                                  0.000000    0.000000   clock source latency
     9    0.037747    0.000000    0.000000    0.000000 ^ clk (in)
                                                         clk (net)
                      0.002585    0.001293    0.001293 ^ _307_/CLK (sg13g2_dfrbpq_1)
    19    0.072439    0.296201    0.349623    0.350916 ^ _307_/Q (sg13g2_dfrbpq_1)
                                                         DPATH.SUM.fa_3.A (net)
                      0.296201    0.000474    0.351390 ^ _138_/A (sg13g2_inv_1)
    11    0.046101    0.197330    0.266340    0.617730 v _138_/Y (sg13g2_inv_1)
                                                         _100_ (net)
                      0.197332    0.000946    0.618676 v _168_/A (sg13g2_nor2_1)
     2    0.008923    0.105822    0.136507    0.755183 ^ _168_/Y (sg13g2_nor2_1)
                                                         _123_ (net)
                      0.105822    0.000088    0.755271 ^ _173_/A1 (sg13g2_o21ai_1)
     1    0.010000    0.110333    0.117346    0.872617 v _173_/Y (sg13g2_o21ai_1)
                                                         sine_out[15] (net)
                      0.110333    0.000000    0.872617 v sine_out[15] (out)
                                              0.872617   data arrival time

                                  5.000000    5.000000   clock clk (rise edge)
                                  0.000000    5.000000   clock network delay (propagated)
                                 -0.150000    4.850000   clock uncertainty
                                  0.000000    4.850000   clock reconvergence pessimism
                                 -1.000000    3.850000   output external delay
                                              3.850000   data required time
---------------------------------------------------------------------------------------------
                                              3.850000   data required time
                                             -0.872617   data arrival time
---------------------------------------------------------------------------------------------
                                              2.977383   slack (MET)


Startpoint: _307_ (rising edge-triggered flip-flop clocked by clk)
Endpoint: sine_out[13] (output port clocked by clk)
Path Group: clk
Path Type: max

Fanout         Cap        Slew       Delay        Time   Description
---------------------------------------------------------------------------------------------
                                  0.000000    0.000000   clock clk (rise edge)
                                  0.000000    0.000000   clock source latency
     9    0.037747    0.000000    0.000000    0.000000 ^ clk (in)
                                                         clk (net)
                      0.002585    0.001293    0.001293 ^ _307_/CLK (sg13g2_dfrbpq_1)
    19    0.072439    0.296201    0.349623    0.350916 ^ _307_/Q (sg13g2_dfrbpq_1)
                                                         DPATH.SUM.fa_3.A (net)
                      0.296201    0.000474    0.351390 ^ _138_/A (sg13g2_inv_1)
    11    0.046101    0.197330    0.266340    0.617730 v _138_/Y (sg13g2_inv_1)
                                                         _100_ (net)
                      0.197332    0.000946    0.618676 v _168_/A (sg13g2_nor2_1)
     2    0.008923    0.105822    0.136507    0.755183 ^ _168_/Y (sg13g2_nor2_1)
                                                         _123_ (net)
                      0.105822    0.000072    0.755255 ^ _170_/A2 (sg13g2_a21oi_1)
     1    0.010000    0.095856    0.116830    0.872084 v _170_/Y (sg13g2_a21oi_1)
                                                         sine_out[13] (net)
                      0.095856    0.000000    0.872084 v sine_out[13] (out)
                                              0.872084   data arrival time

                                  5.000000    5.000000   clock clk (rise edge)
                                  0.000000    5.000000   clock network delay (propagated)
                                 -0.150000    4.850000   clock uncertainty
                                  0.000000    4.850000   clock reconvergence pessimism
                                 -1.000000    3.850000   output external delay
                                              3.850000   data required time
---------------------------------------------------------------------------------------------
                                              3.850000   data required time
                                             -0.872084   data arrival time
---------------------------------------------------------------------------------------------
                                              2.977916   slack (MET)


Startpoint: _305_ (rising edge-triggered flip-flop clocked by clk)
Endpoint: sine_out[8] (output port clocked by clk)
Path Group: clk
Path Type: max

Fanout         Cap        Slew       Delay        Time   Description
---------------------------------------------------------------------------------------------
                                  0.000000    0.000000   clock clk (rise edge)
                                  0.000000    0.000000   clock source latency
     9    0.037747    0.000000    0.000000    0.000000 ^ clk (in)
                                                         clk (net)
                      0.002912    0.001456    0.001456 ^ _305_/CLK (sg13g2_dfrbpq_1)
    17    0.069195    0.283387    0.340352    0.341808 ^ _305_/Q (sg13g2_dfrbpq_1)
                                                         DPATH.SUM.fa_1.A (net)
                      0.283477    0.001117    0.342924 ^ _164_/B (sg13g2_and2_1)
     4    0.014592    0.073946    0.188264    0.531188 ^ _164_/X (sg13g2_and2_1)
                                                         _120_ (net)
                      0.073946    0.000162    0.531350 ^ _169_/B (sg13g2_nand2_1)
     3    0.010659    0.116500    0.096397    0.627747 v _169_/Y (sg13g2_nand2_1)
                                                         _124_ (net)
                      0.116500    0.000070    0.627817 v _291_/B (sg13g2_nor2_1)
     2    0.007619    0.092732    0.105860    0.733677 ^ _291_/Y (sg13g2_nor2_1)
                                                         _099_ (net)
                      0.092732    0.000084    0.733761 ^ _295_/A2 (sg13g2_a21oi_1)
     1    0.010000    0.134962    0.112334    0.846095 v _295_/Y (sg13g2_a21oi_1)
                                                         sine_out[8] (net)
                      0.134962    0.000000    0.846095 v sine_out[8] (out)
                                              0.846095   data arrival time

                                  5.000000    5.000000   clock clk (rise edge)
                                  0.000000    5.000000   clock network delay (propagated)
                                 -0.150000    4.850000   clock uncertainty
                                  0.000000    4.850000   clock reconvergence pessimism
                                 -1.000000    3.850000   output external delay
                                              3.850000   data required time
---------------------------------------------------------------------------------------------
                                              3.850000   data required time
                                             -0.846095   data arrival time
---------------------------------------------------------------------------------------------
                                              3.003905   slack (MET)


Startpoint: _305_ (rising edge-triggered flip-flop clocked by clk)
Endpoint: sine_out[16] (output port clocked by clk)
Path Group: clk
Path Type: max

Fanout         Cap        Slew       Delay        Time   Description
---------------------------------------------------------------------------------------------
                                  0.000000    0.000000   clock clk (rise edge)
                                  0.000000    0.000000   clock source latency
     9    0.037747    0.000000    0.000000    0.000000 ^ clk (in)
                                                         clk (net)
                      0.002912    0.001456    0.001456 ^ _305_/CLK (sg13g2_dfrbpq_1)
    17    0.069195    0.283387    0.340352    0.341808 ^ _305_/Q (sg13g2_dfrbpq_1)
                                                         DPATH.SUM.fa_1.A (net)
                      0.283477    0.001117    0.342924 ^ _164_/B (sg13g2_and2_1)
     4    0.014592    0.073946    0.188264    0.531188 ^ _164_/X (sg13g2_and2_1)
                                                         _120_ (net)
                      0.073946    0.000156    0.531345 ^ _165_/A (sg13g2_inv_1)
     4    0.015856    0.065286    0.080660    0.612005 v _165_/Y (sg13g2_inv_1)
                                                         _121_ (net)
                      0.065286    0.000124    0.612129 v _175_/A2 (sg13g2_o21ai_1)
     1    0.003537    0.080005    0.094386    0.706515 ^ _175_/Y (sg13g2_o21ai_1)
                                                         _127_ (net)
                      0.080005    0.000026    0.706541 ^ _176_/C (sg13g2_nand3_1)
     1    0.010000    0.144325    0.133545    0.840086 v _176_/Y (sg13g2_nand3_1)
                                                         sine_out[16] (net)
                      0.144325    0.000000    0.840086 v sine_out[16] (out)
                                              0.840086   data arrival time

                                  5.000000    5.000000   clock clk (rise edge)
                                  0.000000    5.000000   clock network delay (propagated)
                                 -0.150000    4.850000   clock uncertainty
                                  0.000000    4.850000   clock reconvergence pessimism
                                 -1.000000    3.850000   output external delay
                                              3.850000   data required time
---------------------------------------------------------------------------------------------
                                              3.850000   data required time
                                             -0.840086   data arrival time
---------------------------------------------------------------------------------------------
                                              3.009914   slack (MET)


Startpoint: _307_ (rising edge-triggered flip-flop clocked by clk)
Endpoint: sine_out[6] (output port clocked by clk)
Path Group: clk
Path Type: max

Fanout         Cap        Slew       Delay        Time   Description
---------------------------------------------------------------------------------------------
                                  0.000000    0.000000   clock clk (rise edge)
                                  0.000000    0.000000   clock source latency
     9    0.037747    0.000000    0.000000    0.000000 ^ clk (in)
                                                         clk (net)
                      0.002585    0.001293    0.001293 ^ _307_/CLK (sg13g2_dfrbpq_1)
    19    0.071716    0.223158    0.307881    0.309174 v _307_/Q (sg13g2_dfrbpq_1)
                                                         DPATH.SUM.fa_3.A (net)
                      0.223158    0.000468    0.309642 v _138_/A (sg13g2_inv_1)
    11    0.046488    0.217702    0.254217    0.563860 ^ _138_/Y (sg13g2_inv_1)
                                                         _100_ (net)
                      0.217770    0.000615    0.564475 ^ _177_/A (sg13g2_nand2_1)
     3    0.010564    0.102546    0.133108    0.697583 v _177_/Y (sg13g2_nand2_1)
                                                         _128_ (net)
                      0.102546    0.000042    0.697626 v _293_/A2 (sg13g2_a21oi_1)
     1    0.010000    0.127055    0.139614    0.837240 ^ _293_/Y (sg13g2_a21oi_1)
                                                         sine_out[6] (net)
                      0.127055    0.000000    0.837240 ^ sine_out[6] (out)
                                              0.837240   data arrival time

                                  5.000000    5.000000   clock clk (rise edge)
                                  0.000000    5.000000   clock network delay (propagated)
                                 -0.150000    4.850000   clock uncertainty
                                  0.000000    4.850000   clock reconvergence pessimism
                                 -1.000000    3.850000   output external delay
                                              3.850000   data required time
---------------------------------------------------------------------------------------------
                                              3.850000   data required time
                                             -0.837240   data arrival time
---------------------------------------------------------------------------------------------
                                              3.012760   slack (MET)


Startpoint: _305_ (rising edge-triggered flip-flop clocked by clk)
Endpoint: sine_out[14] (output port clocked by clk)
Path Group: clk
Path Type: max

Fanout         Cap        Slew       Delay        Time   Description
---------------------------------------------------------------------------------------------
                                  0.000000    0.000000   clock clk (rise edge)
                                  0.000000    0.000000   clock source latency
     9    0.037747    0.000000    0.000000    0.000000 ^ clk (in)
                                                         clk (net)
                      0.002912    0.001456    0.001456 ^ _305_/CLK (sg13g2_dfrbpq_1)
    17    0.067406    0.210300    0.298034    0.299490 v _305_/Q (sg13g2_dfrbpq_1)
                                                         DPATH.SUM.fa_1.A (net)
                      0.210308    0.001467    0.300957 v _148_/A1 (sg13g2_o21ai_1)
     4    0.015533    0.201887    0.233834    0.534790 ^ _148_/Y (sg13g2_o21ai_1)
                                                         _107_ (net)
                      0.201887    0.000266    0.535057 ^ _149_/B (sg13g2_nand2_1)
     3    0.012399    0.101168    0.142411    0.677468 v _149_/Y (sg13g2_nand2_1)
                                                         _108_ (net)
                      0.101168    0.000219    0.677687 v _171_/A2 (sg13g2_o21ai_1)
     1    0.010000    0.152196    0.155382    0.833069 ^ _171_/Y (sg13g2_o21ai_1)
                                                         sine_out[14] (net)
                      0.152196    0.000000    0.833069 ^ sine_out[14] (out)
                                              0.833069   data arrival time

                                  5.000000    5.000000   clock clk (rise edge)
                                  0.000000    5.000000   clock network delay (propagated)
                                 -0.150000    4.850000   clock uncertainty
                                  0.000000    4.850000   clock reconvergence pessimism
                                 -1.000000    3.850000   output external delay
                                              3.850000   data required time
---------------------------------------------------------------------------------------------
                                              3.850000   data required time
                                             -0.833069   data arrival time
---------------------------------------------------------------------------------------------
                                              3.016931   slack (MET)


Startpoint: _308_ (rising edge-triggered flip-flop clocked by clk)
Endpoint: sine_out[12] (output port clocked by clk)
Path Group: clk
Path Type: max

Fanout         Cap        Slew       Delay        Time   Description
---------------------------------------------------------------------------------------------
                                  0.000000    0.000000   clock clk (rise edge)
                                  0.000000    0.000000   clock source latency
     9    0.037747    0.000000    0.000000    0.000000 ^ clk (in)
                                                         clk (net)
                      0.002328    0.001164    0.001164 ^ _308_/CLK (sg13g2_dfrbpq_1)
    24    0.090076    0.366681    0.397961    0.399125 ^ _308_/Q (sg13g2_dfrbpq_1)
                                                         DPATH.SUM.fa_4.A (net)
                      0.366693    0.001789    0.400914 ^ _151_/B (sg13g2_nand2_1)
     5    0.018620    0.176057    0.222463    0.623377 v _151_/Y (sg13g2_nand2_1)
                                                         _109_ (net)
                      0.176057    0.000064    0.623442 v _153_/B (sg13g2_nand2b_1)
     3    0.010087    0.080882    0.108093    0.731535 ^ _153_/Y (sg13g2_nand2b_1)
                                                         _111_ (net)
                      0.080882    0.000038    0.731573 ^ _167_/B1 (sg13g2_o21ai_1)
     1    0.010000    0.079243    0.091254    0.822826 v _167_/Y (sg13g2_o21ai_1)
                                                         sine_out[12] (net)
                      0.079243    0.000000    0.822826 v sine_out[12] (out)
                                              0.822826   data arrival time

                                  5.000000    5.000000   clock clk (rise edge)
                                  0.000000    5.000000   clock network delay (propagated)
                                 -0.150000    4.850000   clock uncertainty
                                  0.000000    4.850000   clock reconvergence pessimism
                                 -1.000000    3.850000   output external delay
                                              3.850000   data required time
---------------------------------------------------------------------------------------------
                                              3.850000   data required time
                                             -0.822826   data arrival time
---------------------------------------------------------------------------------------------
                                              3.027174   slack (MET)


Startpoint: _308_ (rising edge-triggered flip-flop clocked by clk)
Endpoint: sine_out[11] (output port clocked by clk)
Path Group: clk
Path Type: max

Fanout         Cap        Slew       Delay        Time   Description
---------------------------------------------------------------------------------------------
                                  0.000000    0.000000   clock clk (rise edge)
                                  0.000000    0.000000   clock source latency
     9    0.037747    0.000000    0.000000    0.000000 ^ clk (in)
                                                         clk (net)
                      0.002328    0.001164    0.001164 ^ _308_/CLK (sg13g2_dfrbpq_1)
    24    0.090076    0.366681    0.397961    0.399125 ^ _308_/Q (sg13g2_dfrbpq_1)
                                                         DPATH.SUM.fa_4.A (net)
                      0.366693    0.001789    0.400914 ^ _151_/B (sg13g2_nand2_1)
     5    0.018620    0.176057    0.222463    0.623377 v _151_/Y (sg13g2_nand2_1)
                                                         _109_ (net)
                      0.176057    0.000064    0.623442 v _153_/B (sg13g2_nand2b_1)
     3    0.010087    0.080882    0.108093    0.731535 ^ _153_/Y (sg13g2_nand2b_1)
                                                         _111_ (net)
                      0.080882    0.000034    0.731569 ^ _162_/B1 (sg13g2_o21ai_1)
     1    0.010000    0.082432    0.091253    0.822823 v _162_/Y (sg13g2_o21ai_1)
                                                         sine_out[11] (net)
                      0.082432    0.000000    0.822823 v sine_out[11] (out)
                                              0.822823   data arrival time

                                  5.000000    5.000000   clock clk (rise edge)
                                  0.000000    5.000000   clock network delay (propagated)
                                 -0.150000    4.850000   clock uncertainty
                                  0.000000    4.850000   clock reconvergence pessimism
                                 -1.000000    3.850000   output external delay
                                              3.850000   data required time
---------------------------------------------------------------------------------------------
                                              3.850000   data required time
                                             -0.822823   data arrival time
---------------------------------------------------------------------------------------------
                                              3.027178   slack (MET)


Startpoint: _305_ (rising edge-triggered flip-flop clocked by clk)
Endpoint: sine_out[9] (output port clocked by clk)
Path Group: clk
Path Type: max

Fanout         Cap        Slew       Delay        Time   Description
---------------------------------------------------------------------------------------------
                                  0.000000    0.000000   clock clk (rise edge)
                                  0.000000    0.000000   clock source latency
     9    0.037747    0.000000    0.000000    0.000000 ^ clk (in)
                                                         clk (net)
                      0.002912    0.001456    0.001456 ^ _305_/CLK (sg13g2_dfrbpq_1)
    17    0.067406    0.210300    0.298034    0.299490 v _305_/Q (sg13g2_dfrbpq_1)
                                                         DPATH.SUM.fa_1.A (net)
                      0.210308    0.001467    0.300957 v _148_/A1 (sg13g2_o21ai_1)
     4    0.015533    0.201887    0.233834    0.534790 ^ _148_/Y (sg13g2_o21ai_1)
                                                         _107_ (net)
                      0.201887    0.000266    0.535057 ^ _149_/B (sg13g2_nand2_1)
     3    0.012399    0.101168    0.142411    0.677468 v _149_/Y (sg13g2_nand2_1)
                                                         _108_ (net)
                      0.101168    0.000253    0.677720 v _150_/A2 (sg13g2_a21oi_1)
     1    0.010000    0.135036    0.139234    0.816954 ^ _150_/Y (sg13g2_a21oi_1)
                                                         sine_out[9] (net)
                      0.135036    0.000000    0.816954 ^ sine_out[9] (out)
                                              0.816954   data arrival time

                                  5.000000    5.000000   clock clk (rise edge)
                                  0.000000    5.000000   clock network delay (propagated)
                                 -0.150000    4.850000   clock uncertainty
                                  0.000000    4.850000   clock reconvergence pessimism
                                 -1.000000    3.850000   output external delay
                                              3.850000   data required time
---------------------------------------------------------------------------------------------
                                              3.850000   data required time
                                             -0.816954   data arrival time
---------------------------------------------------------------------------------------------
                                              3.033046   slack (MET)


Startpoint: _305_ (rising edge-triggered flip-flop clocked by clk)
Endpoint: sine_out[5] (output port clocked by clk)
Path Group: clk
Path Type: max

Fanout         Cap        Slew       Delay        Time   Description
---------------------------------------------------------------------------------------------
                                  0.000000    0.000000   clock clk (rise edge)
                                  0.000000    0.000000   clock source latency
     9    0.037747    0.000000    0.000000    0.000000 ^ clk (in)
                                                         clk (net)
                      0.002912    0.001456    0.001456 ^ _305_/CLK (sg13g2_dfrbpq_1)
    17    0.069195    0.283387    0.340352    0.341808 ^ _305_/Q (sg13g2_dfrbpq_1)
                                                         DPATH.SUM.fa_1.A (net)
                      0.283477    0.001117    0.342924 ^ _164_/B (sg13g2_and2_1)
     4    0.014592    0.073946    0.188264    0.531188 ^ _164_/X (sg13g2_and2_1)
                                                         _120_ (net)
                      0.073946    0.000162    0.531350 ^ _169_/B (sg13g2_nand2_1)
     3    0.010659    0.116500    0.096397    0.627747 v _169_/Y (sg13g2_nand2_1)
                                                         _124_ (net)
                      0.116500    0.000070    0.627817 v _291_/B (sg13g2_nor2_1)
     2    0.007619    0.092732    0.105860    0.733677 ^ _291_/Y (sg13g2_nor2_1)
                                                         _099_ (net)
                      0.092732    0.000048    0.733725 ^ _292_/C (sg13g2_nor3_1)
     1    0.010000    0.109170    0.074742    0.808467 v _292_/Y (sg13g2_nor3_1)
                                                         sine_out[5] (net)
                      0.109170    0.000000    0.808467 v sine_out[5] (out)
                                              0.808467   data arrival time

                                  5.000000    5.000000   clock clk (rise edge)
                                  0.000000    5.000000   clock network delay (propagated)
                                 -0.150000    4.850000   clock uncertainty
                                  0.000000    4.850000   clock reconvergence pessimism
                                 -1.000000    3.850000   output external delay
                                              3.850000   data required time
---------------------------------------------------------------------------------------------
                                              3.850000   data required time
                                             -0.808467   data arrival time
---------------------------------------------------------------------------------------------
                                              3.041533   slack (MET)


Startpoint: _305_ (rising edge-triggered flip-flop clocked by clk)
Endpoint: sine_out[3] (output port clocked by clk)
Path Group: clk
Path Type: max

Fanout         Cap        Slew       Delay        Time   Description
---------------------------------------------------------------------------------------------
                                  0.000000    0.000000   clock clk (rise edge)
                                  0.000000    0.000000   clock source latency
     9    0.037747    0.000000    0.000000    0.000000 ^ clk (in)
                                                         clk (net)
                      0.002912    0.001456    0.001456 ^ _305_/CLK (sg13g2_dfrbpq_1)
    17    0.067406    0.210300    0.298034    0.299490 v _305_/Q (sg13g2_dfrbpq_1)
                                                         DPATH.SUM.fa_1.A (net)
                      0.210308    0.001467    0.300957 v _148_/A1 (sg13g2_o21ai_1)
     4    0.015533    0.201887    0.233834    0.534790 ^ _148_/Y (sg13g2_o21ai_1)
                                                         _107_ (net)
                      0.201887    0.000266    0.535057 ^ _149_/B (sg13g2_nand2_1)
     3    0.012399    0.101168    0.142411    0.677468 v _149_/Y (sg13g2_nand2_1)
                                                         _108_ (net)
                      0.101168    0.000072    0.677539 v _289_/B (sg13g2_nor2_1)
     1    0.010000    0.111242    0.117750    0.795289 ^ _289_/Y (sg13g2_nor2_1)
                                                         sine_out[3] (net)
                      0.111242    0.000000    0.795289 ^ sine_out[3] (out)
                                              0.795289   data arrival time

                                  5.000000    5.000000   clock clk (rise edge)
                                  0.000000    5.000000   clock network delay (propagated)
                                 -0.150000    4.850000   clock uncertainty
                                  0.000000    4.850000   clock reconvergence pessimism
                                 -1.000000    3.850000   output external delay
                                              3.850000   data required time
---------------------------------------------------------------------------------------------
                                              3.850000   data required time
                                             -0.795289   data arrival time
---------------------------------------------------------------------------------------------
                                              3.054711   slack (MET)


Startpoint: _308_ (rising edge-triggered flip-flop clocked by clk)
Endpoint: sine_out[17] (output port clocked by clk)
Path Group: clk
Path Type: max

Fanout         Cap        Slew       Delay        Time   Description
---------------------------------------------------------------------------------------------
                                  0.000000    0.000000   clock clk (rise edge)
                                  0.000000    0.000000   clock source latency
     9    0.037747    0.000000    0.000000    0.000000 ^ clk (in)
                                                         clk (net)
                      0.002328    0.001164    0.001164 ^ _308_/CLK (sg13g2_dfrbpq_1)
    24    0.090076    0.366681    0.397961    0.399125 ^ _308_/Q (sg13g2_dfrbpq_1)
                                                         DPATH.SUM.fa_4.A (net)
                      0.366686    0.001146    0.400271 ^ _145_/B (sg13g2_nor2_1)
     2    0.006139    0.082012    0.104000    0.504271 v _145_/Y (sg13g2_nor2_1)
                                                         _104_ (net)
                      0.082012    0.000023    0.504294 v _178_/B (sg13g2_nand2_1)
     2    0.007030    0.054565    0.068395    0.572689 ^ _178_/Y (sg13g2_nand2_1)
                                                         _129_ (net)
                      0.054565    0.000031    0.572720 ^ _179_/C (sg13g2_nand3_1)
     1    0.010000    0.150964    0.124427    0.697147 v _179_/Y (sg13g2_nand3_1)
                                                         sine_out[17] (net)
                      0.150964    0.000000    0.697147 v sine_out[17] (out)
                                              0.697147   data arrival time

                                  5.000000    5.000000   clock clk (rise edge)
                                  0.000000    5.000000   clock network delay (propagated)
                                 -0.150000    4.850000   clock uncertainty
                                  0.000000    4.850000   clock reconvergence pessimism
                                 -1.000000    3.850000   output external delay
                                              3.850000   data required time
---------------------------------------------------------------------------------------------
                                              3.850000   data required time
                                             -0.697147   data arrival time
---------------------------------------------------------------------------------------------
                                              3.152853   slack (MET)


Startpoint: _304_ (rising edge-triggered flip-flop clocked by clk)
Endpoint: _310_ (rising edge-triggered flip-flop clocked by clk)
Path Group: clk
Path Type: max

Fanout         Cap        Slew       Delay        Time   Description
---------------------------------------------------------------------------------------------
                                  0.000000    0.000000   clock clk (rise edge)
                                  0.000000    0.000000   clock source latency
     9    0.037747    0.000000    0.000000    0.000000 ^ clk (in)
                                                         clk (net)
                      0.002924    0.001462    0.001462 ^ _304_/CLK (sg13g2_dfrbpq_1)
    16    0.068369    0.280004    0.338451    0.339913 ^ _304_/Q (sg13g2_dfrbpq_1)
                                                         DPATH.SUM.Cout0 (net)
                      0.280004    0.000334    0.340246 ^ _141_/A (sg13g2_inv_1)
     6    0.023896    0.131459    0.188101    0.528348 v _141_/Y (sg13g2_inv_1)
                                                         DPATH.SUM.ha_0.S (net)
                      0.131459    0.000096    0.528444 v _183_/A1 (sg13g2_o21ai_1)
     2    0.009365    0.135105    0.165249    0.693693 ^ _183_/Y (sg13g2_o21ai_1)
                                                         _132_ (net)
                      0.135105    0.000038    0.693731 ^ _187_/A1 (sg13g2_a21oi_1)
     2    0.010269    0.092669    0.126035    0.819766 v _187_/Y (sg13g2_a21oi_1)
                                                         _135_ (net)
                      0.092669    0.000125    0.819891 v _193_/A1 (sg13g2_o21ai_1)
     2    0.009550    0.131930    0.155111    0.975003 ^ _193_/Y (sg13g2_o21ai_1)
                                                         _011_ (net)
                      0.131930    0.000115    0.975118 ^ _197_/A2 (sg13g2_a21oi_1)
     2    0.009161    0.087524    0.120896    1.096014 v _197_/Y (sg13g2_a21oi_1)
                                                         _014_ (net)
                      0.087524    0.000096    1.096110 v _199_/A2 (sg13g2_o21ai_1)
     1    0.006172    0.101943    0.122178    1.218288 ^ _199_/Y (sg13g2_o21ai_1)
                                                         _015_ (net)
                      0.101943    0.000049    1.218338 ^ _201_/A (sg13g2_xnor2_1)
     1    0.001588    0.059800    0.107184    1.325522 ^ _201_/Y (sg13g2_xnor2_1)
                                                         DPATH.SUM.fa_6.S (net)
                      0.059800    0.000008    1.325530 ^ _310_/D (sg13g2_dfrbpq_1)
                                              1.325530   data arrival time

                                  5.000000    5.000000   clock clk (rise edge)
                                  0.000000    5.000000   clock source latency
     9    0.037747    0.000000    0.000000    5.000000 ^ clk (in)
                                                         clk (net)
                      0.001789    0.000894    5.000895 ^ _310_/CLK (sg13g2_dfrbpq_1)
                                 -0.150000    4.850894   clock uncertainty
                                  0.000000    4.850894   clock reconvergence pessimism
                                 -0.128360    4.722535   library setup time
                                              4.722535   data required time
---------------------------------------------------------------------------------------------
                                              4.722535   data required time
                                             -1.325530   data arrival time
---------------------------------------------------------------------------------------------
                                              3.397005   slack (MET)


Startpoint: _311_ (rising edge-triggered flip-flop clocked by clk)
Endpoint: signB (output port clocked by clk)
Path Group: clk
Path Type: max

Fanout         Cap        Slew       Delay        Time   Description
---------------------------------------------------------------------------------------------
                                  0.000000    0.000000   clock clk (rise edge)
                                  0.000000    0.000000   clock source latency
     9    0.037747    0.000000    0.000000    0.000000 ^ clk (in)
                                                         clk (net)
                      0.001092    0.000546    0.000546 ^ _311_/CLK (sg13g2_dfrbpq_1)
     2    0.032919    0.141240    0.239410    0.239956 ^ _311_/Q (sg13g2_dfrbpq_1)
                                                         sign (net)
                      0.141240    0.000000    0.239956 ^ _142_/A (sg13g2_inv_1)
     2    0.035589    0.132583    0.169882    0.409838 v _142_/Y (sg13g2_inv_1)
                                                         signB (net)
                      0.132583    0.000000    0.409838 v signB (out)
                                              0.409838   data arrival time

                                  5.000000    5.000000   clock clk (rise edge)
                                  0.000000    5.000000   clock network delay (propagated)
                                 -0.150000    4.850000   clock uncertainty
                                  0.000000    4.850000   clock reconvergence pessimism
                                 -1.000000    3.850000   output external delay
                                              3.850000   data required time
---------------------------------------------------------------------------------------------
                                              3.850000   data required time
                                             -0.409838   data arrival time
---------------------------------------------------------------------------------------------
                                              3.440162   slack (MET)


Startpoint: _304_ (rising edge-triggered flip-flop clocked by clk)
Endpoint: _309_ (rising edge-triggered flip-flop clocked by clk)
Path Group: clk
Path Type: max

Fanout         Cap        Slew       Delay        Time   Description
---------------------------------------------------------------------------------------------
                                  0.000000    0.000000   clock clk (rise edge)
                                  0.000000    0.000000   clock source latency
     9    0.037747    0.000000    0.000000    0.000000 ^ clk (in)
                                                         clk (net)
                      0.002924    0.001462    0.001462 ^ _304_/CLK (sg13g2_dfrbpq_1)
    16    0.068369    0.280004    0.338451    0.339913 ^ _304_/Q (sg13g2_dfrbpq_1)
                                                         DPATH.SUM.Cout0 (net)
                      0.280004    0.000334    0.340246 ^ _141_/A (sg13g2_inv_1)
     6    0.023896    0.131459    0.188101    0.528348 v _141_/Y (sg13g2_inv_1)
                                                         DPATH.SUM.ha_0.S (net)
                      0.131459    0.000096    0.528444 v _183_/A1 (sg13g2_o21ai_1)
     2    0.009365    0.135105    0.165249    0.693693 ^ _183_/Y (sg13g2_o21ai_1)
                                                         _132_ (net)
                      0.135105    0.000038    0.693731 ^ _187_/A1 (sg13g2_a21oi_1)
     2    0.010269    0.092669    0.126035    0.819766 v _187_/Y (sg13g2_a21oi_1)
                                                         _135_ (net)
                      0.092669    0.000125    0.819891 v _193_/A1 (sg13g2_o21ai_1)
     2    0.009550    0.131930    0.155111    0.975003 ^ _193_/Y (sg13g2_o21ai_1)
                                                         _011_ (net)
                      0.131930    0.000115    0.975118 ^ _197_/A2 (sg13g2_a21oi_1)
     2    0.009161    0.087524    0.120896    1.096014 v _197_/Y (sg13g2_a21oi_1)
                                                         _014_ (net)
                      0.087524    0.000097    1.096111 v _198_/B (sg13g2_xor2_1)
     1    0.001754    0.047732    0.110637    1.206748 v _198_/X (sg13g2_xor2_1)
                                                         DPATH.SUM.fa_5.S (net)
                      0.047732    0.000011    1.206759 v _309_/D (sg13g2_dfrbpq_1)
                                              1.206759   data arrival time

                                  5.000000    5.000000   clock clk (rise edge)
                                  0.000000    5.000000   clock source latency
     9    0.037747    0.000000    0.000000    5.000000 ^ clk (in)
                                                         clk (net)
                      0.002042    0.001021    5.001021 ^ _309_/CLK (sg13g2_dfrbpq_1)
                                 -0.150000    4.851021   clock uncertainty
                                  0.000000    4.851021   clock reconvergence pessimism
                                 -0.127197    4.723824   library setup time
                                              4.723824   data required time
---------------------------------------------------------------------------------------------
                                              4.723824   data required time
                                             -1.206759   data arrival time
---------------------------------------------------------------------------------------------
                                              3.517065   slack (MET)


Startpoint: _311_ (rising edge-triggered flip-flop clocked by clk)
Endpoint: sign (output port clocked by clk)
Path Group: clk
Path Type: max

Fanout         Cap        Slew       Delay        Time   Description
---------------------------------------------------------------------------------------------
                                  0.000000    0.000000   clock clk (rise edge)
                                  0.000000    0.000000   clock source latency
     9    0.037747    0.000000    0.000000    0.000000 ^ clk (in)
                                                         clk (net)
                      0.001092    0.000546    0.000546 ^ _311_/CLK (sg13g2_dfrbpq_1)
     2    0.032919    0.141240    0.239410    0.239956 ^ _311_/Q (sg13g2_dfrbpq_1)
                                                         sign (net)
                      0.141240    0.000000    0.239956 ^ sign (out)
                                              0.239956   data arrival time

                                  5.000000    5.000000   clock clk (rise edge)
                                  0.000000    5.000000   clock network delay (propagated)
                                 -0.150000    4.850000   clock uncertainty
                                  0.000000    4.850000   clock reconvergence pessimism
                                 -1.000000    3.850000   output external delay
                                              3.850000   data required time
---------------------------------------------------------------------------------------------
                                              3.850000   data required time
                                             -0.239956   data arrival time
---------------------------------------------------------------------------------------------
                                              3.610044   slack (MET)


Startpoint: _304_ (rising edge-triggered flip-flop clocked by clk)
Endpoint: _308_ (rising edge-triggered flip-flop clocked by clk)
Path Group: clk
Path Type: max

Fanout         Cap        Slew       Delay        Time   Description
---------------------------------------------------------------------------------------------
                                  0.000000    0.000000   clock clk (rise edge)
                                  0.000000    0.000000   clock source latency
     9    0.037747    0.000000    0.000000    0.000000 ^ clk (in)
                                                         clk (net)
                      0.002924    0.001462    0.001462 ^ _304_/CLK (sg13g2_dfrbpq_1)
    16    0.068369    0.280004    0.338451    0.339913 ^ _304_/Q (sg13g2_dfrbpq_1)
                                                         DPATH.SUM.Cout0 (net)
                      0.280004    0.000334    0.340246 ^ _141_/A (sg13g2_inv_1)
     6    0.023896    0.131459    0.188101    0.528348 v _141_/Y (sg13g2_inv_1)
                                                         DPATH.SUM.ha_0.S (net)
                      0.131459    0.000096    0.528444 v _183_/A1 (sg13g2_o21ai_1)
     2    0.009365    0.135105    0.165249    0.693693 ^ _183_/Y (sg13g2_o21ai_1)
                                                         _132_ (net)
                      0.135105    0.000038    0.693731 ^ _187_/A1 (sg13g2_a21oi_1)
     2    0.010269    0.092669    0.126035    0.819766 v _187_/Y (sg13g2_a21oi_1)
                                                         _135_ (net)
                      0.092669    0.000125    0.819891 v _193_/A1 (sg13g2_o21ai_1)
     2    0.009550    0.131930    0.155111    0.975003 ^ _193_/Y (sg13g2_o21ai_1)
                                                         _011_ (net)
                      0.131930    0.000115    0.975117 ^ _194_/B (sg13g2_xor2_1)
     1    0.001623    0.051683    0.119529    1.094646 ^ _194_/X (sg13g2_xor2_1)
                                                         DPATH.SUM.fa_4.S (net)
                      0.051683    0.000009    1.094655 ^ _308_/D (sg13g2_dfrbpq_1)
                                              1.094655   data arrival time

                                  5.000000    5.000000   clock clk (rise edge)
                                  0.000000    5.000000   clock source latency
     9    0.037747    0.000000    0.000000    5.000000 ^ clk (in)
                                                         clk (net)
                      0.002328    0.001164    5.001164 ^ _308_/CLK (sg13g2_dfrbpq_1)
                                 -0.150000    4.851164   clock uncertainty
                                  0.000000    4.851164   clock reconvergence pessimism
                                 -0.125632    4.725532   library setup time
                                              4.725532   data required time
---------------------------------------------------------------------------------------------
                                              4.725532   data required time
                                             -1.094655   data arrival time
---------------------------------------------------------------------------------------------
                                              3.630877   slack (MET)


Startpoint: _308_ (rising edge-triggered flip-flop clocked by clk)
Endpoint: _312_ (rising edge-triggered flip-flop clocked by clk)
Path Group: clk
Path Type: max

Fanout         Cap        Slew       Delay        Time   Description
---------------------------------------------------------------------------------------------
                                  0.000000    0.000000   clock clk (rise edge)
                                  0.000000    0.000000   clock source latency
     9    0.037747    0.000000    0.000000    0.000000 ^ clk (in)
                                                         clk (net)
                      0.002328    0.001164    0.001164 ^ _308_/CLK (sg13g2_dfrbpq_1)
    24    0.090076    0.366681    0.397961    0.399125 ^ _308_/Q (sg13g2_dfrbpq_1)
                                                         DPATH.SUM.fa_4.A (net)
                      0.366693    0.001789    0.400914 ^ _151_/B (sg13g2_nand2_1)
     5    0.018620    0.176057    0.222463    0.623377 v _151_/Y (sg13g2_nand2_1)
                                                         _109_ (net)
                      0.176057    0.000173    0.623550 v _205_/B (sg13g2_nor3_1)
     2    0.009550    0.163760    0.193981    0.817531 ^ _205_/Y (sg13g2_nor3_1)
                                                         _019_ (net)
                      0.163760    0.000174    0.817705 ^ _206_/A2 (sg13g2_a21oi_1)
     1    0.003053    0.079729    0.099458    0.917163 v _206_/Y (sg13g2_a21oi_1)
                                                         _020_ (net)
                      0.079729    0.000017    0.917180 v _207_/B (sg13g2_nor2_1)
     1    0.001680    0.045207    0.057682    0.974862 ^ _207_/Y (sg13g2_nor2_1)
                                                         CTRL.P0 (net)
                      0.045207    0.000010    0.974872 ^ _312_/D (sg13g2_dfrbpq_1)
                                              0.974872   data arrival time

                                  5.000000    5.000000   clock clk (rise edge)
                                  0.000000    5.000000   clock source latency
     9    0.037747    0.000000    0.000000    5.000000 ^ clk (in)
                                                         clk (net)
                      0.001094    0.000547    5.000547 ^ _312_/CLK (sg13g2_dfrbpq_1)
                                 -0.150000    4.850547   clock uncertainty
                                  0.000000    4.850547   clock reconvergence pessimism
                                 -0.123702    4.726845   library setup time
                                              4.726845   data required time
---------------------------------------------------------------------------------------------
                                              4.726845   data required time
                                             -0.974872   data arrival time
---------------------------------------------------------------------------------------------
                                              3.751973   slack (MET)


Startpoint: _304_ (rising edge-triggered flip-flop clocked by clk)
Endpoint: _307_ (rising edge-triggered flip-flop clocked by clk)
Path Group: clk
Path Type: max

Fanout         Cap        Slew       Delay        Time   Description
---------------------------------------------------------------------------------------------
                                  0.000000    0.000000   clock clk (rise edge)
                                  0.000000    0.000000   clock source latency
     9    0.037747    0.000000    0.000000    0.000000 ^ clk (in)
                                                         clk (net)
                      0.002924    0.001462    0.001462 ^ _304_/CLK (sg13g2_dfrbpq_1)
    16    0.068369    0.280004    0.338451    0.339913 ^ _304_/Q (sg13g2_dfrbpq_1)
                                                         DPATH.SUM.Cout0 (net)
                      0.280004    0.000334    0.340246 ^ _141_/A (sg13g2_inv_1)
     6    0.023896    0.131459    0.188101    0.528348 v _141_/Y (sg13g2_inv_1)
                                                         DPATH.SUM.ha_0.S (net)
                      0.131459    0.000096    0.528444 v _183_/A1 (sg13g2_o21ai_1)
     2    0.009365    0.135105    0.165249    0.693693 ^ _183_/Y (sg13g2_o21ai_1)
                                                         _132_ (net)
                      0.135105    0.000038    0.693731 ^ _187_/A1 (sg13g2_a21oi_1)
     2    0.010269    0.092669    0.126035    0.819766 v _187_/Y (sg13g2_a21oi_1)
                                                         _135_ (net)
                      0.092669    0.000127    0.819893 v _190_/A (sg13g2_xor2_1)
     1    0.001768    0.053490    0.117265    0.937159 v _190_/X (sg13g2_xor2_1)
                                                         DPATH.SUM.fa_3.S (net)
                      0.053490    0.000011    0.937169 v _307_/D (sg13g2_dfrbpq_1)
                                              0.937169   data arrival time

                                  5.000000    5.000000   clock clk (rise edge)
                                  0.000000    5.000000   clock source latency
     9    0.037747    0.000000    0.000000    5.000000 ^ clk (in)
                                                         clk (net)
                      0.002585    0.001293    5.001293 ^ _307_/CLK (sg13g2_dfrbpq_1)
                                 -0.150000    4.851293   clock uncertainty
                                  0.000000    4.851293   clock reconvergence pessimism
                                 -0.129131    4.722162   library setup time
                                              4.722162   data required time
---------------------------------------------------------------------------------------------
                                              4.722162   data required time
                                             -0.937169   data arrival time
---------------------------------------------------------------------------------------------
                                              3.784993   slack (MET)


Startpoint: _308_ (rising edge-triggered flip-flop clocked by clk)
Endpoint: _311_ (rising edge-triggered flip-flop clocked by clk)
Path Group: clk
Path Type: max

Fanout         Cap        Slew       Delay        Time   Description
---------------------------------------------------------------------------------------------
                                  0.000000    0.000000   clock clk (rise edge)
                                  0.000000    0.000000   clock source latency
     9    0.037747    0.000000    0.000000    0.000000 ^ clk (in)
                                                         clk (net)
                      0.002328    0.001164    0.001164 ^ _308_/CLK (sg13g2_dfrbpq_1)
    24    0.089014    0.275566    0.345682    0.346846 v _308_/Q (sg13g2_dfrbpq_1)
                                                         DPATH.SUM.fa_4.A (net)
                      0.275568    0.001128    0.347974 v _145_/B (sg13g2_nor2_1)
     2    0.006459    0.111878    0.128711    0.476685 ^ _145_/Y (sg13g2_nor2_1)
                                                         _104_ (net)
                      0.111878    0.000024    0.476710 ^ _178_/B (sg13g2_nand2_1)
     2    0.006807    0.065270    0.090683    0.567392 v _178_/Y (sg13g2_nand2_1)
                                                         _129_ (net)
                      0.065270    0.000037    0.567430 v _203_/B (sg13g2_nor3_1)
     2    0.009851    0.160992    0.165730    0.733160 ^ _203_/Y (sg13g2_nor3_1)
                                                         _018_ (net)
                      0.160992    0.000108    0.733267 ^ _204_/B (sg13g2_xnor2_1)
     1    0.001894    0.070519    0.120847    0.854114 ^ _204_/Y (sg13g2_xnor2_1)
                                                         CTRL.P1 (net)
                      0.070519    0.000013    0.854128 ^ _311_/D (sg13g2_dfrbpq_1)
                                              0.854128   data arrival time

                                  5.000000    5.000000   clock clk (rise edge)
                                  0.000000    5.000000   clock source latency
     9    0.037747    0.000000    0.000000    5.000000 ^ clk (in)
                                                         clk (net)
                      0.001092    0.000546    5.000546 ^ _311_/CLK (sg13g2_dfrbpq_1)
                                 -0.150000    4.850546   clock uncertainty
                                  0.000000    4.850546   clock reconvergence pessimism
                                 -0.131959    4.718587   library setup time
                                              4.718587   data required time
---------------------------------------------------------------------------------------------
                                              4.718587   data required time
                                             -0.854128   data arrival time
---------------------------------------------------------------------------------------------
                                              3.864460   slack (MET)


Startpoint: _304_ (rising edge-triggered flip-flop clocked by clk)
Endpoint: _306_ (rising edge-triggered flip-flop clocked by clk)
Path Group: clk
Path Type: max

Fanout         Cap        Slew       Delay        Time   Description
---------------------------------------------------------------------------------------------
                                  0.000000    0.000000   clock clk (rise edge)
                                  0.000000    0.000000   clock source latency
     9    0.037747    0.000000    0.000000    0.000000 ^ clk (in)
                                                         clk (net)
                      0.002924    0.001462    0.001462 ^ _304_/CLK (sg13g2_dfrbpq_1)
    16    0.068369    0.280004    0.338451    0.339913 ^ _304_/Q (sg13g2_dfrbpq_1)
                                                         DPATH.SUM.Cout0 (net)
                      0.280004    0.000334    0.340246 ^ _141_/A (sg13g2_inv_1)
     6    0.023896    0.131459    0.188101    0.528348 v _141_/Y (sg13g2_inv_1)
                                                         DPATH.SUM.ha_0.S (net)
                      0.131459    0.000096    0.528444 v _183_/A1 (sg13g2_o21ai_1)
     2    0.009365    0.135105    0.165249    0.693693 ^ _183_/Y (sg13g2_o21ai_1)
                                                         _132_ (net)
                      0.135105    0.000050    0.693742 ^ _186_/A (sg13g2_xor2_1)
     1    0.003046    0.061757    0.133215    0.826957 ^ _186_/X (sg13g2_xor2_1)
                                                         DPATH.SUM.fa_2.S (net)
                      0.061757    0.000042    0.826999 ^ _306_/D (sg13g2_dfrbpq_1)
                                              0.826999   data arrival time

                                  5.000000    5.000000   clock clk (rise edge)
                                  0.000000    5.000000   clock source latency
     9    0.037747    0.000000    0.000000    5.000000 ^ clk (in)
                                                         clk (net)
                      0.002922    0.001461    5.001461 ^ _306_/CLK (sg13g2_dfrbpq_1)
                                 -0.150000    4.851461   clock uncertainty
                                  0.000000    4.851461   clock reconvergence pessimism
                                 -0.128830    4.722631   library setup time
                                              4.722631   data required time
---------------------------------------------------------------------------------------------
                                              4.722631   data required time
                                             -0.826999   data arrival time
---------------------------------------------------------------------------------------------
                                              3.895632   slack (MET)


Startpoint: _305_ (rising edge-triggered flip-flop clocked by clk)
Endpoint: _305_ (rising edge-triggered flip-flop clocked by clk)
Path Group: clk
Path Type: max

Fanout         Cap        Slew       Delay        Time   Description
---------------------------------------------------------------------------------------------
                                  0.000000    0.000000   clock clk (rise edge)
                                  0.000000    0.000000   clock source latency
     9    0.037747    0.000000    0.000000    0.000000 ^ clk (in)
                                                         clk (net)
                      0.002912    0.001456    0.001456 ^ _305_/CLK (sg13g2_dfrbpq_1)
    17    0.069195    0.283387    0.340352    0.341808 ^ _305_/Q (sg13g2_dfrbpq_1)
                                                         DPATH.SUM.fa_1.A (net)
                      0.283477    0.001151    0.342958 ^ _181_/A (sg13g2_xnor2_1)
     2    0.009343    0.135861    0.176880    0.519838 ^ _181_/Y (sg13g2_xnor2_1)
                                                         _131_ (net)
                      0.135861    0.000067    0.519905 ^ _182_/B (sg13g2_xnor2_1)
     1    0.002619    0.080607    0.116127    0.636033 ^ _182_/Y (sg13g2_xnor2_1)
                                                         DPATH.SUM.fa_1.S (net)
                      0.080607    0.000030    0.636063 ^ _305_/D (sg13g2_dfrbpq_1)
                                              0.636063   data arrival time

                                  5.000000    5.000000   clock clk (rise edge)
                                  0.000000    5.000000   clock source latency
     9    0.037747    0.000000    0.000000    5.000000 ^ clk (in)
                                                         clk (net)
                      0.002912    0.001456    5.001456 ^ _305_/CLK (sg13g2_dfrbpq_1)
                                 -0.150000    4.851456   clock uncertainty
                                  0.000000    4.851456   clock reconvergence pessimism
                                 -0.134979    4.716477   library setup time
                                              4.716477   data required time
---------------------------------------------------------------------------------------------
                                              4.716477   data required time
                                             -0.636063   data arrival time
---------------------------------------------------------------------------------------------
                                              4.080414   slack (MET)


Startpoint: _304_ (rising edge-triggered flip-flop clocked by clk)
Endpoint: _304_ (rising edge-triggered flip-flop clocked by clk)
Path Group: clk
Path Type: max

Fanout         Cap        Slew       Delay        Time   Description
---------------------------------------------------------------------------------------------
                                  0.000000    0.000000   clock clk (rise edge)
                                  0.000000    0.000000   clock source latency
     9    0.037747    0.000000    0.000000    0.000000 ^ clk (in)
                                                         clk (net)
                      0.002924    0.001462    0.001462 ^ _304_/CLK (sg13g2_dfrbpq_1)
    16    0.068369    0.280004    0.338451    0.339913 ^ _304_/Q (sg13g2_dfrbpq_1)
                                                         DPATH.SUM.Cout0 (net)
                      0.280004    0.000334    0.340246 ^ _141_/A (sg13g2_inv_1)
     6    0.023896    0.131459    0.188101    0.528348 v _141_/Y (sg13g2_inv_1)
                                                         DPATH.SUM.ha_0.S (net)
                      0.131459    0.000086    0.528433 v _304_/D (sg13g2_dfrbpq_1)
                                              0.528433   data arrival time

                                  5.000000    5.000000   clock clk (rise edge)
                                  0.000000    5.000000   clock source latency
     9    0.037747    0.000000    0.000000    5.000000 ^ clk (in)
                                                         clk (net)
                      0.002924    0.001462    5.001462 ^ _304_/CLK (sg13g2_dfrbpq_1)
                                 -0.150000    4.851462   clock uncertainty
                                  0.000000    4.851462   clock reconvergence pessimism
                                 -0.157110    4.694352   library setup time
                                              4.694352   data required time
---------------------------------------------------------------------------------------------
                                              4.694352   data required time
                                             -0.528433   data arrival time
---------------------------------------------------------------------------------------------
                                              4.165918   slack (MET)



%OL_END_REPORT
%OL_CREATE_REPORT checks.rpt

===========================================================================
report_checks -unconstrained
===========================================================================
======================= nom_typ_1p20V_25C Corner ===================================

Startpoint: _305_ (rising edge-triggered flip-flop clocked by clk)
Endpoint: sine_out[1] (output port clocked by clk)
Path Group: clk
Path Type: max

Fanout         Cap        Slew       Delay        Time   Description
---------------------------------------------------------------------------------------------
                                  0.000000    0.000000   clock clk (rise edge)
                                  0.000000    0.000000   clock source latency
     9    0.037747    0.000000    0.000000    0.000000 ^ clk (in)
                                                         clk (net)
                      0.002912    0.001456    0.001456 ^ _305_/CLK (sg13g2_dfrbpq_1)
    17    0.069195    0.283387    0.340352    0.341808 ^ _305_/Q (sg13g2_dfrbpq_1)
                                                         DPATH.SUM.fa_1.A (net)
                      0.283495    0.002191    0.343998 ^ _212_/A (sg13g2_xor2_1)
     3    0.010410    0.119307    0.167743    0.511741 v _212_/X (sg13g2_xor2_1)
                                                         _025_ (net)
                      0.119307    0.000144    0.511885 v _213_/B (sg13g2_or2_1)
     4    0.015250    0.064612    0.166575    0.678460 v _213_/X (sg13g2_or2_1)
                                                         _026_ (net)
                      0.064612    0.000160    0.678620 v _214_/C (sg13g2_and3_1)
     3    0.011409    0.049824    0.119219    0.797839 v _214_/X (sg13g2_and3_1)
                                                         _027_ (net)
                      0.049824    0.000139    0.797978 v _249_/A2 (sg13g2_a221oi_1)
     1    0.003209    0.110690    0.150479    0.948457 ^ _249_/Y (sg13g2_a221oi_1)
                                                         _061_ (net)
                      0.110690    0.000018    0.948475 ^ _250_/B (sg13g2_nor2_1)
     1    0.003240    0.043292    0.053333    1.001809 v _250_/Y (sg13g2_nor2_1)
                                                         _062_ (net)
                      0.043292    0.000019    1.001828 v _256_/B (sg13g2_nor4_1)
     1    0.005833    0.161514    0.176527    1.178355 ^ _256_/Y (sg13g2_nor4_1)
                                                         _068_ (net)
                      0.161514    0.000137    1.178491 ^ _267_/B1 (sg13g2_a21oi_1)
     1    0.010000    0.085282    0.092216    1.270707 v _267_/Y (sg13g2_a21oi_1)
                                                         sine_out[1] (net)
                      0.085282    0.000000    1.270707 v sine_out[1] (out)
                                              1.270707   data arrival time

                                  5.000000    5.000000   clock clk (rise edge)
                                  0.000000    5.000000   clock network delay (propagated)
                                 -0.150000    4.850000   clock uncertainty
                                  0.000000    4.850000   clock reconvergence pessimism
                                 -1.000000    3.850000   output external delay
                                              3.850000   data required time
---------------------------------------------------------------------------------------------
                                              3.850000   data required time
                                             -1.270707   data arrival time
---------------------------------------------------------------------------------------------
                                              2.579293   slack (MET)




===========================================================================
report_checks --slack_max -0.01
============================================================================
======================= nom_typ_1p20V_25C Corner ===================================

No paths found.


===========================================================================
 report_check_types -max_slew -max_cap -max_fanout -violators
============================================================================
======================= nom_typ_1p20V_25C Corner ===================================

max fanout

Pin                                   Limit Fanout  Slack
---------------------------------------------------------
_308_/Q                                   8     24    -16 (VIOLATED)
_307_/Q                                   8     19    -11 (VIOLATED)
_309_/Q                                   8     19    -11 (VIOLATED)
_305_/Q                                   8     17     -9 (VIOLATED)
_310_/Q                                   8     17     -9 (VIOLATED)
_304_/Q                                   8     16     -8 (VIOLATED)
_312_/Q                                   8     13     -5 (VIOLATED)
_138_/Y                                   8     11     -3 (VIOLATED)
_306_/Q                                   8     11     -3 (VIOLATED)



===========================================================================
report_parasitic_annotation -report_unannotated
============================================================================
Found 0 unannotated drivers.
Found 20 partially unannotated drivers.
 _142_/Y
 _150_/Y
 _159_/Y
 _162_/Y
 _167_/Y
 _170_/Y
 _171_/Y
 _173_/Y
 _176_/Y
 _179_/Y
 _247_/Y
 _267_/Y
 _288_/Y
 _289_/Y
 _290_/Y
 _292_/Y
 _293_/Y
 _294_/Y
 _295_/Y
 _311_/Q

===========================================================================
max slew violation count 0
Writing metric design__max_slew_violation__count__corner:nom_typ_1p20V_25C: 0
max fanout violation count 9
Writing metric design__max_fanout_violation__count__corner:nom_typ_1p20V_25C: 9
max cap violation count 0
Writing metric design__max_cap_violation__count__corner:nom_typ_1p20V_25C: 0
============================================================================

===========================================================================
check_setup -verbose -unconstrained_endpoints -multiple_clock -no_clock -no_input_delay -loops -generated_clocks
===========================================================================
%OL_END_REPORT
%OL_CREATE_REPORT power.rpt

===========================================================================
 report_power
============================================================================
======================= nom_typ_1p20V_25C Corner ===================================

Group                    Internal    Switching      Leakage        Total
                            Power        Power        Power        Power (Watts)
------------------------------------------------------------------------
Sequential           9.486207e-05 0.000000e+00 4.413533e-09 9.486649e-05  99.0%
Combinational        2.948010e-07 6.720326e-07 1.856447e-08 9.853981e-07   1.0%
Clock                0.000000e+00 0.000000e+00 0.000000e+00 0.000000e+00   0.0%
Macro                0.000000e+00 0.000000e+00 0.000000e+00 0.000000e+00   0.0%
Pad                  0.000000e+00 0.000000e+00 0.000000e+00 0.000000e+00   0.0%
------------------------------------------------------------------------
Total                9.515687e-05 6.720326e-07 2.297800e-08 9.585188e-05 100.0%
                            99.3%         0.7%         0.0%
Writing metric power__internal__total: 9.515687270322815e-5
Writing metric power__switching__total: 6.720325700371177e-7
Writing metric power__leakage__total: 2.2977996394502043e-8
Writing metric power__total: 9.585187945049256e-5

%OL_END_REPORT
%OL_CREATE_REPORT skew.min.rpt

===========================================================================
Clock Skew (Hold)
============================================================================
Writing metric clock__skew__worst_hold__corner:nom_typ_1p20V_25C: -0.15091414656209995
======================= nom_typ_1p20V_25C Corner ===================================

Clock clk
0.000547 source latency _312_/CLK ^
-0.001461 target latency _306_/CLK ^
-0.150000 clock uncertainty
0.000000 CRPR
--------------
-0.150914 hold skew

%OL_END_REPORT
%OL_CREATE_REPORT skew.max.rpt

===========================================================================
Clock Skew (Setup)
============================================================================
Writing metric clock__skew__worst_setup__corner:nom_typ_1p20V_25C: 0.150915811896684
======================= nom_typ_1p20V_25C Corner ===================================

Clock clk
0.001462 source latency _304_/CLK ^
-0.000546 target latency _311_/CLK ^
0.150000 clock uncertainty
0.000000 CRPR
--------------
0.150916 setup skew

%OL_END_REPORT
%OL_CREATE_REPORT ws.min.rpt

===========================================================================
Worst Slack (Hold)
============================================================================
Writing metric timing__hold__ws__corner:nom_typ_1p20V_25C: 0.07206695166832663
nom_typ_1p20V_25C: 0.07206695166832663
%OL_END_REPORT
%OL_CREATE_REPORT ws.max.rpt

===========================================================================
Worst Slack (Setup)
============================================================================
Writing metric timing__setup__ws__corner:nom_typ_1p20V_25C: 2.5792928523062497
nom_typ_1p20V_25C: 2.5792928523062497
%OL_END_REPORT
%OL_CREATE_REPORT tns.min.rpt

===========================================================================
Total Negative Slack (Hold)
============================================================================
Writing metric timing__hold__tns__corner:nom_typ_1p20V_25C: 0.0
nom_typ_1p20V_25C: 0.0
%OL_END_REPORT
%OL_CREATE_REPORT tns.max.rpt

===========================================================================
Total Negative Slack (Setup)
============================================================================
Writing metric timing__setup__tns__corner:nom_typ_1p20V_25C: 0.0
nom_typ_1p20V_25C: 0.0
%OL_END_REPORT
%OL_CREATE_REPORT wns.min.rpt

===========================================================================
Worst Negative Slack (Hold)
============================================================================
Writing metric timing__hold__wns__corner:nom_typ_1p20V_25C: 0
nom_typ_1p20V_25C: 0
%OL_END_REPORT
%OL_CREATE_REPORT wns.max.rpt

===========================================================================
Worst Negative Slack (Setup)
============================================================================
Writing metric timing__setup__wns__corner:nom_typ_1p20V_25C: 0.0
nom_typ_1p20V_25C: 0.0
%OL_END_REPORT
%OL_CREATE_REPORT violator_list.rpt

===========================================================================
Violator List
============================================================================
Writing metric timing__hold_vio__count__corner:nom_typ_1p20V_25C: 0
Writing metric timing__hold_r2r__ws__corner:nom_typ_1p20V_25C: 0.277711
Writing metric timing__hold_r2r_vio__count__corner:nom_typ_1p20V_25C: 0
Writing metric timing__setup_vio__count__corner:nom_typ_1p20V_25C: 0
Writing metric timing__setup_r2r__ws__corner:nom_typ_1p20V_25C: 3.397005
Writing metric timing__setup_r2r_vio__count__corner:nom_typ_1p20V_25C: 0
%OL_END_REPORT
%OL_CREATE_REPORT unpropagated.rpt
%OL_END_REPORT
%OL_CREATE_REPORT clock.rpt
Clock: clk
Sources: clk 
Generated: no
Virtual: yes
Propagated: no
Period: 5.000000

===========================================================================
report_clock_properties
============================================================================
Clock                   Period          Waveform
----------------------------------------------------
clk                   5.000000    0.000000  2.500000

===========================================================================
report_clock_latency
============================================================================
Clock clk
rise -> rise
    min     max
0.000000 0.000000 source latency
0.000546         network latency _311_/CLK
        0.001462 network latency _304_/CLK
---------------
0.000546 0.001462 latency
        0.000916 skew

fall -> fall
    min     max
0.000000 0.000000 source latency
0.000488         network latency _311_/CLK
        0.001300 network latency _304_/CLK
---------------
0.000488 0.001300 latency
        0.000812 skew



===========================================================================
report_clock_min_period
============================================================================
clk period_min = 1.60 fmax = 623.83
%OL_END_REPORT
