Reading timing models for corner nom_typ_1p20V_25C…
Reading timing library for the 'nom_typ_1p20V_25C' corner at '/opt/pdks/ciel/ihp-sg13g2/versions/c4b8b4e5e7a05f375cca3815d51b3a37721fbf5c/ihp-sg13g2/libs.ref/sg13g2_stdcell/lib/sg13g2_stdcell_typ_1p20V_25C.lib'…
Reading timing library for the 'nom_typ_1p20V_25C' corner at '/opt/pdks/ciel/ihp-sg13g2/versions/c4b8b4e5e7a05f375cca3815d51b3a37721fbf5c/ihp-sg13g2/libs.ref/sg13g2_io/lib/sg13g2_io_typ_1p2V_3p3V_25C.lib'…
Reading OpenROAD database at '/home/designer/shared/BASIC/current_generator/digital/DigitalSine/runs/RUN_2026-03-28_21-39-37/37-openroad-resizertimingpostcts/DigitalSine.odb'…
Reading design constraints file at '/home/designer/shared/BASIC/current_generator/digital/DigitalSine/cons.sdc'…
[WARNING STA-1551] /home/designer/shared/BASIC/current_generator/digital/DigitalSine/cons.sdc line 22, 'rst' is not a valid endpoint.
[WARNING STA-0441] set_input_delay relative to a clock defined on the same port/pin not allowed.
[WARNING STA-0441] set_input_delay relative to a clock defined on the same port/pin not allowed.
[WARNING STA-0441] set_input_delay relative to a clock defined on the same port/pin not allowed.
[WARNING STA-0441] set_input_delay relative to a clock defined on the same port/pin not allowed.
[INFO] No information on clock propagation in input SDC file-- propagating all clocks.
%OL_CREATE_REPORT min.rpt

===========================================================================
report_checks -path_delay min (Hold)
============================================================================
======================= nom_typ_1p20V_25C Corner ===================================

Startpoint: _311_ (rising edge-triggered flip-flop clocked by clk)
Endpoint: sign (output port clocked by clk)
Path Group: clk
Path Type: min

Fanout         Cap        Slew       Delay        Time   Description
---------------------------------------------------------------------------------------------
                                  0.000000    0.000000   clock clk (rise edge)
                                  0.000000    0.000000   clock source latency
     1    0.022646    0.000000    0.000000    0.000000 ^ clk (in)
                                                         clk (net)
                      0.001423    0.000711    0.000711 ^ clkbuf_0_clk/A (sg13g2_buf_16)
     2    0.038127    0.022237    0.054876    0.055587 ^ clkbuf_0_clk/X (sg13g2_buf_16)
                                                         clknet_0_clk (net)
                      0.022241    0.000546    0.056133 ^ clkbuf_1_0__f_clk/A (sg13g2_buf_16)
     5    0.021275    0.019382    0.061694    0.117827 ^ clkbuf_1_0__f_clk/X (sg13g2_buf_16)
                                                         clknet_1_0__leaf_clk (net)
                      0.019384    0.000301    0.118128 ^ _311_/CLK (sg13g2_dfrbpq_1)
     2    0.004896    0.024786    0.164182    0.282310 v _311_/Q (sg13g2_dfrbpq_1)
                                                         net2 (net)
                      0.024786    0.000051    0.282362 v output2/A (sg13g2_buf_1)
     1    0.030000    0.099503    0.125367    0.407729 v output2/X (sg13g2_buf_1)
                                                         sign (net)
                      0.099503    0.000000    0.407729 v sign (out)
                                              0.407729   data arrival time

                                  0.000000    0.000000   clock clk (rise edge)
                                  0.000000    0.000000   clock network delay (propagated)
                                  0.150000    0.150000   clock uncertainty
                                  0.000000    0.150000   clock reconvergence pessimism
                                  0.000000    0.150000   output external delay
                                              0.150000   data required time
---------------------------------------------------------------------------------------------
                                              0.150000   data required time
                                             -0.407729   data arrival time
---------------------------------------------------------------------------------------------
                                              0.257729   slack (MET)


Startpoint: _312_ (rising edge-triggered flip-flop clocked by clk)
Endpoint: _312_ (rising edge-triggered flip-flop clocked by clk)
Path Group: clk
Path Type: min

Fanout         Cap        Slew       Delay        Time   Description
---------------------------------------------------------------------------------------------
                                  0.000000    0.000000   clock clk (rise edge)
                                  0.000000    0.000000   clock source latency
     1    0.022646    0.000000    0.000000    0.000000 ^ clk (in)
                                                         clk (net)
                      0.001423    0.000711    0.000711 ^ clkbuf_0_clk/A (sg13g2_buf_16)
     2    0.038127    0.022237    0.054876    0.055587 ^ clkbuf_0_clk/X (sg13g2_buf_16)
                                                         clknet_0_clk (net)
                      0.022241    0.000546    0.056133 ^ clkbuf_1_0__f_clk/A (sg13g2_buf_16)
     5    0.021275    0.019382    0.061694    0.117827 ^ clkbuf_1_0__f_clk/X (sg13g2_buf_16)
                                                         clknet_1_0__leaf_clk (net)
                      0.019384    0.000270    0.118097 ^ _312_/CLK (sg13g2_dfrbpq_1)
     1    0.003448    0.020904    0.160643    0.278740 v _312_/Q (sg13g2_dfrbpq_1)
                                                         CTRL.S0 (net)
                      0.020904    0.000041    0.278781 v fanout24/A (sg13g2_buf_1)
     6    0.028111    0.092887    0.119049    0.397831 v fanout24/X (sg13g2_buf_1)
                                                         net24 (net)
                      0.092887    0.000158    0.397989 v _206_/B1 (sg13g2_a21oi_1)
     1    0.003724    0.050731    0.064037    0.462026 ^ _206_/Y (sg13g2_a21oi_1)
                                                         _020_ (net)
                      0.050731    0.000036    0.462061 ^ _207_/B (sg13g2_nor2_1)
     1    0.002018    0.020334    0.033510    0.495571 v _207_/Y (sg13g2_nor2_1)
                                                         CTRL.P0 (net)
                      0.020334    0.000016    0.495587 v _312_/D (sg13g2_dfrbpq_1)
                                              0.495587   data arrival time

                                  0.000000    0.000000   clock clk (rise edge)
                                  0.000000    0.000000   clock source latency
     1    0.022646    0.000000    0.000000    0.000000 ^ clk (in)
                                                         clk (net)
                      0.001423    0.000711    0.000711 ^ clkbuf_0_clk/A (sg13g2_buf_16)
     2    0.038127    0.022237    0.054876    0.055587 ^ clkbuf_0_clk/X (sg13g2_buf_16)
                                                         clknet_0_clk (net)
                      0.022241    0.000546    0.056133 ^ clkbuf_1_0__f_clk/A (sg13g2_buf_16)
     5    0.021275    0.019382    0.061694    0.117827 ^ clkbuf_1_0__f_clk/X (sg13g2_buf_16)
                                                         clknet_1_0__leaf_clk (net)
                      0.019384    0.000270    0.118097 ^ _312_/CLK (sg13g2_dfrbpq_1)
                                  0.150000    0.268097   clock uncertainty
                                  0.000000    0.268097   clock reconvergence pessimism
                                 -0.034619    0.233478   library hold time
                                              0.233478   data required time
---------------------------------------------------------------------------------------------
                                              0.233478   data required time
                                             -0.495587   data arrival time
---------------------------------------------------------------------------------------------
                                              0.262109   slack (MET)


Startpoint: _308_ (rising edge-triggered flip-flop clocked by clk)
Endpoint: sine_out[8] (output port clocked by clk)
Path Group: clk
Path Type: min

Fanout         Cap        Slew       Delay        Time   Description
---------------------------------------------------------------------------------------------
                                  0.000000    0.000000   clock clk (rise edge)
                                  0.000000    0.000000   clock source latency
     1    0.022646    0.000000    0.000000    0.000000 ^ clk (in)
                                                         clk (net)
                      0.001423    0.000711    0.000711 ^ clkbuf_0_clk/A (sg13g2_buf_16)
     2    0.038127    0.022237    0.054876    0.055587 ^ clkbuf_0_clk/X (sg13g2_buf_16)
                                                         clknet_0_clk (net)
                      0.022241    0.000546    0.056133 ^ clkbuf_1_0__f_clk/A (sg13g2_buf_16)
     5    0.021275    0.019382    0.061694    0.117827 ^ clkbuf_1_0__f_clk/X (sg13g2_buf_16)
                                                         clknet_1_0__leaf_clk (net)
                      0.019385    0.000434    0.118262 ^ _308_/CLK (sg13g2_dfrbpq_1)
     3    0.015419    0.070858    0.198439    0.316701 ^ _308_/Q (sg13g2_dfrbpq_1)
                                                         DPATH.SUM.fa_4.A (net)
                      0.070862    0.000589    0.317290 ^ _295_/A1 (sg13g2_a21oi_1)
     1    0.003263    0.034360    0.069453    0.386743 v _295_/Y (sg13g2_a21oi_1)
                                                         net20 (net)
                      0.034360    0.000037    0.386780 v output20/A (sg13g2_buf_1)
     1    0.010000    0.040989    0.081616    0.468397 v output20/X (sg13g2_buf_1)
                                                         sine_out[8] (net)
                      0.040989    0.000000    0.468397 v sine_out[8] (out)
                                              0.468397   data arrival time

                                  0.000000    0.000000   clock clk (rise edge)
                                  0.000000    0.000000   clock network delay (propagated)
                                  0.150000    0.150000   clock uncertainty
                                  0.000000    0.150000   clock reconvergence pessimism
                                  0.000000    0.150000   output external delay
                                              0.150000   data required time
---------------------------------------------------------------------------------------------
                                              0.150000   data required time
                                             -0.468397   data arrival time
---------------------------------------------------------------------------------------------
                                              0.318396   slack (MET)


Startpoint: _308_ (rising edge-triggered flip-flop clocked by clk)
Endpoint: sine_out[7] (output port clocked by clk)
Path Group: clk
Path Type: min

Fanout         Cap        Slew       Delay        Time   Description
---------------------------------------------------------------------------------------------
                                  0.000000    0.000000   clock clk (rise edge)
                                  0.000000    0.000000   clock source latency
     1    0.022646    0.000000    0.000000    0.000000 ^ clk (in)
                                                         clk (net)
                      0.001423    0.000711    0.000711 ^ clkbuf_0_clk/A (sg13g2_buf_16)
     2    0.038127    0.022237    0.054876    0.055587 ^ clkbuf_0_clk/X (sg13g2_buf_16)
                                                         clknet_0_clk (net)
                      0.022241    0.000546    0.056133 ^ clkbuf_1_0__f_clk/A (sg13g2_buf_16)
     5    0.021275    0.019382    0.061694    0.117827 ^ clkbuf_1_0__f_clk/X (sg13g2_buf_16)
                                                         clknet_1_0__leaf_clk (net)
                      0.019385    0.000434    0.118262 ^ _308_/CLK (sg13g2_dfrbpq_1)
     3    0.015419    0.070858    0.198439    0.316701 ^ _308_/Q (sg13g2_dfrbpq_1)
                                                         DPATH.SUM.fa_4.A (net)
                      0.070861    0.000575    0.317276 ^ _294_/A1 (sg13g2_a21oi_1)
     1    0.003801    0.035721    0.071934    0.389210 v _294_/Y (sg13g2_a21oi_1)
                                                         net19 (net)
                      0.035721    0.000056    0.389266 v output19/A (sg13g2_buf_1)
     1    0.010000    0.041023    0.082199    0.471464 v output19/X (sg13g2_buf_1)
                                                         sine_out[7] (net)
                      0.041023    0.000000    0.471464 v sine_out[7] (out)
                                              0.471464   data arrival time

                                  0.000000    0.000000   clock clk (rise edge)
                                  0.000000    0.000000   clock network delay (propagated)
                                  0.150000    0.150000   clock uncertainty
                                  0.000000    0.150000   clock reconvergence pessimism
                                  0.000000    0.150000   output external delay
                                              0.150000   data required time
---------------------------------------------------------------------------------------------
                                              0.150000   data required time
                                             -0.471464   data arrival time
---------------------------------------------------------------------------------------------
                                              0.321464   slack (MET)


Startpoint: _304_ (rising edge-triggered flip-flop clocked by clk)
Endpoint: _311_ (rising edge-triggered flip-flop clocked by clk)
Path Group: clk
Path Type: min

Fanout         Cap        Slew       Delay        Time   Description
---------------------------------------------------------------------------------------------
                                  0.000000    0.000000   clock clk (rise edge)
                                  0.000000    0.000000   clock source latency
     1    0.022646    0.000000    0.000000    0.000000 ^ clk (in)
                                                         clk (net)
                      0.001423    0.000711    0.000711 ^ clkbuf_0_clk/A (sg13g2_buf_16)
     2    0.038127    0.022237    0.054876    0.055587 ^ clkbuf_0_clk/X (sg13g2_buf_16)
                                                         clknet_0_clk (net)
                      0.022238    0.000448    0.056035 ^ clkbuf_1_1__f_clk/A (sg13g2_buf_16)
     5    0.019529    0.018980    0.061357    0.117392 ^ clkbuf_1_1__f_clk/X (sg13g2_buf_16)
                                                         clknet_1_1__leaf_clk (net)
                      0.018982    0.000359    0.117750 ^ _304_/CLK (sg13g2_dfrbpq_1)
     1    0.002392    0.018197    0.157874    0.275624 v _304_/Q (sg13g2_dfrbpq_1)
                                                         DPATH.SUM.Cout0 (net)
                      0.018197    0.000012    0.275636 v fanout41/A (sg13g2_buf_1)
     6    0.027201    0.090212    0.115588    0.391224 v fanout41/X (sg13g2_buf_1)
                                                         net41 (net)
                      0.090263    0.001177    0.392401 v _202_/B (sg13g2_nand3b_1)
     1    0.003132    0.033360    0.062225    0.454627 ^ _202_/Y (sg13g2_nand3b_1)
                                                         _017_ (net)
                      0.033360    0.000016    0.454643 ^ _203_/C (sg13g2_nor3_1)
     2    0.010263    0.040707    0.050479    0.505122 v _203_/Y (sg13g2_nor3_1)
                                                         _018_ (net)
                      0.040707    0.000076    0.505198 v _204_/B (sg13g2_xnor2_1)
     1    0.002584    0.030937    0.055982    0.561180 v _204_/Y (sg13g2_xnor2_1)
                                                         CTRL.P1 (net)
                      0.030937    0.000029    0.561209 v _311_/D (sg13g2_dfrbpq_1)
                                              0.561209   data arrival time

                                  0.000000    0.000000   clock clk (rise edge)
                                  0.000000    0.000000   clock source latency
     1    0.022646    0.000000    0.000000    0.000000 ^ clk (in)
                                                         clk (net)
                      0.001423    0.000711    0.000711 ^ clkbuf_0_clk/A (sg13g2_buf_16)
     2    0.038127    0.022237    0.054876    0.055587 ^ clkbuf_0_clk/X (sg13g2_buf_16)
                                                         clknet_0_clk (net)
                      0.022241    0.000546    0.056133 ^ clkbuf_1_0__f_clk/A (sg13g2_buf_16)
     5    0.021275    0.019382    0.061694    0.117827 ^ clkbuf_1_0__f_clk/X (sg13g2_buf_16)
                                                         clknet_1_0__leaf_clk (net)
                      0.019384    0.000301    0.118128 ^ _311_/CLK (sg13g2_dfrbpq_1)
                                  0.150000    0.268128   clock uncertainty
                                  0.000000    0.268128   clock reconvergence pessimism
                                 -0.037978    0.230150   library hold time
                                              0.230150   data required time
---------------------------------------------------------------------------------------------
                                              0.230150   data required time
                                             -0.561209   data arrival time
---------------------------------------------------------------------------------------------
                                              0.331059   slack (MET)


Startpoint: _312_ (rising edge-triggered flip-flop clocked by clk)
Endpoint: _306_ (rising edge-triggered flip-flop clocked by clk)
Path Group: clk
Path Type: min

Fanout         Cap        Slew       Delay        Time   Description
---------------------------------------------------------------------------------------------
                                  0.000000    0.000000   clock clk (rise edge)
                                  0.000000    0.000000   clock source latency
     1    0.022646    0.000000    0.000000    0.000000 ^ clk (in)
                                                         clk (net)
                      0.001423    0.000711    0.000711 ^ clkbuf_0_clk/A (sg13g2_buf_16)
     2    0.038127    0.022237    0.054876    0.055587 ^ clkbuf_0_clk/X (sg13g2_buf_16)
                                                         clknet_0_clk (net)
                      0.022241    0.000546    0.056133 ^ clkbuf_1_0__f_clk/A (sg13g2_buf_16)
     5    0.021275    0.019382    0.061694    0.117827 ^ clkbuf_1_0__f_clk/X (sg13g2_buf_16)
                                                         clknet_1_0__leaf_clk (net)
                      0.019384    0.000270    0.118097 ^ _312_/CLK (sg13g2_dfrbpq_1)
     1    0.003448    0.020904    0.160643    0.278740 v _312_/Q (sg13g2_dfrbpq_1)
                                                         CTRL.S0 (net)
                      0.020904    0.000041    0.278781 v fanout24/A (sg13g2_buf_1)
     6    0.028111    0.092887    0.119049    0.397831 v fanout24/X (sg13g2_buf_1)
                                                         net24 (net)
                      0.092926    0.000824    0.398654 v _185_/B (sg13g2_xor2_1)
     2    0.009094    0.044502    0.105699    0.504353 v _185_/X (sg13g2_xor2_1)
                                                         _134_ (net)
                      0.044502    0.000079    0.504432 v _186_/B (sg13g2_xor2_1)
     1    0.003276    0.028541    0.058874    0.563306 v _186_/X (sg13g2_xor2_1)
                                                         DPATH.SUM.fa_2.S (net)
                      0.028541    0.000050    0.563356 v _306_/D (sg13g2_dfrbpq_1)
                                              0.563356   data arrival time

                                  0.000000    0.000000   clock clk (rise edge)
                                  0.000000    0.000000   clock source latency
     1    0.022646    0.000000    0.000000    0.000000 ^ clk (in)
                                                         clk (net)
                      0.001423    0.000711    0.000711 ^ clkbuf_0_clk/A (sg13g2_buf_16)
     2    0.038127    0.022237    0.054876    0.055587 ^ clkbuf_0_clk/X (sg13g2_buf_16)
                                                         clknet_0_clk (net)
                      0.022238    0.000448    0.056035 ^ clkbuf_1_1__f_clk/A (sg13g2_buf_16)
     5    0.019529    0.018980    0.061357    0.117392 ^ clkbuf_1_1__f_clk/X (sg13g2_buf_16)
                                                         clknet_1_1__leaf_clk (net)
                      0.018982    0.000346    0.117738 ^ _306_/CLK (sg13g2_dfrbpq_1)
                                  0.150000    0.267738   clock uncertainty
                                  0.000000    0.267738   clock reconvergence pessimism
                                 -0.037302    0.230436   library hold time
                                              0.230436   data required time
---------------------------------------------------------------------------------------------
                                              0.230436   data required time
                                             -0.563356   data arrival time
---------------------------------------------------------------------------------------------
                                              0.332920   slack (MET)


Startpoint: _312_ (rising edge-triggered flip-flop clocked by clk)
Endpoint: _307_ (rising edge-triggered flip-flop clocked by clk)
Path Group: clk
Path Type: min

Fanout         Cap        Slew       Delay        Time   Description
---------------------------------------------------------------------------------------------
                                  0.000000    0.000000   clock clk (rise edge)
                                  0.000000    0.000000   clock source latency
     1    0.022646    0.000000    0.000000    0.000000 ^ clk (in)
                                                         clk (net)
                      0.001423    0.000711    0.000711 ^ clkbuf_0_clk/A (sg13g2_buf_16)
     2    0.038127    0.022237    0.054876    0.055587 ^ clkbuf_0_clk/X (sg13g2_buf_16)
                                                         clknet_0_clk (net)
                      0.022241    0.000546    0.056133 ^ clkbuf_1_0__f_clk/A (sg13g2_buf_16)
     5    0.021275    0.019382    0.061694    0.117827 ^ clkbuf_1_0__f_clk/X (sg13g2_buf_16)
                                                         clknet_1_0__leaf_clk (net)
                      0.019384    0.000270    0.118097 ^ _312_/CLK (sg13g2_dfrbpq_1)
     1    0.003448    0.020904    0.160643    0.278740 v _312_/Q (sg13g2_dfrbpq_1)
                                                         CTRL.S0 (net)
                      0.020904    0.000041    0.278781 v fanout24/A (sg13g2_buf_1)
     6    0.028111    0.092887    0.119049    0.397831 v fanout24/X (sg13g2_buf_1)
                                                         net24 (net)
                      0.092924    0.000732    0.398563 v _189_/B (sg13g2_xnor2_1)
     2    0.009337    0.067318    0.105542    0.504105 v _189_/Y (sg13g2_xnor2_1)
                                                         _137_ (net)
                      0.067318    0.000086    0.504191 v _190_/B (sg13g2_xor2_1)
     1    0.001962    0.024783    0.061807    0.565998 v _190_/X (sg13g2_xor2_1)
                                                         DPATH.SUM.fa_3.S (net)
                      0.024783    0.000015    0.566013 v _307_/D (sg13g2_dfrbpq_1)
                                              0.566013   data arrival time

                                  0.000000    0.000000   clock clk (rise edge)
                                  0.000000    0.000000   clock source latency
     1    0.022646    0.000000    0.000000    0.000000 ^ clk (in)
                                                         clk (net)
                      0.001423    0.000711    0.000711 ^ clkbuf_0_clk/A (sg13g2_buf_16)
     2    0.038127    0.022237    0.054876    0.055587 ^ clkbuf_0_clk/X (sg13g2_buf_16)
                                                         clknet_0_clk (net)
                      0.022238    0.000448    0.056035 ^ clkbuf_1_1__f_clk/A (sg13g2_buf_16)
     5    0.019529    0.018980    0.061357    0.117392 ^ clkbuf_1_1__f_clk/X (sg13g2_buf_16)
                                                         clknet_1_1__leaf_clk (net)
                      0.018982    0.000296    0.117688 ^ _307_/CLK (sg13g2_dfrbpq_1)
                                  0.150000    0.267688   clock uncertainty
                                  0.000000    0.267688   clock reconvergence pessimism
                                 -0.036112    0.231576   library hold time
                                              0.231576   data required time
---------------------------------------------------------------------------------------------
                                              0.231576   data required time
                                             -0.566013   data arrival time
---------------------------------------------------------------------------------------------
                                              0.334437   slack (MET)


Startpoint: _310_ (rising edge-triggered flip-flop clocked by clk)
Endpoint: sine_out[1] (output port clocked by clk)
Path Group: clk
Path Type: min

Fanout         Cap        Slew       Delay        Time   Description
---------------------------------------------------------------------------------------------
                                  0.000000    0.000000   clock clk (rise edge)
                                  0.000000    0.000000   clock source latency
     1    0.022646    0.000000    0.000000    0.000000 ^ clk (in)
                                                         clk (net)
                      0.001423    0.000711    0.000711 ^ clkbuf_0_clk/A (sg13g2_buf_16)
     2    0.038127    0.022237    0.054876    0.055587 ^ clkbuf_0_clk/X (sg13g2_buf_16)
                                                         clknet_0_clk (net)
                      0.022241    0.000546    0.056133 ^ clkbuf_1_0__f_clk/A (sg13g2_buf_16)
     5    0.021275    0.019382    0.061694    0.117827 ^ clkbuf_1_0__f_clk/X (sg13g2_buf_16)
                                                         clknet_1_0__leaf_clk (net)
                      0.019384    0.000334    0.118161 ^ _310_/CLK (sg13g2_dfrbpq_1)
     3    0.013488    0.063405    0.192883    0.311044 ^ _310_/Q (sg13g2_dfrbpq_1)
                                                         DPATH.SUM.fa_6.A (net)
                      0.063407    0.000439    0.311483 ^ _256_/A (sg13g2_nor4_1)
     1    0.005737    0.030243    0.062456    0.373938 v _256_/Y (sg13g2_nor4_1)
                                                         _068_ (net)
                      0.030244    0.000135    0.374073 v _267_/B1 (sg13g2_a21oi_1)
     1    0.004171    0.040724    0.046407    0.420481 ^ _267_/Y (sg13g2_a21oi_1)
                                                         net13 (net)
                      0.040724    0.000068    0.420549 ^ output13/A (sg13g2_buf_1)
     1    0.010000    0.051130    0.085574    0.506123 ^ output13/X (sg13g2_buf_1)
                                                         sine_out[1] (net)
                      0.051130    0.000000    0.506123 ^ sine_out[1] (out)
                                              0.506123   data arrival time

                                  0.000000    0.000000   clock clk (rise edge)
                                  0.000000    0.000000   clock network delay (propagated)
                                  0.150000    0.150000   clock uncertainty
                                  0.000000    0.150000   clock reconvergence pessimism
                                  0.000000    0.150000   output external delay
                                              0.150000   data required time
---------------------------------------------------------------------------------------------
                                              0.150000   data required time
                                             -0.506123   data arrival time
---------------------------------------------------------------------------------------------
                                              0.356123   slack (MET)


Startpoint: _310_ (rising edge-triggered flip-flop clocked by clk)
Endpoint: _310_ (rising edge-triggered flip-flop clocked by clk)
Path Group: clk
Path Type: min

Fanout         Cap        Slew       Delay        Time   Description
---------------------------------------------------------------------------------------------
                                  0.000000    0.000000   clock clk (rise edge)
                                  0.000000    0.000000   clock source latency
     1    0.022646    0.000000    0.000000    0.000000 ^ clk (in)
                                                         clk (net)
                      0.001423    0.000711    0.000711 ^ clkbuf_0_clk/A (sg13g2_buf_16)
     2    0.038127    0.022237    0.054876    0.055587 ^ clkbuf_0_clk/X (sg13g2_buf_16)
                                                         clknet_0_clk (net)
                      0.022241    0.000546    0.056133 ^ clkbuf_1_0__f_clk/A (sg13g2_buf_16)
     5    0.021275    0.019382    0.061694    0.117827 ^ clkbuf_1_0__f_clk/X (sg13g2_buf_16)
                                                         clknet_1_0__leaf_clk (net)
                      0.019384    0.000334    0.118161 ^ _310_/CLK (sg13g2_dfrbpq_1)
     3    0.013439    0.049479    0.184906    0.303068 v _310_/Q (sg13g2_dfrbpq_1)
                                                         DPATH.SUM.fa_6.A (net)
                      0.049479    0.000089    0.303157 v fanout26/A (sg13g2_buf_1)
     8    0.032599    0.106493    0.141799    0.444956 v fanout26/X (sg13g2_buf_1)
                                                         net26 (net)
                      0.106493    0.000177    0.445133 v _200_/B (sg13g2_xnor2_1)
     1    0.005303    0.046763    0.090283    0.535416 v _200_/Y (sg13g2_xnor2_1)
                                                         _016_ (net)
                      0.046763    0.000031    0.535447 v _201_/B (sg13g2_xnor2_1)
     1    0.001962    0.027717    0.055294    0.590741 v _201_/Y (sg13g2_xnor2_1)
                                                         DPATH.SUM.fa_6.S (net)
                      0.027717    0.000015    0.590756 v _310_/D (sg13g2_dfrbpq_1)
                                              0.590756   data arrival time

                                  0.000000    0.000000   clock clk (rise edge)
                                  0.000000    0.000000   clock source latency
     1    0.022646    0.000000    0.000000    0.000000 ^ clk (in)
                                                         clk (net)
                      0.001423    0.000711    0.000711 ^ clkbuf_0_clk/A (sg13g2_buf_16)
     2    0.038127    0.022237    0.054876    0.055587 ^ clkbuf_0_clk/X (sg13g2_buf_16)
                                                         clknet_0_clk (net)
                      0.022241    0.000546    0.056133 ^ clkbuf_1_0__f_clk/A (sg13g2_buf_16)
     5    0.021275    0.019382    0.061694    0.117827 ^ clkbuf_1_0__f_clk/X (sg13g2_buf_16)
                                                         clknet_1_0__leaf_clk (net)
                      0.019384    0.000334    0.118161 ^ _310_/CLK (sg13g2_dfrbpq_1)
                                  0.150000    0.268161   clock uncertainty
                                  0.000000    0.268161   clock reconvergence pessimism
                                 -0.036958    0.231204   library hold time
                                              0.231204   data required time
---------------------------------------------------------------------------------------------
                                              0.231204   data required time
                                             -0.590756   data arrival time
---------------------------------------------------------------------------------------------
                                              0.359552   slack (MET)


Startpoint: _312_ (rising edge-triggered flip-flop clocked by clk)
Endpoint: _308_ (rising edge-triggered flip-flop clocked by clk)
Path Group: clk
Path Type: min

Fanout         Cap        Slew       Delay        Time   Description
---------------------------------------------------------------------------------------------
                                  0.000000    0.000000   clock clk (rise edge)
                                  0.000000    0.000000   clock source latency
     1    0.022646    0.000000    0.000000    0.000000 ^ clk (in)
                                                         clk (net)
                      0.001423    0.000711    0.000711 ^ clkbuf_0_clk/A (sg13g2_buf_16)
     2    0.038127    0.022237    0.054876    0.055587 ^ clkbuf_0_clk/X (sg13g2_buf_16)
                                                         clknet_0_clk (net)
                      0.022241    0.000546    0.056133 ^ clkbuf_1_0__f_clk/A (sg13g2_buf_16)
     5    0.021275    0.019382    0.061694    0.117827 ^ clkbuf_1_0__f_clk/X (sg13g2_buf_16)
                                                         clknet_1_0__leaf_clk (net)
                      0.019384    0.000270    0.118097 ^ _312_/CLK (sg13g2_dfrbpq_1)
     1    0.003448    0.020904    0.160643    0.278740 v _312_/Q (sg13g2_dfrbpq_1)
                                                         CTRL.S0 (net)
                      0.020904    0.000041    0.278781 v fanout24/A (sg13g2_buf_1)
     6    0.028111    0.092887    0.119049    0.397831 v fanout24/X (sg13g2_buf_1)
                                                         net24 (net)
                      0.092925    0.000791    0.398622 v _188_/B (sg13g2_nand2_1)
     1    0.004368    0.043882    0.063101    0.461723 ^ _188_/Y (sg13g2_nand2_1)
                                                         _136_ (net)
                      0.043882    0.000051    0.461774 ^ _193_/B1 (sg13g2_o21ai_1)
     2    0.010061    0.070329    0.078024    0.539798 v _193_/Y (sg13g2_o21ai_1)
                                                         _011_ (net)
                      0.070329    0.000116    0.539914 v _194_/B (sg13g2_xor2_1)
     1    0.001541    0.023712    0.061020    0.600934 v _194_/X (sg13g2_xor2_1)
                                                         DPATH.SUM.fa_4.S (net)
                      0.023712    0.000007    0.600941 v _308_/D (sg13g2_dfrbpq_1)
                                              0.600941   data arrival time

                                  0.000000    0.000000   clock clk (rise edge)
                                  0.000000    0.000000   clock source latency
     1    0.022646    0.000000    0.000000    0.000000 ^ clk (in)
                                                         clk (net)
                      0.001423    0.000711    0.000711 ^ clkbuf_0_clk/A (sg13g2_buf_16)
     2    0.038127    0.022237    0.054876    0.055587 ^ clkbuf_0_clk/X (sg13g2_buf_16)
                                                         clknet_0_clk (net)
                      0.022241    0.000546    0.056133 ^ clkbuf_1_0__f_clk/A (sg13g2_buf_16)
     5    0.021275    0.019382    0.061694    0.117827 ^ clkbuf_1_0__f_clk/X (sg13g2_buf_16)
                                                         clknet_1_0__leaf_clk (net)
                      0.019385    0.000434    0.118262 ^ _308_/CLK (sg13g2_dfrbpq_1)
                                  0.150000    0.268262   clock uncertainty
                                  0.000000    0.268262   clock reconvergence pessimism
                                 -0.035688    0.232573   library hold time
                                              0.232573   data required time
---------------------------------------------------------------------------------------------
                                              0.232573   data required time
                                             -0.600941   data arrival time
---------------------------------------------------------------------------------------------
                                              0.368368   slack (MET)


Startpoint: _309_ (rising edge-triggered flip-flop clocked by clk)
Endpoint: _309_ (rising edge-triggered flip-flop clocked by clk)
Path Group: clk
Path Type: min

Fanout         Cap        Slew       Delay        Time   Description
---------------------------------------------------------------------------------------------
                                  0.000000    0.000000   clock clk (rise edge)
                                  0.000000    0.000000   clock source latency
     1    0.022646    0.000000    0.000000    0.000000 ^ clk (in)
                                                         clk (net)
                      0.001423    0.000711    0.000711 ^ clkbuf_0_clk/A (sg13g2_buf_16)
     2    0.038127    0.022237    0.054876    0.055587 ^ clkbuf_0_clk/X (sg13g2_buf_16)
                                                         clknet_0_clk (net)
                      0.022241    0.000546    0.056133 ^ clkbuf_1_0__f_clk/A (sg13g2_buf_16)
     5    0.021275    0.019382    0.061694    0.117827 ^ clkbuf_1_0__f_clk/X (sg13g2_buf_16)
                                                         clknet_1_0__leaf_clk (net)
                      0.019385    0.000400    0.118227 ^ _309_/CLK (sg13g2_dfrbpq_1)
     1    0.002889    0.019506    0.159281    0.277508 v _309_/Q (sg13g2_dfrbpq_1)
                                                         DPATH.SUM.fa_5.A (net)
                      0.019506    0.000025    0.277534 v fanout29/A (sg13g2_buf_1)
     8    0.035022    0.113654    0.133962    0.411495 v fanout29/X (sg13g2_buf_1)
                                                         net29 (net)
                      0.113654    0.000176    0.411671 v _196_/A (sg13g2_xnor2_1)
     2    0.010078    0.071463    0.124294    0.535965 v _196_/Y (sg13g2_xnor2_1)
                                                         _013_ (net)
                      0.071463    0.000123    0.536088 v _198_/A (sg13g2_xor2_1)
     1    0.002011    0.025019    0.068468    0.604555 v _198_/X (sg13g2_xor2_1)
                                                         DPATH.SUM.fa_5.S (net)
                      0.025019    0.000016    0.604571 v _309_/D (sg13g2_dfrbpq_1)
                                              0.604571   data arrival time

                                  0.000000    0.000000   clock clk (rise edge)
                                  0.000000    0.000000   clock source latency
     1    0.022646    0.000000    0.000000    0.000000 ^ clk (in)
                                                         clk (net)
                      0.001423    0.000711    0.000711 ^ clkbuf_0_clk/A (sg13g2_buf_16)
     2    0.038127    0.022237    0.054876    0.055587 ^ clkbuf_0_clk/X (sg13g2_buf_16)
                                                         clknet_0_clk (net)
                      0.022241    0.000546    0.056133 ^ clkbuf_1_0__f_clk/A (sg13g2_buf_16)
     5    0.021275    0.019382    0.061694    0.117827 ^ clkbuf_1_0__f_clk/X (sg13g2_buf_16)
                                                         clknet_1_0__leaf_clk (net)
                      0.019385    0.000400    0.118227 ^ _309_/CLK (sg13g2_dfrbpq_1)
                                  0.150000    0.268227   clock uncertainty
                                  0.000000    0.268227   clock reconvergence pessimism
                                 -0.036103    0.232124   library hold time
                                              0.232124   data required time
---------------------------------------------------------------------------------------------
                                              0.232124   data required time
                                             -0.604571   data arrival time
---------------------------------------------------------------------------------------------
                                              0.372447   slack (MET)


Startpoint: _310_ (rising edge-triggered flip-flop clocked by clk)
Endpoint: sine_out[16] (output port clocked by clk)
Path Group: clk
Path Type: min

Fanout         Cap        Slew       Delay        Time   Description
---------------------------------------------------------------------------------------------
                                  0.000000    0.000000   clock clk (rise edge)
                                  0.000000    0.000000   clock source latency
     1    0.022646    0.000000    0.000000    0.000000 ^ clk (in)
                                                         clk (net)
                      0.001423    0.000711    0.000711 ^ clkbuf_0_clk/A (sg13g2_buf_16)
     2    0.038127    0.022237    0.054876    0.055587 ^ clkbuf_0_clk/X (sg13g2_buf_16)
                                                         clknet_0_clk (net)
                      0.022241    0.000546    0.056133 ^ clkbuf_1_0__f_clk/A (sg13g2_buf_16)
     5    0.021275    0.019382    0.061694    0.117827 ^ clkbuf_1_0__f_clk/X (sg13g2_buf_16)
                                                         clknet_1_0__leaf_clk (net)
                      0.019384    0.000334    0.118161 ^ _310_/CLK (sg13g2_dfrbpq_1)
     3    0.013439    0.049479    0.184906    0.303068 v _310_/Q (sg13g2_dfrbpq_1)
                                                         DPATH.SUM.fa_6.A (net)
                      0.049481    0.000379    0.303446 v fanout25/A (sg13g2_buf_1)
     8    0.027126    0.090045    0.129527    0.432974 v fanout25/X (sg13g2_buf_1)
                                                         net25 (net)
                      0.090045    0.000193    0.433167 v _176_/A (sg13g2_nand3_1)
     1    0.003010    0.035200    0.054608    0.487775 ^ _176_/Y (sg13g2_nand3_1)
                                                         net11 (net)
                      0.035200    0.000026    0.487801 ^ output11/A (sg13g2_buf_1)
     1    0.010000    0.050977    0.083200    0.571001 ^ output11/X (sg13g2_buf_1)
                                                         sine_out[16] (net)
                      0.050977    0.000000    0.571001 ^ sine_out[16] (out)
                                              0.571001   data arrival time

                                  0.000000    0.000000   clock clk (rise edge)
                                  0.000000    0.000000   clock network delay (propagated)
                                  0.150000    0.150000   clock uncertainty
                                  0.000000    0.150000   clock reconvergence pessimism
                                  0.000000    0.150000   output external delay
                                              0.150000   data required time
---------------------------------------------------------------------------------------------
                                              0.150000   data required time
                                             -0.571001   data arrival time
---------------------------------------------------------------------------------------------
                                              0.421001   slack (MET)


Startpoint: _310_ (rising edge-triggered flip-flop clocked by clk)
Endpoint: sine_out[14] (output port clocked by clk)
Path Group: clk
Path Type: min

Fanout         Cap        Slew       Delay        Time   Description
---------------------------------------------------------------------------------------------
                                  0.000000    0.000000   clock clk (rise edge)
                                  0.000000    0.000000   clock source latency
     1    0.022646    0.000000    0.000000    0.000000 ^ clk (in)
                                                         clk (net)
                      0.001423    0.000711    0.000711 ^ clkbuf_0_clk/A (sg13g2_buf_16)
     2    0.038127    0.022237    0.054876    0.055587 ^ clkbuf_0_clk/X (sg13g2_buf_16)
                                                         clknet_0_clk (net)
                      0.022241    0.000546    0.056133 ^ clkbuf_1_0__f_clk/A (sg13g2_buf_16)
     5    0.021275    0.019382    0.061694    0.117827 ^ clkbuf_1_0__f_clk/X (sg13g2_buf_16)
                                                         clknet_1_0__leaf_clk (net)
                      0.019384    0.000334    0.118161 ^ _310_/CLK (sg13g2_dfrbpq_1)
     3    0.013439    0.049479    0.184906    0.303068 v _310_/Q (sg13g2_dfrbpq_1)
                                                         DPATH.SUM.fa_6.A (net)
                      0.049481    0.000379    0.303446 v fanout25/A (sg13g2_buf_1)
     8    0.027126    0.090045    0.129527    0.432974 v fanout25/X (sg13g2_buf_1)
                                                         net25 (net)
                      0.090045    0.000386    0.433360 v _171_/B1 (sg13g2_o21ai_1)
     1    0.002635    0.038758    0.054971    0.488330 ^ _171_/Y (sg13g2_o21ai_1)
                                                         net9 (net)
                      0.038758    0.000017    0.488347 ^ output9/A (sg13g2_buf_1)
     1    0.010000    0.051075    0.084729    0.573076 ^ output9/X (sg13g2_buf_1)
                                                         sine_out[14] (net)
                      0.051075    0.000000    0.573076 ^ sine_out[14] (out)
                                              0.573076   data arrival time

                                  0.000000    0.000000   clock clk (rise edge)
                                  0.000000    0.000000   clock network delay (propagated)
                                  0.150000    0.150000   clock uncertainty
                                  0.000000    0.150000   clock reconvergence pessimism
                                  0.000000    0.150000   output external delay
                                              0.150000   data required time
---------------------------------------------------------------------------------------------
                                              0.150000   data required time
                                             -0.573076   data arrival time
---------------------------------------------------------------------------------------------
                                              0.423076   slack (MET)


Startpoint: _305_ (rising edge-triggered flip-flop clocked by clk)
Endpoint: _305_ (rising edge-triggered flip-flop clocked by clk)
Path Group: clk
Path Type: min

Fanout         Cap        Slew       Delay        Time   Description
---------------------------------------------------------------------------------------------
                                  0.000000    0.000000   clock clk (rise edge)
                                  0.000000    0.000000   clock source latency
     1    0.022646    0.000000    0.000000    0.000000 ^ clk (in)
                                                         clk (net)
                      0.001423    0.000711    0.000711 ^ clkbuf_0_clk/A (sg13g2_buf_16)
     2    0.038127    0.022237    0.054876    0.055587 ^ clkbuf_0_clk/X (sg13g2_buf_16)
                                                         clknet_0_clk (net)
                      0.022238    0.000448    0.056035 ^ clkbuf_1_1__f_clk/A (sg13g2_buf_16)
     5    0.019529    0.018980    0.061357    0.117392 ^ clkbuf_1_1__f_clk/X (sg13g2_buf_16)
                                                         clknet_1_1__leaf_clk (net)
                      0.018982    0.000317    0.117709 ^ _305_/CLK (sg13g2_dfrbpq_1)
     3    0.015189    0.054698    0.188965    0.306674 v _305_/Q (sg13g2_dfrbpq_1)
                                                         DPATH.SUM.fa_1.A (net)
                      0.054698    0.000170    0.306844 v fanout38/A (sg13g2_buf_1)
     8    0.040050    0.128903    0.160518    0.467362 v fanout38/X (sg13g2_buf_1)
                                                         net38 (net)
                      0.128903    0.000479    0.467840 v _181_/A (sg13g2_xnor2_1)
     2    0.008975    0.065864    0.123720    0.591560 v _181_/Y (sg13g2_xnor2_1)
                                                         _131_ (net)
                      0.065864    0.000058    0.591619 v _182_/B (sg13g2_xnor2_1)
     1    0.002388    0.031025    0.063663    0.655282 v _182_/Y (sg13g2_xnor2_1)
                                                         DPATH.SUM.fa_1.S (net)
                      0.031025    0.000025    0.655307 v _305_/D (sg13g2_dfrbpq_1)
                                              0.655307   data arrival time

                                  0.000000    0.000000   clock clk (rise edge)
                                  0.000000    0.000000   clock source latency
     1    0.022646    0.000000    0.000000    0.000000 ^ clk (in)
                                                         clk (net)
                      0.001423    0.000711    0.000711 ^ clkbuf_0_clk/A (sg13g2_buf_16)
     2    0.038127    0.022237    0.054876    0.055587 ^ clkbuf_0_clk/X (sg13g2_buf_16)
                                                         clknet_0_clk (net)
                      0.022238    0.000448    0.056035 ^ clkbuf_1_1__f_clk/A (sg13g2_buf_16)
     5    0.019529    0.018980    0.061357    0.117392 ^ clkbuf_1_1__f_clk/X (sg13g2_buf_16)
                                                         clknet_1_1__leaf_clk (net)
                      0.018982    0.000317    0.117709 ^ _305_/CLK (sg13g2_dfrbpq_1)
                                  0.150000    0.267709   clock uncertainty
                                  0.000000    0.267709   clock reconvergence pessimism
                                 -0.038089    0.229619   library hold time
                                              0.229619   data required time
---------------------------------------------------------------------------------------------
                                              0.229619   data required time
                                             -0.655307   data arrival time
---------------------------------------------------------------------------------------------
                                              0.425687   slack (MET)


Startpoint: _310_ (rising edge-triggered flip-flop clocked by clk)
Endpoint: sine_out[13] (output port clocked by clk)
Path Group: clk
Path Type: min

Fanout         Cap        Slew       Delay        Time   Description
---------------------------------------------------------------------------------------------
                                  0.000000    0.000000   clock clk (rise edge)
                                  0.000000    0.000000   clock source latency
     1    0.022646    0.000000    0.000000    0.000000 ^ clk (in)
                                                         clk (net)
                      0.001423    0.000711    0.000711 ^ clkbuf_0_clk/A (sg13g2_buf_16)
     2    0.038127    0.022237    0.054876    0.055587 ^ clkbuf_0_clk/X (sg13g2_buf_16)
                                                         clknet_0_clk (net)
                      0.022241    0.000546    0.056133 ^ clkbuf_1_0__f_clk/A (sg13g2_buf_16)
     5    0.021275    0.019382    0.061694    0.117827 ^ clkbuf_1_0__f_clk/X (sg13g2_buf_16)
                                                         clknet_1_0__leaf_clk (net)
                      0.019384    0.000334    0.118161 ^ _310_/CLK (sg13g2_dfrbpq_1)
     3    0.013439    0.049479    0.184906    0.303068 v _310_/Q (sg13g2_dfrbpq_1)
                                                         DPATH.SUM.fa_6.A (net)
                      0.049481    0.000379    0.303446 v fanout25/A (sg13g2_buf_1)
     8    0.027126    0.090045    0.129527    0.432974 v fanout25/X (sg13g2_buf_1)
                                                         net25 (net)
                      0.090047    0.000527    0.433501 v _170_/B1 (sg13g2_a21oi_1)
     1    0.002519    0.040682    0.057074    0.490575 ^ _170_/Y (sg13g2_a21oi_1)
                                                         net8 (net)
                      0.040682    0.000014    0.490589 ^ output8/A (sg13g2_buf_1)
     1    0.010000    0.051129    0.085556    0.576145 ^ output8/X (sg13g2_buf_1)
                                                         sine_out[13] (net)
                      0.051129    0.000000    0.576145 ^ sine_out[13] (out)
                                              0.576145   data arrival time

                                  0.000000    0.000000   clock clk (rise edge)
                                  0.000000    0.000000   clock network delay (propagated)
                                  0.150000    0.150000   clock uncertainty
                                  0.000000    0.150000   clock reconvergence pessimism
                                  0.000000    0.150000   output external delay
                                              0.150000   data required time
---------------------------------------------------------------------------------------------
                                              0.150000   data required time
                                             -0.576145   data arrival time
---------------------------------------------------------------------------------------------
                                              0.426145   slack (MET)


Startpoint: _310_ (rising edge-triggered flip-flop clocked by clk)
Endpoint: sine_out[15] (output port clocked by clk)
Path Group: clk
Path Type: min

Fanout         Cap        Slew       Delay        Time   Description
---------------------------------------------------------------------------------------------
                                  0.000000    0.000000   clock clk (rise edge)
                                  0.000000    0.000000   clock source latency
     1    0.022646    0.000000    0.000000    0.000000 ^ clk (in)
                                                         clk (net)
                      0.001423    0.000711    0.000711 ^ clkbuf_0_clk/A (sg13g2_buf_16)
     2    0.038127    0.022237    0.054876    0.055587 ^ clkbuf_0_clk/X (sg13g2_buf_16)
                                                         clknet_0_clk (net)
                      0.022241    0.000546    0.056133 ^ clkbuf_1_0__f_clk/A (sg13g2_buf_16)
     5    0.021275    0.019382    0.061694    0.117827 ^ clkbuf_1_0__f_clk/X (sg13g2_buf_16)
                                                         clknet_1_0__leaf_clk (net)
                      0.019384    0.000334    0.118161 ^ _310_/CLK (sg13g2_dfrbpq_1)
     3    0.013439    0.049479    0.184906    0.303068 v _310_/Q (sg13g2_dfrbpq_1)
                                                         DPATH.SUM.fa_6.A (net)
                      0.049481    0.000379    0.303446 v fanout25/A (sg13g2_buf_1)
     8    0.027126    0.090045    0.129527    0.432974 v fanout25/X (sg13g2_buf_1)
                                                         net25 (net)
                      0.090045    0.000262    0.433235 v _173_/B1 (sg13g2_o21ai_1)
     1    0.004152    0.044688    0.061429    0.494664 ^ _173_/Y (sg13g2_o21ai_1)
                                                         net10 (net)
                      0.044688    0.000069    0.494733 ^ output10/A (sg13g2_buf_1)
     1    0.010000    0.051240    0.087278    0.582011 ^ output10/X (sg13g2_buf_1)
                                                         sine_out[15] (net)
                      0.051240    0.000000    0.582011 ^ sine_out[15] (out)
                                              0.582011   data arrival time

                                  0.000000    0.000000   clock clk (rise edge)
                                  0.000000    0.000000   clock network delay (propagated)
                                  0.150000    0.150000   clock uncertainty
                                  0.000000    0.150000   clock reconvergence pessimism
                                  0.000000    0.150000   output external delay
                                              0.150000   data required time
---------------------------------------------------------------------------------------------
                                              0.150000   data required time
                                             -0.582011   data arrival time
---------------------------------------------------------------------------------------------
                                              0.432011   slack (MET)


Startpoint: _310_ (rising edge-triggered flip-flop clocked by clk)
Endpoint: sine_out[9] (output port clocked by clk)
Path Group: clk
Path Type: min

Fanout         Cap        Slew       Delay        Time   Description
---------------------------------------------------------------------------------------------
                                  0.000000    0.000000   clock clk (rise edge)
                                  0.000000    0.000000   clock source latency
     1    0.022646    0.000000    0.000000    0.000000 ^ clk (in)
                                                         clk (net)
                      0.001423    0.000711    0.000711 ^ clkbuf_0_clk/A (sg13g2_buf_16)
     2    0.038127    0.022237    0.054876    0.055587 ^ clkbuf_0_clk/X (sg13g2_buf_16)
                                                         clknet_0_clk (net)
                      0.022241    0.000546    0.056133 ^ clkbuf_1_0__f_clk/A (sg13g2_buf_16)
     5    0.021275    0.019382    0.061694    0.117827 ^ clkbuf_1_0__f_clk/X (sg13g2_buf_16)
                                                         clknet_1_0__leaf_clk (net)
                      0.019384    0.000334    0.118161 ^ _310_/CLK (sg13g2_dfrbpq_1)
     3    0.013439    0.049479    0.184906    0.303068 v _310_/Q (sg13g2_dfrbpq_1)
                                                         DPATH.SUM.fa_6.A (net)
                      0.049481    0.000379    0.303446 v fanout25/A (sg13g2_buf_1)
     8    0.027126    0.090045    0.129527    0.432974 v fanout25/X (sg13g2_buf_1)
                                                         net25 (net)
                      0.090046    0.000487    0.433460 v _150_/B1 (sg13g2_a21oi_1)
     1    0.004137    0.052236    0.065227    0.498687 ^ _150_/Y (sg13g2_a21oi_1)
                                                         net21 (net)
                      0.052236    0.000065    0.498753 ^ output21/A (sg13g2_buf_1)
     1    0.010000    0.051449    0.090523    0.589276 ^ output21/X (sg13g2_buf_1)
                                                         sine_out[9] (net)
                      0.051449    0.000000    0.589276 ^ sine_out[9] (out)
                                              0.589276   data arrival time

                                  0.000000    0.000000   clock clk (rise edge)
                                  0.000000    0.000000   clock network delay (propagated)
                                  0.150000    0.150000   clock uncertainty
                                  0.000000    0.150000   clock reconvergence pessimism
                                  0.000000    0.150000   output external delay
                                              0.150000   data required time
---------------------------------------------------------------------------------------------
                                              0.150000   data required time
                                             -0.589276   data arrival time
---------------------------------------------------------------------------------------------
                                              0.439276   slack (MET)


Startpoint: _310_ (rising edge-triggered flip-flop clocked by clk)
Endpoint: sine_out[17] (output port clocked by clk)
Path Group: clk
Path Type: min

Fanout         Cap        Slew       Delay        Time   Description
---------------------------------------------------------------------------------------------
                                  0.000000    0.000000   clock clk (rise edge)
                                  0.000000    0.000000   clock source latency
     1    0.022646    0.000000    0.000000    0.000000 ^ clk (in)
                                                         clk (net)
                      0.001423    0.000711    0.000711 ^ clkbuf_0_clk/A (sg13g2_buf_16)
     2    0.038127    0.022237    0.054876    0.055587 ^ clkbuf_0_clk/X (sg13g2_buf_16)
                                                         clknet_0_clk (net)
                      0.022241    0.000546    0.056133 ^ clkbuf_1_0__f_clk/A (sg13g2_buf_16)
     5    0.021275    0.019382    0.061694    0.117827 ^ clkbuf_1_0__f_clk/X (sg13g2_buf_16)
                                                         clknet_1_0__leaf_clk (net)
                      0.019384    0.000334    0.118161 ^ _310_/CLK (sg13g2_dfrbpq_1)
     3    0.013439    0.049479    0.184906    0.303068 v _310_/Q (sg13g2_dfrbpq_1)
                                                         DPATH.SUM.fa_6.A (net)
                      0.049479    0.000089    0.303157 v fanout26/A (sg13g2_buf_1)
     8    0.032599    0.106493    0.141799    0.444956 v fanout26/X (sg13g2_buf_1)
                                                         net26 (net)
                      0.106494    0.000512    0.445468 v _179_/B (sg13g2_nand3_1)
     1    0.003453    0.040583    0.067940    0.513408 ^ _179_/Y (sg13g2_nand3_1)
                                                         net12 (net)
                      0.040583    0.000042    0.513450 ^ output12/A (sg13g2_buf_1)
     1    0.010000    0.051126    0.085514    0.598963 ^ output12/X (sg13g2_buf_1)
                                                         sine_out[17] (net)
                      0.051126    0.000000    0.598963 ^ sine_out[17] (out)
                                              0.598963   data arrival time

                                  0.000000    0.000000   clock clk (rise edge)
                                  0.000000    0.000000   clock network delay (propagated)
                                  0.150000    0.150000   clock uncertainty
                                  0.000000    0.150000   clock reconvergence pessimism
                                  0.000000    0.150000   output external delay
                                              0.150000   data required time
---------------------------------------------------------------------------------------------
                                              0.150000   data required time
                                             -0.598963   data arrival time
---------------------------------------------------------------------------------------------
                                              0.448963   slack (MET)


Startpoint: _305_ (rising edge-triggered flip-flop clocked by clk)
Endpoint: sine_out[0] (output port clocked by clk)
Path Group: clk
Path Type: min

Fanout         Cap        Slew       Delay        Time   Description
---------------------------------------------------------------------------------------------
                                  0.000000    0.000000   clock clk (rise edge)
                                  0.000000    0.000000   clock source latency
     1    0.022646    0.000000    0.000000    0.000000 ^ clk (in)
                                                         clk (net)
                      0.001423    0.000711    0.000711 ^ clkbuf_0_clk/A (sg13g2_buf_16)
     2    0.038127    0.022237    0.054876    0.055587 ^ clkbuf_0_clk/X (sg13g2_buf_16)
                                                         clknet_0_clk (net)
                      0.022238    0.000448    0.056035 ^ clkbuf_1_1__f_clk/A (sg13g2_buf_16)
     5    0.019529    0.018980    0.061357    0.117392 ^ clkbuf_1_1__f_clk/X (sg13g2_buf_16)
                                                         clknet_1_1__leaf_clk (net)
                      0.018982    0.000317    0.117709 ^ _305_/CLK (sg13g2_dfrbpq_1)
     3    0.015189    0.054698    0.188965    0.306674 v _305_/Q (sg13g2_dfrbpq_1)
                                                         DPATH.SUM.fa_1.A (net)
                      0.054701    0.000494    0.307168 v _235_/A2 (sg13g2_a21oi_1)
     1    0.004037    0.052679    0.086123    0.393291 ^ _235_/Y (sg13g2_a21oi_1)
                                                         _048_ (net)
                      0.052679    0.000033    0.393323 ^ _236_/A2 (sg13g2_o21ai_1)
     1    0.003352    0.033635    0.059918    0.453241 v _236_/Y (sg13g2_o21ai_1)
                                                         _049_ (net)
                      0.033635    0.000027    0.453268 v _238_/A (sg13g2_nand2_1)
     1    0.003713    0.027480    0.035027    0.488295 ^ _238_/Y (sg13g2_nand2_1)
                                                         _051_ (net)
                      0.027480    0.000031    0.488326 ^ _247_/B1 (sg13g2_a22oi_1)
     1    0.004801    0.042075    0.057762    0.546088 v _247_/Y (sg13g2_a22oi_1)
                                                         net4 (net)
                      0.042075    0.000096    0.546183 v output4/A (sg13g2_buf_1)
     1    0.010000    0.041177    0.084917    0.631101 v output4/X (sg13g2_buf_1)
                                                         sine_out[0] (net)
                      0.041177    0.000000    0.631101 v sine_out[0] (out)
                                              0.631101   data arrival time

                                  0.000000    0.000000   clock clk (rise edge)
                                  0.000000    0.000000   clock network delay (propagated)
                                  0.150000    0.150000   clock uncertainty
                                  0.000000    0.150000   clock reconvergence pessimism
                                  0.000000    0.150000   output external delay
                                              0.150000   data required time
---------------------------------------------------------------------------------------------
                                              0.150000   data required time
                                             -0.631101   data arrival time
---------------------------------------------------------------------------------------------
                                              0.481101   slack (MET)


Startpoint: _310_ (rising edge-triggered flip-flop clocked by clk)
Endpoint: sine_out[2] (output port clocked by clk)
Path Group: clk
Path Type: min

Fanout         Cap        Slew       Delay        Time   Description
---------------------------------------------------------------------------------------------
                                  0.000000    0.000000   clock clk (rise edge)
                                  0.000000    0.000000   clock source latency
     1    0.022646    0.000000    0.000000    0.000000 ^ clk (in)
                                                         clk (net)
                      0.001423    0.000711    0.000711 ^ clkbuf_0_clk/A (sg13g2_buf_16)
     2    0.038127    0.022237    0.054876    0.055587 ^ clkbuf_0_clk/X (sg13g2_buf_16)
                                                         clknet_0_clk (net)
                      0.022241    0.000546    0.056133 ^ clkbuf_1_0__f_clk/A (sg13g2_buf_16)
     5    0.021275    0.019382    0.061694    0.117827 ^ clkbuf_1_0__f_clk/X (sg13g2_buf_16)
                                                         clknet_1_0__leaf_clk (net)
                      0.019384    0.000334    0.118161 ^ _310_/CLK (sg13g2_dfrbpq_1)
     3    0.013439    0.049479    0.184906    0.303068 v _310_/Q (sg13g2_dfrbpq_1)
                                                         DPATH.SUM.fa_6.A (net)
                      0.049479    0.000089    0.303157 v fanout26/A (sg13g2_buf_1)
     8    0.032599    0.106493    0.141799    0.444956 v fanout26/X (sg13g2_buf_1)
                                                         net26 (net)
                      0.106493    0.000146    0.445102 v _279_/A (sg13g2_nor2_1)
     1    0.003302    0.047214    0.081665    0.526767 ^ _279_/Y (sg13g2_nor2_1)
                                                         _090_ (net)
                      0.047214    0.000018    0.526786 ^ _288_/A2 (sg13g2_a21oi_1)
     1    0.004853    0.026877    0.071061    0.597846 v _288_/Y (sg13g2_a21oi_1)
                                                         net14 (net)
                      0.026877    0.000095    0.597941 v output14/A (sg13g2_buf_1)
     1    0.010000    0.040807    0.078415    0.676356 v output14/X (sg13g2_buf_1)
                                                         sine_out[2] (net)
                      0.040807    0.000000    0.676356 v sine_out[2] (out)
                                              0.676356   data arrival time

                                  0.000000    0.000000   clock clk (rise edge)
                                  0.000000    0.000000   clock network delay (propagated)
                                  0.150000    0.150000   clock uncertainty
                                  0.000000    0.150000   clock reconvergence pessimism
                                  0.000000    0.150000   output external delay
                                              0.150000   data required time
---------------------------------------------------------------------------------------------
                                              0.150000   data required time
                                             -0.676356   data arrival time
---------------------------------------------------------------------------------------------
                                              0.526356   slack (MET)


Startpoint: _310_ (rising edge-triggered flip-flop clocked by clk)
Endpoint: sine_out[10] (output port clocked by clk)
Path Group: clk
Path Type: min

Fanout         Cap        Slew       Delay        Time   Description
---------------------------------------------------------------------------------------------
                                  0.000000    0.000000   clock clk (rise edge)
                                  0.000000    0.000000   clock source latency
     1    0.022646    0.000000    0.000000    0.000000 ^ clk (in)
                                                         clk (net)
                      0.001423    0.000711    0.000711 ^ clkbuf_0_clk/A (sg13g2_buf_16)
     2    0.038127    0.022237    0.054876    0.055587 ^ clkbuf_0_clk/X (sg13g2_buf_16)
                                                         clknet_0_clk (net)
                      0.022241    0.000546    0.056133 ^ clkbuf_1_0__f_clk/A (sg13g2_buf_16)
     5    0.021275    0.019382    0.061694    0.117827 ^ clkbuf_1_0__f_clk/X (sg13g2_buf_16)
                                                         clknet_1_0__leaf_clk (net)
                      0.019384    0.000334    0.118161 ^ _310_/CLK (sg13g2_dfrbpq_1)
     3    0.013488    0.063405    0.192883    0.311044 ^ _310_/Q (sg13g2_dfrbpq_1)
                                                         DPATH.SUM.fa_6.A (net)
                      0.063406    0.000379    0.311423 ^ fanout25/A (sg13g2_buf_1)
     8    0.027935    0.119821    0.147219    0.458642 ^ fanout25/X (sg13g2_buf_1)
                                                         net25 (net)
                      0.119822    0.000544    0.459186 ^ _153_/A_N (sg13g2_nand2b_1)
     3    0.010753    0.056304    0.120553    0.579739 ^ _153_/Y (sg13g2_nand2b_1)
                                                         _111_ (net)
                      0.056304    0.000066    0.579805 ^ _159_/B1 (sg13g2_a21oi_1)
     1    0.003042    0.024184    0.037898    0.617703 v _159_/Y (sg13g2_a21oi_1)
                                                         net5 (net)
                      0.024184    0.000030    0.617732 v output5/A (sg13g2_buf_1)
     1    0.010000    0.040742    0.077263    0.694995 v output5/X (sg13g2_buf_1)
                                                         sine_out[10] (net)
                      0.040742    0.000000    0.694995 v sine_out[10] (out)
                                              0.694995   data arrival time

                                  0.000000    0.000000   clock clk (rise edge)
                                  0.000000    0.000000   clock network delay (propagated)
                                  0.150000    0.150000   clock uncertainty
                                  0.000000    0.150000   clock reconvergence pessimism
                                  0.000000    0.150000   output external delay
                                              0.150000   data required time
---------------------------------------------------------------------------------------------
                                              0.150000   data required time
                                             -0.694995   data arrival time
---------------------------------------------------------------------------------------------
                                              0.544995   slack (MET)


Startpoint: _310_ (rising edge-triggered flip-flop clocked by clk)
Endpoint: sine_out[11] (output port clocked by clk)
Path Group: clk
Path Type: min

Fanout         Cap        Slew       Delay        Time   Description
---------------------------------------------------------------------------------------------
                                  0.000000    0.000000   clock clk (rise edge)
                                  0.000000    0.000000   clock source latency
     1    0.022646    0.000000    0.000000    0.000000 ^ clk (in)
                                                         clk (net)
                      0.001423    0.000711    0.000711 ^ clkbuf_0_clk/A (sg13g2_buf_16)
     2    0.038127    0.022237    0.054876    0.055587 ^ clkbuf_0_clk/X (sg13g2_buf_16)
                                                         clknet_0_clk (net)
                      0.022241    0.000546    0.056133 ^ clkbuf_1_0__f_clk/A (sg13g2_buf_16)
     5    0.021275    0.019382    0.061694    0.117827 ^ clkbuf_1_0__f_clk/X (sg13g2_buf_16)
                                                         clknet_1_0__leaf_clk (net)
                      0.019384    0.000334    0.118161 ^ _310_/CLK (sg13g2_dfrbpq_1)
     3    0.013439    0.049479    0.184906    0.303068 v _310_/Q (sg13g2_dfrbpq_1)
                                                         DPATH.SUM.fa_6.A (net)
                      0.049481    0.000379    0.303446 v fanout25/A (sg13g2_buf_1)
     8    0.027126    0.090045    0.129527    0.432974 v fanout25/X (sg13g2_buf_1)
                                                         net25 (net)
                      0.090047    0.000525    0.433498 v _153_/A_N (sg13g2_nand2b_1)
     3    0.010252    0.071806    0.132007    0.565505 v _153_/Y (sg13g2_nand2b_1)
                                                         _111_ (net)
                      0.071806    0.000038    0.565543 v _162_/B1 (sg13g2_o21ai_1)
     1    0.003321    0.037702    0.051857    0.617400 ^ _162_/Y (sg13g2_o21ai_1)
                                                         net6 (net)
                      0.037702    0.000037    0.617436 ^ output6/A (sg13g2_buf_1)
     1    0.010000    0.051046    0.084275    0.701711 ^ output6/X (sg13g2_buf_1)
                                                         sine_out[11] (net)
                      0.051046    0.000000    0.701711 ^ sine_out[11] (out)
                                              0.701711   data arrival time

                                  0.000000    0.000000   clock clk (rise edge)
                                  0.000000    0.000000   clock network delay (propagated)
                                  0.150000    0.150000   clock uncertainty
                                  0.000000    0.150000   clock reconvergence pessimism
                                  0.000000    0.150000   output external delay
                                              0.150000   data required time
---------------------------------------------------------------------------------------------
                                              0.150000   data required time
                                             -0.701711   data arrival time
---------------------------------------------------------------------------------------------
                                              0.551711   slack (MET)


Startpoint: _310_ (rising edge-triggered flip-flop clocked by clk)
Endpoint: sine_out[12] (output port clocked by clk)
Path Group: clk
Path Type: min

Fanout         Cap        Slew       Delay        Time   Description
---------------------------------------------------------------------------------------------
                                  0.000000    0.000000   clock clk (rise edge)
                                  0.000000    0.000000   clock source latency
     1    0.022646    0.000000    0.000000    0.000000 ^ clk (in)
                                                         clk (net)
                      0.001423    0.000711    0.000711 ^ clkbuf_0_clk/A (sg13g2_buf_16)
     2    0.038127    0.022237    0.054876    0.055587 ^ clkbuf_0_clk/X (sg13g2_buf_16)
                                                         clknet_0_clk (net)
                      0.022241    0.000546    0.056133 ^ clkbuf_1_0__f_clk/A (sg13g2_buf_16)
     5    0.021275    0.019382    0.061694    0.117827 ^ clkbuf_1_0__f_clk/X (sg13g2_buf_16)
                                                         clknet_1_0__leaf_clk (net)
                      0.019384    0.000334    0.118161 ^ _310_/CLK (sg13g2_dfrbpq_1)
     3    0.013439    0.049479    0.184906    0.303068 v _310_/Q (sg13g2_dfrbpq_1)
                                                         DPATH.SUM.fa_6.A (net)
                      0.049481    0.000379    0.303446 v fanout25/A (sg13g2_buf_1)
     8    0.027126    0.090045    0.129527    0.432974 v fanout25/X (sg13g2_buf_1)
                                                         net25 (net)
                      0.090047    0.000525    0.433498 v _153_/A_N (sg13g2_nand2b_1)
     3    0.010252    0.071806    0.132007    0.565505 v _153_/Y (sg13g2_nand2b_1)
                                                         _111_ (net)
                      0.071806    0.000080    0.565585 v _167_/B1 (sg13g2_o21ai_1)
     1    0.003607    0.038856    0.053015    0.618600 ^ _167_/Y (sg13g2_o21ai_1)
                                                         net7 (net)
                      0.038856    0.000047    0.618647 ^ output7/A (sg13g2_buf_1)
     1    0.010000    0.051078    0.084771    0.703418 ^ output7/X (sg13g2_buf_1)
                                                         sine_out[12] (net)
                      0.051078    0.000000    0.703418 ^ sine_out[12] (out)
                                              0.703418   data arrival time

                                  0.000000    0.000000   clock clk (rise edge)
                                  0.000000    0.000000   clock network delay (propagated)
                                  0.150000    0.150000   clock uncertainty
                                  0.000000    0.150000   clock reconvergence pessimism
                                  0.000000    0.150000   output external delay
                                              0.150000   data required time
---------------------------------------------------------------------------------------------
                                              0.150000   data required time
                                             -0.703418   data arrival time
---------------------------------------------------------------------------------------------
                                              0.553418   slack (MET)


Startpoint: _304_ (rising edge-triggered flip-flop clocked by clk)
Endpoint: _304_ (rising edge-triggered flip-flop clocked by clk)
Path Group: clk
Path Type: min

Fanout         Cap        Slew       Delay        Time   Description
---------------------------------------------------------------------------------------------
                                  0.000000    0.000000   clock clk (rise edge)
                                  0.000000    0.000000   clock source latency
     1    0.022646    0.000000    0.000000    0.000000 ^ clk (in)
                                                         clk (net)
                      0.001423    0.000711    0.000711 ^ clkbuf_0_clk/A (sg13g2_buf_16)
     2    0.038127    0.022237    0.054876    0.055587 ^ clkbuf_0_clk/X (sg13g2_buf_16)
                                                         clknet_0_clk (net)
                      0.022238    0.000448    0.056035 ^ clkbuf_1_1__f_clk/A (sg13g2_buf_16)
     5    0.019529    0.018980    0.061357    0.117392 ^ clkbuf_1_1__f_clk/X (sg13g2_buf_16)
                                                         clknet_1_1__leaf_clk (net)
                      0.018982    0.000359    0.117750 ^ _304_/CLK (sg13g2_dfrbpq_1)
     1    0.002392    0.018197    0.157874    0.275624 v _304_/Q (sg13g2_dfrbpq_1)
                                                         DPATH.SUM.Cout0 (net)
                      0.018197    0.000012    0.275636 v fanout41/A (sg13g2_buf_1)
     6    0.027201    0.090212    0.115588    0.391224 v fanout41/X (sg13g2_buf_1)
                                                         net41 (net)
                      0.090212    0.000174    0.391398 v fanout40/A (sg13g2_buf_1)
     4    0.016583    0.060670    0.121910    0.513309 v fanout40/X (sg13g2_buf_1)
                                                         net40 (net)
                      0.060670    0.000114    0.513423 v fanout39/A (sg13g2_buf_1)
     8    0.030400    0.099990    0.141664    0.655087 v fanout39/X (sg13g2_buf_1)
                                                         net39 (net)
                      0.099991    0.000525    0.655612 v _141_/A (sg13g2_inv_1)
     6    0.025027    0.114379    0.133246    0.788858 ^ _141_/Y (sg13g2_inv_1)
                                                         DPATH.SUM.ha_0.S (net)
                      0.114379    0.000090    0.788949 ^ _304_/D (sg13g2_dfrbpq_1)
                                              0.788949   data arrival time

                                  0.000000    0.000000   clock clk (rise edge)
                                  0.000000    0.000000   clock source latency
     1    0.022646    0.000000    0.000000    0.000000 ^ clk (in)
                                                         clk (net)
                      0.001423    0.000711    0.000711 ^ clkbuf_0_clk/A (sg13g2_buf_16)
     2    0.038127    0.022237    0.054876    0.055587 ^ clkbuf_0_clk/X (sg13g2_buf_16)
                                                         clknet_0_clk (net)
                      0.022238    0.000448    0.056035 ^ clkbuf_1_1__f_clk/A (sg13g2_buf_16)
     5    0.019529    0.018980    0.061357    0.117392 ^ clkbuf_1_1__f_clk/X (sg13g2_buf_16)
                                                         clknet_1_1__leaf_clk (net)
                      0.018982    0.000359    0.117750 ^ _304_/CLK (sg13g2_dfrbpq_1)
                                  0.150000    0.267751   clock uncertainty
                                  0.000000    0.267751   clock reconvergence pessimism
                                 -0.084763    0.182987   library hold time
                                              0.182987   data required time
---------------------------------------------------------------------------------------------
                                              0.182987   data required time
                                             -0.788949   data arrival time
---------------------------------------------------------------------------------------------
                                              0.605961   slack (MET)


Startpoint: _310_ (rising edge-triggered flip-flop clocked by clk)
Endpoint: sine_out[6] (output port clocked by clk)
Path Group: clk
Path Type: min

Fanout         Cap        Slew       Delay        Time   Description
---------------------------------------------------------------------------------------------
                                  0.000000    0.000000   clock clk (rise edge)
                                  0.000000    0.000000   clock source latency
     1    0.022646    0.000000    0.000000    0.000000 ^ clk (in)
                                                         clk (net)
                      0.001423    0.000711    0.000711 ^ clkbuf_0_clk/A (sg13g2_buf_16)
     2    0.038127    0.022237    0.054876    0.055587 ^ clkbuf_0_clk/X (sg13g2_buf_16)
                                                         clknet_0_clk (net)
                      0.022241    0.000546    0.056133 ^ clkbuf_1_0__f_clk/A (sg13g2_buf_16)
     5    0.021275    0.019382    0.061694    0.117827 ^ clkbuf_1_0__f_clk/X (sg13g2_buf_16)
                                                         clknet_1_0__leaf_clk (net)
                      0.019384    0.000334    0.118161 ^ _310_/CLK (sg13g2_dfrbpq_1)
     3    0.013488    0.063405    0.192883    0.311044 ^ _310_/Q (sg13g2_dfrbpq_1)
                                                         DPATH.SUM.fa_6.A (net)
                      0.063405    0.000090    0.311134 ^ fanout26/A (sg13g2_buf_1)
     8    0.033157    0.140685    0.161855    0.472988 ^ fanout26/X (sg13g2_buf_1)
                                                         net26 (net)
                      0.140728    0.000464    0.473452 ^ _144_/B (sg13g2_or2_1)
     7    0.025308    0.109023    0.170505    0.643958 ^ _144_/X (sg13g2_or2_1)
                                                         _103_ (net)
                      0.109023    0.000151    0.644109 ^ _293_/B1 (sg13g2_a21oi_1)
     1    0.002966    0.033607    0.051977    0.696086 v _293_/Y (sg13g2_a21oi_1)
                                                         net18 (net)
                      0.033607    0.000027    0.696113 v output18/A (sg13g2_buf_1)
     1    0.010000    0.040971    0.081294    0.777408 v output18/X (sg13g2_buf_1)
                                                         sine_out[6] (net)
                      0.040971    0.000000    0.777408 v sine_out[6] (out)
                                              0.777408   data arrival time

                                  0.000000    0.000000   clock clk (rise edge)
                                  0.000000    0.000000   clock network delay (propagated)
                                  0.150000    0.150000   clock uncertainty
                                  0.000000    0.150000   clock reconvergence pessimism
                                  0.000000    0.150000   output external delay
                                              0.150000   data required time
---------------------------------------------------------------------------------------------
                                              0.150000   data required time
                                             -0.777408   data arrival time
---------------------------------------------------------------------------------------------
                                              0.627408   slack (MET)


Startpoint: _310_ (rising edge-triggered flip-flop clocked by clk)
Endpoint: sine_out[3] (output port clocked by clk)
Path Group: clk
Path Type: min

Fanout         Cap        Slew       Delay        Time   Description
---------------------------------------------------------------------------------------------
                                  0.000000    0.000000   clock clk (rise edge)
                                  0.000000    0.000000   clock source latency
     1    0.022646    0.000000    0.000000    0.000000 ^ clk (in)
                                                         clk (net)
                      0.001423    0.000711    0.000711 ^ clkbuf_0_clk/A (sg13g2_buf_16)
     2    0.038127    0.022237    0.054876    0.055587 ^ clkbuf_0_clk/X (sg13g2_buf_16)
                                                         clknet_0_clk (net)
                      0.022241    0.000546    0.056133 ^ clkbuf_1_0__f_clk/A (sg13g2_buf_16)
     5    0.021275    0.019382    0.061694    0.117827 ^ clkbuf_1_0__f_clk/X (sg13g2_buf_16)
                                                         clknet_1_0__leaf_clk (net)
                      0.019384    0.000334    0.118161 ^ _310_/CLK (sg13g2_dfrbpq_1)
     3    0.013488    0.063405    0.192883    0.311044 ^ _310_/Q (sg13g2_dfrbpq_1)
                                                         DPATH.SUM.fa_6.A (net)
                      0.063405    0.000090    0.311134 ^ fanout26/A (sg13g2_buf_1)
     8    0.033157    0.140685    0.161855    0.472988 ^ fanout26/X (sg13g2_buf_1)
                                                         net26 (net)
                      0.140728    0.000464    0.473452 ^ _144_/B (sg13g2_or2_1)
     7    0.025308    0.109023    0.170505    0.643958 ^ _144_/X (sg13g2_or2_1)
                                                         _103_ (net)
                      0.109023    0.000223    0.644181 ^ _289_/A (sg13g2_nor2_1)
     1    0.002832    0.025446    0.059992    0.704173 v _289_/Y (sg13g2_nor2_1)
                                                         net15 (net)
                      0.025446    0.000024    0.704197 v output15/A (sg13g2_buf_1)
     1    0.010000    0.040772    0.077803    0.782000 v output15/X (sg13g2_buf_1)
                                                         sine_out[3] (net)
                      0.040772    0.000000    0.782000 v sine_out[3] (out)
                                              0.782000   data arrival time

                                  0.000000    0.000000   clock clk (rise edge)
                                  0.000000    0.000000   clock network delay (propagated)
                                  0.150000    0.150000   clock uncertainty
                                  0.000000    0.150000   clock reconvergence pessimism
                                  0.000000    0.150000   output external delay
                                              0.150000   data required time
---------------------------------------------------------------------------------------------
                                              0.150000   data required time
                                             -0.782000   data arrival time
---------------------------------------------------------------------------------------------
                                              0.632000   slack (MET)


Startpoint: _310_ (rising edge-triggered flip-flop clocked by clk)
Endpoint: sine_out[5] (output port clocked by clk)
Path Group: clk
Path Type: min

Fanout         Cap        Slew       Delay        Time   Description
---------------------------------------------------------------------------------------------
                                  0.000000    0.000000   clock clk (rise edge)
                                  0.000000    0.000000   clock source latency
     1    0.022646    0.000000    0.000000    0.000000 ^ clk (in)
                                                         clk (net)
                      0.001423    0.000711    0.000711 ^ clkbuf_0_clk/A (sg13g2_buf_16)
     2    0.038127    0.022237    0.054876    0.055587 ^ clkbuf_0_clk/X (sg13g2_buf_16)
                                                         clknet_0_clk (net)
                      0.022241    0.000546    0.056133 ^ clkbuf_1_0__f_clk/A (sg13g2_buf_16)
     5    0.021275    0.019382    0.061694    0.117827 ^ clkbuf_1_0__f_clk/X (sg13g2_buf_16)
                                                         clknet_1_0__leaf_clk (net)
                      0.019384    0.000334    0.118161 ^ _310_/CLK (sg13g2_dfrbpq_1)
     3    0.013488    0.063405    0.192883    0.311044 ^ _310_/Q (sg13g2_dfrbpq_1)
                                                         DPATH.SUM.fa_6.A (net)
                      0.063405    0.000090    0.311134 ^ fanout26/A (sg13g2_buf_1)
     8    0.033157    0.140685    0.161855    0.472988 ^ fanout26/X (sg13g2_buf_1)
                                                         net26 (net)
                      0.140728    0.000464    0.473452 ^ _144_/B (sg13g2_or2_1)
     7    0.025308    0.109023    0.170505    0.643958 ^ _144_/X (sg13g2_or2_1)
                                                         _103_ (net)
                      0.109023    0.000404    0.644362 ^ _292_/B (sg13g2_nor3_1)
     1    0.002617    0.030614    0.063198    0.707560 v _292_/Y (sg13g2_nor3_1)
                                                         net17 (net)
                      0.030614    0.000018    0.707578 v output17/A (sg13g2_buf_1)
     1    0.010000    0.040898    0.080014    0.787591 v output17/X (sg13g2_buf_1)
                                                         sine_out[5] (net)
                      0.040898    0.000000    0.787591 v sine_out[5] (out)
                                              0.787591   data arrival time

                                  0.000000    0.000000   clock clk (rise edge)
                                  0.000000    0.000000   clock network delay (propagated)
                                  0.150000    0.150000   clock uncertainty
                                  0.000000    0.150000   clock reconvergence pessimism
                                  0.000000    0.150000   output external delay
                                              0.150000   data required time
---------------------------------------------------------------------------------------------
                                              0.150000   data required time
                                             -0.787591   data arrival time
---------------------------------------------------------------------------------------------
                                              0.637591   slack (MET)


Startpoint: _310_ (rising edge-triggered flip-flop clocked by clk)
Endpoint: sine_out[4] (output port clocked by clk)
Path Group: clk
Path Type: min

Fanout         Cap        Slew       Delay        Time   Description
---------------------------------------------------------------------------------------------
                                  0.000000    0.000000   clock clk (rise edge)
                                  0.000000    0.000000   clock source latency
     1    0.022646    0.000000    0.000000    0.000000 ^ clk (in)
                                                         clk (net)
                      0.001423    0.000711    0.000711 ^ clkbuf_0_clk/A (sg13g2_buf_16)
     2    0.038127    0.022237    0.054876    0.055587 ^ clkbuf_0_clk/X (sg13g2_buf_16)
                                                         clknet_0_clk (net)
                      0.022241    0.000546    0.056133 ^ clkbuf_1_0__f_clk/A (sg13g2_buf_16)
     5    0.021275    0.019382    0.061694    0.117827 ^ clkbuf_1_0__f_clk/X (sg13g2_buf_16)
                                                         clknet_1_0__leaf_clk (net)
                      0.019384    0.000334    0.118161 ^ _310_/CLK (sg13g2_dfrbpq_1)
     3    0.013488    0.063405    0.192883    0.311044 ^ _310_/Q (sg13g2_dfrbpq_1)
                                                         DPATH.SUM.fa_6.A (net)
                      0.063405    0.000090    0.311134 ^ fanout26/A (sg13g2_buf_1)
     8    0.033157    0.140685    0.161855    0.472988 ^ fanout26/X (sg13g2_buf_1)
                                                         net26 (net)
                      0.140728    0.000464    0.473452 ^ _144_/B (sg13g2_or2_1)
     7    0.025308    0.109023    0.170505    0.643958 ^ _144_/X (sg13g2_or2_1)
                                                         _103_ (net)
                      0.109023    0.000086    0.644043 ^ _290_/B (sg13g2_nor3_1)
     1    0.002768    0.038495    0.063677    0.707721 v _290_/Y (sg13g2_nor3_1)
                                                         net16 (net)
                      0.038495    0.000022    0.707743 v output16/A (sg13g2_buf_1)
     1    0.010000    0.041090    0.083386    0.791128 v output16/X (sg13g2_buf_1)
                                                         sine_out[4] (net)
                      0.041090    0.000000    0.791128 v sine_out[4] (out)
                                              0.791128   data arrival time

                                  0.000000    0.000000   clock clk (rise edge)
                                  0.000000    0.000000   clock network delay (propagated)
                                  0.150000    0.150000   clock uncertainty
                                  0.000000    0.150000   clock reconvergence pessimism
                                  0.000000    0.150000   output external delay
                                              0.150000   data required time
---------------------------------------------------------------------------------------------
                                              0.150000   data required time
                                             -0.791128   data arrival time
---------------------------------------------------------------------------------------------
                                              0.641128   slack (MET)


Startpoint: _311_ (rising edge-triggered flip-flop clocked by clk)
Endpoint: signB (output port clocked by clk)
Path Group: clk
Path Type: min

Fanout         Cap        Slew       Delay        Time   Description
---------------------------------------------------------------------------------------------
                                  0.000000    0.000000   clock clk (rise edge)
                                  0.000000    0.000000   clock source latency
     1    0.022646    0.000000    0.000000    0.000000 ^ clk (in)
                                                         clk (net)
                      0.001423    0.000711    0.000711 ^ clkbuf_0_clk/A (sg13g2_buf_16)
     2    0.038127    0.022237    0.054876    0.055587 ^ clkbuf_0_clk/X (sg13g2_buf_16)
                                                         clknet_0_clk (net)
                      0.022241    0.000546    0.056133 ^ clkbuf_1_0__f_clk/A (sg13g2_buf_16)
     5    0.021275    0.019382    0.061694    0.117827 ^ clkbuf_1_0__f_clk/X (sg13g2_buf_16)
                                                         clknet_1_0__leaf_clk (net)
                      0.019384    0.000301    0.118128 ^ _311_/CLK (sg13g2_dfrbpq_1)
     2    0.004917    0.031148    0.168084    0.286212 ^ _311_/Q (sg13g2_dfrbpq_1)
                                                         net2 (net)
                      0.031148    0.000036    0.286249 ^ hold43/A (sg13g2_dlygate4sd3_1)
     1    0.004757    0.040479    0.364629    0.650878 ^ hold43/X (sg13g2_dlygate4sd3_1)
                                                         net43 (net)
                      0.040479    0.000079    0.650957 ^ _142_/A (sg13g2_inv_1)
     2    0.009291    0.037699    0.047392    0.698349 v _142_/Y (sg13g2_inv_1)
                                                         net3 (net)
                      0.037699    0.000121    0.698470 v output3/A (sg13g2_buf_1)
     1    0.030000    0.099584    0.131041    0.829511 v output3/X (sg13g2_buf_1)
                                                         signB (net)
                      0.099584    0.000000    0.829511 v signB (out)
                                              0.829511   data arrival time

                                  0.000000    0.000000   clock clk (rise edge)
                                  0.000000    0.000000   clock network delay (propagated)
                                  0.150000    0.150000   clock uncertainty
                                  0.000000    0.150000   clock reconvergence pessimism
                                  0.000000    0.150000   output external delay
                                              0.150000   data required time
---------------------------------------------------------------------------------------------
                                              0.150000   data required time
                                             -0.829511   data arrival time
---------------------------------------------------------------------------------------------
                                              0.679511   slack (MET)



%OL_END_REPORT
%OL_CREATE_REPORT max.rpt

===========================================================================
report_checks -path_delay max (Setup)
============================================================================
======================= nom_typ_1p20V_25C Corner ===================================

Startpoint: _305_ (rising edge-triggered flip-flop clocked by clk)
Endpoint: sine_out[1] (output port clocked by clk)
Path Group: clk
Path Type: max

Fanout         Cap        Slew       Delay        Time   Description
---------------------------------------------------------------------------------------------
                                  0.000000    0.000000   clock clk (rise edge)
                                  0.000000    0.000000   clock source latency
     1    0.022646    0.000000    0.000000    0.000000 ^ clk (in)
                                                         clk (net)
                      0.001423    0.000711    0.000711 ^ clkbuf_0_clk/A (sg13g2_buf_16)
     2    0.038127    0.022237    0.054876    0.055587 ^ clkbuf_0_clk/X (sg13g2_buf_16)
                                                         clknet_0_clk (net)
                      0.022238    0.000448    0.056035 ^ clkbuf_1_1__f_clk/A (sg13g2_buf_16)
     5    0.019529    0.018980    0.061357    0.117392 ^ clkbuf_1_1__f_clk/X (sg13g2_buf_16)
                                                         clknet_1_1__leaf_clk (net)
                      0.018982    0.000317    0.117709 ^ _305_/CLK (sg13g2_dfrbpq_1)
     3    0.015189    0.054698    0.188965    0.306674 v _305_/Q (sg13g2_dfrbpq_1)
                                                         DPATH.SUM.fa_1.A (net)
                      0.054698    0.000170    0.306844 v fanout38/A (sg13g2_buf_1)
     8    0.040050    0.128903    0.160518    0.467362 v fanout38/X (sg13g2_buf_1)
                                                         net38 (net)
                      0.128903    0.000324    0.467686 v fanout37/A (sg13g2_buf_1)
     8    0.027543    0.091991    0.160001    0.627687 v fanout37/X (sg13g2_buf_1)
                                                         net37 (net)
                      0.091991    0.000359    0.628046 v _154_/B (sg13g2_nor2_1)
     4    0.016223    0.154323    0.154781    0.782827 ^ _154_/Y (sg13g2_nor2_1)
                                                         _112_ (net)
                      0.154323    0.000170    0.782998 ^ _211_/B (sg13g2_nand2_1)
     3    0.008963    0.078704    0.112265    0.895263 v _211_/Y (sg13g2_nand2_1)
                                                         _024_ (net)
                      0.078704    0.000074    0.895337 v _214_/B (sg13g2_and3_1)
     3    0.011027    0.045337    0.120151    1.015488 v _214_/X (sg13g2_and3_1)
                                                         _027_ (net)
                      0.045337    0.000122    1.015610 v _249_/A2 (sg13g2_a221oi_1)
     1    0.003572    0.113839    0.151963    1.167573 ^ _249_/Y (sg13g2_a221oi_1)
                                                         _061_ (net)
                      0.113839    0.000031    1.167604 ^ _250_/B (sg13g2_nor2_1)
     1    0.003695    0.037175    0.055545    1.223149 v _250_/Y (sg13g2_nor2_1)
                                                         _062_ (net)
                      0.037175    0.000034    1.223183 v _256_/B (sg13g2_nor4_1)
     1    0.005878    0.156422    0.175075    1.398258 ^ _256_/Y (sg13g2_nor4_1)
                                                         _068_ (net)
                      0.156422    0.000139    1.398398 ^ _267_/B1 (sg13g2_a21oi_1)
     1    0.004112    0.055411    0.066081    1.464479 v _267_/Y (sg13g2_a21oi_1)
                                                         net13 (net)
                      0.055411    0.000067    1.464545 v output13/A (sg13g2_buf_1)
     1    0.010000    0.041502    0.090623    1.555168 v output13/X (sg13g2_buf_1)
                                                         sine_out[1] (net)
                      0.041502    0.000000    1.555168 v sine_out[1] (out)
                                              1.555168   data arrival time

                                  5.000000    5.000000   clock clk (rise edge)
                                  0.000000    5.000000   clock network delay (propagated)
                                 -0.150000    4.850000   clock uncertainty
                                  0.000000    4.850000   clock reconvergence pessimism
                                 -1.000000    3.850000   output external delay
                                              3.850000   data required time
---------------------------------------------------------------------------------------------
                                              3.850000   data required time
                                             -1.555168   data arrival time
---------------------------------------------------------------------------------------------
                                              2.294832   slack (MET)


Startpoint: _304_ (rising edge-triggered flip-flop clocked by clk)
Endpoint: sine_out[0] (output port clocked by clk)
Path Group: clk
Path Type: max

Fanout         Cap        Slew       Delay        Time   Description
---------------------------------------------------------------------------------------------
                                  0.000000    0.000000   clock clk (rise edge)
                                  0.000000    0.000000   clock source latency
     1    0.022646    0.000000    0.000000    0.000000 ^ clk (in)
                                                         clk (net)
                      0.001423    0.000711    0.000711 ^ clkbuf_0_clk/A (sg13g2_buf_16)
     2    0.038127    0.022237    0.054876    0.055587 ^ clkbuf_0_clk/X (sg13g2_buf_16)
                                                         clknet_0_clk (net)
                      0.022238    0.000448    0.056035 ^ clkbuf_1_1__f_clk/A (sg13g2_buf_16)
     5    0.019529    0.018980    0.061357    0.117392 ^ clkbuf_1_1__f_clk/X (sg13g2_buf_16)
                                                         clknet_1_1__leaf_clk (net)
                      0.018982    0.000359    0.117750 ^ _304_/CLK (sg13g2_dfrbpq_1)
     1    0.002451    0.022356    0.160718    0.278469 ^ _304_/Q (sg13g2_dfrbpq_1)
                                                         DPATH.SUM.Cout0 (net)
                      0.022356    0.000013    0.278482 ^ fanout41/A (sg13g2_buf_1)
     6    0.028037    0.120122    0.129289    0.407771 ^ fanout41/X (sg13g2_buf_1)
                                                         net41 (net)
                      0.120122    0.000179    0.407950 ^ fanout40/A (sg13g2_buf_1)
     4    0.017411    0.079904    0.137799    0.545749 ^ fanout40/X (sg13g2_buf_1)
                                                         net40 (net)
                      0.079904    0.000120    0.545869 ^ fanout39/A (sg13g2_buf_1)
     8    0.031177    0.132883    0.163370    0.709239 ^ fanout39/X (sg13g2_buf_1)
                                                         net39 (net)
                      0.132883    0.000521    0.709760 ^ _163_/B (sg13g2_nand2_1)
     4    0.014332    0.102062    0.133682    0.843442 v _163_/Y (sg13g2_nand2_1)
                                                         _119_ (net)
                      0.102062    0.000255    0.843697 v _208_/B (sg13g2_and2_1)
     3    0.010662    0.043893    0.123880    0.967577 v _208_/X (sg13g2_and2_1)
                                                         _021_ (net)
                      0.043893    0.000097    0.967674 v _210_/B (sg13g2_nor2_1)
     3    0.011220    0.112492    0.105056    1.072730 ^ _210_/Y (sg13g2_nor2_1)
                                                         _023_ (net)
                      0.112492    0.000133    1.072863 ^ _219_/A1 (sg13g2_a21oi_1)
     1    0.003207    0.054839    0.083360    1.156223 v _219_/Y (sg13g2_a21oi_1)
                                                         _032_ (net)
                      0.054839    0.000018    1.156241 v _220_/A2 (sg13g2_a21oi_1)
     1    0.005846    0.086491    0.096947    1.253188 ^ _220_/Y (sg13g2_a21oi_1)
                                                         _033_ (net)
                      0.086491    0.000136    1.253324 ^ _232_/C1 (sg13g2_a221oi_1)
     1    0.004054    0.082115    0.056559    1.309883 v _232_/Y (sg13g2_a221oi_1)
                                                         _045_ (net)
                      0.082115    0.000044    1.309927 v _247_/A2 (sg13g2_a22oi_1)
     1    0.004859    0.081851    0.108891    1.418818 ^ _247_/Y (sg13g2_a22oi_1)
                                                         net4 (net)
                      0.081851    0.000097    1.418915 ^ output4/A (sg13g2_buf_1)
     1    0.010000    0.052270    0.103254    1.522169 ^ output4/X (sg13g2_buf_1)
                                                         sine_out[0] (net)
                      0.052270    0.000000    1.522169 ^ sine_out[0] (out)
                                              1.522169   data arrival time

                                  5.000000    5.000000   clock clk (rise edge)
                                  0.000000    5.000000   clock network delay (propagated)
                                 -0.150000    4.850000   clock uncertainty
                                  0.000000    4.850000   clock reconvergence pessimism
                                 -1.000000    3.850000   output external delay
                                              3.850000   data required time
---------------------------------------------------------------------------------------------
                                              3.850000   data required time
                                             -1.522169   data arrival time
---------------------------------------------------------------------------------------------
                                              2.327831   slack (MET)


Startpoint: _308_ (rising edge-triggered flip-flop clocked by clk)
Endpoint: sine_out[2] (output port clocked by clk)
Path Group: clk
Path Type: max

Fanout         Cap        Slew       Delay        Time   Description
---------------------------------------------------------------------------------------------
                                  0.000000    0.000000   clock clk (rise edge)
                                  0.000000    0.000000   clock source latency
     1    0.022646    0.000000    0.000000    0.000000 ^ clk (in)
                                                         clk (net)
                      0.001423    0.000711    0.000711 ^ clkbuf_0_clk/A (sg13g2_buf_16)
     2    0.038127    0.022237    0.054876    0.055587 ^ clkbuf_0_clk/X (sg13g2_buf_16)
                                                         clknet_0_clk (net)
                      0.022241    0.000546    0.056133 ^ clkbuf_1_0__f_clk/A (sg13g2_buf_16)
     5    0.021275    0.019382    0.061694    0.117827 ^ clkbuf_1_0__f_clk/X (sg13g2_buf_16)
                                                         clknet_1_0__leaf_clk (net)
                      0.019385    0.000434    0.118262 ^ _308_/CLK (sg13g2_dfrbpq_1)
     3    0.015419    0.070858    0.198439    0.316701 ^ _308_/Q (sg13g2_dfrbpq_1)
                                                         DPATH.SUM.fa_4.A (net)
                      0.070858    0.000105    0.316806 ^ fanout32/A (sg13g2_buf_1)
     8    0.033739    0.143057    0.166776    0.483582 ^ fanout32/X (sg13g2_buf_1)
                                                         net32 (net)
                      0.143057    0.000202    0.483784 ^ fanout31/A (sg13g2_buf_1)
     8    0.030889    0.132021    0.182842    0.666626 ^ fanout31/X (sg13g2_buf_1)
                                                         net31 (net)
                      0.132021    0.000086    0.666712 ^ fanout30/A (sg13g2_buf_1)
     8    0.029142    0.124954    0.175028    0.841741 ^ fanout30/X (sg13g2_buf_1)
                                                         net30 (net)
                      0.124954    0.000109    0.841849 ^ _229_/A (sg13g2_nand3_1)
     3    0.010814    0.123260    0.143046    0.984895 v _229_/Y (sg13g2_nand3_1)
                                                         _042_ (net)
                      0.123260    0.000104    0.984999 v _268_/B (sg13g2_and2_1)
     1    0.003241    0.024324    0.111270    1.096269 v _268_/X (sg13g2_and2_1)
                                                         _079_ (net)
                      0.024324    0.000016    1.096285 v _269_/B1 (sg13g2_o21ai_1)
     2    0.007391    0.110625    0.050494    1.146779 ^ _269_/Y (sg13g2_o21ai_1)
                                                         _080_ (net)
                      0.110625    0.000052    1.146830 ^ _270_/A2 (sg13g2_a21oi_1)
     1    0.003275    0.059843    0.086665    1.233496 v _270_/Y (sg13g2_a21oi_1)
                                                         _081_ (net)
                      0.059843    0.000017    1.233513 v _271_/B1 (sg13g2_o21ai_1)
     1    0.003792    0.079479    0.049746    1.283259 ^ _271_/Y (sg13g2_o21ai_1)
                                                         _082_ (net)
                      0.079479    0.000038    1.283297 ^ _288_/A1 (sg13g2_a21oi_1)
     1    0.004853    0.056909    0.080242    1.363539 v _288_/Y (sg13g2_a21oi_1)
                                                         net14 (net)
                      0.056909    0.000095    1.363633 v output14/A (sg13g2_buf_1)
     1    0.010000    0.041539    0.091263    1.454897 v output14/X (sg13g2_buf_1)
                                                         sine_out[2] (net)
                      0.041539    0.000000    1.454897 v sine_out[2] (out)
                                              1.454897   data arrival time

                                  5.000000    5.000000   clock clk (rise edge)
                                  0.000000    5.000000   clock network delay (propagated)
                                 -0.150000    4.850000   clock uncertainty
                                  0.000000    4.850000   clock reconvergence pessimism
                                 -1.000000    3.850000   output external delay
                                              3.850000   data required time
---------------------------------------------------------------------------------------------
                                              3.850000   data required time
                                             -1.454897   data arrival time
---------------------------------------------------------------------------------------------
                                              2.395103   slack (MET)


Startpoint: _305_ (rising edge-triggered flip-flop clocked by clk)
Endpoint: sine_out[8] (output port clocked by clk)
Path Group: clk
Path Type: max

Fanout         Cap        Slew       Delay        Time   Description
---------------------------------------------------------------------------------------------
                                  0.000000    0.000000   clock clk (rise edge)
                                  0.000000    0.000000   clock source latency
     1    0.022646    0.000000    0.000000    0.000000 ^ clk (in)
                                                         clk (net)
                      0.001423    0.000711    0.000711 ^ clkbuf_0_clk/A (sg13g2_buf_16)
     2    0.038127    0.022237    0.054876    0.055587 ^ clkbuf_0_clk/X (sg13g2_buf_16)
                                                         clknet_0_clk (net)
                      0.022238    0.000448    0.056035 ^ clkbuf_1_1__f_clk/A (sg13g2_buf_16)
     5    0.019529    0.018980    0.061357    0.117392 ^ clkbuf_1_1__f_clk/X (sg13g2_buf_16)
                                                         clknet_1_1__leaf_clk (net)
                      0.018982    0.000317    0.117709 ^ _305_/CLK (sg13g2_dfrbpq_1)
     3    0.015551    0.071359    0.198664    0.316373 ^ _305_/Q (sg13g2_dfrbpq_1)
                                                         DPATH.SUM.fa_1.A (net)
                      0.071359    0.000174    0.316547 ^ fanout38/A (sg13g2_buf_1)
     8    0.040716    0.170947    0.186214    0.502761 ^ fanout38/X (sg13g2_buf_1)
                                                         net38 (net)
                      0.170947    0.000329    0.503090 ^ fanout37/A (sg13g2_buf_1)
     8    0.028420    0.122349    0.183625    0.686715 ^ fanout37/X (sg13g2_buf_1)
                                                         net37 (net)
                      0.122349    0.000448    0.687163 ^ _164_/B (sg13g2_and2_1)
     4    0.015512    0.075315    0.154072    0.841235 ^ _164_/X (sg13g2_and2_1)
                                                         _120_ (net)
                      0.075315    0.000192    0.841427 ^ _169_/B (sg13g2_nand2_1)
     3    0.010891    0.089338    0.097979    0.939406 v _169_/Y (sg13g2_nand2_1)
                                                         _124_ (net)
                      0.089338    0.000085    0.939490 v _291_/B (sg13g2_nor2_1)
     2    0.007783    0.089801    0.099670    1.039161 ^ _291_/Y (sg13g2_nor2_1)
                                                         _099_ (net)
                      0.089801    0.000078    1.039239 ^ _295_/A2 (sg13g2_a21oi_1)
     1    0.003263    0.047945    0.080342    1.119581 v _295_/Y (sg13g2_a21oi_1)
                                                         net20 (net)
                      0.047945    0.000037    1.119618 v output20/A (sg13g2_buf_1)
     1    0.010000    0.041320    0.087429    1.207047 v output20/X (sg13g2_buf_1)
                                                         sine_out[8] (net)
                      0.041320    0.000000    1.207047 v sine_out[8] (out)
                                              1.207047   data arrival time

                                  5.000000    5.000000   clock clk (rise edge)
                                  0.000000    5.000000   clock network delay (propagated)
                                 -0.150000    4.850000   clock uncertainty
                                  0.000000    4.850000   clock reconvergence pessimism
                                 -1.000000    3.850000   output external delay
                                              3.850000   data required time
---------------------------------------------------------------------------------------------
                                              3.850000   data required time
                                             -1.207047   data arrival time
---------------------------------------------------------------------------------------------
                                              2.642953   slack (MET)


Startpoint: _305_ (rising edge-triggered flip-flop clocked by clk)
Endpoint: sine_out[15] (output port clocked by clk)
Path Group: clk
Path Type: max

Fanout         Cap        Slew       Delay        Time   Description
---------------------------------------------------------------------------------------------
                                  0.000000    0.000000   clock clk (rise edge)
                                  0.000000    0.000000   clock source latency
     1    0.022646    0.000000    0.000000    0.000000 ^ clk (in)
                                                         clk (net)
                      0.001423    0.000711    0.000711 ^ clkbuf_0_clk/A (sg13g2_buf_16)
     2    0.038127    0.022237    0.054876    0.055587 ^ clkbuf_0_clk/X (sg13g2_buf_16)
                                                         clknet_0_clk (net)
                      0.022238    0.000448    0.056035 ^ clkbuf_1_1__f_clk/A (sg13g2_buf_16)
     5    0.019529    0.018980    0.061357    0.117392 ^ clkbuf_1_1__f_clk/X (sg13g2_buf_16)
                                                         clknet_1_1__leaf_clk (net)
                      0.018982    0.000317    0.117709 ^ _305_/CLK (sg13g2_dfrbpq_1)
     3    0.015551    0.071359    0.198664    0.316373 ^ _305_/Q (sg13g2_dfrbpq_1)
                                                         DPATH.SUM.fa_1.A (net)
                      0.071359    0.000174    0.316547 ^ fanout38/A (sg13g2_buf_1)
     8    0.040716    0.170947    0.186214    0.502761 ^ fanout38/X (sg13g2_buf_1)
                                                         net38 (net)
                      0.170947    0.000329    0.503090 ^ fanout37/A (sg13g2_buf_1)
     8    0.028420    0.122349    0.183625    0.686715 ^ fanout37/X (sg13g2_buf_1)
                                                         net37 (net)
                      0.122349    0.000448    0.687163 ^ _164_/B (sg13g2_and2_1)
     4    0.015512    0.075315    0.154072    0.841235 ^ _164_/X (sg13g2_and2_1)
                                                         _120_ (net)
                      0.075315    0.000212    0.841448 ^ _165_/A (sg13g2_inv_1)
     4    0.015120    0.063140    0.078989    0.920437 v _165_/Y (sg13g2_inv_1)
                                                         _121_ (net)
                      0.063140    0.000144    0.920581 v _168_/B (sg13g2_nor2_1)
     2    0.009501    0.099738    0.101411    1.021992 ^ _168_/Y (sg13g2_nor2_1)
                                                         _123_ (net)
                      0.099738    0.000101    1.022093 ^ _173_/A1 (sg13g2_o21ai_1)
     1    0.004093    0.052399    0.088215    1.110309 v _173_/Y (sg13g2_o21ai_1)
                                                         net10 (net)
                      0.052399    0.000068    1.110376 v output10/A (sg13g2_buf_1)
     1    0.010000    0.041429    0.089334    1.199710 v output10/X (sg13g2_buf_1)
                                                         sine_out[15] (net)
                      0.041429    0.000000    1.199710 v sine_out[15] (out)
                                              1.199710   data arrival time

                                  5.000000    5.000000   clock clk (rise edge)
                                  0.000000    5.000000   clock network delay (propagated)
                                 -0.150000    4.850000   clock uncertainty
                                  0.000000    4.850000   clock reconvergence pessimism
                                 -1.000000    3.850000   output external delay
                                              3.850000   data required time
---------------------------------------------------------------------------------------------
                                              3.850000   data required time
                                             -1.199710   data arrival time
---------------------------------------------------------------------------------------------
                                              2.650290   slack (MET)


Startpoint: _305_ (rising edge-triggered flip-flop clocked by clk)
Endpoint: sine_out[16] (output port clocked by clk)
Path Group: clk
Path Type: max

Fanout         Cap        Slew       Delay        Time   Description
---------------------------------------------------------------------------------------------
                                  0.000000    0.000000   clock clk (rise edge)
                                  0.000000    0.000000   clock source latency
     1    0.022646    0.000000    0.000000    0.000000 ^ clk (in)
                                                         clk (net)
                      0.001423    0.000711    0.000711 ^ clkbuf_0_clk/A (sg13g2_buf_16)
     2    0.038127    0.022237    0.054876    0.055587 ^ clkbuf_0_clk/X (sg13g2_buf_16)
                                                         clknet_0_clk (net)
                      0.022238    0.000448    0.056035 ^ clkbuf_1_1__f_clk/A (sg13g2_buf_16)
     5    0.019529    0.018980    0.061357    0.117392 ^ clkbuf_1_1__f_clk/X (sg13g2_buf_16)
                                                         clknet_1_1__leaf_clk (net)
                      0.018982    0.000317    0.117709 ^ _305_/CLK (sg13g2_dfrbpq_1)
     3    0.015551    0.071359    0.198664    0.316373 ^ _305_/Q (sg13g2_dfrbpq_1)
                                                         DPATH.SUM.fa_1.A (net)
                      0.071359    0.000174    0.316547 ^ fanout38/A (sg13g2_buf_1)
     8    0.040716    0.170947    0.186214    0.502761 ^ fanout38/X (sg13g2_buf_1)
                                                         net38 (net)
                      0.170947    0.000329    0.503090 ^ fanout37/A (sg13g2_buf_1)
     8    0.028420    0.122349    0.183625    0.686715 ^ fanout37/X (sg13g2_buf_1)
                                                         net37 (net)
                      0.122349    0.000448    0.687163 ^ _164_/B (sg13g2_and2_1)
     4    0.015512    0.075315    0.154072    0.841235 ^ _164_/X (sg13g2_and2_1)
                                                         _120_ (net)
                      0.075315    0.000212    0.841448 ^ _165_/A (sg13g2_inv_1)
     4    0.015120    0.063140    0.078989    0.920437 v _165_/Y (sg13g2_inv_1)
                                                         _121_ (net)
                      0.063140    0.000130    0.920567 v _175_/A2 (sg13g2_o21ai_1)
     1    0.003564    0.076557    0.093749    1.014316 ^ _175_/Y (sg13g2_o21ai_1)
                                                         _127_ (net)
                      0.076557    0.000028    1.014344 ^ _176_/C (sg13g2_nand3_1)
     1    0.002951    0.065673    0.088419    1.102763 v _176_/Y (sg13g2_nand3_1)
                                                         net11 (net)
                      0.065673    0.000026    1.102789 v output11/A (sg13g2_buf_1)
     1    0.010000    0.041752    0.095013    1.197802 v output11/X (sg13g2_buf_1)
                                                         sine_out[16] (net)
                      0.041752    0.000000    1.197802 v sine_out[16] (out)
                                              1.197802   data arrival time

                                  5.000000    5.000000   clock clk (rise edge)
                                  0.000000    5.000000   clock network delay (propagated)
                                 -0.150000    4.850000   clock uncertainty
                                  0.000000    4.850000   clock reconvergence pessimism
                                 -1.000000    3.850000   output external delay
                                              3.850000   data required time
---------------------------------------------------------------------------------------------
                                              3.850000   data required time
                                             -1.197802   data arrival time
---------------------------------------------------------------------------------------------
                                              2.652198   slack (MET)


Startpoint: _305_ (rising edge-triggered flip-flop clocked by clk)
Endpoint: sine_out[13] (output port clocked by clk)
Path Group: clk
Path Type: max

Fanout         Cap        Slew       Delay        Time   Description
---------------------------------------------------------------------------------------------
                                  0.000000    0.000000   clock clk (rise edge)
                                  0.000000    0.000000   clock source latency
     1    0.022646    0.000000    0.000000    0.000000 ^ clk (in)
                                                         clk (net)
                      0.001423    0.000711    0.000711 ^ clkbuf_0_clk/A (sg13g2_buf_16)
     2    0.038127    0.022237    0.054876    0.055587 ^ clkbuf_0_clk/X (sg13g2_buf_16)
                                                         clknet_0_clk (net)
                      0.022238    0.000448    0.056035 ^ clkbuf_1_1__f_clk/A (sg13g2_buf_16)
     5    0.019529    0.018980    0.061357    0.117392 ^ clkbuf_1_1__f_clk/X (sg13g2_buf_16)
                                                         clknet_1_1__leaf_clk (net)
                      0.018982    0.000317    0.117709 ^ _305_/CLK (sg13g2_dfrbpq_1)
     3    0.015551    0.071359    0.198664    0.316373 ^ _305_/Q (sg13g2_dfrbpq_1)
                                                         DPATH.SUM.fa_1.A (net)
                      0.071359    0.000174    0.316547 ^ fanout38/A (sg13g2_buf_1)
     8    0.040716    0.170947    0.186214    0.502761 ^ fanout38/X (sg13g2_buf_1)
                                                         net38 (net)
                      0.170947    0.000329    0.503090 ^ fanout37/A (sg13g2_buf_1)
     8    0.028420    0.122349    0.183625    0.686715 ^ fanout37/X (sg13g2_buf_1)
                                                         net37 (net)
                      0.122349    0.000448    0.687163 ^ _164_/B (sg13g2_and2_1)
     4    0.015512    0.075315    0.154072    0.841235 ^ _164_/X (sg13g2_and2_1)
                                                         _120_ (net)
                      0.075315    0.000212    0.841448 ^ _165_/A (sg13g2_inv_1)
     4    0.015120    0.063140    0.078989    0.920437 v _165_/Y (sg13g2_inv_1)
                                                         _121_ (net)
                      0.063140    0.000144    0.920581 v _168_/B (sg13g2_nor2_1)
     2    0.009501    0.099738    0.101411    1.021992 ^ _168_/Y (sg13g2_nor2_1)
                                                         _123_ (net)
                      0.099738    0.000087    1.022079 ^ _170_/A2 (sg13g2_a21oi_1)
     1    0.002460    0.043741    0.080043    1.102122 v _170_/Y (sg13g2_a21oi_1)
                                                         net8 (net)
                      0.043741    0.000014    1.102136 v output8/A (sg13g2_buf_1)
     1    0.010000    0.041218    0.085630    1.187766 v output8/X (sg13g2_buf_1)
                                                         sine_out[13] (net)
                      0.041218    0.000000    1.187766 v sine_out[13] (out)
                                              1.187766   data arrival time

                                  5.000000    5.000000   clock clk (rise edge)
                                  0.000000    5.000000   clock network delay (propagated)
                                 -0.150000    4.850000   clock uncertainty
                                  0.000000    4.850000   clock reconvergence pessimism
                                 -1.000000    3.850000   output external delay
                                              3.850000   data required time
---------------------------------------------------------------------------------------------
                                              3.850000   data required time
                                             -1.187766   data arrival time
---------------------------------------------------------------------------------------------
                                              2.662234   slack (MET)


Startpoint: _305_ (rising edge-triggered flip-flop clocked by clk)
Endpoint: sine_out[5] (output port clocked by clk)
Path Group: clk
Path Type: max

Fanout         Cap        Slew       Delay        Time   Description
---------------------------------------------------------------------------------------------
                                  0.000000    0.000000   clock clk (rise edge)
                                  0.000000    0.000000   clock source latency
     1    0.022646    0.000000    0.000000    0.000000 ^ clk (in)
                                                         clk (net)
                      0.001423    0.000711    0.000711 ^ clkbuf_0_clk/A (sg13g2_buf_16)
     2    0.038127    0.022237    0.054876    0.055587 ^ clkbuf_0_clk/X (sg13g2_buf_16)
                                                         clknet_0_clk (net)
                      0.022238    0.000448    0.056035 ^ clkbuf_1_1__f_clk/A (sg13g2_buf_16)
     5    0.019529    0.018980    0.061357    0.117392 ^ clkbuf_1_1__f_clk/X (sg13g2_buf_16)
                                                         clknet_1_1__leaf_clk (net)
                      0.018982    0.000317    0.117709 ^ _305_/CLK (sg13g2_dfrbpq_1)
     3    0.015551    0.071359    0.198664    0.316373 ^ _305_/Q (sg13g2_dfrbpq_1)
                                                         DPATH.SUM.fa_1.A (net)
                      0.071359    0.000174    0.316547 ^ fanout38/A (sg13g2_buf_1)
     8    0.040716    0.170947    0.186214    0.502761 ^ fanout38/X (sg13g2_buf_1)
                                                         net38 (net)
                      0.170947    0.000329    0.503090 ^ fanout37/A (sg13g2_buf_1)
     8    0.028420    0.122349    0.183625    0.686715 ^ fanout37/X (sg13g2_buf_1)
                                                         net37 (net)
                      0.122349    0.000448    0.687163 ^ _164_/B (sg13g2_and2_1)
     4    0.015512    0.075315    0.154072    0.841235 ^ _164_/X (sg13g2_and2_1)
                                                         _120_ (net)
                      0.075315    0.000192    0.841427 ^ _169_/B (sg13g2_nand2_1)
     3    0.010891    0.089338    0.097979    0.939406 v _169_/Y (sg13g2_nand2_1)
                                                         _124_ (net)
                      0.089338    0.000085    0.939490 v _291_/B (sg13g2_nor2_1)
     2    0.007783    0.089801    0.099670    1.039161 ^ _291_/Y (sg13g2_nor2_1)
                                                         _099_ (net)
                      0.089801    0.000061    1.039222 ^ _292_/C (sg13g2_nor3_1)
     1    0.002617    0.045577    0.050423    1.089645 v _292_/Y (sg13g2_nor3_1)
                                                         net17 (net)
                      0.045577    0.000018    1.089663 v output17/A (sg13g2_buf_1)
     1    0.010000    0.041263    0.086416    1.176078 v output17/X (sg13g2_buf_1)
                                                         sine_out[5] (net)
                      0.041263    0.000000    1.176078 v sine_out[5] (out)
                                              1.176078   data arrival time

                                  5.000000    5.000000   clock clk (rise edge)
                                  0.000000    5.000000   clock network delay (propagated)
                                 -0.150000    4.850000   clock uncertainty
                                  0.000000    4.850000   clock reconvergence pessimism
                                 -1.000000    3.850000   output external delay
                                              3.850000   data required time
---------------------------------------------------------------------------------------------
                                              3.850000   data required time
                                             -1.176078   data arrival time
---------------------------------------------------------------------------------------------
                                              2.673922   slack (MET)


Startpoint: _308_ (rising edge-triggered flip-flop clocked by clk)
Endpoint: sine_out[9] (output port clocked by clk)
Path Group: clk
Path Type: max

Fanout         Cap        Slew       Delay        Time   Description
---------------------------------------------------------------------------------------------
                                  0.000000    0.000000   clock clk (rise edge)
                                  0.000000    0.000000   clock source latency
     1    0.022646    0.000000    0.000000    0.000000 ^ clk (in)
                                                         clk (net)
                      0.001423    0.000711    0.000711 ^ clkbuf_0_clk/A (sg13g2_buf_16)
     2    0.038127    0.022237    0.054876    0.055587 ^ clkbuf_0_clk/X (sg13g2_buf_16)
                                                         clknet_0_clk (net)
                      0.022241    0.000546    0.056133 ^ clkbuf_1_0__f_clk/A (sg13g2_buf_16)
     5    0.021275    0.019382    0.061694    0.117827 ^ clkbuf_1_0__f_clk/X (sg13g2_buf_16)
                                                         clknet_1_0__leaf_clk (net)
                      0.019385    0.000434    0.118262 ^ _308_/CLK (sg13g2_dfrbpq_1)
     3    0.015472    0.055565    0.189800    0.308062 v _308_/Q (sg13g2_dfrbpq_1)
                                                         DPATH.SUM.fa_4.A (net)
                      0.055565    0.000105    0.308166 v fanout32/A (sg13g2_buf_1)
     8    0.033508    0.109243    0.146556    0.454722 v fanout32/X (sg13g2_buf_1)
                                                         net32 (net)
                      0.109243    0.000201    0.454923 v fanout31/A (sg13g2_buf_1)
     8    0.030329    0.100081    0.160890    0.615813 v fanout31/X (sg13g2_buf_1)
                                                         net31 (net)
                      0.100081    0.000085    0.615897 v fanout30/A (sg13g2_buf_1)
     8    0.028643    0.094858    0.154722    0.770619 v fanout30/X (sg13g2_buf_1)
                                                         net30 (net)
                      0.094858    0.000190    0.770809 v _145_/B (sg13g2_nor2_1)
     2    0.006706    0.082859    0.094628    0.865437 ^ _145_/Y (sg13g2_nor2_1)
                                                         _104_ (net)
                      0.082859    0.000035    0.865471 ^ _149_/A (sg13g2_nand2_1)
     3    0.012797    0.101017    0.106397    0.971868 v _149_/Y (sg13g2_nand2_1)
                                                         _108_ (net)
                      0.101017    0.000254    0.972123 v _150_/A2 (sg13g2_a21oi_1)
     1    0.004137    0.070741    0.103286    1.075408 ^ _150_/Y (sg13g2_a21oi_1)
                                                         net21 (net)
                      0.070741    0.000065    1.075474 ^ output21/A (sg13g2_buf_1)
     1    0.010000    0.051962    0.098478    1.173952 ^ output21/X (sg13g2_buf_1)
                                                         sine_out[9] (net)
                      0.051962    0.000000    1.173952 ^ sine_out[9] (out)
                                              1.173952   data arrival time

                                  5.000000    5.000000   clock clk (rise edge)
                                  0.000000    5.000000   clock network delay (propagated)
                                 -0.150000    4.850000   clock uncertainty
                                  0.000000    4.850000   clock reconvergence pessimism
                                 -1.000000    3.850000   output external delay
                                              3.850000   data required time
---------------------------------------------------------------------------------------------
                                              3.850000   data required time
                                             -1.173952   data arrival time
---------------------------------------------------------------------------------------------
                                              2.676048   slack (MET)


Startpoint: _308_ (rising edge-triggered flip-flop clocked by clk)
Endpoint: sine_out[14] (output port clocked by clk)
Path Group: clk
Path Type: max

Fanout         Cap        Slew       Delay        Time   Description
---------------------------------------------------------------------------------------------
                                  0.000000    0.000000   clock clk (rise edge)
                                  0.000000    0.000000   clock source latency
     1    0.022646    0.000000    0.000000    0.000000 ^ clk (in)
                                                         clk (net)
                      0.001423    0.000711    0.000711 ^ clkbuf_0_clk/A (sg13g2_buf_16)
     2    0.038127    0.022237    0.054876    0.055587 ^ clkbuf_0_clk/X (sg13g2_buf_16)
                                                         clknet_0_clk (net)
                      0.022241    0.000546    0.056133 ^ clkbuf_1_0__f_clk/A (sg13g2_buf_16)
     5    0.021275    0.019382    0.061694    0.117827 ^ clkbuf_1_0__f_clk/X (sg13g2_buf_16)
                                                         clknet_1_0__leaf_clk (net)
                      0.019385    0.000434    0.118262 ^ _308_/CLK (sg13g2_dfrbpq_1)
     3    0.015472    0.055565    0.189800    0.308062 v _308_/Q (sg13g2_dfrbpq_1)
                                                         DPATH.SUM.fa_4.A (net)
                      0.055565    0.000105    0.308166 v fanout32/A (sg13g2_buf_1)
     8    0.033508    0.109243    0.146556    0.454722 v fanout32/X (sg13g2_buf_1)
                                                         net32 (net)
                      0.109243    0.000201    0.454923 v fanout31/A (sg13g2_buf_1)
     8    0.030329    0.100081    0.160890    0.615813 v fanout31/X (sg13g2_buf_1)
                                                         net31 (net)
                      0.100081    0.000085    0.615897 v fanout30/A (sg13g2_buf_1)
     8    0.028643    0.094858    0.154722    0.770619 v fanout30/X (sg13g2_buf_1)
                                                         net30 (net)
                      0.094858    0.000190    0.770809 v _145_/B (sg13g2_nor2_1)
     2    0.006706    0.082859    0.094628    0.865437 ^ _145_/Y (sg13g2_nor2_1)
                                                         _104_ (net)
                      0.082859    0.000035    0.865471 ^ _149_/A (sg13g2_nand2_1)
     3    0.012797    0.101017    0.106397    0.971868 v _149_/Y (sg13g2_nand2_1)
                                                         _108_ (net)
                      0.101017    0.000211    0.972079 v _171_/A2 (sg13g2_o21ai_1)
     1    0.002635    0.074103    0.101111    1.073191 ^ _171_/Y (sg13g2_o21ai_1)
                                                         net9 (net)
                      0.074103    0.000017    1.073207 ^ output9/A (sg13g2_buf_1)
     1    0.010000    0.052055    0.099923    1.173131 ^ output9/X (sg13g2_buf_1)
                                                         sine_out[14] (net)
                      0.052055    0.000000    1.173131 ^ sine_out[14] (out)
                                              1.173131   data arrival time

                                  5.000000    5.000000   clock clk (rise edge)
                                  0.000000    5.000000   clock network delay (propagated)
                                 -0.150000    4.850000   clock uncertainty
                                  0.000000    4.850000   clock reconvergence pessimism
                                 -1.000000    3.850000   output external delay
                                              3.850000   data required time
---------------------------------------------------------------------------------------------
                                              3.850000   data required time
                                             -1.173131   data arrival time
---------------------------------------------------------------------------------------------
                                              2.676869   slack (MET)


Startpoint: _305_ (rising edge-triggered flip-flop clocked by clk)
Endpoint: sine_out[12] (output port clocked by clk)
Path Group: clk
Path Type: max

Fanout         Cap        Slew       Delay        Time   Description
---------------------------------------------------------------------------------------------
                                  0.000000    0.000000   clock clk (rise edge)
                                  0.000000    0.000000   clock source latency
     1    0.022646    0.000000    0.000000    0.000000 ^ clk (in)
                                                         clk (net)
                      0.001423    0.000711    0.000711 ^ clkbuf_0_clk/A (sg13g2_buf_16)
     2    0.038127    0.022237    0.054876    0.055587 ^ clkbuf_0_clk/X (sg13g2_buf_16)
                                                         clknet_0_clk (net)
                      0.022238    0.000448    0.056035 ^ clkbuf_1_1__f_clk/A (sg13g2_buf_16)
     5    0.019529    0.018980    0.061357    0.117392 ^ clkbuf_1_1__f_clk/X (sg13g2_buf_16)
                                                         clknet_1_1__leaf_clk (net)
                      0.018982    0.000317    0.117709 ^ _305_/CLK (sg13g2_dfrbpq_1)
     3    0.015551    0.071359    0.198664    0.316373 ^ _305_/Q (sg13g2_dfrbpq_1)
                                                         DPATH.SUM.fa_1.A (net)
                      0.071359    0.000174    0.316547 ^ fanout38/A (sg13g2_buf_1)
     8    0.040716    0.170947    0.186214    0.502761 ^ fanout38/X (sg13g2_buf_1)
                                                         net38 (net)
                      0.170947    0.000329    0.503090 ^ fanout37/A (sg13g2_buf_1)
     8    0.028420    0.122349    0.183625    0.686715 ^ fanout37/X (sg13g2_buf_1)
                                                         net37 (net)
                      0.122349    0.000448    0.687163 ^ _164_/B (sg13g2_and2_1)
     4    0.015512    0.075315    0.154072    0.841235 ^ _164_/X (sg13g2_and2_1)
                                                         _120_ (net)
                      0.075315    0.000212    0.841448 ^ _165_/A (sg13g2_inv_1)
     4    0.015120    0.063140    0.078989    0.920437 v _165_/Y (sg13g2_inv_1)
                                                         _121_ (net)
                      0.063140    0.000164    0.920600 v _166_/B (sg13g2_nor2_1)
     2    0.008059    0.087958    0.092453    1.013054 ^ _166_/Y (sg13g2_nor2_1)
                                                         _122_ (net)
                      0.087958    0.000052    1.013105 ^ _167_/A2 (sg13g2_o21ai_1)
     1    0.003548    0.042774    0.071907    1.085012 v _167_/Y (sg13g2_o21ai_1)
                                                         net7 (net)
                      0.042774    0.000046    1.085058 v output7/A (sg13g2_buf_1)
     1    0.010000    0.041194    0.085216    1.170274 v output7/X (sg13g2_buf_1)
                                                         sine_out[12] (net)
                      0.041194    0.000000    1.170274 v sine_out[12] (out)
                                              1.170274   data arrival time

                                  5.000000    5.000000   clock clk (rise edge)
                                  0.000000    5.000000   clock network delay (propagated)
                                 -0.150000    4.850000   clock uncertainty
                                  0.000000    4.850000   clock reconvergence pessimism
                                 -1.000000    3.850000   output external delay
                                              3.850000   data required time
---------------------------------------------------------------------------------------------
                                              3.850000   data required time
                                             -1.170274   data arrival time
---------------------------------------------------------------------------------------------
                                              2.679726   slack (MET)


Startpoint: _308_ (rising edge-triggered flip-flop clocked by clk)
Endpoint: sine_out[17] (output port clocked by clk)
Path Group: clk
Path Type: max

Fanout         Cap        Slew       Delay        Time   Description
---------------------------------------------------------------------------------------------
                                  0.000000    0.000000   clock clk (rise edge)
                                  0.000000    0.000000   clock source latency
     1    0.022646    0.000000    0.000000    0.000000 ^ clk (in)
                                                         clk (net)
                      0.001423    0.000711    0.000711 ^ clkbuf_0_clk/A (sg13g2_buf_16)
     2    0.038127    0.022237    0.054876    0.055587 ^ clkbuf_0_clk/X (sg13g2_buf_16)
                                                         clknet_0_clk (net)
                      0.022241    0.000546    0.056133 ^ clkbuf_1_0__f_clk/A (sg13g2_buf_16)
     5    0.021275    0.019382    0.061694    0.117827 ^ clkbuf_1_0__f_clk/X (sg13g2_buf_16)
                                                         clknet_1_0__leaf_clk (net)
                      0.019385    0.000434    0.118262 ^ _308_/CLK (sg13g2_dfrbpq_1)
     3    0.015419    0.070858    0.198439    0.316701 ^ _308_/Q (sg13g2_dfrbpq_1)
                                                         DPATH.SUM.fa_4.A (net)
                      0.070858    0.000105    0.316806 ^ fanout32/A (sg13g2_buf_1)
     8    0.033739    0.143057    0.166776    0.483582 ^ fanout32/X (sg13g2_buf_1)
                                                         net32 (net)
                      0.143057    0.000202    0.483784 ^ fanout31/A (sg13g2_buf_1)
     8    0.030889    0.132021    0.182842    0.666626 ^ fanout31/X (sg13g2_buf_1)
                                                         net31 (net)
                      0.132021    0.000086    0.666712 ^ fanout30/A (sg13g2_buf_1)
     8    0.029142    0.124954    0.175028    0.841741 ^ fanout30/X (sg13g2_buf_1)
                                                         net30 (net)
                      0.124954    0.000193    0.841934 ^ _145_/B (sg13g2_nor2_1)
     2    0.006387    0.050158    0.067787    0.909720 v _145_/Y (sg13g2_nor2_1)
                                                         _104_ (net)
                      0.050158    0.000023    0.909743 v _178_/B (sg13g2_nand2_1)
     2    0.007323    0.053057    0.056873    0.966616 ^ _178_/Y (sg13g2_nand2_1)
                                                         _129_ (net)
                      0.053057    0.000055    0.966670 ^ _179_/C (sg13g2_nand3_1)
     1    0.003394    0.071031    0.083242    1.049912 v _179_/Y (sg13g2_nand3_1)
                                                         net12 (net)
                      0.071031    0.000041    1.049953 v output12/A (sg13g2_buf_1)
     1    0.010000    0.041883    0.097305    1.147258 v output12/X (sg13g2_buf_1)
                                                         sine_out[17] (net)
                      0.041883    0.000000    1.147258 v sine_out[17] (out)
                                              1.147258   data arrival time

                                  5.000000    5.000000   clock clk (rise edge)
                                  0.000000    5.000000   clock network delay (propagated)
                                 -0.150000    4.850000   clock uncertainty
                                  0.000000    4.850000   clock reconvergence pessimism
                                 -1.000000    3.850000   output external delay
                                              3.850000   data required time
---------------------------------------------------------------------------------------------
                                              3.850000   data required time
                                             -1.147258   data arrival time
---------------------------------------------------------------------------------------------
                                              2.702742   slack (MET)


Startpoint: _305_ (rising edge-triggered flip-flop clocked by clk)
Endpoint: sine_out[11] (output port clocked by clk)
Path Group: clk
Path Type: max

Fanout         Cap        Slew       Delay        Time   Description
---------------------------------------------------------------------------------------------
                                  0.000000    0.000000   clock clk (rise edge)
                                  0.000000    0.000000   clock source latency
     1    0.022646    0.000000    0.000000    0.000000 ^ clk (in)
                                                         clk (net)
                      0.001423    0.000711    0.000711 ^ clkbuf_0_clk/A (sg13g2_buf_16)
     2    0.038127    0.022237    0.054876    0.055587 ^ clkbuf_0_clk/X (sg13g2_buf_16)
                                                         clknet_0_clk (net)
                      0.022238    0.000448    0.056035 ^ clkbuf_1_1__f_clk/A (sg13g2_buf_16)
     5    0.019529    0.018980    0.061357    0.117392 ^ clkbuf_1_1__f_clk/X (sg13g2_buf_16)
                                                         clknet_1_1__leaf_clk (net)
                      0.018982    0.000317    0.117709 ^ _305_/CLK (sg13g2_dfrbpq_1)
     3    0.015189    0.054698    0.188965    0.306674 v _305_/Q (sg13g2_dfrbpq_1)
                                                         DPATH.SUM.fa_1.A (net)
                      0.054698    0.000170    0.306844 v fanout38/A (sg13g2_buf_1)
     8    0.040050    0.128903    0.160518    0.467362 v fanout38/X (sg13g2_buf_1)
                                                         net38 (net)
                      0.128903    0.000324    0.467686 v fanout37/A (sg13g2_buf_1)
     8    0.027543    0.091991    0.160001    0.627687 v fanout37/X (sg13g2_buf_1)
                                                         net37 (net)
                      0.091991    0.000359    0.628046 v _154_/B (sg13g2_nor2_1)
     4    0.016223    0.154323    0.154781    0.782827 ^ _154_/Y (sg13g2_nor2_1)
                                                         _112_ (net)
                      0.154324    0.000263    0.783090 ^ _160_/B (sg13g2_nand2_1)
     3    0.014328    0.105249    0.140463    0.923553 v _160_/Y (sg13g2_nand2_1)
                                                         _117_ (net)
                      0.105249    0.000123    0.923676 v _162_/A1 (sg13g2_o21ai_1)
     1    0.003321    0.075076    0.114169    1.037845 ^ _162_/Y (sg13g2_o21ai_1)
                                                         net6 (net)
                      0.075076    0.000037    1.037881 ^ output6/A (sg13g2_buf_1)
     1    0.010000    0.052082    0.100342    1.138223 ^ output6/X (sg13g2_buf_1)
                                                         sine_out[11] (net)
                      0.052082    0.000000    1.138223 ^ sine_out[11] (out)
                                              1.138223   data arrival time

                                  5.000000    5.000000   clock clk (rise edge)
                                  0.000000    5.000000   clock network delay (propagated)
                                 -0.150000    4.850000   clock uncertainty
                                  0.000000    4.850000   clock reconvergence pessimism
                                 -1.000000    3.850000   output external delay
                                              3.850000   data required time
---------------------------------------------------------------------------------------------
                                              3.850000   data required time
                                             -1.138223   data arrival time
---------------------------------------------------------------------------------------------
                                              2.711777   slack (MET)


Startpoint: _308_ (rising edge-triggered flip-flop clocked by clk)
Endpoint: sine_out[3] (output port clocked by clk)
Path Group: clk
Path Type: max

Fanout         Cap        Slew       Delay        Time   Description
---------------------------------------------------------------------------------------------
                                  0.000000    0.000000   clock clk (rise edge)
                                  0.000000    0.000000   clock source latency
     1    0.022646    0.000000    0.000000    0.000000 ^ clk (in)
                                                         clk (net)
                      0.001423    0.000711    0.000711 ^ clkbuf_0_clk/A (sg13g2_buf_16)
     2    0.038127    0.022237    0.054876    0.055587 ^ clkbuf_0_clk/X (sg13g2_buf_16)
                                                         clknet_0_clk (net)
                      0.022241    0.000546    0.056133 ^ clkbuf_1_0__f_clk/A (sg13g2_buf_16)
     5    0.021275    0.019382    0.061694    0.117827 ^ clkbuf_1_0__f_clk/X (sg13g2_buf_16)
                                                         clknet_1_0__leaf_clk (net)
                      0.019385    0.000434    0.118262 ^ _308_/CLK (sg13g2_dfrbpq_1)
     3    0.015472    0.055565    0.189800    0.308062 v _308_/Q (sg13g2_dfrbpq_1)
                                                         DPATH.SUM.fa_4.A (net)
                      0.055565    0.000105    0.308166 v fanout32/A (sg13g2_buf_1)
     8    0.033508    0.109243    0.146556    0.454722 v fanout32/X (sg13g2_buf_1)
                                                         net32 (net)
                      0.109243    0.000201    0.454923 v fanout31/A (sg13g2_buf_1)
     8    0.030329    0.100081    0.160890    0.615813 v fanout31/X (sg13g2_buf_1)
                                                         net31 (net)
                      0.100081    0.000085    0.615897 v fanout30/A (sg13g2_buf_1)
     8    0.028643    0.094858    0.154722    0.770619 v fanout30/X (sg13g2_buf_1)
                                                         net30 (net)
                      0.094858    0.000190    0.770809 v _145_/B (sg13g2_nor2_1)
     2    0.006706    0.082859    0.094628    0.865437 ^ _145_/Y (sg13g2_nor2_1)
                                                         _104_ (net)
                      0.082859    0.000035    0.865471 ^ _149_/A (sg13g2_nand2_1)
     3    0.012797    0.101017    0.106397    0.971868 v _149_/Y (sg13g2_nand2_1)
                                                         _108_ (net)
                      0.101017    0.000054    0.971922 v _289_/B (sg13g2_nor2_1)
     1    0.002891    0.057710    0.071346    1.043268 ^ _289_/Y (sg13g2_nor2_1)
                                                         net15 (net)
                      0.057710    0.000025    1.043293 ^ output15/A (sg13g2_buf_1)
     1    0.010000    0.051601    0.092876    1.136169 ^ output15/X (sg13g2_buf_1)
                                                         sine_out[3] (net)
                      0.051601    0.000000    1.136169 ^ sine_out[3] (out)
                                              1.136169   data arrival time

                                  5.000000    5.000000   clock clk (rise edge)
                                  0.000000    5.000000   clock network delay (propagated)
                                 -0.150000    4.850000   clock uncertainty
                                  0.000000    4.850000   clock reconvergence pessimism
                                 -1.000000    3.850000   output external delay
                                              3.850000   data required time
---------------------------------------------------------------------------------------------
                                              3.850000   data required time
                                             -1.136169   data arrival time
---------------------------------------------------------------------------------------------
                                              2.713831   slack (MET)


Startpoint: _305_ (rising edge-triggered flip-flop clocked by clk)
Endpoint: sine_out[7] (output port clocked by clk)
Path Group: clk
Path Type: max

Fanout         Cap        Slew       Delay        Time   Description
---------------------------------------------------------------------------------------------
                                  0.000000    0.000000   clock clk (rise edge)
                                  0.000000    0.000000   clock source latency
     1    0.022646    0.000000    0.000000    0.000000 ^ clk (in)
                                                         clk (net)
                      0.001423    0.000711    0.000711 ^ clkbuf_0_clk/A (sg13g2_buf_16)
     2    0.038127    0.022237    0.054876    0.055587 ^ clkbuf_0_clk/X (sg13g2_buf_16)
                                                         clknet_0_clk (net)
                      0.022238    0.000448    0.056035 ^ clkbuf_1_1__f_clk/A (sg13g2_buf_16)
     5    0.019529    0.018980    0.061357    0.117392 ^ clkbuf_1_1__f_clk/X (sg13g2_buf_16)
                                                         clknet_1_1__leaf_clk (net)
                      0.018982    0.000317    0.117709 ^ _305_/CLK (sg13g2_dfrbpq_1)
     3    0.015551    0.071359    0.198664    0.316373 ^ _305_/Q (sg13g2_dfrbpq_1)
                                                         DPATH.SUM.fa_1.A (net)
                      0.071359    0.000174    0.316547 ^ fanout38/A (sg13g2_buf_1)
     8    0.040716    0.170947    0.186214    0.502761 ^ fanout38/X (sg13g2_buf_1)
                                                         net38 (net)
                      0.170947    0.000329    0.503090 ^ fanout37/A (sg13g2_buf_1)
     8    0.028420    0.122349    0.183625    0.686715 ^ fanout37/X (sg13g2_buf_1)
                                                         net37 (net)
                      0.122349    0.000372    0.687088 ^ _154_/B (sg13g2_nor2_1)
     4    0.015661    0.079403    0.101936    0.789023 v _154_/Y (sg13g2_nor2_1)
                                                         _112_ (net)
                      0.079403    0.000274    0.789297 v _156_/B (sg13g2_nor2_1)
     3    0.013272    0.130098    0.131060    0.920357 ^ _156_/Y (sg13g2_nor2_1)
                                                         _114_ (net)
                      0.130098    0.000093    0.920449 ^ _294_/A2 (sg13g2_a21oi_1)
     1    0.003801    0.054008    0.094319    1.014768 v _294_/Y (sg13g2_a21oi_1)
                                                         net19 (net)
                      0.054008    0.000056    1.014824 v output19/A (sg13g2_buf_1)
     1    0.010000    0.041468    0.090022    1.104846 v output19/X (sg13g2_buf_1)
                                                         sine_out[7] (net)
                      0.041468    0.000000    1.104846 v sine_out[7] (out)
                                              1.104846   data arrival time

                                  5.000000    5.000000   clock clk (rise edge)
                                  0.000000    5.000000   clock network delay (propagated)
                                 -0.150000    4.850000   clock uncertainty
                                  0.000000    4.850000   clock reconvergence pessimism
                                 -1.000000    3.850000   output external delay
                                              3.850000   data required time
---------------------------------------------------------------------------------------------
                                              3.850000   data required time
                                             -1.104846   data arrival time
---------------------------------------------------------------------------------------------
                                              2.745153   slack (MET)


Startpoint: _305_ (rising edge-triggered flip-flop clocked by clk)
Endpoint: sine_out[10] (output port clocked by clk)
Path Group: clk
Path Type: max

Fanout         Cap        Slew       Delay        Time   Description
---------------------------------------------------------------------------------------------
                                  0.000000    0.000000   clock clk (rise edge)
                                  0.000000    0.000000   clock source latency
     1    0.022646    0.000000    0.000000    0.000000 ^ clk (in)
                                                         clk (net)
                      0.001423    0.000711    0.000711 ^ clkbuf_0_clk/A (sg13g2_buf_16)
     2    0.038127    0.022237    0.054876    0.055587 ^ clkbuf_0_clk/X (sg13g2_buf_16)
                                                         clknet_0_clk (net)
                      0.022238    0.000448    0.056035 ^ clkbuf_1_1__f_clk/A (sg13g2_buf_16)
     5    0.019529    0.018980    0.061357    0.117392 ^ clkbuf_1_1__f_clk/X (sg13g2_buf_16)
                                                         clknet_1_1__leaf_clk (net)
                      0.018982    0.000317    0.117709 ^ _305_/CLK (sg13g2_dfrbpq_1)
     3    0.015551    0.071359    0.198664    0.316373 ^ _305_/Q (sg13g2_dfrbpq_1)
                                                         DPATH.SUM.fa_1.A (net)
                      0.071359    0.000174    0.316547 ^ fanout38/A (sg13g2_buf_1)
     8    0.040716    0.170947    0.186214    0.502761 ^ fanout38/X (sg13g2_buf_1)
                                                         net38 (net)
                      0.170947    0.000329    0.503090 ^ fanout37/A (sg13g2_buf_1)
     8    0.028420    0.122349    0.183625    0.686715 ^ fanout37/X (sg13g2_buf_1)
                                                         net37 (net)
                      0.122349    0.000372    0.687088 ^ _154_/B (sg13g2_nor2_1)
     4    0.015661    0.079403    0.101936    0.789023 v _154_/Y (sg13g2_nor2_1)
                                                         _112_ (net)
                      0.079403    0.000274    0.789297 v _156_/B (sg13g2_nor2_1)
     3    0.013272    0.130098    0.131060    0.920357 ^ _156_/Y (sg13g2_nor2_1)
                                                         _114_ (net)
                      0.130098    0.000109    0.920465 ^ _159_/A1 (sg13g2_a21oi_1)
     1    0.003042    0.057132    0.087070    1.007535 v _159_/Y (sg13g2_a21oi_1)
                                                         net5 (net)
                      0.057132    0.000030    1.007564 v output5/A (sg13g2_buf_1)
     1    0.010000    0.041544    0.091359    1.098923 v output5/X (sg13g2_buf_1)
                                                         sine_out[10] (net)
                      0.041544    0.000000    1.098923 v sine_out[10] (out)
                                              1.098923   data arrival time

                                  5.000000    5.000000   clock clk (rise edge)
                                  0.000000    5.000000   clock network delay (propagated)
                                 -0.150000    4.850000   clock uncertainty
                                  0.000000    4.850000   clock reconvergence pessimism
                                 -1.000000    3.850000   output external delay
                                              3.850000   data required time
---------------------------------------------------------------------------------------------
                                              3.850000   data required time
                                             -1.098923   data arrival time
---------------------------------------------------------------------------------------------
                                              2.751077   slack (MET)


Startpoint: _305_ (rising edge-triggered flip-flop clocked by clk)
Endpoint: sine_out[4] (output port clocked by clk)
Path Group: clk
Path Type: max

Fanout         Cap        Slew       Delay        Time   Description
---------------------------------------------------------------------------------------------
                                  0.000000    0.000000   clock clk (rise edge)
                                  0.000000    0.000000   clock source latency
     1    0.022646    0.000000    0.000000    0.000000 ^ clk (in)
                                                         clk (net)
                      0.001423    0.000711    0.000711 ^ clkbuf_0_clk/A (sg13g2_buf_16)
     2    0.038127    0.022237    0.054876    0.055587 ^ clkbuf_0_clk/X (sg13g2_buf_16)
                                                         clknet_0_clk (net)
                      0.022238    0.000448    0.056035 ^ clkbuf_1_1__f_clk/A (sg13g2_buf_16)
     5    0.019529    0.018980    0.061357    0.117392 ^ clkbuf_1_1__f_clk/X (sg13g2_buf_16)
                                                         clknet_1_1__leaf_clk (net)
                      0.018982    0.000317    0.117709 ^ _305_/CLK (sg13g2_dfrbpq_1)
     3    0.015189    0.054698    0.188965    0.306674 v _305_/Q (sg13g2_dfrbpq_1)
                                                         DPATH.SUM.fa_1.A (net)
                      0.054698    0.000170    0.306844 v fanout38/A (sg13g2_buf_1)
     8    0.040050    0.128903    0.160518    0.467362 v fanout38/X (sg13g2_buf_1)
                                                         net38 (net)
                      0.128903    0.000324    0.467686 v fanout37/A (sg13g2_buf_1)
     8    0.027543    0.091991    0.160001    0.627687 v fanout37/X (sg13g2_buf_1)
                                                         net37 (net)
                      0.091991    0.000359    0.628046 v _154_/B (sg13g2_nor2_1)
     4    0.016223    0.154323    0.154781    0.782827 ^ _154_/Y (sg13g2_nor2_1)
                                                         _112_ (net)
                      0.154324    0.000287    0.783114 ^ _156_/B (sg13g2_nor2_1)
     3    0.013081    0.073809    0.102120    0.885234 v _156_/Y (sg13g2_nor2_1)
                                                         _114_ (net)
                      0.073809    0.000181    0.885415 v _290_/C (sg13g2_nor3_1)
     1    0.002827    0.082230    0.089276    0.974691 ^ _290_/Y (sg13g2_nor3_1)
                                                         net16 (net)
                      0.082230    0.000023    0.974714 ^ output16/A (sg13g2_buf_1)
     1    0.010000    0.052281    0.103417    1.078130 ^ output16/X (sg13g2_buf_1)
                                                         sine_out[4] (net)
                      0.052281    0.000000    1.078130 ^ sine_out[4] (out)
                                              1.078130   data arrival time

                                  5.000000    5.000000   clock clk (rise edge)
                                  0.000000    5.000000   clock network delay (propagated)
                                 -0.150000    4.850000   clock uncertainty
                                  0.000000    4.850000   clock reconvergence pessimism
                                 -1.000000    3.850000   output external delay
                                              3.850000   data required time
---------------------------------------------------------------------------------------------
                                              3.850000   data required time
                                             -1.078130   data arrival time
---------------------------------------------------------------------------------------------
                                              2.771869   slack (MET)


Startpoint: _307_ (rising edge-triggered flip-flop clocked by clk)
Endpoint: sine_out[6] (output port clocked by clk)
Path Group: clk
Path Type: max

Fanout         Cap        Slew       Delay        Time   Description
---------------------------------------------------------------------------------------------
                                  0.000000    0.000000   clock clk (rise edge)
                                  0.000000    0.000000   clock source latency
     1    0.022646    0.000000    0.000000    0.000000 ^ clk (in)
                                                         clk (net)
                      0.001423    0.000711    0.000711 ^ clkbuf_0_clk/A (sg13g2_buf_16)
     2    0.038127    0.022237    0.054876    0.055587 ^ clkbuf_0_clk/X (sg13g2_buf_16)
                                                         clknet_0_clk (net)
                      0.022238    0.000448    0.056035 ^ clkbuf_1_1__f_clk/A (sg13g2_buf_16)
     5    0.019529    0.018980    0.061357    0.117392 ^ clkbuf_1_1__f_clk/X (sg13g2_buf_16)
                                                         clknet_1_1__leaf_clk (net)
                      0.018982    0.000296    0.117688 ^ _307_/CLK (sg13g2_dfrbpq_1)
     2    0.006890    0.030296    0.168845    0.286533 v _307_/Q (sg13g2_dfrbpq_1)
                                                         DPATH.SUM.fa_3.A (net)
                      0.030296    0.000064    0.286597 v fanout34/A (sg13g2_buf_1)
     8    0.031704    0.103660    0.131470    0.418067 v fanout34/X (sg13g2_buf_1)
                                                         net34 (net)
                      0.103660    0.000174    0.418241 v _138_/A (sg13g2_inv_1)
     4    0.018250    0.095820    0.109634    0.527875 ^ _138_/Y (sg13g2_inv_1)
                                                         _100_ (net)
                      0.095820    0.000068    0.527944 ^ fanout22/A (sg13g2_buf_1)
     8    0.032818    0.139455    0.175069    0.703012 ^ fanout22/X (sg13g2_buf_1)
                                                         net22 (net)
                      0.139455    0.000173    0.703185 ^ _177_/A (sg13g2_nand2_1)
     3    0.010712    0.089540    0.114309    0.817495 v _177_/Y (sg13g2_nand2_1)
                                                         _128_ (net)
                      0.089540    0.000057    0.817551 v _293_/A2 (sg13g2_a21oi_1)
     1    0.003025    0.062972    0.092865    0.910416 ^ _293_/Y (sg13g2_a21oi_1)
                                                         net18 (net)
                      0.062972    0.000028    0.910444 ^ output18/A (sg13g2_buf_1)
     1    0.010000    0.051747    0.095138    1.005583 ^ output18/X (sg13g2_buf_1)
                                                         sine_out[6] (net)
                      0.051747    0.000000    1.005583 ^ sine_out[6] (out)
                                              1.005583   data arrival time

                                  5.000000    5.000000   clock clk (rise edge)
                                  0.000000    5.000000   clock network delay (propagated)
                                 -0.150000    4.850000   clock uncertainty
                                  0.000000    4.850000   clock reconvergence pessimism
                                 -1.000000    3.850000   output external delay
                                              3.850000   data required time
---------------------------------------------------------------------------------------------
                                              3.850000   data required time
                                             -1.005583   data arrival time
---------------------------------------------------------------------------------------------
                                              2.844417   slack (MET)


Startpoint: _311_ (rising edge-triggered flip-flop clocked by clk)
Endpoint: signB (output port clocked by clk)
Path Group: clk
Path Type: max

Fanout         Cap        Slew       Delay        Time   Description
---------------------------------------------------------------------------------------------
                                  0.000000    0.000000   clock clk (rise edge)
                                  0.000000    0.000000   clock source latency
     1    0.022646    0.000000    0.000000    0.000000 ^ clk (in)
                                                         clk (net)
                      0.001423    0.000711    0.000711 ^ clkbuf_0_clk/A (sg13g2_buf_16)
     2    0.038127    0.022237    0.054876    0.055587 ^ clkbuf_0_clk/X (sg13g2_buf_16)
                                                         clknet_0_clk (net)
                      0.022241    0.000546    0.056133 ^ clkbuf_1_0__f_clk/A (sg13g2_buf_16)
     5    0.021275    0.019382    0.061694    0.117827 ^ clkbuf_1_0__f_clk/X (sg13g2_buf_16)
                                                         clknet_1_0__leaf_clk (net)
                      0.019384    0.000301    0.118128 ^ _311_/CLK (sg13g2_dfrbpq_1)
     2    0.004896    0.024786    0.164182    0.282310 v _311_/Q (sg13g2_dfrbpq_1)
                                                         net2 (net)
                      0.024786    0.000036    0.282347 v hold43/A (sg13g2_dlygate4sd3_1)
     1    0.004653    0.041396    0.375072    0.657419 v hold43/X (sg13g2_dlygate4sd3_1)
                                                         net43 (net)
                      0.041396    0.000077    0.657496 v _142_/A (sg13g2_inv_1)
     2    0.009416    0.048546    0.052843    0.710339 ^ _142_/Y (sg13g2_inv_1)
                                                         net3 (net)
                      0.048546    0.000122    0.710461 ^ output3/A (sg13g2_buf_1)
     1    0.030000    0.130378    0.146783    0.857244 ^ output3/X (sg13g2_buf_1)
                                                         signB (net)
                      0.130378    0.000000    0.857244 ^ signB (out)
                                              0.857244   data arrival time

                                  5.000000    5.000000   clock clk (rise edge)
                                  0.000000    5.000000   clock network delay (propagated)
                                 -0.150000    4.850000   clock uncertainty
                                  0.000000    4.850000   clock reconvergence pessimism
                                 -1.000000    3.850000   output external delay
                                              3.850000   data required time
---------------------------------------------------------------------------------------------
                                              3.850000   data required time
                                             -0.857244   data arrival time
---------------------------------------------------------------------------------------------
                                              2.992756   slack (MET)


Startpoint: _304_ (rising edge-triggered flip-flop clocked by clk)
Endpoint: _310_ (rising edge-triggered flip-flop clocked by clk)
Path Group: clk
Path Type: max

Fanout         Cap        Slew       Delay        Time   Description
---------------------------------------------------------------------------------------------
                                  0.000000    0.000000   clock clk (rise edge)
                                  0.000000    0.000000   clock source latency
     1    0.022646    0.000000    0.000000    0.000000 ^ clk (in)
                                                         clk (net)
                      0.001423    0.000711    0.000711 ^ clkbuf_0_clk/A (sg13g2_buf_16)
     2    0.038127    0.022237    0.054876    0.055587 ^ clkbuf_0_clk/X (sg13g2_buf_16)
                                                         clknet_0_clk (net)
                      0.022238    0.000448    0.056035 ^ clkbuf_1_1__f_clk/A (sg13g2_buf_16)
     5    0.019529    0.018980    0.061357    0.117392 ^ clkbuf_1_1__f_clk/X (sg13g2_buf_16)
                                                         clknet_1_1__leaf_clk (net)
                      0.018982    0.000359    0.117750 ^ _304_/CLK (sg13g2_dfrbpq_1)
     1    0.002451    0.022356    0.160718    0.278469 ^ _304_/Q (sg13g2_dfrbpq_1)
                                                         DPATH.SUM.Cout0 (net)
                      0.022356    0.000013    0.278482 ^ fanout41/A (sg13g2_buf_1)
     6    0.028037    0.120122    0.129289    0.407771 ^ fanout41/X (sg13g2_buf_1)
                                                         net41 (net)
                      0.120122    0.000179    0.407950 ^ fanout40/A (sg13g2_buf_1)
     4    0.017411    0.079904    0.137799    0.545749 ^ fanout40/X (sg13g2_buf_1)
                                                         net40 (net)
                      0.079904    0.000120    0.545869 ^ fanout39/A (sg13g2_buf_1)
     8    0.031177    0.132883    0.163370    0.709239 ^ fanout39/X (sg13g2_buf_1)
                                                         net39 (net)
                      0.132883    0.000538    0.709777 ^ _141_/A (sg13g2_inv_1)
     6    0.024707    0.099818    0.136896    0.846673 v _141_/Y (sg13g2_inv_1)
                                                         DPATH.SUM.ha_0.S (net)
                      0.099818    0.000226    0.846899 v _183_/A1 (sg13g2_o21ai_1)
     2    0.009870    0.133500    0.159861    1.006760 ^ _183_/Y (sg13g2_o21ai_1)
                                                         _132_ (net)
                      0.133500    0.000086    1.006846 ^ _187_/A1 (sg13g2_a21oi_1)
     2    0.011038    0.096426    0.129474    1.136320 v _187_/Y (sg13g2_a21oi_1)
                                                         _135_ (net)
                      0.096426    0.000166    1.136487 v _193_/A1 (sg13g2_o21ai_1)
     2    0.010316    0.137323    0.162041    1.298527 ^ _193_/Y (sg13g2_o21ai_1)
                                                         _011_ (net)
                      0.137323    0.000148    1.298675 ^ _197_/A2 (sg13g2_a21oi_1)
     2    0.008968    0.082188    0.121617    1.420292 v _197_/Y (sg13g2_a21oi_1)
                                                         _014_ (net)
                      0.082188    0.000063    1.420355 v _199_/A2 (sg13g2_o21ai_1)
     1    0.006840    0.106977    0.124908    1.545263 ^ _199_/Y (sg13g2_o21ai_1)
                                                         _015_ (net)
                      0.106977    0.000093    1.545356 ^ _201_/A (sg13g2_xnor2_1)
     1    0.001941    0.058345    0.109654    1.655010 ^ _201_/Y (sg13g2_xnor2_1)
                                                         DPATH.SUM.fa_6.S (net)
                      0.058345    0.000015    1.655025 ^ _310_/D (sg13g2_dfrbpq_1)
                                              1.655025   data arrival time

                                  5.000000    5.000000   clock clk (rise edge)
                                  0.000000    5.000000   clock source latency
     1    0.022646    0.000000    0.000000    5.000000 ^ clk (in)
                                                         clk (net)
                      0.001423    0.000711    5.000711 ^ clkbuf_0_clk/A (sg13g2_buf_16)
     2    0.038127    0.022237    0.054876    5.055587 ^ clkbuf_0_clk/X (sg13g2_buf_16)
                                                         clknet_0_clk (net)
                      0.022241    0.000546    5.056133 ^ clkbuf_1_0__f_clk/A (sg13g2_buf_16)
     5    0.021275    0.019382    0.061694    5.117827 ^ clkbuf_1_0__f_clk/X (sg13g2_buf_16)
                                                         clknet_1_0__leaf_clk (net)
                      0.019384    0.000334    5.118162 ^ _310_/CLK (sg13g2_dfrbpq_1)
                                 -0.150000    4.968162   clock uncertainty
                                  0.000000    4.968162   clock reconvergence pessimism
                                 -0.125284    4.842878   library setup time
                                              4.842878   data required time
---------------------------------------------------------------------------------------------
                                              4.842878   data required time
                                             -1.655025   data arrival time
---------------------------------------------------------------------------------------------
                                              3.187853   slack (MET)


Startpoint: _304_ (rising edge-triggered flip-flop clocked by clk)
Endpoint: _309_ (rising edge-triggered flip-flop clocked by clk)
Path Group: clk
Path Type: max

Fanout         Cap        Slew       Delay        Time   Description
---------------------------------------------------------------------------------------------
                                  0.000000    0.000000   clock clk (rise edge)
                                  0.000000    0.000000   clock source latency
     1    0.022646    0.000000    0.000000    0.000000 ^ clk (in)
                                                         clk (net)
                      0.001423    0.000711    0.000711 ^ clkbuf_0_clk/A (sg13g2_buf_16)
     2    0.038127    0.022237    0.054876    0.055587 ^ clkbuf_0_clk/X (sg13g2_buf_16)
                                                         clknet_0_clk (net)
                      0.022238    0.000448    0.056035 ^ clkbuf_1_1__f_clk/A (sg13g2_buf_16)
     5    0.019529    0.018980    0.061357    0.117392 ^ clkbuf_1_1__f_clk/X (sg13g2_buf_16)
                                                         clknet_1_1__leaf_clk (net)
                      0.018982    0.000359    0.117750 ^ _304_/CLK (sg13g2_dfrbpq_1)
     1    0.002451    0.022356    0.160718    0.278469 ^ _304_/Q (sg13g2_dfrbpq_1)
                                                         DPATH.SUM.Cout0 (net)
                      0.022356    0.000013    0.278482 ^ fanout41/A (sg13g2_buf_1)
     6    0.028037    0.120122    0.129289    0.407771 ^ fanout41/X (sg13g2_buf_1)
                                                         net41 (net)
                      0.120122    0.000179    0.407950 ^ fanout40/A (sg13g2_buf_1)
     4    0.017411    0.079904    0.137799    0.545749 ^ fanout40/X (sg13g2_buf_1)
                                                         net40 (net)
                      0.079904    0.000120    0.545869 ^ fanout39/A (sg13g2_buf_1)
     8    0.031177    0.132883    0.163370    0.709239 ^ fanout39/X (sg13g2_buf_1)
                                                         net39 (net)
                      0.132883    0.000538    0.709777 ^ _141_/A (sg13g2_inv_1)
     6    0.024707    0.099818    0.136896    0.846673 v _141_/Y (sg13g2_inv_1)
                                                         DPATH.SUM.ha_0.S (net)
                      0.099818    0.000226    0.846899 v _183_/A1 (sg13g2_o21ai_1)
     2    0.009870    0.133500    0.159861    1.006760 ^ _183_/Y (sg13g2_o21ai_1)
                                                         _132_ (net)
                      0.133500    0.000086    1.006846 ^ _187_/A1 (sg13g2_a21oi_1)
     2    0.011038    0.096426    0.129474    1.136320 v _187_/Y (sg13g2_a21oi_1)
                                                         _135_ (net)
                      0.096426    0.000166    1.136487 v _193_/A1 (sg13g2_o21ai_1)
     2    0.010316    0.137323    0.162041    1.298527 ^ _193_/Y (sg13g2_o21ai_1)
                                                         _011_ (net)
                      0.137323    0.000148    1.298675 ^ _197_/A2 (sg13g2_a21oi_1)
     2    0.008968    0.082188    0.121617    1.420292 v _197_/Y (sg13g2_a21oi_1)
                                                         _014_ (net)
                      0.082188    0.000079    1.420371 v _198_/B (sg13g2_xor2_1)
     1    0.002011    0.048746    0.109210    1.529581 v _198_/X (sg13g2_xor2_1)
                                                         DPATH.SUM.fa_5.S (net)
                      0.048746    0.000016    1.529597 v _309_/D (sg13g2_dfrbpq_1)
                                              1.529597   data arrival time

                                  5.000000    5.000000   clock clk (rise edge)
                                  0.000000    5.000000   clock source latency
     1    0.022646    0.000000    0.000000    5.000000 ^ clk (in)
                                                         clk (net)
                      0.001423    0.000711    5.000711 ^ clkbuf_0_clk/A (sg13g2_buf_16)
     2    0.038127    0.022237    0.054876    5.055587 ^ clkbuf_0_clk/X (sg13g2_buf_16)
                                                         clknet_0_clk (net)
                      0.022241    0.000546    5.056133 ^ clkbuf_1_0__f_clk/A (sg13g2_buf_16)
     5    0.021275    0.019382    0.061694    5.117827 ^ clkbuf_1_0__f_clk/X (sg13g2_buf_16)
                                                         clknet_1_0__leaf_clk (net)
                      0.019385    0.000400    5.118227 ^ _309_/CLK (sg13g2_dfrbpq_1)
                                 -0.150000    4.968227   clock uncertainty
                                  0.000000    4.968227   clock reconvergence pessimism
                                 -0.123137    4.845090   library setup time
                                              4.845090   data required time
---------------------------------------------------------------------------------------------
                                              4.845090   data required time
                                             -1.529597   data arrival time
---------------------------------------------------------------------------------------------
                                              3.315493   slack (MET)


Startpoint: _311_ (rising edge-triggered flip-flop clocked by clk)
Endpoint: sign (output port clocked by clk)
Path Group: clk
Path Type: max

Fanout         Cap        Slew       Delay        Time   Description
---------------------------------------------------------------------------------------------
                                  0.000000    0.000000   clock clk (rise edge)
                                  0.000000    0.000000   clock source latency
     1    0.022646    0.000000    0.000000    0.000000 ^ clk (in)
                                                         clk (net)
                      0.001423    0.000711    0.000711 ^ clkbuf_0_clk/A (sg13g2_buf_16)
     2    0.038127    0.022237    0.054876    0.055587 ^ clkbuf_0_clk/X (sg13g2_buf_16)
                                                         clknet_0_clk (net)
                      0.022241    0.000546    0.056133 ^ clkbuf_1_0__f_clk/A (sg13g2_buf_16)
     5    0.021275    0.019382    0.061694    0.117827 ^ clkbuf_1_0__f_clk/X (sg13g2_buf_16)
                                                         clknet_1_0__leaf_clk (net)
                      0.019384    0.000301    0.118128 ^ _311_/CLK (sg13g2_dfrbpq_1)
     2    0.004917    0.031148    0.168084    0.286212 ^ _311_/Q (sg13g2_dfrbpq_1)
                                                         net2 (net)
                      0.031148    0.000052    0.286264 ^ output2/A (sg13g2_buf_1)
     1    0.030000    0.130308    0.139212    0.425476 ^ output2/X (sg13g2_buf_1)
                                                         sign (net)
                      0.130308    0.000000    0.425476 ^ sign (out)
                                              0.425476   data arrival time

                                  5.000000    5.000000   clock clk (rise edge)
                                  0.000000    5.000000   clock network delay (propagated)
                                 -0.150000    4.850000   clock uncertainty
                                  0.000000    4.850000   clock reconvergence pessimism
                                 -1.000000    3.850000   output external delay
                                              3.850000   data required time
---------------------------------------------------------------------------------------------
                                              3.850000   data required time
                                             -0.425476   data arrival time
---------------------------------------------------------------------------------------------
                                              3.424524   slack (MET)


Startpoint: _304_ (rising edge-triggered flip-flop clocked by clk)
Endpoint: _308_ (rising edge-triggered flip-flop clocked by clk)
Path Group: clk
Path Type: max

Fanout         Cap        Slew       Delay        Time   Description
---------------------------------------------------------------------------------------------
                                  0.000000    0.000000   clock clk (rise edge)
                                  0.000000    0.000000   clock source latency
     1    0.022646    0.000000    0.000000    0.000000 ^ clk (in)
                                                         clk (net)
                      0.001423    0.000711    0.000711 ^ clkbuf_0_clk/A (sg13g2_buf_16)
     2    0.038127    0.022237    0.054876    0.055587 ^ clkbuf_0_clk/X (sg13g2_buf_16)
                                                         clknet_0_clk (net)
                      0.022238    0.000448    0.056035 ^ clkbuf_1_1__f_clk/A (sg13g2_buf_16)
     5    0.019529    0.018980    0.061357    0.117392 ^ clkbuf_1_1__f_clk/X (sg13g2_buf_16)
                                                         clknet_1_1__leaf_clk (net)
                      0.018982    0.000359    0.117750 ^ _304_/CLK (sg13g2_dfrbpq_1)
     1    0.002451    0.022356    0.160718    0.278469 ^ _304_/Q (sg13g2_dfrbpq_1)
                                                         DPATH.SUM.Cout0 (net)
                      0.022356    0.000013    0.278482 ^ fanout41/A (sg13g2_buf_1)
     6    0.028037    0.120122    0.129289    0.407771 ^ fanout41/X (sg13g2_buf_1)
                                                         net41 (net)
                      0.120122    0.000179    0.407950 ^ fanout40/A (sg13g2_buf_1)
     4    0.017411    0.079904    0.137799    0.545749 ^ fanout40/X (sg13g2_buf_1)
                                                         net40 (net)
                      0.079904    0.000120    0.545869 ^ fanout39/A (sg13g2_buf_1)
     8    0.031177    0.132883    0.163370    0.709239 ^ fanout39/X (sg13g2_buf_1)
                                                         net39 (net)
                      0.132883    0.000538    0.709777 ^ _141_/A (sg13g2_inv_1)
     6    0.024707    0.099818    0.136896    0.846673 v _141_/Y (sg13g2_inv_1)
                                                         DPATH.SUM.ha_0.S (net)
                      0.099818    0.000226    0.846899 v _183_/A1 (sg13g2_o21ai_1)
     2    0.009870    0.133500    0.159861    1.006760 ^ _183_/Y (sg13g2_o21ai_1)
                                                         _132_ (net)
                      0.133500    0.000086    1.006846 ^ _187_/A1 (sg13g2_a21oi_1)
     2    0.011038    0.096426    0.129474    1.136320 v _187_/Y (sg13g2_a21oi_1)
                                                         _135_ (net)
                      0.096426    0.000166    1.136487 v _193_/A1 (sg13g2_o21ai_1)
     2    0.010316    0.137323    0.162041    1.298527 ^ _193_/Y (sg13g2_o21ai_1)
                                                         _011_ (net)
                      0.137323    0.000119    1.298647 ^ _194_/B (sg13g2_xor2_1)
     1    0.001521    0.048262    0.120417    1.419064 ^ _194_/X (sg13g2_xor2_1)
                                                         DPATH.SUM.fa_4.S (net)
                      0.048262    0.000007    1.419071 ^ _308_/D (sg13g2_dfrbpq_1)
                                              1.419071   data arrival time

                                  5.000000    5.000000   clock clk (rise edge)
                                  0.000000    5.000000   clock source latency
     1    0.022646    0.000000    0.000000    5.000000 ^ clk (in)
                                                         clk (net)
                      0.001423    0.000711    5.000711 ^ clkbuf_0_clk/A (sg13g2_buf_16)
     2    0.038127    0.022237    0.054876    5.055587 ^ clkbuf_0_clk/X (sg13g2_buf_16)
                                                         clknet_0_clk (net)
                      0.022241    0.000546    5.056133 ^ clkbuf_1_0__f_clk/A (sg13g2_buf_16)
     5    0.021275    0.019382    0.061694    5.117827 ^ clkbuf_1_0__f_clk/X (sg13g2_buf_16)
                                                         clknet_1_0__leaf_clk (net)
                      0.019385    0.000434    5.118261 ^ _308_/CLK (sg13g2_dfrbpq_1)
                                 -0.150000    4.968262   clock uncertainty
                                  0.000000    4.968262   clock reconvergence pessimism
                                 -0.122006    4.846255   library setup time
                                              4.846255   data required time
---------------------------------------------------------------------------------------------
                                              4.846255   data required time
                                             -1.419071   data arrival time
---------------------------------------------------------------------------------------------
                                              3.427185   slack (MET)


Startpoint: _304_ (rising edge-triggered flip-flop clocked by clk)
Endpoint: _307_ (rising edge-triggered flip-flop clocked by clk)
Path Group: clk
Path Type: max

Fanout         Cap        Slew       Delay        Time   Description
---------------------------------------------------------------------------------------------
                                  0.000000    0.000000   clock clk (rise edge)
                                  0.000000    0.000000   clock source latency
     1    0.022646    0.000000    0.000000    0.000000 ^ clk (in)
                                                         clk (net)
                      0.001423    0.000711    0.000711 ^ clkbuf_0_clk/A (sg13g2_buf_16)
     2    0.038127    0.022237    0.054876    0.055587 ^ clkbuf_0_clk/X (sg13g2_buf_16)
                                                         clknet_0_clk (net)
                      0.022238    0.000448    0.056035 ^ clkbuf_1_1__f_clk/A (sg13g2_buf_16)
     5    0.019529    0.018980    0.061357    0.117392 ^ clkbuf_1_1__f_clk/X (sg13g2_buf_16)
                                                         clknet_1_1__leaf_clk (net)
                      0.018982    0.000359    0.117750 ^ _304_/CLK (sg13g2_dfrbpq_1)
     1    0.002451    0.022356    0.160718    0.278469 ^ _304_/Q (sg13g2_dfrbpq_1)
                                                         DPATH.SUM.Cout0 (net)
                      0.022356    0.000013    0.278482 ^ fanout41/A (sg13g2_buf_1)
     6    0.028037    0.120122    0.129289    0.407771 ^ fanout41/X (sg13g2_buf_1)
                                                         net41 (net)
                      0.120122    0.000179    0.407950 ^ fanout40/A (sg13g2_buf_1)
     4    0.017411    0.079904    0.137799    0.545749 ^ fanout40/X (sg13g2_buf_1)
                                                         net40 (net)
                      0.079904    0.000120    0.545869 ^ fanout39/A (sg13g2_buf_1)
     8    0.031177    0.132883    0.163370    0.709239 ^ fanout39/X (sg13g2_buf_1)
                                                         net39 (net)
                      0.132883    0.000538    0.709777 ^ _141_/A (sg13g2_inv_1)
     6    0.024707    0.099818    0.136896    0.846673 v _141_/Y (sg13g2_inv_1)
                                                         DPATH.SUM.ha_0.S (net)
                      0.099818    0.000226    0.846899 v _183_/A1 (sg13g2_o21ai_1)
     2    0.009870    0.133500    0.159861    1.006760 ^ _183_/Y (sg13g2_o21ai_1)
                                                         _132_ (net)
                      0.133500    0.000086    1.006846 ^ _187_/A1 (sg13g2_a21oi_1)
     2    0.011038    0.096426    0.129474    1.136320 v _187_/Y (sg13g2_a21oi_1)
                                                         _135_ (net)
                      0.096426    0.000173    1.136493 v _190_/A (sg13g2_xor2_1)
     1    0.001962    0.051010    0.119200    1.255693 v _190_/X (sg13g2_xor2_1)
                                                         DPATH.SUM.fa_3.S (net)
                      0.051010    0.000015    1.255708 v _307_/D (sg13g2_dfrbpq_1)
                                              1.255708   data arrival time

                                  5.000000    5.000000   clock clk (rise edge)
                                  0.000000    5.000000   clock source latency
     1    0.022646    0.000000    0.000000    5.000000 ^ clk (in)
                                                         clk (net)
                      0.001423    0.000711    5.000711 ^ clkbuf_0_clk/A (sg13g2_buf_16)
     2    0.038127    0.022237    0.054876    5.055587 ^ clkbuf_0_clk/X (sg13g2_buf_16)
                                                         clknet_0_clk (net)
                      0.022238    0.000448    5.056035 ^ clkbuf_1_1__f_clk/A (sg13g2_buf_16)
     5    0.019529    0.018980    0.061357    5.117392 ^ clkbuf_1_1__f_clk/X (sg13g2_buf_16)
                                                         clknet_1_1__leaf_clk (net)
                      0.018982    0.000296    5.117688 ^ _307_/CLK (sg13g2_dfrbpq_1)
                                 -0.150000    4.967688   clock uncertainty
                                  0.000000    4.967688   clock reconvergence pessimism
                                 -0.124055    4.843633   library setup time
                                              4.843633   data required time
---------------------------------------------------------------------------------------------
                                              4.843633   data required time
                                             -1.255708   data arrival time
---------------------------------------------------------------------------------------------
                                              3.587924   slack (MET)


Startpoint: _305_ (rising edge-triggered flip-flop clocked by clk)
Endpoint: _312_ (rising edge-triggered flip-flop clocked by clk)
Path Group: clk
Path Type: max

Fanout         Cap        Slew       Delay        Time   Description
---------------------------------------------------------------------------------------------
                                  0.000000    0.000000   clock clk (rise edge)
                                  0.000000    0.000000   clock source latency
     1    0.022646    0.000000    0.000000    0.000000 ^ clk (in)
                                                         clk (net)
                      0.001423    0.000711    0.000711 ^ clkbuf_0_clk/A (sg13g2_buf_16)
     2    0.038127    0.022237    0.054876    0.055587 ^ clkbuf_0_clk/X (sg13g2_buf_16)
                                                         clknet_0_clk (net)
                      0.022238    0.000448    0.056035 ^ clkbuf_1_1__f_clk/A (sg13g2_buf_16)
     5    0.019529    0.018980    0.061357    0.117392 ^ clkbuf_1_1__f_clk/X (sg13g2_buf_16)
                                                         clknet_1_1__leaf_clk (net)
                      0.018982    0.000317    0.117709 ^ _305_/CLK (sg13g2_dfrbpq_1)
     3    0.015551    0.071359    0.198664    0.316373 ^ _305_/Q (sg13g2_dfrbpq_1)
                                                         DPATH.SUM.fa_1.A (net)
                      0.071359    0.000174    0.316547 ^ fanout38/A (sg13g2_buf_1)
     8    0.040716    0.170947    0.186214    0.502761 ^ fanout38/X (sg13g2_buf_1)
                                                         net38 (net)
                      0.170947    0.000329    0.503090 ^ fanout37/A (sg13g2_buf_1)
     8    0.028420    0.122349    0.183625    0.686715 ^ fanout37/X (sg13g2_buf_1)
                                                         net37 (net)
                      0.122349    0.000448    0.687163 ^ _164_/B (sg13g2_and2_1)
     4    0.015512    0.075315    0.154072    0.841235 ^ _164_/X (sg13g2_and2_1)
                                                         _120_ (net)
                      0.075315    0.000192    0.841427 ^ _169_/B (sg13g2_nand2_1)
     3    0.010891    0.089338    0.097979    0.939406 v _169_/Y (sg13g2_nand2_1)
                                                         _124_ (net)
                      0.089338    0.000060    0.939466 v _205_/C (sg13g2_nor3_1)
     2    0.009851    0.162638    0.158531    1.097997 ^ _205_/Y (sg13g2_nor3_1)
                                                         _019_ (net)
                      0.162638    0.000204    1.098201 ^ _206_/A2 (sg13g2_a21oi_1)
     1    0.003576    0.061461    0.101838    1.200039 v _206_/Y (sg13g2_a21oi_1)
                                                         _020_ (net)
                      0.061461    0.000034    1.200073 v _207_/B (sg13g2_nor2_1)
     1    0.001997    0.043643    0.054212    1.254285 ^ _207_/Y (sg13g2_nor2_1)
                                                         CTRL.P0 (net)
                      0.043643    0.000016    1.254301 ^ _312_/D (sg13g2_dfrbpq_1)
                                              1.254301   data arrival time

                                  5.000000    5.000000   clock clk (rise edge)
                                  0.000000    5.000000   clock source latency
     1    0.022646    0.000000    0.000000    5.000000 ^ clk (in)
                                                         clk (net)
                      0.001423    0.000711    5.000711 ^ clkbuf_0_clk/A (sg13g2_buf_16)
     2    0.038127    0.022237    0.054876    5.055587 ^ clkbuf_0_clk/X (sg13g2_buf_16)
                                                         clknet_0_clk (net)
                      0.022241    0.000546    5.056133 ^ clkbuf_1_0__f_clk/A (sg13g2_buf_16)
     5    0.021275    0.019382    0.061694    5.117827 ^ clkbuf_1_0__f_clk/X (sg13g2_buf_16)
                                                         clknet_1_0__leaf_clk (net)
                      0.019384    0.000270    5.118097 ^ _312_/CLK (sg13g2_dfrbpq_1)
                                 -0.150000    4.968097   clock uncertainty
                                  0.000000    4.968097   clock reconvergence pessimism
                                 -0.120505    4.847592   library setup time
                                              4.847592   data required time
---------------------------------------------------------------------------------------------
                                              4.847592   data required time
                                             -1.254301   data arrival time
---------------------------------------------------------------------------------------------
                                              3.593291   slack (MET)


Startpoint: _308_ (rising edge-triggered flip-flop clocked by clk)
Endpoint: _311_ (rising edge-triggered flip-flop clocked by clk)
Path Group: clk
Path Type: max

Fanout         Cap        Slew       Delay        Time   Description
---------------------------------------------------------------------------------------------
                                  0.000000    0.000000   clock clk (rise edge)
                                  0.000000    0.000000   clock source latency
     1    0.022646    0.000000    0.000000    0.000000 ^ clk (in)
                                                         clk (net)
                      0.001423    0.000711    0.000711 ^ clkbuf_0_clk/A (sg13g2_buf_16)
     2    0.038127    0.022237    0.054876    0.055587 ^ clkbuf_0_clk/X (sg13g2_buf_16)
                                                         clknet_0_clk (net)
                      0.022241    0.000546    0.056133 ^ clkbuf_1_0__f_clk/A (sg13g2_buf_16)
     5    0.021275    0.019382    0.061694    0.117827 ^ clkbuf_1_0__f_clk/X (sg13g2_buf_16)
                                                         clknet_1_0__leaf_clk (net)
                      0.019385    0.000434    0.118262 ^ _308_/CLK (sg13g2_dfrbpq_1)
     3    0.015472    0.055565    0.189800    0.308062 v _308_/Q (sg13g2_dfrbpq_1)
                                                         DPATH.SUM.fa_4.A (net)
                      0.055565    0.000105    0.308166 v fanout32/A (sg13g2_buf_1)
     8    0.033508    0.109243    0.146556    0.454722 v fanout32/X (sg13g2_buf_1)
                                                         net32 (net)
                      0.109243    0.000201    0.454923 v fanout31/A (sg13g2_buf_1)
     8    0.030329    0.100081    0.160890    0.615813 v fanout31/X (sg13g2_buf_1)
                                                         net31 (net)
                      0.100081    0.000085    0.615897 v fanout30/A (sg13g2_buf_1)
     8    0.028643    0.094858    0.154722    0.770619 v fanout30/X (sg13g2_buf_1)
                                                         net30 (net)
                      0.094858    0.000190    0.770809 v _145_/B (sg13g2_nor2_1)
     2    0.006706    0.082859    0.094628    0.865437 ^ _145_/Y (sg13g2_nor2_1)
                                                         _104_ (net)
                      0.082859    0.000024    0.865461 ^ _178_/B (sg13g2_nand2_1)
     2    0.007100    0.064931    0.083435    0.948896 v _178_/Y (sg13g2_nand2_1)
                                                         _129_ (net)
                      0.064931    0.000044    0.948940 v _203_/B (sg13g2_nor3_1)
     2    0.010249    0.163456    0.169193    1.118133 ^ _203_/Y (sg13g2_nor3_1)
                                                         _018_ (net)
                      0.163456    0.000076    1.118210 ^ _204_/B (sg13g2_xnor2_1)
     1    0.002563    0.075582    0.123590    1.241799 ^ _204_/Y (sg13g2_xnor2_1)
                                                         CTRL.P1 (net)
                      0.075582    0.000029    1.241828 ^ _311_/D (sg13g2_dfrbpq_1)
                                              1.241828   data arrival time

                                  5.000000    5.000000   clock clk (rise edge)
                                  0.000000    5.000000   clock source latency
     1    0.022646    0.000000    0.000000    5.000000 ^ clk (in)
                                                         clk (net)
                      0.001423    0.000711    5.000711 ^ clkbuf_0_clk/A (sg13g2_buf_16)
     2    0.038127    0.022237    0.054876    5.055587 ^ clkbuf_0_clk/X (sg13g2_buf_16)
                                                         clknet_0_clk (net)
                      0.022241    0.000546    5.056133 ^ clkbuf_1_0__f_clk/A (sg13g2_buf_16)
     5    0.021275    0.019382    0.061694    5.117827 ^ clkbuf_1_0__f_clk/X (sg13g2_buf_16)
                                                         clknet_1_0__leaf_clk (net)
                      0.019384    0.000301    5.118128 ^ _311_/CLK (sg13g2_dfrbpq_1)
                                 -0.150000    4.968128   clock uncertainty
                                  0.000000    4.968128   clock reconvergence pessimism
                                 -0.130886    4.837242   library setup time
                                              4.837242   data required time
---------------------------------------------------------------------------------------------
                                              4.837242   data required time
                                             -1.241828   data arrival time
---------------------------------------------------------------------------------------------
                                              3.595413   slack (MET)


Startpoint: _304_ (rising edge-triggered flip-flop clocked by clk)
Endpoint: _306_ (rising edge-triggered flip-flop clocked by clk)
Path Group: clk
Path Type: max

Fanout         Cap        Slew       Delay        Time   Description
---------------------------------------------------------------------------------------------
                                  0.000000    0.000000   clock clk (rise edge)
                                  0.000000    0.000000   clock source latency
     1    0.022646    0.000000    0.000000    0.000000 ^ clk (in)
                                                         clk (net)
                      0.001423    0.000711    0.000711 ^ clkbuf_0_clk/A (sg13g2_buf_16)
     2    0.038127    0.022237    0.054876    0.055587 ^ clkbuf_0_clk/X (sg13g2_buf_16)
                                                         clknet_0_clk (net)
                      0.022238    0.000448    0.056035 ^ clkbuf_1_1__f_clk/A (sg13g2_buf_16)
     5    0.019529    0.018980    0.061357    0.117392 ^ clkbuf_1_1__f_clk/X (sg13g2_buf_16)
                                                         clknet_1_1__leaf_clk (net)
                      0.018982    0.000359    0.117750 ^ _304_/CLK (sg13g2_dfrbpq_1)
     1    0.002451    0.022356    0.160718    0.278469 ^ _304_/Q (sg13g2_dfrbpq_1)
                                                         DPATH.SUM.Cout0 (net)
                      0.022356    0.000013    0.278482 ^ fanout41/A (sg13g2_buf_1)
     6    0.028037    0.120122    0.129289    0.407771 ^ fanout41/X (sg13g2_buf_1)
                                                         net41 (net)
                      0.120122    0.000179    0.407950 ^ fanout40/A (sg13g2_buf_1)
     4    0.017411    0.079904    0.137799    0.545749 ^ fanout40/X (sg13g2_buf_1)
                                                         net40 (net)
                      0.079904    0.000120    0.545869 ^ fanout39/A (sg13g2_buf_1)
     8    0.031177    0.132883    0.163370    0.709239 ^ fanout39/X (sg13g2_buf_1)
                                                         net39 (net)
                      0.132883    0.000538    0.709777 ^ _141_/A (sg13g2_inv_1)
     6    0.024707    0.099818    0.136896    0.846673 v _141_/Y (sg13g2_inv_1)
                                                         DPATH.SUM.ha_0.S (net)
                      0.099818    0.000226    0.846899 v _183_/A1 (sg13g2_o21ai_1)
     2    0.009870    0.133500    0.159861    1.006760 ^ _183_/Y (sg13g2_o21ai_1)
                                                         _132_ (net)
                      0.133500    0.000076    1.006837 ^ _186_/A (sg13g2_xor2_1)
     1    0.003255    0.063109    0.133939    1.140776 ^ _186_/X (sg13g2_xor2_1)
                                                         DPATH.SUM.fa_2.S (net)
                      0.063109    0.000050    1.140826 ^ _306_/D (sg13g2_dfrbpq_1)
                                              1.140826   data arrival time

                                  5.000000    5.000000   clock clk (rise edge)
                                  0.000000    5.000000   clock source latency
     1    0.022646    0.000000    0.000000    5.000000 ^ clk (in)
                                                         clk (net)
                      0.001423    0.000711    5.000711 ^ clkbuf_0_clk/A (sg13g2_buf_16)
     2    0.038127    0.022237    0.054876    5.055587 ^ clkbuf_0_clk/X (sg13g2_buf_16)
                                                         clknet_0_clk (net)
                      0.022238    0.000448    5.056035 ^ clkbuf_1_1__f_clk/A (sg13g2_buf_16)
     5    0.019529    0.018980    0.061357    5.117392 ^ clkbuf_1_1__f_clk/X (sg13g2_buf_16)
                                                         clknet_1_1__leaf_clk (net)
                      0.018982    0.000346    5.117738 ^ _306_/CLK (sg13g2_dfrbpq_1)
                                 -0.150000    4.967738   clock uncertainty
                                  0.000000    4.967738   clock reconvergence pessimism
                                 -0.126892    4.840847   library setup time
                                              4.840847   data required time
---------------------------------------------------------------------------------------------
                                              4.840847   data required time
                                             -1.140826   data arrival time
---------------------------------------------------------------------------------------------
                                              3.700021   slack (MET)


Startpoint: _312_ (rising edge-triggered flip-flop clocked by clk)
Endpoint: _305_ (rising edge-triggered flip-flop clocked by clk)
Path Group: clk
Path Type: max

Fanout         Cap        Slew       Delay        Time   Description
---------------------------------------------------------------------------------------------
                                  0.000000    0.000000   clock clk (rise edge)
                                  0.000000    0.000000   clock source latency
     1    0.022646    0.000000    0.000000    0.000000 ^ clk (in)
                                                         clk (net)
                      0.001423    0.000711    0.000711 ^ clkbuf_0_clk/A (sg13g2_buf_16)
     2    0.038127    0.022237    0.054876    0.055587 ^ clkbuf_0_clk/X (sg13g2_buf_16)
                                                         clknet_0_clk (net)
                      0.022241    0.000546    0.056133 ^ clkbuf_1_0__f_clk/A (sg13g2_buf_16)
     5    0.021275    0.019382    0.061694    0.117827 ^ clkbuf_1_0__f_clk/X (sg13g2_buf_16)
                                                         clknet_1_0__leaf_clk (net)
                      0.019384    0.000270    0.118097 ^ _312_/CLK (sg13g2_dfrbpq_1)
     1    0.003506    0.026097    0.163979    0.282076 ^ _312_/Q (sg13g2_dfrbpq_1)
                                                         CTRL.S0 (net)
                      0.026097    0.000042    0.282118 ^ fanout24/A (sg13g2_buf_1)
     6    0.028994    0.123977    0.133829    0.415947 ^ fanout24/X (sg13g2_buf_1)
                                                         net24 (net)
                      0.123979    0.000438    0.416385 ^ fanout23/A (sg13g2_buf_1)
     8    0.039257    0.165255    0.200880    0.617265 ^ fanout23/X (sg13g2_buf_1)
                                                         net23 (net)
                      0.165256    0.000719    0.617984 ^ _181_/B (sg13g2_xnor2_1)
     2    0.009391    0.122413    0.149389    0.767373 ^ _181_/Y (sg13g2_xnor2_1)
                                                         _131_ (net)
                      0.122413    0.000059    0.767432 ^ _182_/B (sg13g2_xnor2_1)
     1    0.002368    0.066967    0.111638    0.879070 ^ _182_/Y (sg13g2_xnor2_1)
                                                         DPATH.SUM.fa_1.S (net)
                      0.066967    0.000024    0.879095 ^ _305_/D (sg13g2_dfrbpq_1)
                                              0.879095   data arrival time

                                  5.000000    5.000000   clock clk (rise edge)
                                  0.000000    5.000000   clock source latency
     1    0.022646    0.000000    0.000000    5.000000 ^ clk (in)
                                                         clk (net)
                      0.001423    0.000711    5.000711 ^ clkbuf_0_clk/A (sg13g2_buf_16)
     2    0.038127    0.022237    0.054876    5.055587 ^ clkbuf_0_clk/X (sg13g2_buf_16)
                                                         clknet_0_clk (net)
                      0.022238    0.000448    5.056035 ^ clkbuf_1_1__f_clk/A (sg13g2_buf_16)
     5    0.019529    0.018980    0.061357    5.117392 ^ clkbuf_1_1__f_clk/X (sg13g2_buf_16)
                                                         clknet_1_1__leaf_clk (net)
                      0.018982    0.000317    5.117709 ^ _305_/CLK (sg13g2_dfrbpq_1)
                                 -0.150000    4.967709   clock uncertainty
                                  0.000000    4.967709   clock reconvergence pessimism
                                 -0.128146    4.839563   library setup time
                                              4.839563   data required time
---------------------------------------------------------------------------------------------
                                              4.839563   data required time
                                             -0.879095   data arrival time
---------------------------------------------------------------------------------------------
                                              3.960469   slack (MET)


Startpoint: _304_ (rising edge-triggered flip-flop clocked by clk)
Endpoint: _304_ (rising edge-triggered flip-flop clocked by clk)
Path Group: clk
Path Type: max

Fanout         Cap        Slew       Delay        Time   Description
---------------------------------------------------------------------------------------------
                                  0.000000    0.000000   clock clk (rise edge)
                                  0.000000    0.000000   clock source latency
     1    0.022646    0.000000    0.000000    0.000000 ^ clk (in)
                                                         clk (net)
                      0.001423    0.000711    0.000711 ^ clkbuf_0_clk/A (sg13g2_buf_16)
     2    0.038127    0.022237    0.054876    0.055587 ^ clkbuf_0_clk/X (sg13g2_buf_16)
                                                         clknet_0_clk (net)
                      0.022238    0.000448    0.056035 ^ clkbuf_1_1__f_clk/A (sg13g2_buf_16)
     5    0.019529    0.018980    0.061357    0.117392 ^ clkbuf_1_1__f_clk/X (sg13g2_buf_16)
                                                         clknet_1_1__leaf_clk (net)
                      0.018982    0.000359    0.117750 ^ _304_/CLK (sg13g2_dfrbpq_1)
     1    0.002451    0.022356    0.160718    0.278469 ^ _304_/Q (sg13g2_dfrbpq_1)
                                                         DPATH.SUM.Cout0 (net)
                      0.022356    0.000013    0.278482 ^ fanout41/A (sg13g2_buf_1)
     6    0.028037    0.120122    0.129289    0.407771 ^ fanout41/X (sg13g2_buf_1)
                                                         net41 (net)
                      0.120122    0.000179    0.407950 ^ fanout40/A (sg13g2_buf_1)
     4    0.017411    0.079904    0.137799    0.545749 ^ fanout40/X (sg13g2_buf_1)
                                                         net40 (net)
                      0.079904    0.000120    0.545869 ^ fanout39/A (sg13g2_buf_1)
     8    0.031177    0.132883    0.163370    0.709239 ^ fanout39/X (sg13g2_buf_1)
                                                         net39 (net)
                      0.132883    0.000538    0.709777 ^ _141_/A (sg13g2_inv_1)
     6    0.024707    0.099818    0.136896    0.846673 v _141_/Y (sg13g2_inv_1)
                                                         DPATH.SUM.ha_0.S (net)
                      0.099818    0.000090    0.846763 v _304_/D (sg13g2_dfrbpq_1)
                                              0.846763   data arrival time

                                  5.000000    5.000000   clock clk (rise edge)
                                  0.000000    5.000000   clock source latency
     1    0.022646    0.000000    0.000000    5.000000 ^ clk (in)
                                                         clk (net)
                      0.001423    0.000711    5.000711 ^ clkbuf_0_clk/A (sg13g2_buf_16)
     2    0.038127    0.022237    0.054876    5.055587 ^ clkbuf_0_clk/X (sg13g2_buf_16)
                                                         clknet_0_clk (net)
                      0.022238    0.000448    5.056035 ^ clkbuf_1_1__f_clk/A (sg13g2_buf_16)
     5    0.019529    0.018980    0.061357    5.117392 ^ clkbuf_1_1__f_clk/X (sg13g2_buf_16)
                                                         clknet_1_1__leaf_clk (net)
                      0.018982    0.000359    5.117751 ^ _304_/CLK (sg13g2_dfrbpq_1)
                                 -0.150000    4.967751   clock uncertainty
                                  0.000000    4.967751   clock reconvergence pessimism
                                 -0.141635    4.826115   library setup time
                                              4.826115   data required time
---------------------------------------------------------------------------------------------
                                              4.826115   data required time
                                             -0.846763   data arrival time
---------------------------------------------------------------------------------------------
                                              3.979352   slack (MET)



%OL_END_REPORT
%OL_CREATE_REPORT checks.rpt

===========================================================================
report_checks -unconstrained
===========================================================================
======================= nom_typ_1p20V_25C Corner ===================================

Startpoint: _305_ (rising edge-triggered flip-flop clocked by clk)
Endpoint: sine_out[1] (output port clocked by clk)
Path Group: clk
Path Type: max

Fanout         Cap        Slew       Delay        Time   Description
---------------------------------------------------------------------------------------------
                                  0.000000    0.000000   clock clk (rise edge)
                                  0.000000    0.000000   clock source latency
     1    0.022646    0.000000    0.000000    0.000000 ^ clk (in)
                                                         clk (net)
                      0.001423    0.000711    0.000711 ^ clkbuf_0_clk/A (sg13g2_buf_16)
     2    0.038127    0.022237    0.054876    0.055587 ^ clkbuf_0_clk/X (sg13g2_buf_16)
                                                         clknet_0_clk (net)
                      0.022238    0.000448    0.056035 ^ clkbuf_1_1__f_clk/A (sg13g2_buf_16)
     5    0.019529    0.018980    0.061357    0.117392 ^ clkbuf_1_1__f_clk/X (sg13g2_buf_16)
                                                         clknet_1_1__leaf_clk (net)
                      0.018982    0.000317    0.117709 ^ _305_/CLK (sg13g2_dfrbpq_1)
     3    0.015189    0.054698    0.188965    0.306674 v _305_/Q (sg13g2_dfrbpq_1)
                                                         DPATH.SUM.fa_1.A (net)
                      0.054698    0.000170    0.306844 v fanout38/A (sg13g2_buf_1)
     8    0.040050    0.128903    0.160518    0.467362 v fanout38/X (sg13g2_buf_1)
                                                         net38 (net)
                      0.128903    0.000324    0.467686 v fanout37/A (sg13g2_buf_1)
     8    0.027543    0.091991    0.160001    0.627687 v fanout37/X (sg13g2_buf_1)
                                                         net37 (net)
                      0.091991    0.000359    0.628046 v _154_/B (sg13g2_nor2_1)
     4    0.016223    0.154323    0.154781    0.782827 ^ _154_/Y (sg13g2_nor2_1)
                                                         _112_ (net)
                      0.154323    0.000170    0.782998 ^ _211_/B (sg13g2_nand2_1)
     3    0.008963    0.078704    0.112265    0.895263 v _211_/Y (sg13g2_nand2_1)
                                                         _024_ (net)
                      0.078704    0.000074    0.895337 v _214_/B (sg13g2_and3_1)
     3    0.011027    0.045337    0.120151    1.015488 v _214_/X (sg13g2_and3_1)
                                                         _027_ (net)
                      0.045337    0.000122    1.015610 v _249_/A2 (sg13g2_a221oi_1)
     1    0.003572    0.113839    0.151963    1.167573 ^ _249_/Y (sg13g2_a221oi_1)
                                                         _061_ (net)
                      0.113839    0.000031    1.167604 ^ _250_/B (sg13g2_nor2_1)
     1    0.003695    0.037175    0.055545    1.223149 v _250_/Y (sg13g2_nor2_1)
                                                         _062_ (net)
                      0.037175    0.000034    1.223183 v _256_/B (sg13g2_nor4_1)
     1    0.005878    0.156422    0.175075    1.398258 ^ _256_/Y (sg13g2_nor4_1)
                                                         _068_ (net)
                      0.156422    0.000139    1.398398 ^ _267_/B1 (sg13g2_a21oi_1)
     1    0.004112    0.055411    0.066081    1.464479 v _267_/Y (sg13g2_a21oi_1)
                                                         net13 (net)
                      0.055411    0.000067    1.464545 v output13/A (sg13g2_buf_1)
     1    0.010000    0.041502    0.090623    1.555168 v output13/X (sg13g2_buf_1)
                                                         sine_out[1] (net)
                      0.041502    0.000000    1.555168 v sine_out[1] (out)
                                              1.555168   data arrival time

                                  5.000000    5.000000   clock clk (rise edge)
                                  0.000000    5.000000   clock network delay (propagated)
                                 -0.150000    4.850000   clock uncertainty
                                  0.000000    4.850000   clock reconvergence pessimism
                                 -1.000000    3.850000   output external delay
                                              3.850000   data required time
---------------------------------------------------------------------------------------------
                                              3.850000   data required time
                                             -1.555168   data arrival time
---------------------------------------------------------------------------------------------
                                              2.294832   slack (MET)




===========================================================================
report_checks --slack_max -0.01
============================================================================
======================= nom_typ_1p20V_25C Corner ===================================

No paths found.


===========================================================================
 report_check_types -max_slew -max_cap -max_fanout -violators
============================================================================
======================= nom_typ_1p20V_25C Corner ===================================



===========================================================================
report_parasitic_annotation -report_unannotated
============================================================================
Found 1 unannotated drivers.
 clkload0/Y
Found 20 partially unannotated drivers.
 output10/X
 output11/X
 output12/X
 output13/X
 output14/X
 output15/X
 output16/X
 output17/X
 output18/X
 output19/X
 output2/X
 output20/X
 output21/X
 output3/X
 output4/X
 output5/X
 output6/X
 output7/X
 output8/X
 output9/X

===========================================================================
max slew violation count 0
Writing metric design__max_slew_violation__count__corner:nom_typ_1p20V_25C: 0
max fanout violation count 0
Writing metric design__max_fanout_violation__count__corner:nom_typ_1p20V_25C: 0
max cap violation count 0
Writing metric design__max_cap_violation__count__corner:nom_typ_1p20V_25C: 0
============================================================================

===========================================================================
check_setup -verbose -unconstrained_endpoints -multiple_clock -no_clock -no_input_delay -loops -generated_clocks
===========================================================================
%OL_END_REPORT
%OL_CREATE_REPORT power.rpt

===========================================================================
 report_power
============================================================================
======================= nom_typ_1p20V_25C Corner ===================================

Group                    Internal    Switching      Leakage        Total
                            Power        Power        Power        Power (Watts)
------------------------------------------------------------------------
Sequential           9.432271e-05 0.000000e+00 4.413533e-09 9.432712e-05  45.6%
Combinational        5.218463e-07 1.389492e-06 2.368109e-08 1.935019e-06   0.9%
Clock                8.769898e-05 2.273225e-05 4.219166e-09 1.104354e-04  53.4%
Macro                0.000000e+00 0.000000e+00 0.000000e+00 0.000000e+00   0.0%
Pad                  0.000000e+00 0.000000e+00 0.000000e+00 0.000000e+00   0.0%
------------------------------------------------------------------------
Total                1.825435e-04 2.412174e-05 3.231379e-08 2.066976e-04 100.0%
                            88.3%        11.7%         0.0%
Writing metric power__internal__total: 0.00018254353199154139
Writing metric power__switching__total: 2.4121738533722237e-5
Writing metric power__leakage__total: 3.231378897794457e-8
Writing metric power__total: 0.00020669758669100702

%OL_END_REPORT
%OL_CREATE_REPORT skew.min.rpt

===========================================================================
Clock Skew (Hold)
============================================================================
Writing metric clock__skew__worst_hold__corner:nom_typ_1p20V_25C: -0.15057325257274765
======================= nom_typ_1p20V_25C Corner ===================================

Clock clk
0.117688 source latency _307_/CLK ^
-0.118262 target latency _308_/CLK ^
-0.150000 clock uncertainty
0.000000 CRPR
--------------
-0.150573 hold skew

%OL_END_REPORT
%OL_CREATE_REPORT skew.max.rpt

===========================================================================
Clock Skew (Setup)
============================================================================
Writing metric clock__skew__worst_setup__corner:nom_typ_1p20V_25C: 0.15040832893777523
======================= nom_typ_1p20V_25C Corner ===================================

Clock clk
0.118097 source latency _312_/CLK ^
-0.117688 target latency _307_/CLK ^
0.150000 clock uncertainty
0.000000 CRPR
--------------
0.150408 setup skew

%OL_END_REPORT
%OL_CREATE_REPORT ws.min.rpt

===========================================================================
Worst Slack (Hold)
============================================================================
Writing metric timing__hold__ws__corner:nom_typ_1p20V_25C: 0.25772928964931274
nom_typ_1p20V_25C: 0.25772928964931274
%OL_END_REPORT
%OL_CREATE_REPORT ws.max.rpt

===========================================================================
Worst Slack (Setup)
============================================================================
Writing metric timing__setup__ws__corner:nom_typ_1p20V_25C: 2.2948319449808983
nom_typ_1p20V_25C: 2.2948319449808983
%OL_END_REPORT
%OL_CREATE_REPORT tns.min.rpt

===========================================================================
Total Negative Slack (Hold)
============================================================================
Writing metric timing__hold__tns__corner:nom_typ_1p20V_25C: 0.0
nom_typ_1p20V_25C: 0.0
%OL_END_REPORT
%OL_CREATE_REPORT tns.max.rpt

===========================================================================
Total Negative Slack (Setup)
============================================================================
Writing metric timing__setup__tns__corner:nom_typ_1p20V_25C: 0.0
nom_typ_1p20V_25C: 0.0
%OL_END_REPORT
%OL_CREATE_REPORT wns.min.rpt

===========================================================================
Worst Negative Slack (Hold)
============================================================================
Writing metric timing__hold__wns__corner:nom_typ_1p20V_25C: 0
nom_typ_1p20V_25C: 0
%OL_END_REPORT
%OL_CREATE_REPORT wns.max.rpt

===========================================================================
Worst Negative Slack (Setup)
============================================================================
Writing metric timing__setup__wns__corner:nom_typ_1p20V_25C: 0.0
nom_typ_1p20V_25C: 0.0
%OL_END_REPORT
%OL_CREATE_REPORT violator_list.rpt

===========================================================================
Violator List
============================================================================
Writing metric timing__hold_vio__count__corner:nom_typ_1p20V_25C: 0
Writing metric timing__hold_r2r__ws__corner:nom_typ_1p20V_25C: 0.262109
Writing metric timing__hold_r2r_vio__count__corner:nom_typ_1p20V_25C: 0
Writing metric timing__setup_vio__count__corner:nom_typ_1p20V_25C: 0
Writing metric timing__setup_r2r__ws__corner:nom_typ_1p20V_25C: 3.187853
Writing metric timing__setup_r2r_vio__count__corner:nom_typ_1p20V_25C: 0
%OL_END_REPORT
%OL_CREATE_REPORT unpropagated.rpt
%OL_END_REPORT
%OL_CREATE_REPORT clock.rpt
Clock: clk
Sources: clk 
Generated: no
Virtual: yes
Propagated: no
Period: 5.000000

===========================================================================
report_clock_properties
============================================================================
Clock                   Period          Waveform
----------------------------------------------------
clk                   5.000000    0.000000  2.500000

===========================================================================
report_clock_latency
============================================================================
Clock clk
rise -> rise
    min     max
0.000000 0.000000 source latency
0.117688         network latency _307_/CLK
        0.118262 network latency _308_/CLK
---------------
0.117688 0.118262 latency
        0.000573 skew

fall -> fall
    min     max
0.000000 0.000000 source latency
0.130298         network latency _307_/CLK
        0.130761 network latency _308_/CLK
---------------
0.130298 0.130761 latency
        0.000463 skew



===========================================================================
report_clock_min_period
============================================================================
clk period_min = 1.81 fmax = 551.83
%OL_END_REPORT
