
===========================================================================
report_checks -path_delay max (Setup)
============================================================================
======================= nom_fast_1p32V_m40C Corner ===================================

Startpoint: _290_ (rising edge-triggered flip-flop clocked by clk)
Endpoint: sine_out[0] (output port clocked by clk)
Path Group: clk
Path Type: max

Fanout         Cap        Slew       Delay        Time   Description
---------------------------------------------------------------------------------------------
                                  0.000000    0.000000   clock clk (rise edge)
                                  0.000000    0.000000   clock source latency
     1    0.023097    0.000000    0.000000    0.000000 ^ clk (in)
                                                         clk (net)
                      0.001061    0.000531    0.000531 ^ clkbuf_0_clk/A (sg13g2_buf_16)
     2    0.043486    0.015839    0.039542    0.040073 ^ clkbuf_0_clk/X (sg13g2_buf_16)
                                                         clknet_0_clk (net)
                      0.015961    0.001805    0.041877 ^ clkbuf_1_0__f_clk/A (sg13g2_buf_16)
     5    0.021880    0.013443    0.042750    0.084628 ^ clkbuf_1_0__f_clk/X (sg13g2_buf_16)
                                                         clknet_1_0__leaf_clk (net)
                      0.013446    0.000443    0.085071 ^ _290_/CLK (sg13g2_dfrbpq_1)
     4    0.023797    0.066080    0.145090    0.230161 ^ _290_/Q (sg13g2_dfrbpq_1)
                                                         DPATH.SUM.fa_2.A (net)
                      0.066224    0.002162    0.232322 ^ fanout37/A (sg13g2_buf_1)
     8    0.045519    0.122631    0.131722    0.364045 ^ fanout37/X (sg13g2_buf_1)
                                                         net37 (net)
                      0.122640    0.000879    0.364924 ^ fanout36/A (sg13g2_buf_1)
     8    0.048933    0.131799    0.152436    0.517360 ^ fanout36/X (sg13g2_buf_1)
                                                         net36 (net)
                      0.131921    0.003299    0.520660 ^ _164_/B (sg13g2_and2_1)
     5    0.023453    0.067590    0.125149    0.645808 ^ _164_/X (sg13g2_and2_1)
                                                         _113_ (net)
                      0.067610    0.001134    0.646943 ^ _180_/A2 (sg13g2_a21oi_1)
     4    0.023384    0.118589    0.115437    0.762380 v _180_/Y (sg13g2_a21oi_1)
                                                         _128_ (net)
                      0.118636    0.001904    0.764285 v _181_/B (sg13g2_and2_1)
     2    0.013607    0.037166    0.096882    0.861167 v _181_/X (sg13g2_and2_1)
                                                         _129_ (net)
                      0.037192    0.000904    0.862071 v _182_/B1 (sg13g2_o21ai_1)
     1    0.004251    0.061198    0.031524    0.893595 ^ _182_/Y (sg13g2_o21ai_1)
                                                         _009_ (net)
                      0.061198    0.000169    0.893765 ^ _183_/A2 (sg13g2_a21oi_1)
     1    0.005478    0.041022    0.057343    0.951108 v _183_/Y (sg13g2_a21oi_1)
                                                         _010_ (net)
                      0.041023    0.000395    0.951503 v _198_/B (sg13g2_nor4_1)
     1    0.005433    0.100455    0.110376    1.061879 ^ _198_/Y (sg13g2_nor4_1)
                                                         _025_ (net)
                      0.100455    0.000221    1.062100 ^ _216_/A2 (sg13g2_a22oi_1)
     1    0.008494    0.059591    0.082842    1.144942 v _216_/Y (sg13g2_a22oi_1)
                                                         net4 (net)
                      0.059618    0.000663    1.145605 v output4/A (sg13g2_buf_1)
     1    0.012257    0.032666    0.068325    1.213930 v output4/X (sg13g2_buf_1)
                                                         sine_out[0] (net)
                      0.032679    0.000631    1.214561 v sine_out[0] (out)
                                              1.214561   data arrival time

                                  5.000000    5.000000   clock clk (rise edge)
                                  0.000000    5.000000   clock network delay (propagated)
                                 -0.150000    4.850000   clock uncertainty
                                  0.000000    4.850000   clock reconvergence pessimism
                                 -1.000000    3.850000   output external delay
                                              3.850000   data required time
---------------------------------------------------------------------------------------------
                                              3.850000   data required time
                                             -1.214561   data arrival time
---------------------------------------------------------------------------------------------
                                              2.635439   slack (MET)


Startpoint: _288_ (rising edge-triggered flip-flop clocked by clk)
Endpoint: sine_out[1] (output port clocked by clk)
Path Group: clk
Path Type: max

Fanout         Cap        Slew       Delay        Time   Description
---------------------------------------------------------------------------------------------
                                  0.000000    0.000000   clock clk (rise edge)
                                  0.000000    0.000000   clock source latency
     1    0.023097    0.000000    0.000000    0.000000 ^ clk (in)
                                                         clk (net)
                      0.001061    0.000531    0.000531 ^ clkbuf_0_clk/A (sg13g2_buf_16)
     2    0.043486    0.015839    0.039542    0.040073 ^ clkbuf_0_clk/X (sg13g2_buf_16)
                                                         clknet_0_clk (net)
                      0.015961    0.001805    0.041877 ^ clkbuf_1_0__f_clk/A (sg13g2_buf_16)
     5    0.021880    0.013443    0.042750    0.084628 ^ clkbuf_1_0__f_clk/X (sg13g2_buf_16)
                                                         clknet_1_0__leaf_clk (net)
                      0.013447    0.000469    0.085097 ^ _288_/CLK (sg13g2_dfrbpq_1)
     1    0.004289    0.015975    0.109413    0.194510 v _288_/Q (sg13g2_dfrbpq_1)
                                                         DPATH.SUM.Cout0 (net)
                      0.015975    0.000305    0.194815 v fanout41/A (sg13g2_buf_1)
     8    0.050319    0.109806    0.111140    0.305955 v fanout41/X (sg13g2_buf_1)
                                                         net41 (net)
                      0.110131    0.004905    0.310860 v fanout40/A (sg13g2_buf_1)
     8    0.044742    0.098053    0.133185    0.444046 v fanout40/X (sg13g2_buf_1)
                                                         net40 (net)
                      0.098096    0.000740    0.444786 v _203_/A2 (sg13g2_o21ai_1)
     5    0.026149    0.188908    0.188787    0.633573 ^ _203_/Y (sg13g2_o21ai_1)
                                                         _030_ (net)
                      0.188929    0.001614    0.635187 ^ _229_/B (sg13g2_nand2_1)
     3    0.020929    0.115335    0.136163    0.771350 v _229_/Y (sg13g2_nand2_1)
                                                         _055_ (net)
                      0.115377    0.001979    0.773329 v _230_/B (sg13g2_xnor2_1)
     1    0.003916    0.043732    0.086198    0.859526 v _230_/Y (sg13g2_xnor2_1)
                                                         _056_ (net)
                      0.043732    0.000157    0.859683 v _231_/A2 (sg13g2_o21ai_1)
     1    0.005239    0.064335    0.068007    0.927691 ^ _231_/Y (sg13g2_o21ai_1)
                                                         _057_ (net)
                      0.064337    0.000557    0.928248 ^ _233_/B2 (sg13g2_a221oi_1)
     1    0.007070    0.069770    0.068508    0.996756 v _233_/Y (sg13g2_a221oi_1)
                                                         _059_ (net)
                      0.069771    0.000460    0.997216 v _235_/A2 (sg13g2_o21ai_1)
     1    0.006310    0.071265    0.081889    1.079105 ^ _235_/Y (sg13g2_o21ai_1)
                                                         net13 (net)
                      0.071266    0.000423    1.079527 ^ output13/A (sg13g2_buf_1)
     1    0.015630    0.047218    0.079764    1.159291 ^ output13/X (sg13g2_buf_1)
                                                         sine_out[1] (net)
                      0.047236    0.000866    1.160158 ^ sine_out[1] (out)
                                              1.160158   data arrival time

                                  5.000000    5.000000   clock clk (rise edge)
                                  0.000000    5.000000   clock network delay (propagated)
                                 -0.150000    4.850000   clock uncertainty
                                  0.000000    4.850000   clock reconvergence pessimism
                                 -1.000000    3.850000   output external delay
                                              3.850000   data required time
---------------------------------------------------------------------------------------------
                                              3.850000   data required time
                                             -1.160158   data arrival time
---------------------------------------------------------------------------------------------
                                              2.689842   slack (MET)


Startpoint: _291_ (rising edge-triggered flip-flop clocked by clk)
Endpoint: sine_out[2] (output port clocked by clk)
Path Group: clk
Path Type: max

Fanout         Cap        Slew       Delay        Time   Description
---------------------------------------------------------------------------------------------
                                  0.000000    0.000000   clock clk (rise edge)
                                  0.000000    0.000000   clock source latency
     1    0.023097    0.000000    0.000000    0.000000 ^ clk (in)
                                                         clk (net)
                      0.001061    0.000531    0.000531 ^ clkbuf_0_clk/A (sg13g2_buf_16)
     2    0.043486    0.015839    0.039542    0.040073 ^ clkbuf_0_clk/X (sg13g2_buf_16)
                                                         clknet_0_clk (net)
                      0.015961    0.001805    0.041877 ^ clkbuf_1_0__f_clk/A (sg13g2_buf_16)
     5    0.021880    0.013443    0.042750    0.084628 ^ clkbuf_1_0__f_clk/X (sg13g2_buf_16)
                                                         clknet_1_0__leaf_clk (net)
                      0.013447    0.000455    0.085083 ^ _291_/CLK (sg13g2_dfrbpq_1)
     1    0.005997    0.022910    0.113142    0.198225 ^ _291_/Q (sg13g2_dfrbpq_1)
                                                         DPATH.SUM.fa_3.A (net)
                      0.022941    0.000591    0.198817 ^ fanout35/A (sg13g2_buf_1)
     5    0.029895    0.082355    0.088935    0.287751 ^ fanout35/X (sg13g2_buf_1)
                                                         net35 (net)
                      0.082651    0.004002    0.291754 ^ fanout34/A (sg13g2_buf_1)
     8    0.042587    0.115238    0.131378    0.423132 ^ fanout34/X (sg13g2_buf_1)
                                                         net34 (net)
                      0.115249    0.000953    0.424085 ^ fanout33/A (sg13g2_buf_1)
     8    0.043081    0.116665    0.140672    0.564756 ^ fanout33/X (sg13g2_buf_1)
                                                         net33 (net)
                      0.116881    0.004094    0.568850 ^ _202_/B1 (sg13g2_o21ai_1)
     3    0.012438    0.076037    0.085258    0.654108 v _202_/Y (sg13g2_o21ai_1)
                                                         _029_ (net)
                      0.076073    0.000652    0.654760 v _241_/D (sg13g2_nor4_1)
     1    0.002966    0.078972    0.076637    0.731398 ^ _241_/Y (sg13g2_nor4_1)
                                                         _066_ (net)
                      0.078972    0.000118    0.731515 ^ _242_/A_N (sg13g2_nand2b_1)
     1    0.004414    0.035877    0.062822    0.794337 ^ _242_/Y (sg13g2_nand2b_1)
                                                         _067_ (net)
                      0.035878    0.000177    0.794514 ^ _243_/B1 (sg13g2_a21oi_1)
     1    0.004979    0.056773    0.027472    0.821986 v _243_/Y (sg13g2_a21oi_1)
                                                         _068_ (net)
                      0.056774    0.000358    0.822344 v _244_/B1 (sg13g2_o21ai_1)
     1    0.004611    0.057522    0.037355    0.859700 ^ _244_/Y (sg13g2_o21ai_1)
                                                         _069_ (net)
                      0.057522    0.000182    0.859882 ^ _245_/B1 (sg13g2_o21ai_1)
     1    0.013133    0.074567    0.070245    0.930127 v _245_/Y (sg13g2_o21ai_1)
                                                         _070_ (net)
                      0.074590    0.001058    0.931185 v _253_/A2 (sg13g2_o21ai_1)
     1    0.008190    0.082318    0.092548    1.023732 ^ _253_/Y (sg13g2_o21ai_1)
                                                         net14 (net)
                      0.082328    0.000840    1.024572 ^ output14/A (sg13g2_buf_1)
     1    0.013429    0.042063    0.079185    1.103757 ^ output14/X (sg13g2_buf_1)
                                                         sine_out[2] (net)
                      0.042076    0.000702    1.104459 ^ sine_out[2] (out)
                                              1.104459   data arrival time

                                  5.000000    5.000000   clock clk (rise edge)
                                  0.000000    5.000000   clock network delay (propagated)
                                 -0.150000    4.850000   clock uncertainty
                                  0.000000    4.850000   clock reconvergence pessimism
                                 -1.000000    3.850000   output external delay
                                              3.850000   data required time
---------------------------------------------------------------------------------------------
                                              3.850000   data required time
                                             -1.104459   data arrival time
---------------------------------------------------------------------------------------------
                                              2.745541   slack (MET)


Startpoint: _290_ (rising edge-triggered flip-flop clocked by clk)
Endpoint: sine_out[12] (output port clocked by clk)
Path Group: clk
Path Type: max

Fanout         Cap        Slew       Delay        Time   Description
---------------------------------------------------------------------------------------------
                                  0.000000    0.000000   clock clk (rise edge)
                                  0.000000    0.000000   clock source latency
     1    0.023097    0.000000    0.000000    0.000000 ^ clk (in)
                                                         clk (net)
                      0.001061    0.000531    0.000531 ^ clkbuf_0_clk/A (sg13g2_buf_16)
     2    0.043486    0.015839    0.039542    0.040073 ^ clkbuf_0_clk/X (sg13g2_buf_16)
                                                         clknet_0_clk (net)
                      0.015961    0.001805    0.041877 ^ clkbuf_1_0__f_clk/A (sg13g2_buf_16)
     5    0.021880    0.013443    0.042750    0.084628 ^ clkbuf_1_0__f_clk/X (sg13g2_buf_16)
                                                         clknet_1_0__leaf_clk (net)
                      0.013446    0.000443    0.085071 ^ _290_/CLK (sg13g2_dfrbpq_1)
     4    0.023797    0.066080    0.145090    0.230161 ^ _290_/Q (sg13g2_dfrbpq_1)
                                                         DPATH.SUM.fa_2.A (net)
                      0.066224    0.002162    0.232322 ^ fanout37/A (sg13g2_buf_1)
     8    0.045519    0.122631    0.131722    0.364045 ^ fanout37/X (sg13g2_buf_1)
                                                         net37 (net)
                      0.122640    0.000879    0.364924 ^ fanout36/A (sg13g2_buf_1)
     8    0.048933    0.131799    0.152436    0.517360 ^ fanout36/X (sg13g2_buf_1)
                                                         net36 (net)
                      0.131921    0.003299    0.520660 ^ _164_/B (sg13g2_and2_1)
     5    0.023453    0.067590    0.125149    0.645808 ^ _164_/X (sg13g2_and2_1)
                                                         _113_ (net)
                      0.067610    0.001134    0.646943 ^ _180_/A2 (sg13g2_a21oi_1)
     4    0.023384    0.118589    0.115437    0.762380 v _180_/Y (sg13g2_a21oi_1)
                                                         _128_ (net)
                      0.118638    0.001936    0.764316 v _270_/A (sg13g2_nor2b_1)
     2    0.011322    0.084703    0.091745    0.856061 ^ _270_/Y (sg13g2_nor2b_1)
                                                         _085_ (net)
                      0.084711    0.000661    0.856722 ^ _271_/A2 (sg13g2_a21oi_1)
     1    0.004291    0.051058    0.060186    0.916908 v _271_/Y (sg13g2_a21oi_1)
                                                         net7 (net)
                      0.051058    0.000328    0.917236 v output7/A (sg13g2_buf_1)
     1    0.010927    0.029752    0.063496    0.980733 v output7/X (sg13g2_buf_1)
                                                         sine_out[12] (net)
                      0.029760    0.000473    0.981205 v sine_out[12] (out)
                                              0.981205   data arrival time

                                  5.000000    5.000000   clock clk (rise edge)
                                  0.000000    5.000000   clock network delay (propagated)
                                 -0.150000    4.850000   clock uncertainty
                                  0.000000    4.850000   clock reconvergence pessimism
                                 -1.000000    3.850000   output external delay
                                              3.850000   data required time
---------------------------------------------------------------------------------------------
                                              3.850000   data required time
                                             -0.981205   data arrival time
---------------------------------------------------------------------------------------------
                                              2.868795   slack (MET)


Startpoint: _290_ (rising edge-triggered flip-flop clocked by clk)
Endpoint: sine_out[16] (output port clocked by clk)
Path Group: clk
Path Type: max

Fanout         Cap        Slew       Delay        Time   Description
---------------------------------------------------------------------------------------------
                                  0.000000    0.000000   clock clk (rise edge)
                                  0.000000    0.000000   clock source latency
     1    0.023097    0.000000    0.000000    0.000000 ^ clk (in)
                                                         clk (net)
                      0.001061    0.000531    0.000531 ^ clkbuf_0_clk/A (sg13g2_buf_16)
     2    0.043486    0.015839    0.039542    0.040073 ^ clkbuf_0_clk/X (sg13g2_buf_16)
                                                         clknet_0_clk (net)
                      0.015961    0.001805    0.041877 ^ clkbuf_1_0__f_clk/A (sg13g2_buf_16)
     5    0.021880    0.013443    0.042750    0.084628 ^ clkbuf_1_0__f_clk/X (sg13g2_buf_16)
                                                         clknet_1_0__leaf_clk (net)
                      0.013446    0.000443    0.085071 ^ _290_/CLK (sg13g2_dfrbpq_1)
     4    0.023797    0.066080    0.145090    0.230161 ^ _290_/Q (sg13g2_dfrbpq_1)
                                                         DPATH.SUM.fa_2.A (net)
                      0.066224    0.002162    0.232322 ^ fanout37/A (sg13g2_buf_1)
     8    0.045519    0.122631    0.131722    0.364045 ^ fanout37/X (sg13g2_buf_1)
                                                         net37 (net)
                      0.122640    0.000879    0.364924 ^ fanout36/A (sg13g2_buf_1)
     8    0.048933    0.131799    0.152436    0.517360 ^ fanout36/X (sg13g2_buf_1)
                                                         net36 (net)
                      0.131921    0.003299    0.520660 ^ _164_/B (sg13g2_and2_1)
     5    0.023453    0.067590    0.125149    0.645808 ^ _164_/X (sg13g2_and2_1)
                                                         _113_ (net)
                      0.067610    0.001134    0.646943 ^ _180_/A2 (sg13g2_a21oi_1)
     4    0.023384    0.118589    0.115437    0.762380 v _180_/Y (sg13g2_a21oi_1)
                                                         _128_ (net)
                      0.118638    0.001936    0.764316 v _270_/A (sg13g2_nor2b_1)
     2    0.011322    0.084703    0.091745    0.856061 ^ _270_/Y (sg13g2_nor2b_1)
                                                         _085_ (net)
                      0.084712    0.000707    0.856768 ^ _275_/A2 (sg13g2_o21ai_1)
     1    0.003363    0.041422    0.048955    0.905724 v _275_/Y (sg13g2_o21ai_1)
                                                         net11 (net)
                      0.041422    0.000238    0.905962 v output11/A (sg13g2_buf_1)
     1    0.010716    0.029056    0.060124    0.966086 v output11/X (sg13g2_buf_1)
                                                         sine_out[16] (net)
                      0.029064    0.000453    0.966539 v sine_out[16] (out)
                                              0.966539   data arrival time

                                  5.000000    5.000000   clock clk (rise edge)
                                  0.000000    5.000000   clock network delay (propagated)
                                 -0.150000    4.850000   clock uncertainty
                                  0.000000    4.850000   clock reconvergence pessimism
                                 -1.000000    3.850000   output external delay
                                              3.850000   data required time
---------------------------------------------------------------------------------------------
                                              3.850000   data required time
                                             -0.966539   data arrival time
---------------------------------------------------------------------------------------------
                                              2.883461   slack (MET)


Startpoint: _290_ (rising edge-triggered flip-flop clocked by clk)
Endpoint: sine_out[15] (output port clocked by clk)
Path Group: clk
Path Type: max

Fanout         Cap        Slew       Delay        Time   Description
---------------------------------------------------------------------------------------------
                                  0.000000    0.000000   clock clk (rise edge)
                                  0.000000    0.000000   clock source latency
     1    0.023097    0.000000    0.000000    0.000000 ^ clk (in)
                                                         clk (net)
                      0.001061    0.000531    0.000531 ^ clkbuf_0_clk/A (sg13g2_buf_16)
     2    0.043486    0.015839    0.039542    0.040073 ^ clkbuf_0_clk/X (sg13g2_buf_16)
                                                         clknet_0_clk (net)
                      0.015961    0.001805    0.041877 ^ clkbuf_1_0__f_clk/A (sg13g2_buf_16)
     5    0.021880    0.013443    0.042750    0.084628 ^ clkbuf_1_0__f_clk/X (sg13g2_buf_16)
                                                         clknet_1_0__leaf_clk (net)
                      0.013446    0.000443    0.085071 ^ _290_/CLK (sg13g2_dfrbpq_1)
     4    0.023797    0.066080    0.145090    0.230161 ^ _290_/Q (sg13g2_dfrbpq_1)
                                                         DPATH.SUM.fa_2.A (net)
                      0.066224    0.002162    0.232322 ^ fanout37/A (sg13g2_buf_1)
     8    0.045519    0.122631    0.131722    0.364045 ^ fanout37/X (sg13g2_buf_1)
                                                         net37 (net)
                      0.122640    0.000879    0.364924 ^ fanout36/A (sg13g2_buf_1)
     8    0.048933    0.131799    0.152436    0.517360 ^ fanout36/X (sg13g2_buf_1)
                                                         net36 (net)
                      0.131921    0.003299    0.520660 ^ _164_/B (sg13g2_and2_1)
     5    0.023453    0.067590    0.125149    0.645808 ^ _164_/X (sg13g2_and2_1)
                                                         _113_ (net)
                      0.067611    0.001150    0.646959 ^ _166_/B (sg13g2_nand2_1)
     4    0.022841    0.113499    0.105365    0.752323 v _166_/Y (sg13g2_nand2_1)
                                                         _115_ (net)
                      0.113635    0.002958    0.755281 v _246_/B (sg13g2_nand2b_1)
     2    0.014227    0.064268    0.076956    0.832236 ^ _246_/Y (sg13g2_nand2b_1)
                                                         _071_ (net)
                      0.064282    0.000784    0.833021 ^ _274_/B (sg13g2_nand2_1)
     1    0.007647    0.055010    0.056431    0.889451 v _274_/Y (sg13g2_nand2_1)
                                                         net10 (net)
                      0.055038    0.000528    0.889980 v output10/A (sg13g2_buf_1)
     1    0.016286    0.041078    0.072869    0.962849 v output10/X (sg13g2_buf_1)
                                                         sine_out[15] (net)
                      0.041231    0.001924    0.964773 v sine_out[15] (out)
                                              0.964773   data arrival time

                                  5.000000    5.000000   clock clk (rise edge)
                                  0.000000    5.000000   clock network delay (propagated)
                                 -0.150000    4.850000   clock uncertainty
                                  0.000000    4.850000   clock reconvergence pessimism
                                 -1.000000    3.850000   output external delay
                                              3.850000   data required time
---------------------------------------------------------------------------------------------
                                              3.850000   data required time
                                             -0.964773   data arrival time
---------------------------------------------------------------------------------------------
                                              2.885227   slack (MET)


Startpoint: _290_ (rising edge-triggered flip-flop clocked by clk)
Endpoint: sine_out[8] (output port clocked by clk)
Path Group: clk
Path Type: max

Fanout         Cap        Slew       Delay        Time   Description
---------------------------------------------------------------------------------------------
                                  0.000000    0.000000   clock clk (rise edge)
                                  0.000000    0.000000   clock source latency
     1    0.023097    0.000000    0.000000    0.000000 ^ clk (in)
                                                         clk (net)
                      0.001061    0.000531    0.000531 ^ clkbuf_0_clk/A (sg13g2_buf_16)
     2    0.043486    0.015839    0.039542    0.040073 ^ clkbuf_0_clk/X (sg13g2_buf_16)
                                                         clknet_0_clk (net)
                      0.015961    0.001805    0.041877 ^ clkbuf_1_0__f_clk/A (sg13g2_buf_16)
     5    0.021880    0.013443    0.042750    0.084628 ^ clkbuf_1_0__f_clk/X (sg13g2_buf_16)
                                                         clknet_1_0__leaf_clk (net)
                      0.013446    0.000443    0.085071 ^ _290_/CLK (sg13g2_dfrbpq_1)
     4    0.023797    0.066080    0.145090    0.230161 ^ _290_/Q (sg13g2_dfrbpq_1)
                                                         DPATH.SUM.fa_2.A (net)
                      0.066224    0.002162    0.232322 ^ fanout37/A (sg13g2_buf_1)
     8    0.045519    0.122631    0.131722    0.364045 ^ fanout37/X (sg13g2_buf_1)
                                                         net37 (net)
                      0.122640    0.000879    0.364924 ^ fanout36/A (sg13g2_buf_1)
     8    0.048933    0.131799    0.152436    0.517360 ^ fanout36/X (sg13g2_buf_1)
                                                         net36 (net)
                      0.131921    0.003299    0.520660 ^ _164_/B (sg13g2_and2_1)
     5    0.023453    0.067590    0.125149    0.645808 ^ _164_/X (sg13g2_and2_1)
                                                         _113_ (net)
                      0.067611    0.001150    0.646959 ^ _166_/B (sg13g2_nand2_1)
     4    0.022841    0.113499    0.105365    0.752323 v _166_/Y (sg13g2_nand2_1)
                                                         _115_ (net)
                      0.113620    0.002750    0.755073 v _259_/B (sg13g2_nor2_1)
     2    0.010649    0.080285    0.087360    0.842433 ^ _259_/Y (sg13g2_nor2_1)
                                                         _081_ (net)
                      0.080295    0.000745    0.843178 ^ _264_/A2 (sg13g2_a21oi_1)
     1    0.003177    0.043891    0.055361    0.898540 v _264_/Y (sg13g2_a21oi_1)
                                                         net20 (net)
                      0.043891    0.000126    0.898666 v output20/A (sg13g2_buf_1)
     1    0.010798    0.029290    0.061031    0.959697 v output20/X (sg13g2_buf_1)
                                                         sine_out[8] (net)
                      0.029298    0.000464    0.960162 v sine_out[8] (out)
                                              0.960162   data arrival time

                                  5.000000    5.000000   clock clk (rise edge)
                                  0.000000    5.000000   clock network delay (propagated)
                                 -0.150000    4.850000   clock uncertainty
                                  0.000000    4.850000   clock reconvergence pessimism
                                 -1.000000    3.850000   output external delay
                                              3.850000   data required time
---------------------------------------------------------------------------------------------
                                              3.850000   data required time
                                             -0.960162   data arrival time
---------------------------------------------------------------------------------------------
                                              2.889838   slack (MET)


Startpoint: _290_ (rising edge-triggered flip-flop clocked by clk)
Endpoint: sine_out[13] (output port clocked by clk)
Path Group: clk
Path Type: max

Fanout         Cap        Slew       Delay        Time   Description
---------------------------------------------------------------------------------------------
                                  0.000000    0.000000   clock clk (rise edge)
                                  0.000000    0.000000   clock source latency
     1    0.023097    0.000000    0.000000    0.000000 ^ clk (in)
                                                         clk (net)
                      0.001061    0.000531    0.000531 ^ clkbuf_0_clk/A (sg13g2_buf_16)
     2    0.043486    0.015839    0.039542    0.040073 ^ clkbuf_0_clk/X (sg13g2_buf_16)
                                                         clknet_0_clk (net)
                      0.015961    0.001805    0.041877 ^ clkbuf_1_0__f_clk/A (sg13g2_buf_16)
     5    0.021880    0.013443    0.042750    0.084628 ^ clkbuf_1_0__f_clk/X (sg13g2_buf_16)
                                                         clknet_1_0__leaf_clk (net)
                      0.013446    0.000443    0.085071 ^ _290_/CLK (sg13g2_dfrbpq_1)
     4    0.023797    0.066080    0.145090    0.230161 ^ _290_/Q (sg13g2_dfrbpq_1)
                                                         DPATH.SUM.fa_2.A (net)
                      0.066224    0.002162    0.232322 ^ fanout37/A (sg13g2_buf_1)
     8    0.045519    0.122631    0.131722    0.364045 ^ fanout37/X (sg13g2_buf_1)
                                                         net37 (net)
                      0.122640    0.000879    0.364924 ^ fanout36/A (sg13g2_buf_1)
     8    0.048933    0.131799    0.152436    0.517360 ^ fanout36/X (sg13g2_buf_1)
                                                         net36 (net)
                      0.131921    0.003299    0.520660 ^ _164_/B (sg13g2_and2_1)
     5    0.023453    0.067590    0.125149    0.645808 ^ _164_/X (sg13g2_and2_1)
                                                         _113_ (net)
                      0.067611    0.001150    0.646959 ^ _166_/B (sg13g2_nand2_1)
     4    0.022841    0.113499    0.105365    0.752323 v _166_/Y (sg13g2_nand2_1)
                                                         _115_ (net)
                      0.113591    0.002300    0.754623 v _168_/A (sg13g2_nor2_1)
     2    0.013640    0.097908    0.099551    0.854174 ^ _168_/Y (sg13g2_nor2_1)
                                                         _117_ (net)
                      0.097917    0.000786    0.854961 ^ _272_/B (sg13g2_nor2_1)
     1    0.003601    0.027682    0.037712    0.892673 v _272_/Y (sg13g2_nor2_1)
                                                         net8 (net)
                      0.027683    0.000256    0.892929 v output8/A (sg13g2_buf_1)
     1    0.011755    0.030952    0.057207    0.950135 v output8/X (sg13g2_buf_1)
                                                         sine_out[13] (net)
                      0.031014    0.000984    0.951119 v sine_out[13] (out)
                                              0.951119   data arrival time

                                  5.000000    5.000000   clock clk (rise edge)
                                  0.000000    5.000000   clock network delay (propagated)
                                 -0.150000    4.850000   clock uncertainty
                                  0.000000    4.850000   clock reconvergence pessimism
                                 -1.000000    3.850000   output external delay
                                              3.850000   data required time
---------------------------------------------------------------------------------------------
                                              3.850000   data required time
                                             -0.951119   data arrival time
---------------------------------------------------------------------------------------------
                                              2.898881   slack (MET)


Startpoint: _290_ (rising edge-triggered flip-flop clocked by clk)
Endpoint: sine_out[5] (output port clocked by clk)
Path Group: clk
Path Type: max

Fanout         Cap        Slew       Delay        Time   Description
---------------------------------------------------------------------------------------------
                                  0.000000    0.000000   clock clk (rise edge)
                                  0.000000    0.000000   clock source latency
     1    0.023097    0.000000    0.000000    0.000000 ^ clk (in)
                                                         clk (net)
                      0.001061    0.000531    0.000531 ^ clkbuf_0_clk/A (sg13g2_buf_16)
     2    0.043486    0.015839    0.039542    0.040073 ^ clkbuf_0_clk/X (sg13g2_buf_16)
                                                         clknet_0_clk (net)
                      0.015961    0.001805    0.041877 ^ clkbuf_1_0__f_clk/A (sg13g2_buf_16)
     5    0.021880    0.013443    0.042750    0.084628 ^ clkbuf_1_0__f_clk/X (sg13g2_buf_16)
                                                         clknet_1_0__leaf_clk (net)
                      0.013446    0.000443    0.085071 ^ _290_/CLK (sg13g2_dfrbpq_1)
     4    0.023797    0.066080    0.145090    0.230161 ^ _290_/Q (sg13g2_dfrbpq_1)
                                                         DPATH.SUM.fa_2.A (net)
                      0.066224    0.002162    0.232322 ^ fanout37/A (sg13g2_buf_1)
     8    0.045519    0.122631    0.131722    0.364045 ^ fanout37/X (sg13g2_buf_1)
                                                         net37 (net)
                      0.122640    0.000879    0.364924 ^ fanout36/A (sg13g2_buf_1)
     8    0.048933    0.131799    0.152436    0.517360 ^ fanout36/X (sg13g2_buf_1)
                                                         net36 (net)
                      0.131921    0.003299    0.520660 ^ _164_/B (sg13g2_and2_1)
     5    0.023453    0.067590    0.125149    0.645808 ^ _164_/X (sg13g2_and2_1)
                                                         _113_ (net)
                      0.067611    0.001150    0.646959 ^ _166_/B (sg13g2_nand2_1)
     4    0.022841    0.113499    0.105365    0.752323 v _166_/Y (sg13g2_nand2_1)
                                                         _115_ (net)
                      0.113620    0.002750    0.755073 v _259_/B (sg13g2_nor2_1)
     2    0.010649    0.080285    0.087360    0.842433 ^ _259_/Y (sg13g2_nor2_1)
                                                         _081_ (net)
                      0.080295    0.000746    0.843179 ^ _260_/C (sg13g2_nor3_1)
     1    0.003218    0.034078    0.035637    0.878815 v _260_/Y (sg13g2_nor3_1)
                                                         net17 (net)
                      0.034078    0.000240    0.879055 v output17/A (sg13g2_buf_1)
     1    0.010770    0.028957    0.057905    0.936960 v output17/X (sg13g2_buf_1)
                                                         sine_out[5] (net)
                      0.028965    0.000457    0.937418 v sine_out[5] (out)
                                              0.937418   data arrival time

                                  5.000000    5.000000   clock clk (rise edge)
                                  0.000000    5.000000   clock network delay (propagated)
                                 -0.150000    4.850000   clock uncertainty
                                  0.000000    4.850000   clock reconvergence pessimism
                                 -1.000000    3.850000   output external delay
                                              3.850000   data required time
---------------------------------------------------------------------------------------------
                                              3.850000   data required time
                                             -0.937418   data arrival time
---------------------------------------------------------------------------------------------
                                              2.912582   slack (MET)


Startpoint: _291_ (rising edge-triggered flip-flop clocked by clk)
Endpoint: sine_out[10] (output port clocked by clk)
Path Group: clk
Path Type: max

Fanout         Cap        Slew       Delay        Time   Description
---------------------------------------------------------------------------------------------
                                  0.000000    0.000000   clock clk (rise edge)
                                  0.000000    0.000000   clock source latency
     1    0.023097    0.000000    0.000000    0.000000 ^ clk (in)
                                                         clk (net)
                      0.001061    0.000531    0.000531 ^ clkbuf_0_clk/A (sg13g2_buf_16)
     2    0.043486    0.015839    0.039542    0.040073 ^ clkbuf_0_clk/X (sg13g2_buf_16)
                                                         clknet_0_clk (net)
                      0.015961    0.001805    0.041877 ^ clkbuf_1_0__f_clk/A (sg13g2_buf_16)
     5    0.021880    0.013443    0.042750    0.084628 ^ clkbuf_1_0__f_clk/X (sg13g2_buf_16)
                                                         clknet_1_0__leaf_clk (net)
                      0.013447    0.000455    0.085083 ^ _291_/CLK (sg13g2_dfrbpq_1)
     1    0.005997    0.022910    0.113142    0.198225 ^ _291_/Q (sg13g2_dfrbpq_1)
                                                         DPATH.SUM.fa_3.A (net)
                      0.022941    0.000591    0.198817 ^ fanout35/A (sg13g2_buf_1)
     5    0.029895    0.082355    0.088935    0.287751 ^ fanout35/X (sg13g2_buf_1)
                                                         net35 (net)
                      0.082651    0.004002    0.291754 ^ fanout34/A (sg13g2_buf_1)
     8    0.042587    0.115238    0.131378    0.423132 ^ fanout34/X (sg13g2_buf_1)
                                                         net34 (net)
                      0.115249    0.000953    0.424085 ^ fanout33/A (sg13g2_buf_1)
     8    0.043081    0.116665    0.140672    0.564756 ^ fanout33/X (sg13g2_buf_1)
                                                         net33 (net)
                      0.116881    0.004094    0.568850 ^ _202_/B1 (sg13g2_o21ai_1)
     3    0.012438    0.076037    0.085258    0.654108 v _202_/Y (sg13g2_o21ai_1)
                                                         _029_ (net)
                      0.076075    0.000704    0.654812 v _266_/A2 (sg13g2_o21ai_1)
     1    0.007116    0.076596    0.087784    0.742596 ^ _266_/Y (sg13g2_o21ai_1)
                                                         _083_ (net)
                      0.076600    0.000962    0.743558 ^ _267_/B (sg13g2_nand2_1)
     1    0.003992    0.031006    0.047593    0.791151 v _267_/Y (sg13g2_nand2_1)
                                                         net5 (net)
                      0.031007    0.000161    0.791312 v output5/A (sg13g2_buf_1)
     1    0.010915    0.029165    0.057177    0.848489 v output5/X (sg13g2_buf_1)
                                                         sine_out[10] (net)
                      0.029172    0.000467    0.848956 v sine_out[10] (out)
                                              0.848956   data arrival time

                                  5.000000    5.000000   clock clk (rise edge)
                                  0.000000    5.000000   clock network delay (propagated)
                                 -0.150000    4.850000   clock uncertainty
                                  0.000000    4.850000   clock reconvergence pessimism
                                 -1.000000    3.850000   output external delay
                                              3.850000   data required time
---------------------------------------------------------------------------------------------
                                              3.850000   data required time
                                             -0.848956   data arrival time
---------------------------------------------------------------------------------------------
                                              3.001044   slack (MET)


Startpoint: _288_ (rising edge-triggered flip-flop clocked by clk)
Endpoint: sine_out[3] (output port clocked by clk)
Path Group: clk
Path Type: max

Fanout         Cap        Slew       Delay        Time   Description
---------------------------------------------------------------------------------------------
                                  0.000000    0.000000   clock clk (rise edge)
                                  0.000000    0.000000   clock source latency
     1    0.023097    0.000000    0.000000    0.000000 ^ clk (in)
                                                         clk (net)
                      0.001061    0.000531    0.000531 ^ clkbuf_0_clk/A (sg13g2_buf_16)
     2    0.043486    0.015839    0.039542    0.040073 ^ clkbuf_0_clk/X (sg13g2_buf_16)
                                                         clknet_0_clk (net)
                      0.015961    0.001805    0.041877 ^ clkbuf_1_0__f_clk/A (sg13g2_buf_16)
     5    0.021880    0.013443    0.042750    0.084628 ^ clkbuf_1_0__f_clk/X (sg13g2_buf_16)
                                                         clknet_1_0__leaf_clk (net)
                      0.013447    0.000469    0.085097 ^ _288_/CLK (sg13g2_dfrbpq_1)
     1    0.004289    0.015975    0.109413    0.194510 v _288_/Q (sg13g2_dfrbpq_1)
                                                         DPATH.SUM.Cout0 (net)
                      0.015975    0.000305    0.194815 v fanout41/A (sg13g2_buf_1)
     8    0.050319    0.109806    0.111140    0.305955 v fanout41/X (sg13g2_buf_1)
                                                         net41 (net)
                      0.110131    0.004905    0.310860 v fanout40/A (sg13g2_buf_1)
     8    0.044742    0.098053    0.133185    0.444046 v fanout40/X (sg13g2_buf_1)
                                                         net40 (net)
                      0.098096    0.000740    0.444786 v _203_/A2 (sg13g2_o21ai_1)
     5    0.026149    0.188908    0.188787    0.633573 ^ _203_/Y (sg13g2_o21ai_1)
                                                         _030_ (net)
                      0.188943    0.002101    0.635674 ^ _255_/B (sg13g2_nand2_1)
     2    0.009988    0.067317    0.090734    0.726408 v _255_/Y (sg13g2_nand2_1)
                                                         _079_ (net)
                      0.067317    0.000340    0.726748 v _256_/B (sg13g2_nor2_1)
     1    0.002996    0.038595    0.042838    0.769586 ^ _256_/Y (sg13g2_nor2_1)
                                                         net15 (net)
                      0.038595    0.000224    0.769811 ^ output15/A (sg13g2_buf_1)
     1    0.012307    0.038226    0.063190    0.833001 ^ output15/X (sg13g2_buf_1)
                                                         sine_out[3] (net)
                      0.038234    0.000554    0.833555 ^ sine_out[3] (out)
                                              0.833555   data arrival time

                                  5.000000    5.000000   clock clk (rise edge)
                                  0.000000    5.000000   clock network delay (propagated)
                                 -0.150000    4.850000   clock uncertainty
                                  0.000000    4.850000   clock reconvergence pessimism
                                 -1.000000    3.850000   output external delay
                                              3.850000   data required time
---------------------------------------------------------------------------------------------
                                              3.850000   data required time
                                             -0.833555   data arrival time
---------------------------------------------------------------------------------------------
                                              3.016445   slack (MET)


Startpoint: _288_ (rising edge-triggered flip-flop clocked by clk)
Endpoint: sine_out[9] (output port clocked by clk)
Path Group: clk
Path Type: max

Fanout         Cap        Slew       Delay        Time   Description
---------------------------------------------------------------------------------------------
                                  0.000000    0.000000   clock clk (rise edge)
                                  0.000000    0.000000   clock source latency
     1    0.023097    0.000000    0.000000    0.000000 ^ clk (in)
                                                         clk (net)
                      0.001061    0.000531    0.000531 ^ clkbuf_0_clk/A (sg13g2_buf_16)
     2    0.043486    0.015839    0.039542    0.040073 ^ clkbuf_0_clk/X (sg13g2_buf_16)
                                                         clknet_0_clk (net)
                      0.015961    0.001805    0.041877 ^ clkbuf_1_0__f_clk/A (sg13g2_buf_16)
     5    0.021880    0.013443    0.042750    0.084628 ^ clkbuf_1_0__f_clk/X (sg13g2_buf_16)
                                                         clknet_1_0__leaf_clk (net)
                      0.013447    0.000469    0.085097 ^ _288_/CLK (sg13g2_dfrbpq_1)
     1    0.004289    0.015975    0.109413    0.194510 v _288_/Q (sg13g2_dfrbpq_1)
                                                         DPATH.SUM.Cout0 (net)
                      0.015975    0.000305    0.194815 v fanout41/A (sg13g2_buf_1)
     8    0.050319    0.109806    0.111140    0.305955 v fanout41/X (sg13g2_buf_1)
                                                         net41 (net)
                      0.110131    0.004905    0.310860 v fanout40/A (sg13g2_buf_1)
     8    0.044742    0.098053    0.133185    0.444046 v fanout40/X (sg13g2_buf_1)
                                                         net40 (net)
                      0.098096    0.000740    0.444786 v _203_/A2 (sg13g2_o21ai_1)
     5    0.026149    0.188908    0.188787    0.633573 ^ _203_/Y (sg13g2_o21ai_1)
                                                         _030_ (net)
                      0.188957    0.002476    0.636048 ^ _254_/B (sg13g2_nand2_1)
     1    0.004861    0.048839    0.068942    0.704990 v _254_/Y (sg13g2_nand2_1)
                                                         _078_ (net)
                      0.048839    0.000196    0.705186 v _265_/A2 (sg13g2_a21oi_1)
     1    0.004095    0.049362    0.056902    0.762088 ^ _265_/Y (sg13g2_a21oi_1)
                                                         net21 (net)
                      0.049362    0.000277    0.762364 ^ output21/A (sg13g2_buf_1)
     1    0.012934    0.040050    0.067738    0.830102 ^ output21/X (sg13g2_buf_1)
                                                         sine_out[9] (net)
                      0.040063    0.000691    0.830793 ^ sine_out[9] (out)
                                              0.830793   data arrival time

                                  5.000000    5.000000   clock clk (rise edge)
                                  0.000000    5.000000   clock network delay (propagated)
                                 -0.150000    4.850000   clock uncertainty
                                  0.000000    4.850000   clock reconvergence pessimism
                                 -1.000000    3.850000   output external delay
                                              3.850000   data required time
---------------------------------------------------------------------------------------------
                                              3.850000   data required time
                                             -0.830793   data arrival time
---------------------------------------------------------------------------------------------
                                              3.019207   slack (MET)


Startpoint: _288_ (rising edge-triggered flip-flop clocked by clk)
Endpoint: sine_out[14] (output port clocked by clk)
Path Group: clk
Path Type: max

Fanout         Cap        Slew       Delay        Time   Description
---------------------------------------------------------------------------------------------
                                  0.000000    0.000000   clock clk (rise edge)
                                  0.000000    0.000000   clock source latency
     1    0.023097    0.000000    0.000000    0.000000 ^ clk (in)
                                                         clk (net)
                      0.001061    0.000531    0.000531 ^ clkbuf_0_clk/A (sg13g2_buf_16)
     2    0.043486    0.015839    0.039542    0.040073 ^ clkbuf_0_clk/X (sg13g2_buf_16)
                                                         clknet_0_clk (net)
                      0.015961    0.001805    0.041877 ^ clkbuf_1_0__f_clk/A (sg13g2_buf_16)
     5    0.021880    0.013443    0.042750    0.084628 ^ clkbuf_1_0__f_clk/X (sg13g2_buf_16)
                                                         clknet_1_0__leaf_clk (net)
                      0.013447    0.000469    0.085097 ^ _288_/CLK (sg13g2_dfrbpq_1)
     1    0.004289    0.015975    0.109413    0.194510 v _288_/Q (sg13g2_dfrbpq_1)
                                                         DPATH.SUM.Cout0 (net)
                      0.015975    0.000305    0.194815 v fanout41/A (sg13g2_buf_1)
     8    0.050319    0.109806    0.111140    0.305955 v fanout41/X (sg13g2_buf_1)
                                                         net41 (net)
                      0.110131    0.004905    0.310860 v fanout40/A (sg13g2_buf_1)
     8    0.044742    0.098053    0.133185    0.444046 v fanout40/X (sg13g2_buf_1)
                                                         net40 (net)
                      0.098096    0.000740    0.444786 v _203_/A2 (sg13g2_o21ai_1)
     5    0.026149    0.188908    0.188787    0.633573 ^ _203_/Y (sg13g2_o21ai_1)
                                                         _030_ (net)
                      0.188943    0.002101    0.635674 ^ _255_/B (sg13g2_nand2_1)
     2    0.009988    0.067317    0.090734    0.726408 v _255_/Y (sg13g2_nand2_1)
                                                         _079_ (net)
                      0.067317    0.000287    0.726695 v _273_/B (sg13g2_nand2_1)
     1    0.006031    0.038103    0.042178    0.768872 ^ _273_/Y (sg13g2_nand2_1)
                                                         net9 (net)
                      0.038148    0.000611    0.769483 ^ output9/A (sg13g2_buf_1)
     1    0.010842    0.034571    0.060313    0.829796 ^ output9/X (sg13g2_buf_1)
                                                         sine_out[14] (net)
                      0.034577    0.000465    0.830262 ^ sine_out[14] (out)
                                              0.830262   data arrival time

                                  5.000000    5.000000   clock clk (rise edge)
                                  0.000000    5.000000   clock network delay (propagated)
                                 -0.150000    4.850000   clock uncertainty
                                  0.000000    4.850000   clock reconvergence pessimism
                                 -1.000000    3.850000   output external delay
                                              3.850000   data required time
---------------------------------------------------------------------------------------------
                                              3.850000   data required time
                                             -0.830262   data arrival time
---------------------------------------------------------------------------------------------
                                              3.019738   slack (MET)


Startpoint: _290_ (rising edge-triggered flip-flop clocked by clk)
Endpoint: sine_out[4] (output port clocked by clk)
Path Group: clk
Path Type: max

Fanout         Cap        Slew       Delay        Time   Description
---------------------------------------------------------------------------------------------
                                  0.000000    0.000000   clock clk (rise edge)
                                  0.000000    0.000000   clock source latency
     1    0.023097    0.000000    0.000000    0.000000 ^ clk (in)
                                                         clk (net)
                      0.001061    0.000531    0.000531 ^ clkbuf_0_clk/A (sg13g2_buf_16)
     2    0.043486    0.015839    0.039542    0.040073 ^ clkbuf_0_clk/X (sg13g2_buf_16)
                                                         clknet_0_clk (net)
                      0.015961    0.001805    0.041877 ^ clkbuf_1_0__f_clk/A (sg13g2_buf_16)
     5    0.021880    0.013443    0.042750    0.084628 ^ clkbuf_1_0__f_clk/X (sg13g2_buf_16)
                                                         clknet_1_0__leaf_clk (net)
                      0.013446    0.000443    0.085071 ^ _290_/CLK (sg13g2_dfrbpq_1)
     4    0.023649    0.053820    0.139493    0.224564 v _290_/Q (sg13g2_dfrbpq_1)
                                                         DPATH.SUM.fa_2.A (net)
                      0.053927    0.002145    0.226709 v fanout37/A (sg13g2_buf_1)
     8    0.043018    0.094170    0.114033    0.340743 v fanout37/X (sg13g2_buf_1)
                                                         net37 (net)
                      0.094196    0.001316    0.342059 v _156_/B (sg13g2_nor2_1)
     5    0.026742    0.152982    0.152579    0.494639 ^ _156_/Y (sg13g2_nor2_1)
                                                         _106_ (net)
                      0.152992    0.001026    0.495665 ^ _201_/A (sg13g2_nor2b_1)
     3    0.018583    0.076703    0.093086    0.588750 v _201_/Y (sg13g2_nor2b_1)
                                                         _028_ (net)
                      0.076731    0.001332    0.590082 v _258_/C (sg13g2_nor3_1)
     1    0.012767    0.126984    0.120680    0.710763 ^ _258_/Y (sg13g2_nor3_1)
                                                         net16 (net)
                      0.126991    0.000749    0.711512 ^ output16/A (sg13g2_buf_1)
     1    0.017587    0.053079    0.097516    0.809028 ^ output16/X (sg13g2_buf_1)
                                                         sine_out[4] (net)
                      0.053169    0.001554    0.810582 ^ sine_out[4] (out)
                                              0.810582   data arrival time

                                  5.000000    5.000000   clock clk (rise edge)
                                  0.000000    5.000000   clock network delay (propagated)
                                 -0.150000    4.850000   clock uncertainty
                                  0.000000    4.850000   clock reconvergence pessimism
                                 -1.000000    3.850000   output external delay
                                              3.850000   data required time
---------------------------------------------------------------------------------------------
                                              3.850000   data required time
                                             -0.810582   data arrival time
---------------------------------------------------------------------------------------------
                                              3.039418   slack (MET)


Startpoint: _293_ (rising edge-triggered flip-flop clocked by clk)
Endpoint: sine_out[11] (output port clocked by clk)
Path Group: clk
Path Type: max

Fanout         Cap        Slew       Delay        Time   Description
---------------------------------------------------------------------------------------------
                                  0.000000    0.000000   clock clk (rise edge)
                                  0.000000    0.000000   clock source latency
     1    0.023097    0.000000    0.000000    0.000000 ^ clk (in)
                                                         clk (net)
                      0.001061    0.000531    0.000531 ^ clkbuf_0_clk/A (sg13g2_buf_16)
     2    0.043486    0.015839    0.039542    0.040073 ^ clkbuf_0_clk/X (sg13g2_buf_16)
                                                         clknet_0_clk (net)
                      0.015979    0.001885    0.041958 ^ clkbuf_1_1__f_clk/A (sg13g2_buf_16)
     5    0.025994    0.014068    0.043182    0.085140 ^ clkbuf_1_1__f_clk/X (sg13g2_buf_16)
                                                         clknet_1_1__leaf_clk (net)
                      0.014125    0.001518    0.086658 ^ _293_/CLK (sg13g2_dfrbpq_1)
     1    0.007210    0.025794    0.115724    0.202382 ^ _293_/Q (sg13g2_dfrbpq_1)
                                                         DPATH.SUM.fa_5.A (net)
                      0.025804    0.000455    0.202837 ^ fanout29/A (sg13g2_buf_1)
     8    0.047850    0.128740    0.120828    0.323666 ^ fanout29/X (sg13g2_buf_1)
                                                         net29 (net)
                      0.129077    0.005384    0.329049 ^ fanout28/A (sg13g2_buf_1)
     8    0.041440    0.112605    0.140081    0.469131 ^ fanout28/X (sg13g2_buf_1)
                                                         net28 (net)
                      0.112750    0.003322    0.472452 ^ _167_/B (sg13g2_nand2_1)
     5    0.027970    0.125927    0.138006    0.610459 v _167_/Y (sg13g2_nand2_1)
                                                         _116_ (net)
                      0.125936    0.000875    0.611334 v _268_/B1 (sg13g2_a21oi_1)
     1    0.004085    0.056869    0.069583    0.680917 ^ _268_/Y (sg13g2_a21oi_1)
                                                         _084_ (net)
                      0.056869    0.000164    0.681081 ^ _269_/B (sg13g2_nor2_1)
     1    0.003810    0.031122    0.029382    0.710463 v _269_/Y (sg13g2_nor2_1)
                                                         net6 (net)
                      0.031123    0.000259    0.710722 v output6/A (sg13g2_buf_1)
     1    0.012969    0.033354    0.060510    0.771232 v output6/X (sg13g2_buf_1)
                                                         sine_out[11] (net)
                      0.033369    0.000663    0.771896 v sine_out[11] (out)
                                              0.771896   data arrival time

                                  5.000000    5.000000   clock clk (rise edge)
                                  0.000000    5.000000   clock network delay (propagated)
                                 -0.150000    4.850000   clock uncertainty
                                  0.000000    4.850000   clock reconvergence pessimism
                                 -1.000000    3.850000   output external delay
                                              3.850000   data required time
---------------------------------------------------------------------------------------------
                                              3.850000   data required time
                                             -0.771896   data arrival time
---------------------------------------------------------------------------------------------
                                              3.078104   slack (MET)


Startpoint: _290_ (rising edge-triggered flip-flop clocked by clk)
Endpoint: sine_out[7] (output port clocked by clk)
Path Group: clk
Path Type: max

Fanout         Cap        Slew       Delay        Time   Description
---------------------------------------------------------------------------------------------
                                  0.000000    0.000000   clock clk (rise edge)
                                  0.000000    0.000000   clock source latency
     1    0.023097    0.000000    0.000000    0.000000 ^ clk (in)
                                                         clk (net)
                      0.001061    0.000531    0.000531 ^ clkbuf_0_clk/A (sg13g2_buf_16)
     2    0.043486    0.015839    0.039542    0.040073 ^ clkbuf_0_clk/X (sg13g2_buf_16)
                                                         clknet_0_clk (net)
                      0.015961    0.001805    0.041877 ^ clkbuf_1_0__f_clk/A (sg13g2_buf_16)
     5    0.021880    0.013443    0.042750    0.084628 ^ clkbuf_1_0__f_clk/X (sg13g2_buf_16)
                                                         clknet_1_0__leaf_clk (net)
                      0.013446    0.000443    0.085071 ^ _290_/CLK (sg13g2_dfrbpq_1)
     4    0.023797    0.066080    0.145090    0.230161 ^ _290_/Q (sg13g2_dfrbpq_1)
                                                         DPATH.SUM.fa_2.A (net)
                      0.066224    0.002162    0.232322 ^ fanout37/A (sg13g2_buf_1)
     8    0.045519    0.122631    0.131722    0.364045 ^ fanout37/X (sg13g2_buf_1)
                                                         net37 (net)
                      0.122654    0.001405    0.365450 ^ _156_/B (sg13g2_nor2_1)
     5    0.025846    0.086173    0.103986    0.469435 v _156_/Y (sg13g2_nor2_1)
                                                         _106_ (net)
                      0.086222    0.000972    0.470408 v _201_/A (sg13g2_nor2b_1)
     3    0.019173    0.119651    0.117863    0.588271 ^ _201_/Y (sg13g2_nor2b_1)
                                                         _028_ (net)
                      0.119678    0.001529    0.589800 ^ _263_/A2 (sg13g2_a21oi_1)
     1    0.003412    0.044667    0.064875    0.654675 v _263_/Y (sg13g2_a21oi_1)
                                                         net19 (net)
                      0.044667    0.000136    0.654811 v output19/A (sg13g2_buf_1)
     1    0.013010    0.033789    0.064859    0.719670 v output19/X (sg13g2_buf_1)
                                                         sine_out[7] (net)
                      0.033803    0.000661    0.720330 v sine_out[7] (out)
                                              0.720330   data arrival time

                                  5.000000    5.000000   clock clk (rise edge)
                                  0.000000    5.000000   clock network delay (propagated)
                                 -0.150000    4.850000   clock uncertainty
                                  0.000000    4.850000   clock reconvergence pessimism
                                 -1.000000    3.850000   output external delay
                                              3.850000   data required time
---------------------------------------------------------------------------------------------
                                              3.850000   data required time
                                             -0.720330   data arrival time
---------------------------------------------------------------------------------------------
                                              3.129669   slack (MET)


Startpoint: _291_ (rising edge-triggered flip-flop clocked by clk)
Endpoint: sine_out[17] (output port clocked by clk)
Path Group: clk
Path Type: max

Fanout         Cap        Slew       Delay        Time   Description
---------------------------------------------------------------------------------------------
                                  0.000000    0.000000   clock clk (rise edge)
                                  0.000000    0.000000   clock source latency
     1    0.023097    0.000000    0.000000    0.000000 ^ clk (in)
                                                         clk (net)
                      0.001061    0.000531    0.000531 ^ clkbuf_0_clk/A (sg13g2_buf_16)
     2    0.043486    0.015839    0.039542    0.040073 ^ clkbuf_0_clk/X (sg13g2_buf_16)
                                                         clknet_0_clk (net)
                      0.015961    0.001805    0.041877 ^ clkbuf_1_0__f_clk/A (sg13g2_buf_16)
     5    0.021880    0.013443    0.042750    0.084628 ^ clkbuf_1_0__f_clk/X (sg13g2_buf_16)
                                                         clknet_1_0__leaf_clk (net)
                      0.013447    0.000455    0.085083 ^ _291_/CLK (sg13g2_dfrbpq_1)
     1    0.005997    0.019110    0.112120    0.197202 v _291_/Q (sg13g2_dfrbpq_1)
                                                         DPATH.SUM.fa_3.A (net)
                      0.019125    0.000591    0.197794 v fanout35/A (sg13g2_buf_1)
     5    0.029944    0.067592    0.082003    0.279797 v fanout35/X (sg13g2_buf_1)
                                                         net35 (net)
                      0.067951    0.004002    0.283799 v fanout34/A (sg13g2_buf_1)
     8    0.044133    0.097135    0.119524    0.403323 v fanout34/X (sg13g2_buf_1)
                                                         net34 (net)
                      0.097289    0.003200    0.406523 v _160_/A (sg13g2_nor2_1)
     4    0.026475    0.151076    0.148574    0.555097 ^ _160_/Y (sg13g2_nor2_1)
                                                         _110_ (net)
                      0.151095    0.001407    0.556504 ^ _276_/B (sg13g2_nand2b_1)
     1    0.003994    0.041127    0.061368    0.617872 v _276_/Y (sg13g2_nand2b_1)
                                                         _086_ (net)
                      0.041127    0.000160    0.618031 v _277_/C (sg13g2_nand3_1)
     1    0.003027    0.034546    0.033276    0.651308 ^ _277_/Y (sg13g2_nand3_1)
                                                         net12 (net)
                      0.034546    0.000234    0.651541 ^ output12/A (sg13g2_buf_1)
     1    0.011342    0.035718    0.060101    0.711643 ^ output12/X (sg13g2_buf_1)
                                                         sine_out[17] (net)
                      0.035725    0.000491    0.712134 ^ sine_out[17] (out)
                                              0.712134   data arrival time

                                  5.000000    5.000000   clock clk (rise edge)
                                  0.000000    5.000000   clock network delay (propagated)
                                 -0.150000    4.850000   clock uncertainty
                                  0.000000    4.850000   clock reconvergence pessimism
                                 -1.000000    3.850000   output external delay
                                              3.850000   data required time
---------------------------------------------------------------------------------------------
                                              3.850000   data required time
                                             -0.712134   data arrival time
---------------------------------------------------------------------------------------------
                                              3.137866   slack (MET)


Startpoint: _291_ (rising edge-triggered flip-flop clocked by clk)
Endpoint: sine_out[6] (output port clocked by clk)
Path Group: clk
Path Type: max

Fanout         Cap        Slew       Delay        Time   Description
---------------------------------------------------------------------------------------------
                                  0.000000    0.000000   clock clk (rise edge)
                                  0.000000    0.000000   clock source latency
     1    0.023097    0.000000    0.000000    0.000000 ^ clk (in)
                                                         clk (net)
                      0.001061    0.000531    0.000531 ^ clkbuf_0_clk/A (sg13g2_buf_16)
     2    0.043486    0.015839    0.039542    0.040073 ^ clkbuf_0_clk/X (sg13g2_buf_16)
                                                         clknet_0_clk (net)
                      0.015961    0.001805    0.041877 ^ clkbuf_1_0__f_clk/A (sg13g2_buf_16)
     5    0.021880    0.013443    0.042750    0.084628 ^ clkbuf_1_0__f_clk/X (sg13g2_buf_16)
                                                         clknet_1_0__leaf_clk (net)
                      0.013447    0.000455    0.085083 ^ _291_/CLK (sg13g2_dfrbpq_1)
     1    0.005997    0.019110    0.112120    0.197202 v _291_/Q (sg13g2_dfrbpq_1)
                                                         DPATH.SUM.fa_3.A (net)
                      0.019125    0.000591    0.197794 v fanout35/A (sg13g2_buf_1)
     5    0.029944    0.067592    0.082003    0.279797 v fanout35/X (sg13g2_buf_1)
                                                         net35 (net)
                      0.067951    0.004002    0.283799 v fanout34/A (sg13g2_buf_1)
     8    0.044133    0.097135    0.119524    0.403323 v fanout34/X (sg13g2_buf_1)
                                                         net34 (net)
                      0.097310    0.003402    0.406725 v _210_/A (sg13g2_nor2_1)
     4    0.020302    0.122078    0.124109    0.530835 ^ _210_/Y (sg13g2_nor2_1)
                                                         _037_ (net)
                      0.122098    0.001314    0.532149 ^ _211_/A (sg13g2_inv_1)
     1    0.004289    0.031039    0.040450    0.572599 v _211_/Y (sg13g2_inv_1)
                                                         _038_ (net)
                      0.031040    0.000321    0.572920 v _262_/A2 (sg13g2_a21oi_1)
     1    0.007936    0.061995    0.066661    0.639582 ^ _262_/Y (sg13g2_a21oi_1)
                                                         net18 (net)
                      0.062023    0.000537    0.640118 ^ output18/A (sg13g2_buf_1)
     1    0.011437    0.036683    0.069031    0.709149 ^ output18/X (sg13g2_buf_1)
                                                         sine_out[6] (net)
                      0.036690    0.000502    0.709651 ^ sine_out[6] (out)
                                              0.709651   data arrival time

                                  5.000000    5.000000   clock clk (rise edge)
                                  0.000000    5.000000   clock network delay (propagated)
                                 -0.150000    4.850000   clock uncertainty
                                  0.000000    4.850000   clock reconvergence pessimism
                                 -1.000000    3.850000   output external delay
                                              3.850000   data required time
---------------------------------------------------------------------------------------------
                                              3.850000   data required time
                                             -0.709651   data arrival time
---------------------------------------------------------------------------------------------
                                              3.140349   slack (MET)


Startpoint: _295_ (rising edge-triggered flip-flop clocked by clk)
Endpoint: signB (output port clocked by clk)
Path Group: clk
Path Type: max

Fanout         Cap        Slew       Delay        Time   Description
---------------------------------------------------------------------------------------------
                                  0.000000    0.000000   clock clk (rise edge)
                                  0.000000    0.000000   clock source latency
     1    0.023097    0.000000    0.000000    0.000000 ^ clk (in)
                                                         clk (net)
                      0.001061    0.000531    0.000531 ^ clkbuf_0_clk/A (sg13g2_buf_16)
     2    0.043486    0.015839    0.039542    0.040073 ^ clkbuf_0_clk/X (sg13g2_buf_16)
                                                         clknet_0_clk (net)
                      0.015979    0.001885    0.041958 ^ clkbuf_1_1__f_clk/A (sg13g2_buf_16)
     5    0.025994    0.014068    0.043182    0.085140 ^ clkbuf_1_1__f_clk/X (sg13g2_buf_16)
                                                         clknet_1_1__leaf_clk (net)
                      0.014106    0.001305    0.086445 ^ _295_/CLK (sg13g2_dfrbpq_1)
     3    0.016658    0.040399    0.129609    0.216053 v _295_/Q (sg13g2_dfrbpq_1)
                                                         net2 (net)
                      0.040440    0.001149    0.217203 v _133_/A (sg13g2_inv_1)
     1    0.005354    0.023593    0.027862    0.245065 ^ _133_/Y (sg13g2_inv_1)
                                                         net3 (net)
                      0.023611    0.000339    0.245403 ^ output3/A (sg13g2_buf_1)
     1    0.035716    0.097453    0.099252    0.344655 ^ output3/X (sg13g2_buf_1)
                                                         signB (net)
                      0.097665    0.003719    0.348374 ^ signB (out)
                                              0.348374   data arrival time

                                  5.000000    5.000000   clock clk (rise edge)
                                  0.000000    5.000000   clock network delay (propagated)
                                 -0.150000    4.850000   clock uncertainty
                                  0.000000    4.850000   clock reconvergence pessimism
                                 -1.000000    3.850000   output external delay
                                              3.850000   data required time
---------------------------------------------------------------------------------------------
                                              3.850000   data required time
                                             -0.348374   data arrival time
---------------------------------------------------------------------------------------------
                                              3.501626   slack (MET)


Startpoint: _295_ (rising edge-triggered flip-flop clocked by clk)
Endpoint: sign (output port clocked by clk)
Path Group: clk
Path Type: max

Fanout         Cap        Slew       Delay        Time   Description
---------------------------------------------------------------------------------------------
                                  0.000000    0.000000   clock clk (rise edge)
                                  0.000000    0.000000   clock source latency
     1    0.023097    0.000000    0.000000    0.000000 ^ clk (in)
                                                         clk (net)
                      0.001061    0.000531    0.000531 ^ clkbuf_0_clk/A (sg13g2_buf_16)
     2    0.043486    0.015839    0.039542    0.040073 ^ clkbuf_0_clk/X (sg13g2_buf_16)
                                                         clknet_0_clk (net)
                      0.015979    0.001885    0.041958 ^ clkbuf_1_1__f_clk/A (sg13g2_buf_16)
     5    0.025994    0.014068    0.043182    0.085140 ^ clkbuf_1_1__f_clk/X (sg13g2_buf_16)
                                                         clknet_1_1__leaf_clk (net)
                      0.014106    0.001305    0.086445 ^ _295_/CLK (sg13g2_dfrbpq_1)
     3    0.016643    0.048787    0.133161    0.219606 ^ _295_/Q (sg13g2_dfrbpq_1)
                                                         net2 (net)
                      0.048805    0.000901    0.220507 ^ output2/A (sg13g2_buf_1)
     1    0.034250    0.093741    0.105239    0.325746 ^ output2/X (sg13g2_buf_1)
                                                         sign (net)
                      0.093895    0.003111    0.328857 ^ sign (out)
                                              0.328857   data arrival time

                                  5.000000    5.000000   clock clk (rise edge)
                                  0.000000    5.000000   clock network delay (propagated)
                                 -0.150000    4.850000   clock uncertainty
                                  0.000000    4.850000   clock reconvergence pessimism
                                 -1.000000    3.850000   output external delay
                                              3.850000   data required time
---------------------------------------------------------------------------------------------
                                              3.850000   data required time
                                             -0.328857   data arrival time
---------------------------------------------------------------------------------------------
                                              3.521143   slack (MET)


Startpoint: _289_ (rising edge-triggered flip-flop clocked by clk)
Endpoint: _294_ (rising edge-triggered flip-flop clocked by clk)
Path Group: clk
Path Type: max

Fanout         Cap        Slew       Delay        Time   Description
---------------------------------------------------------------------------------------------
                                  0.000000    0.000000   clock clk (rise edge)
                                  0.000000    0.000000   clock source latency
     1    0.023097    0.000000    0.000000    0.000000 ^ clk (in)
                                                         clk (net)
                      0.001061    0.000531    0.000531 ^ clkbuf_0_clk/A (sg13g2_buf_16)
     2    0.043486    0.015839    0.039542    0.040073 ^ clkbuf_0_clk/X (sg13g2_buf_16)
                                                         clknet_0_clk (net)
                      0.015961    0.001805    0.041877 ^ clkbuf_1_0__f_clk/A (sg13g2_buf_16)
     5    0.021880    0.013443    0.042750    0.084628 ^ clkbuf_1_0__f_clk/X (sg13g2_buf_16)
                                                         clknet_1_0__leaf_clk (net)
                      0.013443    0.000163    0.084791 ^ _289_/CLK (sg13g2_dfrbpq_1)
     1    0.006614    0.024370    0.114333    0.199125 ^ _289_/Q (sg13g2_dfrbpq_1)
                                                         DPATH.SUM.fa_1.A (net)
                      0.024393    0.000463    0.199587 ^ fanout39/A (sg13g2_buf_1)
     8    0.054345    0.144749    0.133749    0.333336 ^ fanout39/X (sg13g2_buf_1)
                                                         net39 (net)
                      0.144796    0.002169    0.335505 ^ fanout38/A (sg13g2_buf_1)
     8    0.038882    0.105566    0.139950    0.475454 ^ fanout38/X (sg13g2_buf_1)
                                                         net38 (net)
                      0.105622    0.002003    0.477458 ^ _137_/B (sg13g2_xnor2_1)
     2    0.010685    0.066871    0.082892    0.560350 v _137_/Y (sg13g2_xnor2_1)
                                                         _091_ (net)
                      0.066871    0.000308    0.560658 v _138_/A2 (sg13g2_o21ai_1)
     2    0.013806    0.117719    0.117103    0.677761 ^ _138_/Y (sg13g2_o21ai_1)
                                                         _092_ (net)
                      0.117724    0.000600    0.678361 ^ _140_/A1 (sg13g2_a21oi_1)
     2    0.011871    0.075840    0.096815    0.775176 v _140_/Y (sg13g2_a21oi_1)
                                                         _094_ (net)
                      0.075840    0.000325    0.775501 v _144_/A1 (sg13g2_o21ai_1)
     2    0.013022    0.109342    0.117837    0.893338 ^ _144_/Y (sg13g2_o21ai_1)
                                                         _097_ (net)
                      0.109353    0.000895    0.894232 ^ _148_/A1 (sg13g2_a21oi_1)
     2    0.013934    0.082485    0.101785    0.996017 v _148_/Y (sg13g2_a21oi_1)
                                                         _100_ (net)
                      0.082502    0.000974    0.996991 v _152_/A1 (sg13g2_o21ai_1)
     1    0.008504    0.083182    0.098558    1.095549 ^ _152_/Y (sg13g2_o21ai_1)
                                                         _103_ (net)
                      0.083187    0.000667    1.096217 ^ _154_/A (sg13g2_xnor2_1)
     1    0.003723    0.049532    0.075440    1.171657 ^ _154_/Y (sg13g2_xnor2_1)
                                                         DPATH.SUM.fa_6.S (net)
                      0.049532    0.000219    1.171876 ^ _294_/D (sg13g2_dfrbpq_1)
                                              1.171876   data arrival time

                                  5.000000    5.000000   clock clk (rise edge)
                                  0.000000    5.000000   clock source latency
     1    0.019841    0.000000    0.000000    5.000000 ^ clk (in)
                                                         clk (net)
                      0.000895    0.000448    5.000448 ^ clkbuf_0_clk/A (sg13g2_buf_16)
     2    0.036974    0.014915    0.038774    5.039222 ^ clkbuf_0_clk/X (sg13g2_buf_16)
                                                         clknet_0_clk (net)
                      0.014981    0.001601    5.040823 ^ clkbuf_1_1__f_clk/A (sg13g2_buf_16)
     5    0.023065    0.013582    0.042466    5.083289 ^ clkbuf_1_1__f_clk/X (sg13g2_buf_16)
                                                         clknet_1_1__leaf_clk (net)
                      0.013610    0.001124    5.084414 ^ _294_/CLK (sg13g2_dfrbpq_1)
                                 -0.150000    4.934413   clock uncertainty
                                  0.000851    4.935265   clock reconvergence pessimism
                                 -0.083892    4.851373   library setup time
                                              4.851373   data required time
---------------------------------------------------------------------------------------------
                                              4.851373   data required time
                                             -1.171876   data arrival time
---------------------------------------------------------------------------------------------
                                              3.679497   slack (MET)


Startpoint: _289_ (rising edge-triggered flip-flop clocked by clk)
Endpoint: _293_ (rising edge-triggered flip-flop clocked by clk)
Path Group: clk
Path Type: max

Fanout         Cap        Slew       Delay        Time   Description
---------------------------------------------------------------------------------------------
                                  0.000000    0.000000   clock clk (rise edge)
                                  0.000000    0.000000   clock source latency
     1    0.023097    0.000000    0.000000    0.000000 ^ clk (in)
                                                         clk (net)
                      0.001061    0.000531    0.000531 ^ clkbuf_0_clk/A (sg13g2_buf_16)
     2    0.043486    0.015839    0.039542    0.040073 ^ clkbuf_0_clk/X (sg13g2_buf_16)
                                                         clknet_0_clk (net)
                      0.015961    0.001805    0.041877 ^ clkbuf_1_0__f_clk/A (sg13g2_buf_16)
     5    0.021880    0.013443    0.042750    0.084628 ^ clkbuf_1_0__f_clk/X (sg13g2_buf_16)
                                                         clknet_1_0__leaf_clk (net)
                      0.013443    0.000163    0.084791 ^ _289_/CLK (sg13g2_dfrbpq_1)
     1    0.006614    0.024370    0.114333    0.199125 ^ _289_/Q (sg13g2_dfrbpq_1)
                                                         DPATH.SUM.fa_1.A (net)
                      0.024393    0.000463    0.199587 ^ fanout39/A (sg13g2_buf_1)
     8    0.054345    0.144749    0.133749    0.333336 ^ fanout39/X (sg13g2_buf_1)
                                                         net39 (net)
                      0.144796    0.002169    0.335505 ^ fanout38/A (sg13g2_buf_1)
     8    0.038882    0.105566    0.139950    0.475454 ^ fanout38/X (sg13g2_buf_1)
                                                         net38 (net)
                      0.105622    0.002003    0.477458 ^ _137_/B (sg13g2_xnor2_1)
     2    0.010685    0.066871    0.082892    0.560350 v _137_/Y (sg13g2_xnor2_1)
                                                         _091_ (net)
                      0.066871    0.000308    0.560658 v _138_/A2 (sg13g2_o21ai_1)
     2    0.013806    0.117719    0.117103    0.677761 ^ _138_/Y (sg13g2_o21ai_1)
                                                         _092_ (net)
                      0.117724    0.000600    0.678361 ^ _140_/A1 (sg13g2_a21oi_1)
     2    0.011871    0.075840    0.096815    0.775176 v _140_/Y (sg13g2_a21oi_1)
                                                         _094_ (net)
                      0.075840    0.000325    0.775501 v _144_/A1 (sg13g2_o21ai_1)
     2    0.013022    0.109342    0.117837    0.893338 ^ _144_/Y (sg13g2_o21ai_1)
                                                         _097_ (net)
                      0.109353    0.000895    0.894232 ^ _148_/A1 (sg13g2_a21oi_1)
     2    0.013934    0.082485    0.101785    0.996017 v _148_/Y (sg13g2_a21oi_1)
                                                         _100_ (net)
                      0.082503    0.001000    0.997018 v _151_/A (sg13g2_xor2_1)
     1    0.002690    0.042249    0.078795    1.075813 v _151_/X (sg13g2_xor2_1)
                                                         DPATH.SUM.fa_5.S (net)
                      0.042249    0.000101    1.075914 v _293_/D (sg13g2_dfrbpq_1)
                                              1.075914   data arrival time

                                  5.000000    5.000000   clock clk (rise edge)
                                  0.000000    5.000000   clock source latency
     1    0.019841    0.000000    0.000000    5.000000 ^ clk (in)
                                                         clk (net)
                      0.000895    0.000448    5.000448 ^ clkbuf_0_clk/A (sg13g2_buf_16)
     2    0.036974    0.014915    0.038774    5.039222 ^ clkbuf_0_clk/X (sg13g2_buf_16)
                                                         clknet_0_clk (net)
                      0.014981    0.001601    5.040823 ^ clkbuf_1_1__f_clk/A (sg13g2_buf_16)
     5    0.023065    0.013582    0.042466    5.083289 ^ clkbuf_1_1__f_clk/X (sg13g2_buf_16)
                                                         clknet_1_1__leaf_clk (net)
                      0.013624    0.001339    5.084629 ^ _293_/CLK (sg13g2_dfrbpq_1)
                                 -0.150000    4.934628   clock uncertainty
                                  0.000851    4.935480   clock reconvergence pessimism
                                 -0.075737    4.859743   library setup time
                                              4.859743   data required time
---------------------------------------------------------------------------------------------
                                              4.859743   data required time
                                             -1.075914   data arrival time
---------------------------------------------------------------------------------------------
                                              3.783829   slack (MET)


Startpoint: _290_ (rising edge-triggered flip-flop clocked by clk)
Endpoint: _296_ (rising edge-triggered flip-flop clocked by clk)
Path Group: clk
Path Type: max

Fanout         Cap        Slew       Delay        Time   Description
---------------------------------------------------------------------------------------------
                                  0.000000    0.000000   clock clk (rise edge)
                                  0.000000    0.000000   clock source latency
     1    0.023097    0.000000    0.000000    0.000000 ^ clk (in)
                                                         clk (net)
                      0.001061    0.000531    0.000531 ^ clkbuf_0_clk/A (sg13g2_buf_16)
     2    0.043486    0.015839    0.039542    0.040073 ^ clkbuf_0_clk/X (sg13g2_buf_16)
                                                         clknet_0_clk (net)
                      0.015961    0.001805    0.041877 ^ clkbuf_1_0__f_clk/A (sg13g2_buf_16)
     5    0.021880    0.013443    0.042750    0.084628 ^ clkbuf_1_0__f_clk/X (sg13g2_buf_16)
                                                         clknet_1_0__leaf_clk (net)
                      0.013446    0.000443    0.085071 ^ _290_/CLK (sg13g2_dfrbpq_1)
     4    0.023797    0.066080    0.145090    0.230161 ^ _290_/Q (sg13g2_dfrbpq_1)
                                                         DPATH.SUM.fa_2.A (net)
                      0.066224    0.002162    0.232322 ^ fanout37/A (sg13g2_buf_1)
     8    0.045519    0.122631    0.131722    0.364045 ^ fanout37/X (sg13g2_buf_1)
                                                         net37 (net)
                      0.122640    0.000879    0.364924 ^ fanout36/A (sg13g2_buf_1)
     8    0.048933    0.131799    0.152436    0.517360 ^ fanout36/X (sg13g2_buf_1)
                                                         net36 (net)
                      0.131921    0.003299    0.520660 ^ _164_/B (sg13g2_and2_1)
     5    0.023453    0.067590    0.125149    0.645808 ^ _164_/X (sg13g2_and2_1)
                                                         _113_ (net)
                      0.067611    0.001150    0.646959 ^ _166_/B (sg13g2_nand2_1)
     4    0.022841    0.113499    0.105365    0.752323 v _166_/Y (sg13g2_nand2_1)
                                                         _115_ (net)
                      0.113591    0.002300    0.754623 v _168_/A (sg13g2_nor2_1)
     2    0.013640    0.097908    0.099551    0.854174 ^ _168_/Y (sg13g2_nor2_1)
                                                         _117_ (net)
                      0.097921    0.000969    0.855143 ^ _170_/A1 (sg13g2_a21o_1)
     1    0.005217    0.026041    0.095468    0.950611 ^ _170_/X (sg13g2_a21o_1)
                                                         _119_ (net)
                      0.026047    0.000362    0.950973 ^ _171_/B (sg13g2_and2_1)
     1    0.003848    0.021022    0.057753    1.008726 ^ _171_/X (sg13g2_and2_1)
                                                         CTRL.P0 (net)
                      0.021022    0.000228    1.008955 ^ _296_/D (sg13g2_dfrbpq_1)
                                              1.008955   data arrival time

                                  5.000000    5.000000   clock clk (rise edge)
                                  0.000000    5.000000   clock source latency
     1    0.019841    0.000000    0.000000    5.000000 ^ clk (in)
                                                         clk (net)
                      0.000895    0.000448    5.000448 ^ clkbuf_0_clk/A (sg13g2_buf_16)
     2    0.036974    0.014915    0.038774    5.039222 ^ clkbuf_0_clk/X (sg13g2_buf_16)
                                                         clknet_0_clk (net)
                      0.014981    0.001601    5.040823 ^ clkbuf_1_1__f_clk/A (sg13g2_buf_16)
     5    0.023065    0.013582    0.042466    5.083289 ^ clkbuf_1_1__f_clk/X (sg13g2_buf_16)
                                                         clknet_1_1__leaf_clk (net)
                      0.013607    0.001074    5.084363 ^ _296_/CLK (sg13g2_dfrbpq_1)
                                 -0.150000    4.934363   clock uncertainty
                                  0.000851    4.935215   clock reconvergence pessimism
                                 -0.076948    4.858266   library setup time
                                              4.858266   data required time
---------------------------------------------------------------------------------------------
                                              4.858266   data required time
                                             -1.008955   data arrival time
---------------------------------------------------------------------------------------------
                                              3.849312   slack (MET)


Startpoint: _289_ (rising edge-triggered flip-flop clocked by clk)
Endpoint: _292_ (rising edge-triggered flip-flop clocked by clk)
Path Group: clk
Path Type: max

Fanout         Cap        Slew       Delay        Time   Description
---------------------------------------------------------------------------------------------
                                  0.000000    0.000000   clock clk (rise edge)
                                  0.000000    0.000000   clock source latency
     1    0.023097    0.000000    0.000000    0.000000 ^ clk (in)
                                                         clk (net)
                      0.001061    0.000531    0.000531 ^ clkbuf_0_clk/A (sg13g2_buf_16)
     2    0.043486    0.015839    0.039542    0.040073 ^ clkbuf_0_clk/X (sg13g2_buf_16)
                                                         clknet_0_clk (net)
                      0.015961    0.001805    0.041877 ^ clkbuf_1_0__f_clk/A (sg13g2_buf_16)
     5    0.021880    0.013443    0.042750    0.084628 ^ clkbuf_1_0__f_clk/X (sg13g2_buf_16)
                                                         clknet_1_0__leaf_clk (net)
                      0.013443    0.000163    0.084791 ^ _289_/CLK (sg13g2_dfrbpq_1)
     1    0.006614    0.024370    0.114333    0.199125 ^ _289_/Q (sg13g2_dfrbpq_1)
                                                         DPATH.SUM.fa_1.A (net)
                      0.024393    0.000463    0.199587 ^ fanout39/A (sg13g2_buf_1)
     8    0.054345    0.144749    0.133749    0.333336 ^ fanout39/X (sg13g2_buf_1)
                                                         net39 (net)
                      0.144796    0.002169    0.335505 ^ fanout38/A (sg13g2_buf_1)
     8    0.038882    0.105566    0.139950    0.475454 ^ fanout38/X (sg13g2_buf_1)
                                                         net38 (net)
                      0.105622    0.002003    0.477458 ^ _137_/B (sg13g2_xnor2_1)
     2    0.010685    0.066871    0.082892    0.560350 v _137_/Y (sg13g2_xnor2_1)
                                                         _091_ (net)
                      0.066871    0.000308    0.560658 v _138_/A2 (sg13g2_o21ai_1)
     2    0.013806    0.117719    0.117103    0.677761 ^ _138_/Y (sg13g2_o21ai_1)
                                                         _092_ (net)
                      0.117724    0.000600    0.678361 ^ _140_/A1 (sg13g2_a21oi_1)
     2    0.011871    0.075840    0.096815    0.775176 v _140_/Y (sg13g2_a21oi_1)
                                                         _094_ (net)
                      0.075840    0.000325    0.775501 v _144_/A1 (sg13g2_o21ai_1)
     2    0.013022    0.109342    0.117837    0.893338 ^ _144_/Y (sg13g2_o21ai_1)
                                                         _097_ (net)
                      0.109356    0.000998    0.894336 ^ _147_/A (sg13g2_xor2_1)
     1    0.002405    0.040689    0.087184    0.981520 ^ _147_/X (sg13g2_xor2_1)
                                                         DPATH.SUM.fa_4.S (net)
                      0.040689    0.000186    0.981706 ^ _292_/D (sg13g2_dfrbpq_1)
                                              0.981706   data arrival time

                                  5.000000    5.000000   clock clk (rise edge)
                                  0.000000    5.000000   clock source latency
     1    0.019841    0.000000    0.000000    5.000000 ^ clk (in)
                                                         clk (net)
                      0.000895    0.000448    5.000448 ^ clkbuf_0_clk/A (sg13g2_buf_16)
     2    0.036974    0.014915    0.038774    5.039222 ^ clkbuf_0_clk/X (sg13g2_buf_16)
                                                         clknet_0_clk (net)
                      0.014972    0.001528    5.040750 ^ clkbuf_1_0__f_clk/A (sg13g2_buf_16)
     5    0.019165    0.012986    0.042043    5.082793 ^ clkbuf_1_0__f_clk/X (sg13g2_buf_16)
                                                         clknet_1_0__leaf_clk (net)
                      0.012992    0.000545    5.083338 ^ _292_/CLK (sg13g2_dfrbpq_1)
                                 -0.150000    4.933338   clock uncertainty
                                  0.001835    4.935174   clock reconvergence pessimism
                                 -0.081808    4.853365   library setup time
                                              4.853365   data required time
---------------------------------------------------------------------------------------------
                                              4.853365   data required time
                                             -0.981706   data arrival time
---------------------------------------------------------------------------------------------
                                              3.871660   slack (MET)


Startpoint: _290_ (rising edge-triggered flip-flop clocked by clk)
Endpoint: _295_ (rising edge-triggered flip-flop clocked by clk)
Path Group: clk
Path Type: max

Fanout         Cap        Slew       Delay        Time   Description
---------------------------------------------------------------------------------------------
                                  0.000000    0.000000   clock clk (rise edge)
                                  0.000000    0.000000   clock source latency
     1    0.023097    0.000000    0.000000    0.000000 ^ clk (in)
                                                         clk (net)
                      0.001061    0.000531    0.000531 ^ clkbuf_0_clk/A (sg13g2_buf_16)
     2    0.043486    0.015839    0.039542    0.040073 ^ clkbuf_0_clk/X (sg13g2_buf_16)
                                                         clknet_0_clk (net)
                      0.015961    0.001805    0.041877 ^ clkbuf_1_0__f_clk/A (sg13g2_buf_16)
     5    0.021880    0.013443    0.042750    0.084628 ^ clkbuf_1_0__f_clk/X (sg13g2_buf_16)
                                                         clknet_1_0__leaf_clk (net)
                      0.013446    0.000443    0.085071 ^ _290_/CLK (sg13g2_dfrbpq_1)
     4    0.023649    0.053820    0.139493    0.224564 v _290_/Q (sg13g2_dfrbpq_1)
                                                         DPATH.SUM.fa_2.A (net)
                      0.053927    0.002145    0.226709 v fanout37/A (sg13g2_buf_1)
     8    0.043018    0.094170    0.114033    0.340743 v fanout37/X (sg13g2_buf_1)
                                                         net37 (net)
                      0.094196    0.001316    0.342059 v _156_/B (sg13g2_nor2_1)
     5    0.026742    0.152982    0.152579    0.494639 ^ _156_/Y (sg13g2_nor2_1)
                                                         _106_ (net)
                      0.152986    0.000684    0.495322 ^ _157_/A (sg13g2_inv_1)
     4    0.017306    0.072506    0.086897    0.582220 v _157_/Y (sg13g2_inv_1)
                                                         _107_ (net)
                      0.072527    0.001129    0.583349 v _158_/B (sg13g2_nor2_1)
     1    0.004682    0.048982    0.051157    0.634506 ^ _158_/Y (sg13g2_nor2_1)
                                                         _108_ (net)
                      0.048983    0.000341    0.634847 ^ _162_/C (sg13g2_nand4_1)
     2    0.015261    0.144419    0.143550    0.778397 v _162_/Y (sg13g2_nand4_1)
                                                         _112_ (net)
                      0.144422    0.000577    0.778974 v _163_/B (sg13g2_xnor2_1)
     1    0.002801    0.034002    0.088260    0.867234 v _163_/Y (sg13g2_xnor2_1)
                                                         CTRL.P1 (net)
                      0.034002    0.000177    0.867410 v _295_/D (sg13g2_dfrbpq_1)
                                              0.867410   data arrival time

                                  5.000000    5.000000   clock clk (rise edge)
                                  0.000000    5.000000   clock source latency
     1    0.019841    0.000000    0.000000    5.000000 ^ clk (in)
                                                         clk (net)
                      0.000895    0.000448    5.000448 ^ clkbuf_0_clk/A (sg13g2_buf_16)
     2    0.036974    0.014915    0.038774    5.039222 ^ clkbuf_0_clk/X (sg13g2_buf_16)
                                                         clknet_0_clk (net)
                      0.014981    0.001601    5.040823 ^ clkbuf_1_1__f_clk/A (sg13g2_buf_16)
     5    0.023065    0.013582    0.042466    5.083289 ^ clkbuf_1_1__f_clk/X (sg13g2_buf_16)
                                                         clknet_1_1__leaf_clk (net)
                      0.013611    0.001148    5.084437 ^ _295_/CLK (sg13g2_dfrbpq_1)
                                 -0.150000    4.934437   clock uncertainty
                                  0.000851    4.935289   clock reconvergence pessimism
                                 -0.073528    4.861761   library setup time
                                              4.861761   data required time
---------------------------------------------------------------------------------------------
                                              4.861761   data required time
                                             -0.867410   data arrival time
---------------------------------------------------------------------------------------------
                                              3.994350   slack (MET)


Startpoint: _289_ (rising edge-triggered flip-flop clocked by clk)
Endpoint: _291_ (rising edge-triggered flip-flop clocked by clk)
Path Group: clk
Path Type: max

Fanout         Cap        Slew       Delay        Time   Description
---------------------------------------------------------------------------------------------
                                  0.000000    0.000000   clock clk (rise edge)
                                  0.000000    0.000000   clock source latency
     1    0.023097    0.000000    0.000000    0.000000 ^ clk (in)
                                                         clk (net)
                      0.001061    0.000531    0.000531 ^ clkbuf_0_clk/A (sg13g2_buf_16)
     2    0.043486    0.015839    0.039542    0.040073 ^ clkbuf_0_clk/X (sg13g2_buf_16)
                                                         clknet_0_clk (net)
                      0.015961    0.001805    0.041877 ^ clkbuf_1_0__f_clk/A (sg13g2_buf_16)
     5    0.021880    0.013443    0.042750    0.084628 ^ clkbuf_1_0__f_clk/X (sg13g2_buf_16)
                                                         clknet_1_0__leaf_clk (net)
                      0.013443    0.000163    0.084791 ^ _289_/CLK (sg13g2_dfrbpq_1)
     1    0.006614    0.024370    0.114333    0.199125 ^ _289_/Q (sg13g2_dfrbpq_1)
                                                         DPATH.SUM.fa_1.A (net)
                      0.024393    0.000463    0.199587 ^ fanout39/A (sg13g2_buf_1)
     8    0.054345    0.144749    0.133749    0.333336 ^ fanout39/X (sg13g2_buf_1)
                                                         net39 (net)
                      0.144796    0.002169    0.335505 ^ fanout38/A (sg13g2_buf_1)
     8    0.038882    0.105566    0.139950    0.475454 ^ fanout38/X (sg13g2_buf_1)
                                                         net38 (net)
                      0.105622    0.002003    0.477458 ^ _137_/B (sg13g2_xnor2_1)
     2    0.010685    0.066871    0.082892    0.560350 v _137_/Y (sg13g2_xnor2_1)
                                                         _091_ (net)
                      0.066871    0.000308    0.560658 v _138_/A2 (sg13g2_o21ai_1)
     2    0.013806    0.117719    0.117103    0.677761 ^ _138_/Y (sg13g2_o21ai_1)
                                                         _092_ (net)
                      0.117724    0.000600    0.678361 ^ _140_/A1 (sg13g2_a21oi_1)
     2    0.011871    0.075840    0.096815    0.775176 v _140_/Y (sg13g2_a21oi_1)
                                                         _094_ (net)
                      0.075841    0.000404    0.775579 v _143_/A (sg13g2_xor2_1)
     1    0.002980    0.041964    0.077540    0.853119 v _143_/X (sg13g2_xor2_1)
                                                         DPATH.SUM.fa_3.S (net)
                      0.041964    0.000188    0.853307 v _291_/D (sg13g2_dfrbpq_1)
                                              0.853307   data arrival time

                                  5.000000    5.000000   clock clk (rise edge)
                                  0.000000    5.000000   clock source latency
     1    0.019841    0.000000    0.000000    5.000000 ^ clk (in)
                                                         clk (net)
                      0.000895    0.000448    5.000448 ^ clkbuf_0_clk/A (sg13g2_buf_16)
     2    0.036974    0.014915    0.038774    5.039222 ^ clkbuf_0_clk/X (sg13g2_buf_16)
                                                         clknet_0_clk (net)
                      0.014972    0.001528    5.040750 ^ clkbuf_1_0__f_clk/A (sg13g2_buf_16)
     5    0.019165    0.012986    0.042043    5.082793 ^ clkbuf_1_0__f_clk/X (sg13g2_buf_16)
                                                         clknet_1_0__leaf_clk (net)
                      0.012990    0.000397    5.083190 ^ _291_/CLK (sg13g2_dfrbpq_1)
                                 -0.150000    4.933190   clock uncertainty
                                  0.001835    4.935025   clock reconvergence pessimism
                                 -0.075779    4.859246   library setup time
                                              4.859246   data required time
---------------------------------------------------------------------------------------------
                                              4.859246   data required time
                                             -0.853307   data arrival time
---------------------------------------------------------------------------------------------
                                              4.005939   slack (MET)


Startpoint: _289_ (rising edge-triggered flip-flop clocked by clk)
Endpoint: _290_ (rising edge-triggered flip-flop clocked by clk)
Path Group: clk
Path Type: max

Fanout         Cap        Slew       Delay        Time   Description
---------------------------------------------------------------------------------------------
                                  0.000000    0.000000   clock clk (rise edge)
                                  0.000000    0.000000   clock source latency
     1    0.023097    0.000000    0.000000    0.000000 ^ clk (in)
                                                         clk (net)
                      0.001061    0.000531    0.000531 ^ clkbuf_0_clk/A (sg13g2_buf_16)
     2    0.043486    0.015839    0.039542    0.040073 ^ clkbuf_0_clk/X (sg13g2_buf_16)
                                                         clknet_0_clk (net)
                      0.015961    0.001805    0.041877 ^ clkbuf_1_0__f_clk/A (sg13g2_buf_16)
     5    0.021880    0.013443    0.042750    0.084628 ^ clkbuf_1_0__f_clk/X (sg13g2_buf_16)
                                                         clknet_1_0__leaf_clk (net)
                      0.013443    0.000163    0.084791 ^ _289_/CLK (sg13g2_dfrbpq_1)
     1    0.006614    0.024370    0.114333    0.199125 ^ _289_/Q (sg13g2_dfrbpq_1)
                                                         DPATH.SUM.fa_1.A (net)
                      0.024393    0.000463    0.199587 ^ fanout39/A (sg13g2_buf_1)
     8    0.054345    0.144749    0.133749    0.333336 ^ fanout39/X (sg13g2_buf_1)
                                                         net39 (net)
                      0.144796    0.002169    0.335505 ^ fanout38/A (sg13g2_buf_1)
     8    0.038882    0.105566    0.139950    0.475454 ^ fanout38/X (sg13g2_buf_1)
                                                         net38 (net)
                      0.105622    0.002003    0.477458 ^ _137_/B (sg13g2_xnor2_1)
     2    0.010685    0.066871    0.082892    0.560350 v _137_/Y (sg13g2_xnor2_1)
                                                         _091_ (net)
                      0.066871    0.000308    0.560658 v _138_/A2 (sg13g2_o21ai_1)
     2    0.013806    0.117719    0.117103    0.677761 ^ _138_/Y (sg13g2_o21ai_1)
                                                         _092_ (net)
                      0.117722    0.000463    0.678224 ^ _278_/A (sg13g2_xor2_1)
     1    0.002402    0.041620    0.089216    0.767440 ^ _278_/X (sg13g2_xor2_1)
                                                         DPATH.SUM.fa_2.S (net)
                      0.041620    0.000162    0.767601 ^ _290_/D (sg13g2_dfrbpq_1)
                                              0.767601   data arrival time

                                  5.000000    5.000000   clock clk (rise edge)
                                  0.000000    5.000000   clock source latency
     1    0.019841    0.000000    0.000000    5.000000 ^ clk (in)
                                                         clk (net)
                      0.000895    0.000448    5.000448 ^ clkbuf_0_clk/A (sg13g2_buf_16)
     2    0.036974    0.014915    0.038774    5.039222 ^ clkbuf_0_clk/X (sg13g2_buf_16)
                                                         clknet_0_clk (net)
                      0.014972    0.001528    5.040750 ^ clkbuf_1_0__f_clk/A (sg13g2_buf_16)
     5    0.019165    0.012986    0.042043    5.082793 ^ clkbuf_1_0__f_clk/X (sg13g2_buf_16)
                                                         clknet_1_0__leaf_clk (net)
                      0.012989    0.000386    5.083179 ^ _290_/CLK (sg13g2_dfrbpq_1)
                                 -0.150000    4.933179   clock uncertainty
                                  0.001835    4.935014   clock reconvergence pessimism
                                 -0.082035    4.852979   library setup time
                                              4.852979   data required time
---------------------------------------------------------------------------------------------
                                              4.852979   data required time
                                             -0.767601   data arrival time
---------------------------------------------------------------------------------------------
                                              4.085378   slack (MET)


Startpoint: _289_ (rising edge-triggered flip-flop clocked by clk)
Endpoint: _289_ (rising edge-triggered flip-flop clocked by clk)
Path Group: clk
Path Type: max

Fanout         Cap        Slew       Delay        Time   Description
---------------------------------------------------------------------------------------------
                                  0.000000    0.000000   clock clk (rise edge)
                                  0.000000    0.000000   clock source latency
     1    0.023097    0.000000    0.000000    0.000000 ^ clk (in)
                                                         clk (net)
                      0.001061    0.000531    0.000531 ^ clkbuf_0_clk/A (sg13g2_buf_16)
     2    0.043486    0.015839    0.039542    0.040073 ^ clkbuf_0_clk/X (sg13g2_buf_16)
                                                         clknet_0_clk (net)
                      0.015961    0.001805    0.041877 ^ clkbuf_1_0__f_clk/A (sg13g2_buf_16)
     5    0.021880    0.013443    0.042750    0.084628 ^ clkbuf_1_0__f_clk/X (sg13g2_buf_16)
                                                         clknet_1_0__leaf_clk (net)
                      0.013443    0.000163    0.084791 ^ _289_/CLK (sg13g2_dfrbpq_1)
     1    0.006614    0.024370    0.114333    0.199125 ^ _289_/Q (sg13g2_dfrbpq_1)
                                                         DPATH.SUM.fa_1.A (net)
                      0.024393    0.000463    0.199587 ^ fanout39/A (sg13g2_buf_1)
     8    0.054345    0.144749    0.133749    0.333336 ^ fanout39/X (sg13g2_buf_1)
                                                         net39 (net)
                      0.144796    0.002169    0.335505 ^ fanout38/A (sg13g2_buf_1)
     8    0.038882    0.105566    0.139950    0.475454 ^ fanout38/X (sg13g2_buf_1)
                                                         net38 (net)
                      0.105622    0.002003    0.477458 ^ _137_/B (sg13g2_xnor2_1)
     2    0.011800    0.091030    0.102421    0.579879 ^ _137_/Y (sg13g2_xnor2_1)
                                                         _091_ (net)
                      0.091033    0.000393    0.580271 ^ _279_/B (sg13g2_xnor2_1)
     1    0.002623    0.048230    0.074727    0.654999 ^ _279_/Y (sg13g2_xnor2_1)
                                                         DPATH.SUM.fa_1.S (net)
                      0.048231    0.000173    0.655172 ^ _289_/D (sg13g2_dfrbpq_1)
                                              0.655172   data arrival time

                                  5.000000    5.000000   clock clk (rise edge)
                                  0.000000    5.000000   clock source latency
     1    0.019841    0.000000    0.000000    5.000000 ^ clk (in)
                                                         clk (net)
                      0.000895    0.000448    5.000448 ^ clkbuf_0_clk/A (sg13g2_buf_16)
     2    0.036974    0.014915    0.038774    5.039222 ^ clkbuf_0_clk/X (sg13g2_buf_16)
                                                         clknet_0_clk (net)
                      0.014972    0.001528    5.040750 ^ clkbuf_1_0__f_clk/A (sg13g2_buf_16)
     5    0.019165    0.012986    0.042043    5.082793 ^ clkbuf_1_0__f_clk/X (sg13g2_buf_16)
                                                         clknet_1_0__leaf_clk (net)
                      0.012987    0.000140    5.082933 ^ _289_/CLK (sg13g2_dfrbpq_1)
                                 -0.150000    4.932933   clock uncertainty
                                  0.001858    4.934791   clock reconvergence pessimism
                                 -0.083646    4.851145   library setup time
                                              4.851145   data required time
---------------------------------------------------------------------------------------------
                                              4.851145   data required time
                                             -0.655172   data arrival time
---------------------------------------------------------------------------------------------
                                              4.195973   slack (MET)


Startpoint: _288_ (rising edge-triggered flip-flop clocked by clk)
Endpoint: _288_ (rising edge-triggered flip-flop clocked by clk)
Path Group: clk
Path Type: max

Fanout         Cap        Slew       Delay        Time   Description
---------------------------------------------------------------------------------------------
                                  0.000000    0.000000   clock clk (rise edge)
                                  0.000000    0.000000   clock source latency
     1    0.023097    0.000000    0.000000    0.000000 ^ clk (in)
                                                         clk (net)
                      0.001061    0.000531    0.000531 ^ clkbuf_0_clk/A (sg13g2_buf_16)
     2    0.043486    0.015839    0.039542    0.040073 ^ clkbuf_0_clk/X (sg13g2_buf_16)
                                                         clknet_0_clk (net)
                      0.015961    0.001805    0.041877 ^ clkbuf_1_0__f_clk/A (sg13g2_buf_16)
     5    0.021880    0.013443    0.042750    0.084628 ^ clkbuf_1_0__f_clk/X (sg13g2_buf_16)
                                                         clknet_1_0__leaf_clk (net)
                      0.013447    0.000469    0.085097 ^ _288_/CLK (sg13g2_dfrbpq_1)
     1    0.004289    0.019043    0.110024    0.195121 ^ _288_/Q (sg13g2_dfrbpq_1)
                                                         DPATH.SUM.Cout0 (net)
                      0.019043    0.000305    0.195426 ^ fanout41/A (sg13g2_buf_1)
     8    0.051817    0.138848    0.126262    0.321688 ^ fanout41/X (sg13g2_buf_1)
                                                         net41 (net)
                      0.139014    0.003946    0.325634 ^ _132_/A (sg13g2_inv_1)
     8    0.049755    0.128014    0.151317    0.476951 v _132_/Y (sg13g2_inv_1)
                                                         DPATH.SUM.ha_0.S (net)
                      0.128133    0.003258    0.480209 v _288_/D (sg13g2_dfrbpq_1)
                                              0.480209   data arrival time

                                  5.000000    5.000000   clock clk (rise edge)
                                  0.000000    5.000000   clock source latency
     1    0.019841    0.000000    0.000000    5.000000 ^ clk (in)
                                                         clk (net)
                      0.000895    0.000448    5.000448 ^ clkbuf_0_clk/A (sg13g2_buf_16)
     2    0.036974    0.014915    0.038774    5.039222 ^ clkbuf_0_clk/X (sg13g2_buf_16)
                                                         clknet_0_clk (net)
                      0.014972    0.001528    5.040750 ^ clkbuf_1_0__f_clk/A (sg13g2_buf_16)
     5    0.019165    0.012986    0.042043    5.082793 ^ clkbuf_1_0__f_clk/X (sg13g2_buf_16)
                                                         clknet_1_0__leaf_clk (net)
                      0.012990    0.000412    5.083205 ^ _288_/CLK (sg13g2_dfrbpq_1)
                                 -0.150000    4.933205   clock uncertainty
                                  0.001892    4.935097   clock reconvergence pessimism
                                 -0.098880    4.836217   library setup time
                                              4.836217   data required time
---------------------------------------------------------------------------------------------
                                              4.836217   data required time
                                             -0.480209   data arrival time
---------------------------------------------------------------------------------------------
                                              4.356008   slack (MET)



