+ define_corners nom_fast_1p32V_m40C
Reading timing models for corner nom_fast_1p32V_m40C…
Reading cell library for the 'nom_fast_1p32V_m40C' corner at '/foss/pdks/ihp-sg13g2/libs.ref/sg13g2_stdcell/lib/sg13g2_stdcell_fast_1p32V_m40C.lib.gz'…
Reading cell library for the 'nom_fast_1p32V_m40C' corner at '/foss/pdks/ihp-sg13g2/libs.ref/sg13g2_io/lib/sg13g2_io_fast_1p32V_3p6V_m40C.lib.gz'…
Reading top-level netlist at '/foss/designs/BASIC/current_generator/digital/DigitalSine/runs/RUN_2026-09-16_23-32-49/52-openroad-fillinsertion/DigitalSine.nl.v'…
Linking design 'DigitalSine' from netlist…
Reading design constraints file at '/foss/designs/BASIC/current_generator/digital/DigitalSine/cons.sdc'…
[INFO] No information on clock propagation in input SDC file-- propagating all clocks.
Reading top-level design parasitics for the 'nom_fast_1p32V_m40C' corner at '/foss/designs/BASIC/current_generator/digital/DigitalSine/runs/RUN_2026-09-16_23-32-49/54-openroad-rcx/nom/DigitalSine.nom.spef'…
%OL_CREATE_REPORT min.rpt

===========================================================================
report_checks -path_delay min (Hold)
============================================================================
======================= nom_fast_1p32V_m40C Corner ===================================

Startpoint: _288_ (rising edge-triggered flip-flop clocked by clk)
Endpoint: _289_ (rising edge-triggered flip-flop clocked by clk)
Path Group: clk
Path Type: min

Fanout         Cap        Slew       Delay        Time   Description
---------------------------------------------------------------------------------------------
                                  0.000000    0.000000   clock clk (rise edge)
                                  0.000000    0.000000   clock source latency
     1    0.019841    0.000000    0.000000    0.000000 ^ clk (in)
                                                         clk (net)
                      0.000895    0.000448    0.000448 ^ clkbuf_0_clk/A (sg13g2_buf_16)
     2    0.036974    0.014915    0.038774    0.039221 ^ clkbuf_0_clk/X (sg13g2_buf_16)
                                                         clknet_0_clk (net)
                      0.014972    0.001528    0.040749 ^ clkbuf_1_0__f_clk/A (sg13g2_buf_16)
     5    0.019165    0.012986    0.042043    0.082792 ^ clkbuf_1_0__f_clk/X (sg13g2_buf_16)
                                                         clknet_1_0__leaf_clk (net)
                      0.012990    0.000412    0.083204 ^ _288_/CLK (sg13g2_dfrbpq_1)
     1    0.003812    0.015125    0.108477    0.191682 v _288_/Q (sg13g2_dfrbpq_1)
                                                         DPATH.SUM.Cout0 (net)
                      0.015125    0.000265    0.191947 v fanout41/A (sg13g2_buf_1)
     8    0.042699    0.093899    0.099813    0.291760 v fanout41/X (sg13g2_buf_1)
                                                         net41 (net)
                      0.093914    0.000998    0.292758 v _279_/A (sg13g2_xnor2_1)
     1    0.002397    0.021364    0.059429    0.352187 v _279_/Y (sg13g2_xnor2_1)
                                                         DPATH.SUM.fa_1.S (net)
                      0.021365    0.000155    0.352341 v _289_/D (sg13g2_dfrbpq_1)
                                              0.352341   data arrival time

                                  0.000000    0.000000   clock clk (rise edge)
                                  0.000000    0.000000   clock source latency
     1    0.023097    0.000000    0.000000    0.000000 ^ clk (in)
                                                         clk (net)
                      0.001061    0.000531    0.000531 ^ clkbuf_0_clk/A (sg13g2_buf_16)
     2    0.043486    0.015839    0.039542    0.040073 ^ clkbuf_0_clk/X (sg13g2_buf_16)
                                                         clknet_0_clk (net)
                      0.015961    0.001805    0.041877 ^ clkbuf_1_0__f_clk/A (sg13g2_buf_16)
     5    0.021880    0.013443    0.042750    0.084628 ^ clkbuf_1_0__f_clk/X (sg13g2_buf_16)
                                                         clknet_1_0__leaf_clk (net)
                      0.013443    0.000163    0.084791 ^ _289_/CLK (sg13g2_dfrbpq_1)
                                  0.150000    0.234791   clock uncertainty
                                 -0.001835    0.232956   clock reconvergence pessimism
                                 -0.023465    0.209491   library hold time
                                              0.209491   data required time
---------------------------------------------------------------------------------------------
                                              0.209491   data required time
                                             -0.352341   data arrival time
---------------------------------------------------------------------------------------------
                                              0.142851   slack (MET)


Startpoint: _294_ (rising edge-triggered flip-flop clocked by clk)
Endpoint: sine_out[17] (output port clocked by clk)
Path Group: clk
Path Type: min

Fanout         Cap        Slew       Delay        Time   Description
---------------------------------------------------------------------------------------------
                                  0.000000    0.000000   clock clk (rise edge)
                                  0.000000    0.000000   clock source latency
     1    0.019841    0.000000    0.000000    0.000000 ^ clk (in)
                                                         clk (net)
                      0.000895    0.000448    0.000448 ^ clkbuf_0_clk/A (sg13g2_buf_16)
     2    0.036974    0.014915    0.038774    0.039221 ^ clkbuf_0_clk/X (sg13g2_buf_16)
                                                         clknet_0_clk (net)
                      0.014981    0.001601    0.040823 ^ clkbuf_1_1__f_clk/A (sg13g2_buf_16)
     5    0.023065    0.013582    0.042466    0.083289 ^ clkbuf_1_1__f_clk/X (sg13g2_buf_16)
                                                         clknet_1_1__leaf_clk (net)
                      0.013610    0.001124    0.084413 ^ _294_/CLK (sg13g2_dfrbpq_1)
     3    0.014744    0.036497    0.126384    0.210797 v _294_/Q (sg13g2_dfrbpq_1)
                                                         DPATH.SUM.fa_6.A (net)
                      0.036516    0.000778    0.211574 v _277_/B (sg13g2_nand3_1)
     1    0.002580    0.022202    0.029065    0.240639 ^ _277_/Y (sg13g2_nand3_1)
                                                         net12 (net)
                      0.022202    0.000197    0.240837 ^ output12/A (sg13g2_buf_1)
     1    0.011342    0.035389    0.056171    0.297008 ^ output12/X (sg13g2_buf_1)
                                                         sine_out[17] (net)
                      0.035396    0.000491    0.297499 ^ sine_out[17] (out)
                                              0.297499   data arrival time

                                  0.000000    0.000000   clock clk (rise edge)
                                  0.000000    0.000000   clock network delay (propagated)
                                  0.150000    0.150000   clock uncertainty
                                  0.000000    0.150000   clock reconvergence pessimism
                                  0.000000    0.150000   output external delay
                                              0.150000   data required time
---------------------------------------------------------------------------------------------
                                              0.150000   data required time
                                             -0.297499   data arrival time
---------------------------------------------------------------------------------------------
                                              0.147499   slack (MET)


Startpoint: _295_ (rising edge-triggered flip-flop clocked by clk)
Endpoint: sign (output port clocked by clk)
Path Group: clk
Path Type: min

Fanout         Cap        Slew       Delay        Time   Description
---------------------------------------------------------------------------------------------
                                  0.000000    0.000000   clock clk (rise edge)
                                  0.000000    0.000000   clock source latency
     1    0.019841    0.000000    0.000000    0.000000 ^ clk (in)
                                                         clk (net)
                      0.000895    0.000448    0.000448 ^ clkbuf_0_clk/A (sg13g2_buf_16)
     2    0.036974    0.014915    0.038774    0.039221 ^ clkbuf_0_clk/X (sg13g2_buf_16)
                                                         clknet_0_clk (net)
                      0.014981    0.001601    0.040823 ^ clkbuf_1_1__f_clk/A (sg13g2_buf_16)
     5    0.023065    0.013582    0.042466    0.083289 ^ clkbuf_1_1__f_clk/X (sg13g2_buf_16)
                                                         clknet_1_1__leaf_clk (net)
                      0.013611    0.001148    0.084437 ^ _295_/CLK (sg13g2_dfrbpq_1)
     3    0.015197    0.037423    0.127095    0.211532 v _295_/Q (sg13g2_dfrbpq_1)
                                                         net2 (net)
                      0.037444    0.000817    0.212349 v output2/A (sg13g2_buf_1)
     1    0.034250    0.076695    0.094559    0.306909 v output2/X (sg13g2_buf_1)
                                                         sign (net)
                      0.076881    0.003107    0.310016 v sign (out)
                                              0.310016   data arrival time

                                  0.000000    0.000000   clock clk (rise edge)
                                  0.000000    0.000000   clock network delay (propagated)
                                  0.150000    0.150000   clock uncertainty
                                  0.000000    0.150000   clock reconvergence pessimism
                                  0.000000    0.150000   output external delay
                                              0.150000   data required time
---------------------------------------------------------------------------------------------
                                              0.150000   data required time
                                             -0.310016   data arrival time
---------------------------------------------------------------------------------------------
                                              0.160016   slack (MET)


Startpoint: _296_ (rising edge-triggered flip-flop clocked by clk)
Endpoint: _295_ (rising edge-triggered flip-flop clocked by clk)
Path Group: clk
Path Type: min

Fanout         Cap        Slew       Delay        Time   Description
---------------------------------------------------------------------------------------------
                                  0.000000    0.000000   clock clk (rise edge)
                                  0.000000    0.000000   clock source latency
     1    0.019841    0.000000    0.000000    0.000000 ^ clk (in)
                                                         clk (net)
                      0.000895    0.000448    0.000448 ^ clkbuf_0_clk/A (sg13g2_buf_16)
     2    0.036974    0.014915    0.038774    0.039221 ^ clkbuf_0_clk/X (sg13g2_buf_16)
                                                         clknet_0_clk (net)
                      0.014981    0.001601    0.040823 ^ clkbuf_1_1__f_clk/A (sg13g2_buf_16)
     5    0.023065    0.013582    0.042466    0.083289 ^ clkbuf_1_1__f_clk/X (sg13g2_buf_16)
                                                         clknet_1_1__leaf_clk (net)
                      0.013607    0.001074    0.084363 ^ _296_/CLK (sg13g2_dfrbpq_1)
     2    0.011460    0.029877    0.121021    0.205384 v _296_/Q (sg13g2_dfrbpq_1)
                                                         CTRL.S0 (net)
                      0.029896    0.000685    0.206069 v fanout24/A (sg13g2_buf_1)
     5    0.027746    0.063174    0.082160    0.288230 v fanout24/X (sg13g2_buf_1)
                                                         net24 (net)
                      0.063249    0.001810    0.290040 v _162_/A (sg13g2_nand4_1)
     2    0.013220    0.047837    0.058076    0.348116 ^ _162_/Y (sg13g2_nand4_1)
                                                         _112_ (net)
                      0.047846    0.000486    0.348602 ^ _163_/B (sg13g2_xnor2_1)
     1    0.002494    0.021697    0.041174    0.389776 v _163_/Y (sg13g2_xnor2_1)
                                                         CTRL.P1 (net)
                      0.021697    0.000151    0.389927 v _295_/D (sg13g2_dfrbpq_1)
                                              0.389927   data arrival time

                                  0.000000    0.000000   clock clk (rise edge)
                                  0.000000    0.000000   clock source latency
     1    0.023097    0.000000    0.000000    0.000000 ^ clk (in)
                                                         clk (net)
                      0.001061    0.000531    0.000531 ^ clkbuf_0_clk/A (sg13g2_buf_16)
     2    0.043486    0.015839    0.039542    0.040073 ^ clkbuf_0_clk/X (sg13g2_buf_16)
                                                         clknet_0_clk (net)
                      0.015979    0.001885    0.041958 ^ clkbuf_1_1__f_clk/A (sg13g2_buf_16)
     5    0.025994    0.014068    0.043182    0.085140 ^ clkbuf_1_1__f_clk/X (sg13g2_buf_16)
                                                         clknet_1_1__leaf_clk (net)
                      0.014106    0.001305    0.086445 ^ _295_/CLK (sg13g2_dfrbpq_1)
                                  0.150000    0.236445   clock uncertainty
                                 -0.001851    0.234594   clock reconvergence pessimism
                                 -0.023437    0.211157   library hold time
                                              0.211157   data required time
---------------------------------------------------------------------------------------------
                                              0.211157   data required time
                                             -0.389927   data arrival time
---------------------------------------------------------------------------------------------
                                              0.178770   slack (MET)


Startpoint: _296_ (rising edge-triggered flip-flop clocked by clk)
Endpoint: _294_ (rising edge-triggered flip-flop clocked by clk)
Path Group: clk
Path Type: min

Fanout         Cap        Slew       Delay        Time   Description
---------------------------------------------------------------------------------------------
                                  0.000000    0.000000   clock clk (rise edge)
                                  0.000000    0.000000   clock source latency
     1    0.019841    0.000000    0.000000    0.000000 ^ clk (in)
                                                         clk (net)
                      0.000895    0.000448    0.000448 ^ clkbuf_0_clk/A (sg13g2_buf_16)
     2    0.036974    0.014915    0.038774    0.039221 ^ clkbuf_0_clk/X (sg13g2_buf_16)
                                                         clknet_0_clk (net)
                      0.014981    0.001601    0.040823 ^ clkbuf_1_1__f_clk/A (sg13g2_buf_16)
     5    0.023065    0.013582    0.042466    0.083289 ^ clkbuf_1_1__f_clk/X (sg13g2_buf_16)
                                                         clknet_1_1__leaf_clk (net)
                      0.013607    0.001074    0.084363 ^ _296_/CLK (sg13g2_dfrbpq_1)
     2    0.011460    0.029877    0.121021    0.205384 v _296_/Q (sg13g2_dfrbpq_1)
                                                         CTRL.S0 (net)
                      0.029896    0.000685    0.206069 v fanout24/A (sg13g2_buf_1)
     5    0.027746    0.063174    0.082160    0.288230 v fanout24/X (sg13g2_buf_1)
                                                         net24 (net)
                      0.063498    0.003678    0.291908 v _153_/A (sg13g2_xnor2_1)
     1    0.006170    0.035366    0.063380    0.355288 v _153_/Y (sg13g2_xnor2_1)
                                                         _104_ (net)
                      0.035367    0.000255    0.355543 v _154_/B (sg13g2_xnor2_1)
     1    0.003496    0.024643    0.041364    0.396906 v _154_/Y (sg13g2_xnor2_1)
                                                         DPATH.SUM.fa_6.S (net)
                      0.024643    0.000200    0.397106 v _294_/D (sg13g2_dfrbpq_1)
                                              0.397106   data arrival time

                                  0.000000    0.000000   clock clk (rise edge)
                                  0.000000    0.000000   clock source latency
     1    0.023097    0.000000    0.000000    0.000000 ^ clk (in)
                                                         clk (net)
                      0.001061    0.000531    0.000531 ^ clkbuf_0_clk/A (sg13g2_buf_16)
     2    0.043486    0.015839    0.039542    0.040073 ^ clkbuf_0_clk/X (sg13g2_buf_16)
                                                         clknet_0_clk (net)
                      0.015979    0.001885    0.041958 ^ clkbuf_1_1__f_clk/A (sg13g2_buf_16)
     5    0.025994    0.014068    0.043182    0.085140 ^ clkbuf_1_1__f_clk/X (sg13g2_buf_16)
                                                         clknet_1_1__leaf_clk (net)
                      0.014104    0.001278    0.086418 ^ _294_/CLK (sg13g2_dfrbpq_1)
                                  0.150000    0.236418   clock uncertainty
                                 -0.001851    0.234567   clock reconvergence pessimism
                                 -0.024117    0.210449   library hold time
                                              0.210449   data required time
---------------------------------------------------------------------------------------------
                                              0.210449   data required time
                                             -0.397106   data arrival time
---------------------------------------------------------------------------------------------
                                              0.186657   slack (MET)


Startpoint: _295_ (rising edge-triggered flip-flop clocked by clk)
Endpoint: signB (output port clocked by clk)
Path Group: clk
Path Type: min

Fanout         Cap        Slew       Delay        Time   Description
---------------------------------------------------------------------------------------------
                                  0.000000    0.000000   clock clk (rise edge)
                                  0.000000    0.000000   clock source latency
     1    0.019841    0.000000    0.000000    0.000000 ^ clk (in)
                                                         clk (net)
                      0.000895    0.000448    0.000448 ^ clkbuf_0_clk/A (sg13g2_buf_16)
     2    0.036974    0.014915    0.038774    0.039221 ^ clkbuf_0_clk/X (sg13g2_buf_16)
                                                         clknet_0_clk (net)
                      0.014981    0.001601    0.040823 ^ clkbuf_1_1__f_clk/A (sg13g2_buf_16)
     5    0.023065    0.013582    0.042466    0.083289 ^ clkbuf_1_1__f_clk/X (sg13g2_buf_16)
                                                         clknet_1_1__leaf_clk (net)
                      0.013611    0.001148    0.084437 ^ _295_/CLK (sg13g2_dfrbpq_1)
     3    0.015163    0.045134    0.130250    0.214687 ^ _295_/Q (sg13g2_dfrbpq_1)
                                                         net2 (net)
                      0.045161    0.001007    0.215694 ^ _133_/A (sg13g2_inv_1)
     1    0.004877    0.019876    0.027089    0.242783 v _133_/Y (sg13g2_inv_1)
                                                         net3 (net)
                      0.019891    0.000297    0.243080 v output3/A (sg13g2_buf_1)
     1    0.035716    0.079603    0.090596    0.333677 v output3/X (sg13g2_buf_1)
                                                         signB (net)
                      0.079859    0.003713    0.337390 v signB (out)
                                              0.337390   data arrival time

                                  0.000000    0.000000   clock clk (rise edge)
                                  0.000000    0.000000   clock network delay (propagated)
                                  0.150000    0.150000   clock uncertainty
                                  0.000000    0.150000   clock reconvergence pessimism
                                  0.000000    0.150000   output external delay
                                              0.150000   data required time
---------------------------------------------------------------------------------------------
                                              0.150000   data required time
                                             -0.337390   data arrival time
---------------------------------------------------------------------------------------------
                                              0.187390   slack (MET)


Startpoint: _296_ (rising edge-triggered flip-flop clocked by clk)
Endpoint: _296_ (rising edge-triggered flip-flop clocked by clk)
Path Group: clk
Path Type: min

Fanout         Cap        Slew       Delay        Time   Description
---------------------------------------------------------------------------------------------
                                  0.000000    0.000000   clock clk (rise edge)
                                  0.000000    0.000000   clock source latency
     1    0.019841    0.000000    0.000000    0.000000 ^ clk (in)
                                                         clk (net)
                      0.000895    0.000448    0.000448 ^ clkbuf_0_clk/A (sg13g2_buf_16)
     2    0.036974    0.014915    0.038774    0.039221 ^ clkbuf_0_clk/X (sg13g2_buf_16)
                                                         clknet_0_clk (net)
                      0.014981    0.001601    0.040823 ^ clkbuf_1_1__f_clk/A (sg13g2_buf_16)
     5    0.023065    0.013582    0.042466    0.083289 ^ clkbuf_1_1__f_clk/X (sg13g2_buf_16)
                                                         clknet_1_1__leaf_clk (net)
                      0.013607    0.001074    0.084363 ^ _296_/CLK (sg13g2_dfrbpq_1)
     2    0.011460    0.029877    0.121021    0.205384 v _296_/Q (sg13g2_dfrbpq_1)
                                                         CTRL.S0 (net)
                      0.029896    0.000685    0.206069 v fanout24/A (sg13g2_buf_1)
     5    0.027746    0.063174    0.082160    0.288230 v fanout24/X (sg13g2_buf_1)
                                                         net24 (net)
                      0.063352    0.002758    0.290988 v _170_/B1 (sg13g2_a21o_1)
     1    0.004607    0.019613    0.065572    0.356560 v _170_/X (sg13g2_a21o_1)
                                                         _119_ (net)
                      0.019618    0.000310    0.356870 v _171_/B (sg13g2_and2_1)
     1    0.003622    0.015231    0.047765    0.404635 v _171_/X (sg13g2_and2_1)
                                                         CTRL.P0 (net)
                      0.015235    0.000209    0.404844 v _296_/D (sg13g2_dfrbpq_1)
                                              0.404844   data arrival time

                                  0.000000    0.000000   clock clk (rise edge)
                                  0.000000    0.000000   clock source latency
     1    0.023097    0.000000    0.000000    0.000000 ^ clk (in)
                                                         clk (net)
                      0.001061    0.000531    0.000531 ^ clkbuf_0_clk/A (sg13g2_buf_16)
     2    0.043486    0.015839    0.039542    0.040073 ^ clkbuf_0_clk/X (sg13g2_buf_16)
                                                         clknet_0_clk (net)
                      0.015979    0.001885    0.041958 ^ clkbuf_1_1__f_clk/A (sg13g2_buf_16)
     5    0.025994    0.014068    0.043182    0.085140 ^ clkbuf_1_1__f_clk/X (sg13g2_buf_16)
                                                         clknet_1_1__leaf_clk (net)
                      0.014100    0.001221    0.086361 ^ _296_/CLK (sg13g2_dfrbpq_1)
                                  0.150000    0.236361   clock uncertainty
                                 -0.001998    0.234363   clock reconvergence pessimism
                                 -0.021945    0.212418   library hold time
                                              0.212418   data required time
---------------------------------------------------------------------------------------------
                                              0.212418   data required time
                                             -0.404844   data arrival time
---------------------------------------------------------------------------------------------
                                              0.192426   slack (MET)


Startpoint: _296_ (rising edge-triggered flip-flop clocked by clk)
Endpoint: _293_ (rising edge-triggered flip-flop clocked by clk)
Path Group: clk
Path Type: min

Fanout         Cap        Slew       Delay        Time   Description
---------------------------------------------------------------------------------------------
                                  0.000000    0.000000   clock clk (rise edge)
                                  0.000000    0.000000   clock source latency
     1    0.019841    0.000000    0.000000    0.000000 ^ clk (in)
                                                         clk (net)
                      0.000895    0.000448    0.000448 ^ clkbuf_0_clk/A (sg13g2_buf_16)
     2    0.036974    0.014915    0.038774    0.039221 ^ clkbuf_0_clk/X (sg13g2_buf_16)
                                                         clknet_0_clk (net)
                      0.014981    0.001601    0.040823 ^ clkbuf_1_1__f_clk/A (sg13g2_buf_16)
     5    0.023065    0.013582    0.042466    0.083289 ^ clkbuf_1_1__f_clk/X (sg13g2_buf_16)
                                                         clknet_1_1__leaf_clk (net)
                      0.013607    0.001074    0.084363 ^ _296_/CLK (sg13g2_dfrbpq_1)
     2    0.011460    0.029877    0.121021    0.205384 v _296_/Q (sg13g2_dfrbpq_1)
                                                         CTRL.S0 (net)
                      0.029896    0.000685    0.206069 v fanout24/A (sg13g2_buf_1)
     5    0.027746    0.063174    0.082160    0.288230 v fanout24/X (sg13g2_buf_1)
                                                         net24 (net)
                      0.063569    0.004046    0.292275 v _150_/A (sg13g2_xnor2_1)
     2    0.010451    0.051235    0.077051    0.369326 v _150_/Y (sg13g2_xnor2_1)
                                                         _102_ (net)
                      0.051236    0.000323    0.369649 v _151_/B (sg13g2_xor2_1)
     1    0.002383    0.017296    0.042954    0.412603 v _151_/X (sg13g2_xor2_1)
                                                         DPATH.SUM.fa_5.S (net)
                      0.017296    0.000088    0.412691 v _293_/D (sg13g2_dfrbpq_1)
                                              0.412691   data arrival time

                                  0.000000    0.000000   clock clk (rise edge)
                                  0.000000    0.000000   clock source latency
     1    0.023097    0.000000    0.000000    0.000000 ^ clk (in)
                                                         clk (net)
                      0.001061    0.000531    0.000531 ^ clkbuf_0_clk/A (sg13g2_buf_16)
     2    0.043486    0.015839    0.039542    0.040073 ^ clkbuf_0_clk/X (sg13g2_buf_16)
                                                         clknet_0_clk (net)
                      0.015979    0.001885    0.041958 ^ clkbuf_1_1__f_clk/A (sg13g2_buf_16)
     5    0.025994    0.014068    0.043182    0.085140 ^ clkbuf_1_1__f_clk/X (sg13g2_buf_16)
                                                         clknet_1_1__leaf_clk (net)
                      0.014125    0.001518    0.086658 ^ _293_/CLK (sg13g2_dfrbpq_1)
                                  0.150000    0.236658   clock uncertainty
                                 -0.001851    0.234807   clock reconvergence pessimism
                                 -0.022417    0.212390   library hold time
                                              0.212390   data required time
---------------------------------------------------------------------------------------------
                                              0.212390   data required time
                                             -0.412691   data arrival time
---------------------------------------------------------------------------------------------
                                              0.200301   slack (MET)


Startpoint: _296_ (rising edge-triggered flip-flop clocked by clk)
Endpoint: _292_ (rising edge-triggered flip-flop clocked by clk)
Path Group: clk
Path Type: min

Fanout         Cap        Slew       Delay        Time   Description
---------------------------------------------------------------------------------------------
                                  0.000000    0.000000   clock clk (rise edge)
                                  0.000000    0.000000   clock source latency
     1    0.019841    0.000000    0.000000    0.000000 ^ clk (in)
                                                         clk (net)
                      0.000895    0.000448    0.000448 ^ clkbuf_0_clk/A (sg13g2_buf_16)
     2    0.036974    0.014915    0.038774    0.039221 ^ clkbuf_0_clk/X (sg13g2_buf_16)
                                                         clknet_0_clk (net)
                      0.014981    0.001601    0.040823 ^ clkbuf_1_1__f_clk/A (sg13g2_buf_16)
     5    0.023065    0.013582    0.042466    0.083289 ^ clkbuf_1_1__f_clk/X (sg13g2_buf_16)
                                                         clknet_1_1__leaf_clk (net)
                      0.013607    0.001074    0.084363 ^ _296_/CLK (sg13g2_dfrbpq_1)
     2    0.011460    0.029877    0.121021    0.205384 v _296_/Q (sg13g2_dfrbpq_1)
                                                         CTRL.S0 (net)
                      0.029899    0.000730    0.206114 v fanout23/A (sg13g2_buf_1)
     8    0.038860    0.085968    0.099312    0.305426 v fanout23/X (sg13g2_buf_1)
                                                         net23 (net)
                      0.086033    0.001985    0.307411 v _146_/A (sg13g2_xor2_1)
     2    0.009671    0.031901    0.079013    0.386424 v _146_/X (sg13g2_xor2_1)
                                                         _099_ (net)
                      0.031903    0.000328    0.386753 v _147_/B (sg13g2_xor2_1)
     1    0.002178    0.017191    0.036606    0.423358 v _147_/X (sg13g2_xor2_1)
                                                         DPATH.SUM.fa_4.S (net)
                      0.017191    0.000167    0.423526 v _292_/D (sg13g2_dfrbpq_1)
                                              0.423526   data arrival time

                                  0.000000    0.000000   clock clk (rise edge)
                                  0.000000    0.000000   clock source latency
     1    0.023097    0.000000    0.000000    0.000000 ^ clk (in)
                                                         clk (net)
                      0.001061    0.000531    0.000531 ^ clkbuf_0_clk/A (sg13g2_buf_16)
     2    0.043486    0.015839    0.039542    0.040073 ^ clkbuf_0_clk/X (sg13g2_buf_16)
                                                         clknet_0_clk (net)
                      0.015961    0.001805    0.041877 ^ clkbuf_1_0__f_clk/A (sg13g2_buf_16)
     5    0.021880    0.013443    0.042750    0.084628 ^ clkbuf_1_0__f_clk/X (sg13g2_buf_16)
                                                         clknet_1_0__leaf_clk (net)
                      0.013450    0.000625    0.085253 ^ _292_/CLK (sg13g2_dfrbpq_1)
                                  0.150000    0.235253   clock uncertainty
                                 -0.000851    0.234402   clock reconvergence pessimism
                                 -0.022500    0.211901   library hold time
                                              0.211901   data required time
---------------------------------------------------------------------------------------------
                                              0.211901   data required time
                                             -0.423526   data arrival time
---------------------------------------------------------------------------------------------
                                              0.211625   slack (MET)


Startpoint: _296_ (rising edge-triggered flip-flop clocked by clk)
Endpoint: _290_ (rising edge-triggered flip-flop clocked by clk)
Path Group: clk
Path Type: min

Fanout         Cap        Slew       Delay        Time   Description
---------------------------------------------------------------------------------------------
                                  0.000000    0.000000   clock clk (rise edge)
                                  0.000000    0.000000   clock source latency
     1    0.019841    0.000000    0.000000    0.000000 ^ clk (in)
                                                         clk (net)
                      0.000895    0.000448    0.000448 ^ clkbuf_0_clk/A (sg13g2_buf_16)
     2    0.036974    0.014915    0.038774    0.039221 ^ clkbuf_0_clk/X (sg13g2_buf_16)
                                                         clknet_0_clk (net)
                      0.014981    0.001601    0.040823 ^ clkbuf_1_1__f_clk/A (sg13g2_buf_16)
     5    0.023065    0.013582    0.042466    0.083289 ^ clkbuf_1_1__f_clk/X (sg13g2_buf_16)
                                                         clknet_1_1__leaf_clk (net)
                      0.013607    0.001074    0.084363 ^ _296_/CLK (sg13g2_dfrbpq_1)
     2    0.011460    0.029877    0.121021    0.205384 v _296_/Q (sg13g2_dfrbpq_1)
                                                         CTRL.S0 (net)
                      0.029899    0.000730    0.206114 v fanout23/A (sg13g2_buf_1)
     8    0.038860    0.085968    0.099312    0.305426 v fanout23/X (sg13g2_buf_1)
                                                         net23 (net)
                      0.086127    0.003052    0.308478 v _139_/A (sg13g2_xor2_1)
     2    0.009465    0.031493    0.078378    0.386856 v _139_/X (sg13g2_xor2_1)
                                                         _093_ (net)
                      0.031495    0.000302    0.387158 v _278_/B (sg13g2_xor2_1)
     1    0.002176    0.017172    0.036485    0.423644 v _278_/X (sg13g2_xor2_1)
                                                         DPATH.SUM.fa_2.S (net)
                      0.017172    0.000143    0.423786 v _290_/D (sg13g2_dfrbpq_1)
                                              0.423786   data arrival time

                                  0.000000    0.000000   clock clk (rise edge)
                                  0.000000    0.000000   clock source latency
     1    0.023097    0.000000    0.000000    0.000000 ^ clk (in)
                                                         clk (net)
                      0.001061    0.000531    0.000531 ^ clkbuf_0_clk/A (sg13g2_buf_16)
     2    0.043486    0.015839    0.039542    0.040073 ^ clkbuf_0_clk/X (sg13g2_buf_16)
                                                         clknet_0_clk (net)
                      0.015961    0.001805    0.041877 ^ clkbuf_1_0__f_clk/A (sg13g2_buf_16)
     5    0.021880    0.013443    0.042750    0.084628 ^ clkbuf_1_0__f_clk/X (sg13g2_buf_16)
                                                         clknet_1_0__leaf_clk (net)
                      0.013446    0.000443    0.085071 ^ _290_/CLK (sg13g2_dfrbpq_1)
                                  0.150000    0.235071   clock uncertainty
                                 -0.000851    0.234219   clock reconvergence pessimism
                                 -0.022497    0.211723   library hold time
                                              0.211723   data required time
---------------------------------------------------------------------------------------------
                                              0.211723   data required time
                                             -0.423786   data arrival time
---------------------------------------------------------------------------------------------
                                              0.212064   slack (MET)


Startpoint: _296_ (rising edge-triggered flip-flop clocked by clk)
Endpoint: _291_ (rising edge-triggered flip-flop clocked by clk)
Path Group: clk
Path Type: min

Fanout         Cap        Slew       Delay        Time   Description
---------------------------------------------------------------------------------------------
                                  0.000000    0.000000   clock clk (rise edge)
                                  0.000000    0.000000   clock source latency
     1    0.019841    0.000000    0.000000    0.000000 ^ clk (in)
                                                         clk (net)
                      0.000895    0.000448    0.000448 ^ clkbuf_0_clk/A (sg13g2_buf_16)
     2    0.036974    0.014915    0.038774    0.039221 ^ clkbuf_0_clk/X (sg13g2_buf_16)
                                                         clknet_0_clk (net)
                      0.014981    0.001601    0.040823 ^ clkbuf_1_1__f_clk/A (sg13g2_buf_16)
     5    0.023065    0.013582    0.042466    0.083289 ^ clkbuf_1_1__f_clk/X (sg13g2_buf_16)
                                                         clknet_1_1__leaf_clk (net)
                      0.013607    0.001074    0.084363 ^ _296_/CLK (sg13g2_dfrbpq_1)
     2    0.011460    0.029877    0.121021    0.205384 v _296_/Q (sg13g2_dfrbpq_1)
                                                         CTRL.S0 (net)
                      0.029899    0.000730    0.206114 v fanout23/A (sg13g2_buf_1)
     8    0.038860    0.085968    0.099312    0.305426 v fanout23/X (sg13g2_buf_1)
                                                         net23 (net)
                      0.086173    0.003445    0.308871 v _142_/A (sg13g2_xnor2_1)
     2    0.009097    0.046551    0.079620    0.388492 v _142_/Y (sg13g2_xnor2_1)
                                                         _096_ (net)
                      0.046552    0.000302    0.388794 v _143_/B (sg13g2_xor2_1)
     1    0.002674    0.017726    0.042485    0.431279 v _143_/X (sg13g2_xor2_1)
                                                         DPATH.SUM.fa_3.S (net)
                      0.017726    0.000162    0.431441 v _291_/D (sg13g2_dfrbpq_1)
                                              0.431441   data arrival time

                                  0.000000    0.000000   clock clk (rise edge)
                                  0.000000    0.000000   clock source latency
     1    0.023097    0.000000    0.000000    0.000000 ^ clk (in)
                                                         clk (net)
                      0.001061    0.000531    0.000531 ^ clkbuf_0_clk/A (sg13g2_buf_16)
     2    0.043486    0.015839    0.039542    0.040073 ^ clkbuf_0_clk/X (sg13g2_buf_16)
                                                         clknet_0_clk (net)
                      0.015961    0.001805    0.041877 ^ clkbuf_1_0__f_clk/A (sg13g2_buf_16)
     5    0.021880    0.013443    0.042750    0.084628 ^ clkbuf_1_0__f_clk/X (sg13g2_buf_16)
                                                         clknet_1_0__leaf_clk (net)
                      0.013447    0.000455    0.085083 ^ _291_/CLK (sg13g2_dfrbpq_1)
                                  0.150000    0.235083   clock uncertainty
                                 -0.000851    0.234232   clock reconvergence pessimism
                                 -0.022624    0.211607   library hold time
                                              0.211607   data required time
---------------------------------------------------------------------------------------------
                                              0.211607   data required time
                                             -0.431441   data arrival time
---------------------------------------------------------------------------------------------
                                              0.219834   slack (MET)


Startpoint: _292_ (rising edge-triggered flip-flop clocked by clk)
Endpoint: sine_out[5] (output port clocked by clk)
Path Group: clk
Path Type: min

Fanout         Cap        Slew       Delay        Time   Description
---------------------------------------------------------------------------------------------
                                  0.000000    0.000000   clock clk (rise edge)
                                  0.000000    0.000000   clock source latency
     1    0.019841    0.000000    0.000000    0.000000 ^ clk (in)
                                                         clk (net)
                      0.000895    0.000448    0.000448 ^ clkbuf_0_clk/A (sg13g2_buf_16)
     2    0.036974    0.014915    0.038774    0.039221 ^ clkbuf_0_clk/X (sg13g2_buf_16)
                                                         clknet_0_clk (net)
                      0.014972    0.001528    0.040749 ^ clkbuf_1_0__f_clk/A (sg13g2_buf_16)
     5    0.019165    0.012986    0.042043    0.082792 ^ clkbuf_1_0__f_clk/X (sg13g2_buf_16)
                                                         clknet_1_0__leaf_clk (net)
                      0.012992    0.000545    0.083338 ^ _292_/CLK (sg13g2_dfrbpq_1)
     4    0.021122    0.059888    0.140847    0.224185 ^ _292_/Q (sg13g2_dfrbpq_1)
                                                         DPATH.SUM.fa_4.A (net)
                      0.059921    0.001320    0.225505 ^ _159_/A (sg13g2_or2_1)
     2    0.010724    0.034916    0.073846    0.299350 ^ _159_/X (sg13g2_or2_1)
                                                         _109_ (net)
                      0.034928    0.000598    0.299948 ^ _260_/B (sg13g2_nor3_1)
     1    0.002742    0.018927    0.027936    0.327884 v _260_/Y (sg13g2_nor3_1)
                                                         net17 (net)
                      0.018928    0.000201    0.328085 v output17/A (sg13g2_buf_1)
     1    0.010770    0.028531    0.053147    0.381232 v output17/X (sg13g2_buf_1)
                                                         sine_out[5] (net)
                      0.028539    0.000457    0.381690 v sine_out[5] (out)
                                              0.381690   data arrival time

                                  0.000000    0.000000   clock clk (rise edge)
                                  0.000000    0.000000   clock network delay (propagated)
                                  0.150000    0.150000   clock uncertainty
                                  0.000000    0.150000   clock reconvergence pessimism
                                  0.000000    0.150000   output external delay
                                              0.150000   data required time
---------------------------------------------------------------------------------------------
                                              0.150000   data required time
                                             -0.381690   data arrival time
---------------------------------------------------------------------------------------------
                                              0.231690   slack (MET)


Startpoint: _294_ (rising edge-triggered flip-flop clocked by clk)
Endpoint: sine_out[13] (output port clocked by clk)
Path Group: clk
Path Type: min

Fanout         Cap        Slew       Delay        Time   Description
---------------------------------------------------------------------------------------------
                                  0.000000    0.000000   clock clk (rise edge)
                                  0.000000    0.000000   clock source latency
     1    0.019841    0.000000    0.000000    0.000000 ^ clk (in)
                                                         clk (net)
                      0.000895    0.000448    0.000448 ^ clkbuf_0_clk/A (sg13g2_buf_16)
     2    0.036974    0.014915    0.038774    0.039221 ^ clkbuf_0_clk/X (sg13g2_buf_16)
                                                         clknet_0_clk (net)
                      0.014981    0.001601    0.040823 ^ clkbuf_1_1__f_clk/A (sg13g2_buf_16)
     5    0.023065    0.013582    0.042466    0.083289 ^ clkbuf_1_1__f_clk/X (sg13g2_buf_16)
                                                         clknet_1_1__leaf_clk (net)
                      0.013610    0.001124    0.084413 ^ _294_/CLK (sg13g2_dfrbpq_1)
     3    0.014845    0.044348    0.129680    0.214093 ^ _294_/Q (sg13g2_dfrbpq_1)
                                                         DPATH.SUM.fa_6.A (net)
                      0.044363    0.000799    0.214892 ^ fanout27/A (sg13g2_buf_1)
     4    0.020966    0.060052    0.081096    0.295988 ^ fanout27/X (sg13g2_buf_1)
                                                         net27 (net)
                      0.060106    0.001170    0.297158 ^ _272_/A (sg13g2_nor2_1)
     1    0.003124    0.023129    0.033420    0.330578 v _272_/Y (sg13g2_nor2_1)
                                                         net8 (net)
                      0.023130    0.000216    0.330795 v output8/A (sg13g2_buf_1)
     1    0.011755    0.030827    0.055772    0.386567 v output8/X (sg13g2_buf_1)
                                                         sine_out[13] (net)
                      0.030890    0.000984    0.387551 v sine_out[13] (out)
                                              0.387551   data arrival time

                                  0.000000    0.000000   clock clk (rise edge)
                                  0.000000    0.000000   clock network delay (propagated)
                                  0.150000    0.150000   clock uncertainty
                                  0.000000    0.150000   clock reconvergence pessimism
                                  0.000000    0.150000   output external delay
                                              0.150000   data required time
---------------------------------------------------------------------------------------------
                                              0.150000   data required time
                                             -0.387551   data arrival time
---------------------------------------------------------------------------------------------
                                              0.237551   slack (MET)


Startpoint: _292_ (rising edge-triggered flip-flop clocked by clk)
Endpoint: sine_out[16] (output port clocked by clk)
Path Group: clk
Path Type: min

Fanout         Cap        Slew       Delay        Time   Description
---------------------------------------------------------------------------------------------
                                  0.000000    0.000000   clock clk (rise edge)
                                  0.000000    0.000000   clock source latency
     1    0.019841    0.000000    0.000000    0.000000 ^ clk (in)
                                                         clk (net)
                      0.000895    0.000448    0.000448 ^ clkbuf_0_clk/A (sg13g2_buf_16)
     2    0.036974    0.014915    0.038774    0.039221 ^ clkbuf_0_clk/X (sg13g2_buf_16)
                                                         clknet_0_clk (net)
                      0.014972    0.001528    0.040749 ^ clkbuf_1_0__f_clk/A (sg13g2_buf_16)
     5    0.019165    0.012986    0.042043    0.082792 ^ clkbuf_1_0__f_clk/X (sg13g2_buf_16)
                                                         clknet_1_0__leaf_clk (net)
                      0.012992    0.000545    0.083338 ^ _292_/CLK (sg13g2_dfrbpq_1)
     4    0.020943    0.049191    0.135900    0.219237 v _292_/Q (sg13g2_dfrbpq_1)
                                                         DPATH.SUM.fa_4.A (net)
                      0.049275    0.001790    0.221028 v _270_/B_N (sg13g2_nor2b_1)
     2    0.009060    0.028646    0.064121    0.285149 v _270_/Y (sg13g2_nor2b_1)
                                                         _085_ (net)
                      0.028659    0.000549    0.285698 v _275_/A2 (sg13g2_o21ai_1)
     1    0.002915    0.026258    0.052416    0.338114 ^ _275_/Y (sg13g2_o21ai_1)
                                                         net11 (net)
                      0.026258    0.000201    0.338316 ^ output11/A (sg13g2_buf_1)
     1    0.010716    0.033931    0.056298    0.394613 ^ output11/X (sg13g2_buf_1)
                                                         sine_out[16] (net)
                      0.033937    0.000453    0.395066 ^ sine_out[16] (out)
                                              0.395066   data arrival time

                                  0.000000    0.000000   clock clk (rise edge)
                                  0.000000    0.000000   clock network delay (propagated)
                                  0.150000    0.150000   clock uncertainty
                                  0.000000    0.150000   clock reconvergence pessimism
                                  0.000000    0.150000   output external delay
                                              0.150000   data required time
---------------------------------------------------------------------------------------------
                                              0.150000   data required time
                                             -0.395066   data arrival time
---------------------------------------------------------------------------------------------
                                              0.245066   slack (MET)


Startpoint: _292_ (rising edge-triggered flip-flop clocked by clk)
Endpoint: sine_out[12] (output port clocked by clk)
Path Group: clk
Path Type: min

Fanout         Cap        Slew       Delay        Time   Description
---------------------------------------------------------------------------------------------
                                  0.000000    0.000000   clock clk (rise edge)
                                  0.000000    0.000000   clock source latency
     1    0.019841    0.000000    0.000000    0.000000 ^ clk (in)
                                                         clk (net)
                      0.000895    0.000448    0.000448 ^ clkbuf_0_clk/A (sg13g2_buf_16)
     2    0.036974    0.014915    0.038774    0.039221 ^ clkbuf_0_clk/X (sg13g2_buf_16)
                                                         clknet_0_clk (net)
                      0.014972    0.001528    0.040749 ^ clkbuf_1_0__f_clk/A (sg13g2_buf_16)
     5    0.019165    0.012986    0.042043    0.082792 ^ clkbuf_1_0__f_clk/X (sg13g2_buf_16)
                                                         clknet_1_0__leaf_clk (net)
                      0.012992    0.000545    0.083338 ^ _292_/CLK (sg13g2_dfrbpq_1)
     4    0.020943    0.049191    0.135900    0.219237 v _292_/Q (sg13g2_dfrbpq_1)
                                                         DPATH.SUM.fa_4.A (net)
                      0.049275    0.001790    0.221028 v _270_/B_N (sg13g2_nor2b_1)
     2    0.009060    0.028646    0.064121    0.285149 v _270_/Y (sg13g2_nor2b_1)
                                                         _085_ (net)
                      0.028658    0.000532    0.285681 v _271_/A2 (sg13g2_a21oi_1)
     1    0.003844    0.033043    0.050730    0.336411 ^ _271_/Y (sg13g2_a21oi_1)
                                                         net7 (net)
                      0.033043    0.000290    0.336701 ^ output7/A (sg13g2_buf_1)
     1    0.010927    0.034644    0.058848    0.395548 ^ output7/X (sg13g2_buf_1)
                                                         sine_out[12] (net)
                      0.034650    0.000473    0.396021 ^ sine_out[12] (out)
                                              0.396021   data arrival time

                                  0.000000    0.000000   clock clk (rise edge)
                                  0.000000    0.000000   clock network delay (propagated)
                                  0.150000    0.150000   clock uncertainty
                                  0.000000    0.150000   clock reconvergence pessimism
                                  0.000000    0.150000   output external delay
                                              0.150000   data required time
---------------------------------------------------------------------------------------------
                                              0.150000   data required time
                                             -0.396021   data arrival time
---------------------------------------------------------------------------------------------
                                              0.246021   slack (MET)


Startpoint: _288_ (rising edge-triggered flip-flop clocked by clk)
Endpoint: _288_ (rising edge-triggered flip-flop clocked by clk)
Path Group: clk
Path Type: min

Fanout         Cap        Slew       Delay        Time   Description
---------------------------------------------------------------------------------------------
                                  0.000000    0.000000   clock clk (rise edge)
                                  0.000000    0.000000   clock source latency
     1    0.019841    0.000000    0.000000    0.000000 ^ clk (in)
                                                         clk (net)
                      0.000895    0.000448    0.000448 ^ clkbuf_0_clk/A (sg13g2_buf_16)
     2    0.036974    0.014915    0.038774    0.039221 ^ clkbuf_0_clk/X (sg13g2_buf_16)
                                                         clknet_0_clk (net)
                      0.014972    0.001528    0.040749 ^ clkbuf_1_0__f_clk/A (sg13g2_buf_16)
     5    0.019165    0.012986    0.042043    0.082792 ^ clkbuf_1_0__f_clk/X (sg13g2_buf_16)
                                                         clknet_1_0__leaf_clk (net)
                      0.012990    0.000412    0.083204 ^ _288_/CLK (sg13g2_dfrbpq_1)
     1    0.003842    0.018037    0.109026    0.192231 ^ _288_/Q (sg13g2_dfrbpq_1)
                                                         DPATH.SUM.Cout0 (net)
                      0.018037    0.000268    0.192499 ^ fanout41/A (sg13g2_buf_1)
     8    0.043052    0.116196    0.110746    0.303244 ^ fanout41/X (sg13g2_buf_1)
                                                         net41 (net)
                      0.116337    0.003325    0.306569 ^ _132_/A (sg13g2_inv_1)
     8    0.043333    0.109673    0.130737    0.437306 v _132_/Y (sg13g2_inv_1)
                                                         DPATH.SUM.ha_0.S (net)
                      0.109780    0.002842    0.440148 v _288_/D (sg13g2_dfrbpq_1)
                                              0.440148   data arrival time

                                  0.000000    0.000000   clock clk (rise edge)
                                  0.000000    0.000000   clock source latency
     1    0.023097    0.000000    0.000000    0.000000 ^ clk (in)
                                                         clk (net)
                      0.001061    0.000531    0.000531 ^ clkbuf_0_clk/A (sg13g2_buf_16)
     2    0.043486    0.015839    0.039542    0.040073 ^ clkbuf_0_clk/X (sg13g2_buf_16)
                                                         clknet_0_clk (net)
                      0.015961    0.001805    0.041877 ^ clkbuf_1_0__f_clk/A (sg13g2_buf_16)
     5    0.021880    0.013443    0.042750    0.084628 ^ clkbuf_1_0__f_clk/X (sg13g2_buf_16)
                                                         clknet_1_0__leaf_clk (net)
                      0.013447    0.000469    0.085097 ^ _288_/CLK (sg13g2_dfrbpq_1)
                                  0.150000    0.235097   clock uncertainty
                                 -0.001892    0.233204   clock reconvergence pessimism
                                 -0.043884    0.189320   library hold time
                                              0.189320   data required time
---------------------------------------------------------------------------------------------
                                              0.189320   data required time
                                             -0.440148   data arrival time
---------------------------------------------------------------------------------------------
                                              0.250828   slack (MET)


Startpoint: _290_ (rising edge-triggered flip-flop clocked by clk)
Endpoint: sine_out[11] (output port clocked by clk)
Path Group: clk
Path Type: min

Fanout         Cap        Slew       Delay        Time   Description
---------------------------------------------------------------------------------------------
                                  0.000000    0.000000   clock clk (rise edge)
                                  0.000000    0.000000   clock source latency
     1    0.019841    0.000000    0.000000    0.000000 ^ clk (in)
                                                         clk (net)
                      0.000895    0.000448    0.000448 ^ clkbuf_0_clk/A (sg13g2_buf_16)
     2    0.036974    0.014915    0.038774    0.039221 ^ clkbuf_0_clk/X (sg13g2_buf_16)
                                                         clknet_0_clk (net)
                      0.014972    0.001528    0.040749 ^ clkbuf_1_0__f_clk/A (sg13g2_buf_16)
     5    0.019165    0.012986    0.042043    0.082792 ^ clkbuf_1_0__f_clk/X (sg13g2_buf_16)
                                                         clknet_1_0__leaf_clk (net)
                      0.012989    0.000386    0.083179 ^ _290_/CLK (sg13g2_dfrbpq_1)
     4    0.021241    0.060563    0.140341    0.223519 ^ _290_/Q (sg13g2_dfrbpq_1)
                                                         DPATH.SUM.fa_2.A (net)
                      0.060787    0.002801    0.226321 ^ _210_/B (sg13g2_nor2_1)
     4    0.016190    0.048501    0.056783    0.283104 v _210_/Y (sg13g2_nor2_1)
                                                         _037_ (net)
                      0.048520    0.000878    0.283982 v _268_/A2 (sg13g2_a21oi_1)
     1    0.002888    0.029133    0.052204    0.336186 ^ _268_/Y (sg13g2_a21oi_1)
                                                         _084_ (net)
                      0.029133    0.000115    0.336301 ^ _269_/B (sg13g2_nor2_1)
     1    0.003333    0.015097    0.022467    0.358768 v _269_/Y (sg13g2_nor2_1)
                                                         net6 (net)
                      0.015098    0.000219    0.358987 v output6/A (sg13g2_buf_1)
     1    0.012969    0.032936    0.055447    0.414433 v output6/X (sg13g2_buf_1)
                                                         sine_out[11] (net)
                      0.032952    0.000663    0.415097 v sine_out[11] (out)
                                              0.415097   data arrival time

                                  0.000000    0.000000   clock clk (rise edge)
                                  0.000000    0.000000   clock network delay (propagated)
                                  0.150000    0.150000   clock uncertainty
                                  0.000000    0.150000   clock reconvergence pessimism
                                  0.000000    0.150000   output external delay
                                              0.150000   data required time
---------------------------------------------------------------------------------------------
                                              0.150000   data required time
                                             -0.415097   data arrival time
---------------------------------------------------------------------------------------------
                                              0.265097   slack (MET)


Startpoint: _294_ (rising edge-triggered flip-flop clocked by clk)
Endpoint: sine_out[14] (output port clocked by clk)
Path Group: clk
Path Type: min

Fanout         Cap        Slew       Delay        Time   Description
---------------------------------------------------------------------------------------------
                                  0.000000    0.000000   clock clk (rise edge)
                                  0.000000    0.000000   clock source latency
     1    0.019841    0.000000    0.000000    0.000000 ^ clk (in)
                                                         clk (net)
                      0.000895    0.000448    0.000448 ^ clkbuf_0_clk/A (sg13g2_buf_16)
     2    0.036974    0.014915    0.038774    0.039221 ^ clkbuf_0_clk/X (sg13g2_buf_16)
                                                         clknet_0_clk (net)
                      0.014981    0.001601    0.040823 ^ clkbuf_1_1__f_clk/A (sg13g2_buf_16)
     5    0.023065    0.013582    0.042466    0.083289 ^ clkbuf_1_1__f_clk/X (sg13g2_buf_16)
                                                         clknet_1_1__leaf_clk (net)
                      0.013610    0.001124    0.084413 ^ _294_/CLK (sg13g2_dfrbpq_1)
     3    0.014744    0.036497    0.126384    0.210797 v _294_/Q (sg13g2_dfrbpq_1)
                                                         DPATH.SUM.fa_6.A (net)
                      0.036521    0.000860    0.211657 v fanout25/A (sg13g2_buf_1)
     8    0.039607    0.087006    0.103090    0.314747 v fanout25/X (sg13g2_buf_1)
                                                         net25 (net)
                      0.087044    0.001522    0.316269 v _273_/A (sg13g2_nand2_1)
     1    0.005584    0.029643    0.040717    0.356986 ^ _273_/Y (sg13g2_nand2_1)
                                                         net9 (net)
                      0.029646    0.000553    0.357539 ^ output9/A (sg13g2_buf_1)
     1    0.010842    0.034338    0.057608    0.415147 ^ output9/X (sg13g2_buf_1)
                                                         sine_out[14] (net)
                      0.034344    0.000465    0.415613 ^ sine_out[14] (out)
                                              0.415613   data arrival time

                                  0.000000    0.000000   clock clk (rise edge)
                                  0.000000    0.000000   clock network delay (propagated)
                                  0.150000    0.150000   clock uncertainty
                                  0.000000    0.150000   clock reconvergence pessimism
                                  0.000000    0.150000   output external delay
                                              0.150000   data required time
---------------------------------------------------------------------------------------------
                                              0.150000   data required time
                                             -0.415613   data arrival time
---------------------------------------------------------------------------------------------
                                              0.265613   slack (MET)


Startpoint: _290_ (rising edge-triggered flip-flop clocked by clk)
Endpoint: sine_out[6] (output port clocked by clk)
Path Group: clk
Path Type: min

Fanout         Cap        Slew       Delay        Time   Description
---------------------------------------------------------------------------------------------
                                  0.000000    0.000000   clock clk (rise edge)
                                  0.000000    0.000000   clock source latency
     1    0.019841    0.000000    0.000000    0.000000 ^ clk (in)
                                                         clk (net)
                      0.000895    0.000448    0.000448 ^ clkbuf_0_clk/A (sg13g2_buf_16)
     2    0.036974    0.014915    0.038774    0.039221 ^ clkbuf_0_clk/X (sg13g2_buf_16)
                                                         clknet_0_clk (net)
                      0.014972    0.001528    0.040749 ^ clkbuf_1_0__f_clk/A (sg13g2_buf_16)
     5    0.019165    0.012986    0.042043    0.082792 ^ clkbuf_1_0__f_clk/X (sg13g2_buf_16)
                                                         clknet_1_0__leaf_clk (net)
                      0.012989    0.000386    0.083179 ^ _290_/CLK (sg13g2_dfrbpq_1)
     4    0.021241    0.060563    0.140341    0.223519 ^ _290_/Q (sg13g2_dfrbpq_1)
                                                         DPATH.SUM.fa_2.A (net)
                      0.060787    0.002801    0.226321 ^ _210_/B (sg13g2_nor2_1)
     4    0.016190    0.048501    0.056783    0.283104 v _210_/Y (sg13g2_nor2_1)
                                                         _037_ (net)
                      0.048528    0.001048    0.284151 v _211_/A (sg13g2_inv_1)
     1    0.003554    0.020878    0.025483    0.309635 ^ _211_/Y (sg13g2_inv_1)
                                                         _038_ (net)
                      0.020879    0.000261    0.309895 ^ _262_/A2 (sg13g2_a21oi_1)
     1    0.007459    0.024939    0.051540    0.361435 v _262_/Y (sg13g2_a21oi_1)
                                                         net18 (net)
                      0.024955    0.000490    0.361925 v output18/A (sg13g2_buf_1)
     1    0.011437    0.030057    0.056129    0.418054 v output18/X (sg13g2_buf_1)
                                                         sine_out[6] (net)
                      0.030066    0.000502    0.418555 v sine_out[6] (out)
                                              0.418555   data arrival time

                                  0.000000    0.000000   clock clk (rise edge)
                                  0.000000    0.000000   clock network delay (propagated)
                                  0.150000    0.150000   clock uncertainty
                                  0.000000    0.150000   clock reconvergence pessimism
                                  0.000000    0.150000   output external delay
                                              0.150000   data required time
---------------------------------------------------------------------------------------------
                                              0.150000   data required time
                                             -0.418555   data arrival time
---------------------------------------------------------------------------------------------
                                              0.268555   slack (MET)


Startpoint: _293_ (rising edge-triggered flip-flop clocked by clk)
Endpoint: sine_out[9] (output port clocked by clk)
Path Group: clk
Path Type: min

Fanout         Cap        Slew       Delay        Time   Description
---------------------------------------------------------------------------------------------
                                  0.000000    0.000000   clock clk (rise edge)
                                  0.000000    0.000000   clock source latency
     1    0.019841    0.000000    0.000000    0.000000 ^ clk (in)
                                                         clk (net)
                      0.000895    0.000448    0.000448 ^ clkbuf_0_clk/A (sg13g2_buf_16)
     2    0.036974    0.014915    0.038774    0.039221 ^ clkbuf_0_clk/X (sg13g2_buf_16)
                                                         clknet_0_clk (net)
                      0.014981    0.001601    0.040823 ^ clkbuf_1_1__f_clk/A (sg13g2_buf_16)
     5    0.023065    0.013582    0.042466    0.083289 ^ clkbuf_1_1__f_clk/X (sg13g2_buf_16)
                                                         clknet_1_1__leaf_clk (net)
                      0.013624    0.001340    0.084628 ^ _293_/CLK (sg13g2_dfrbpq_1)
     1    0.006733    0.020521    0.113464    0.198092 v _293_/Q (sg13g2_dfrbpq_1)
                                                         DPATH.SUM.fa_5.A (net)
                      0.020543    0.000411    0.198503 v fanout29/A (sg13g2_buf_1)
     8    0.041236    0.090959    0.098776    0.297279 v fanout29/X (sg13g2_buf_1)
                                                         net29 (net)
                      0.091425    0.005302    0.302581 v _265_/A1 (sg13g2_a21oi_1)
     1    0.003648    0.032389    0.058240    0.360822 ^ _265_/Y (sg13g2_a21oi_1)
                                                         net21 (net)
                      0.032389    0.000239    0.361060 ^ output21/A (sg13g2_buf_1)
     1    0.012934    0.039637    0.062318    0.423378 ^ output21/X (sg13g2_buf_1)
                                                         sine_out[9] (net)
                      0.039672    0.000691    0.424069 ^ sine_out[9] (out)
                                              0.424069   data arrival time

                                  0.000000    0.000000   clock clk (rise edge)
                                  0.000000    0.000000   clock network delay (propagated)
                                  0.150000    0.150000   clock uncertainty
                                  0.000000    0.150000   clock reconvergence pessimism
                                  0.000000    0.150000   output external delay
                                              0.150000   data required time
---------------------------------------------------------------------------------------------
                                              0.150000   data required time
                                             -0.424069   data arrival time
---------------------------------------------------------------------------------------------
                                              0.274069   slack (MET)


Startpoint: _294_ (rising edge-triggered flip-flop clocked by clk)
Endpoint: sine_out[3] (output port clocked by clk)
Path Group: clk
Path Type: min

Fanout         Cap        Slew       Delay        Time   Description
---------------------------------------------------------------------------------------------
                                  0.000000    0.000000   clock clk (rise edge)
                                  0.000000    0.000000   clock source latency
     1    0.019841    0.000000    0.000000    0.000000 ^ clk (in)
                                                         clk (net)
                      0.000895    0.000448    0.000448 ^ clkbuf_0_clk/A (sg13g2_buf_16)
     2    0.036974    0.014915    0.038774    0.039221 ^ clkbuf_0_clk/X (sg13g2_buf_16)
                                                         clknet_0_clk (net)
                      0.014981    0.001601    0.040823 ^ clkbuf_1_1__f_clk/A (sg13g2_buf_16)
     5    0.023065    0.013582    0.042466    0.083289 ^ clkbuf_1_1__f_clk/X (sg13g2_buf_16)
                                                         clknet_1_1__leaf_clk (net)
                      0.013610    0.001124    0.084413 ^ _294_/CLK (sg13g2_dfrbpq_1)
     3    0.014744    0.036497    0.126384    0.210797 v _294_/Q (sg13g2_dfrbpq_1)
                                                         DPATH.SUM.fa_6.A (net)
                      0.036521    0.000860    0.211657 v fanout25/A (sg13g2_buf_1)
     8    0.039607    0.087006    0.103090    0.314747 v fanout25/X (sg13g2_buf_1)
                                                         net25 (net)
                      0.087123    0.002637    0.317384 v _256_/A (sg13g2_nor2_1)
     1    0.002548    0.031665    0.048114    0.365498 ^ _256_/Y (sg13g2_nor2_1)
                                                         net15 (net)
                      0.031665    0.000188    0.365686 ^ output15/A (sg13g2_buf_1)
     1    0.012307    0.038051    0.060980    0.426665 ^ output15/X (sg13g2_buf_1)
                                                         sine_out[3] (net)
                      0.038060    0.000554    0.427219 ^ sine_out[3] (out)
                                              0.427219   data arrival time

                                  0.000000    0.000000   clock clk (rise edge)
                                  0.000000    0.000000   clock network delay (propagated)
                                  0.150000    0.150000   clock uncertainty
                                  0.000000    0.150000   clock reconvergence pessimism
                                  0.000000    0.150000   output external delay
                                              0.150000   data required time
---------------------------------------------------------------------------------------------
                                              0.150000   data required time
                                             -0.427219   data arrival time
---------------------------------------------------------------------------------------------
                                              0.277219   slack (MET)


Startpoint: _292_ (rising edge-triggered flip-flop clocked by clk)
Endpoint: sine_out[8] (output port clocked by clk)
Path Group: clk
Path Type: min

Fanout         Cap        Slew       Delay        Time   Description
---------------------------------------------------------------------------------------------
                                  0.000000    0.000000   clock clk (rise edge)
                                  0.000000    0.000000   clock source latency
     1    0.019841    0.000000    0.000000    0.000000 ^ clk (in)
                                                         clk (net)
                      0.000895    0.000448    0.000448 ^ clkbuf_0_clk/A (sg13g2_buf_16)
     2    0.036974    0.014915    0.038774    0.039221 ^ clkbuf_0_clk/X (sg13g2_buf_16)
                                                         clknet_0_clk (net)
                      0.014972    0.001528    0.040749 ^ clkbuf_1_0__f_clk/A (sg13g2_buf_16)
     5    0.019165    0.012986    0.042043    0.082792 ^ clkbuf_1_0__f_clk/X (sg13g2_buf_16)
                                                         clknet_1_0__leaf_clk (net)
                      0.012992    0.000545    0.083338 ^ _292_/CLK (sg13g2_dfrbpq_1)
     4    0.020943    0.049191    0.135900    0.219237 v _292_/Q (sg13g2_dfrbpq_1)
                                                         DPATH.SUM.fa_4.A (net)
                      0.049264    0.001683    0.220921 v fanout30/A (sg13g2_buf_1)
     8    0.033089    0.074253    0.097119    0.318040 v fanout30/X (sg13g2_buf_1)
                                                         net30 (net)
                      0.074416    0.002861    0.320900 v _264_/A1 (sg13g2_a21oi_1)
     1    0.002730    0.024602    0.050744    0.371644 ^ _264_/Y (sg13g2_a21oi_1)
                                                         net20 (net)
                      0.024602    0.000107    0.371751 ^ output20/A (sg13g2_buf_1)
     1    0.010798    0.034090    0.055921    0.427672 ^ output20/X (sg13g2_buf_1)
                                                         sine_out[8] (net)
                      0.034096    0.000464    0.428136 ^ sine_out[8] (out)
                                              0.428136   data arrival time

                                  0.000000    0.000000   clock clk (rise edge)
                                  0.000000    0.000000   clock network delay (propagated)
                                  0.150000    0.150000   clock uncertainty
                                  0.000000    0.150000   clock reconvergence pessimism
                                  0.000000    0.150000   output external delay
                                              0.150000   data required time
---------------------------------------------------------------------------------------------
                                              0.150000   data required time
                                             -0.428136   data arrival time
---------------------------------------------------------------------------------------------
                                              0.278136   slack (MET)


Startpoint: _290_ (rising edge-triggered flip-flop clocked by clk)
Endpoint: sine_out[1] (output port clocked by clk)
Path Group: clk
Path Type: min

Fanout         Cap        Slew       Delay        Time   Description
---------------------------------------------------------------------------------------------
                                  0.000000    0.000000   clock clk (rise edge)
                                  0.000000    0.000000   clock source latency
     1    0.019841    0.000000    0.000000    0.000000 ^ clk (in)
                                                         clk (net)
                      0.000895    0.000448    0.000448 ^ clkbuf_0_clk/A (sg13g2_buf_16)
     2    0.036974    0.014915    0.038774    0.039221 ^ clkbuf_0_clk/X (sg13g2_buf_16)
                                                         clknet_0_clk (net)
                      0.014972    0.001528    0.040749 ^ clkbuf_1_0__f_clk/A (sg13g2_buf_16)
     5    0.019165    0.012986    0.042043    0.082792 ^ clkbuf_1_0__f_clk/X (sg13g2_buf_16)
                                                         clknet_1_0__leaf_clk (net)
                      0.012989    0.000386    0.083179 ^ _290_/CLK (sg13g2_dfrbpq_1)
     4    0.021181    0.050253    0.135444    0.218623 v _290_/Q (sg13g2_dfrbpq_1)
                                                         DPATH.SUM.fa_2.A (net)
                      0.050436    0.002619    0.221242 v _233_/A1 (sg13g2_a221oi_1)
     1    0.006605    0.050939    0.090666    0.311908 ^ _233_/Y (sg13g2_a221oi_1)
                                                         _059_ (net)
                      0.050962    0.000417    0.312325 ^ _235_/A2 (sg13g2_o21ai_1)
     1    0.005833    0.033206    0.049716    0.362041 v _235_/Y (sg13g2_o21ai_1)
                                                         net13 (net)
                      0.033213    0.000378    0.362419 v output13/A (sg13g2_buf_1)
     1    0.015630    0.038871    0.065446    0.427865 v output13/X (sg13g2_buf_1)
                                                         sine_out[1] (net)
                      0.038894    0.000866    0.428731 v sine_out[1] (out)
                                              0.428731   data arrival time

                                  0.000000    0.000000   clock clk (rise edge)
                                  0.000000    0.000000   clock network delay (propagated)
                                  0.150000    0.150000   clock uncertainty
                                  0.000000    0.150000   clock reconvergence pessimism
                                  0.000000    0.150000   output external delay
                                              0.150000   data required time
---------------------------------------------------------------------------------------------
                                              0.150000   data required time
                                             -0.428731   data arrival time
---------------------------------------------------------------------------------------------
                                              0.278731   slack (MET)


Startpoint: _292_ (rising edge-triggered flip-flop clocked by clk)
Endpoint: sine_out[7] (output port clocked by clk)
Path Group: clk
Path Type: min

Fanout         Cap        Slew       Delay        Time   Description
---------------------------------------------------------------------------------------------
                                  0.000000    0.000000   clock clk (rise edge)
                                  0.000000    0.000000   clock source latency
     1    0.019841    0.000000    0.000000    0.000000 ^ clk (in)
                                                         clk (net)
                      0.000895    0.000448    0.000448 ^ clkbuf_0_clk/A (sg13g2_buf_16)
     2    0.036974    0.014915    0.038774    0.039221 ^ clkbuf_0_clk/X (sg13g2_buf_16)
                                                         clknet_0_clk (net)
                      0.014972    0.001528    0.040749 ^ clkbuf_1_0__f_clk/A (sg13g2_buf_16)
     5    0.019165    0.012986    0.042043    0.082792 ^ clkbuf_1_0__f_clk/X (sg13g2_buf_16)
                                                         clknet_1_0__leaf_clk (net)
                      0.012992    0.000545    0.083338 ^ _292_/CLK (sg13g2_dfrbpq_1)
     4    0.020943    0.049191    0.135900    0.219237 v _292_/Q (sg13g2_dfrbpq_1)
                                                         DPATH.SUM.fa_4.A (net)
                      0.049264    0.001683    0.220921 v fanout30/A (sg13g2_buf_1)
     8    0.033089    0.074253    0.097119    0.318040 v fanout30/X (sg13g2_buf_1)
                                                         net30 (net)
                      0.074419    0.002891    0.320931 v _263_/A1 (sg13g2_a21oi_1)
     1    0.002965    0.025411    0.051699    0.372630 ^ _263_/Y (sg13g2_a21oi_1)
                                                         net19 (net)
                      0.025411    0.000117    0.372747 ^ output19/A (sg13g2_buf_1)
     1    0.013010    0.039658    0.060244    0.432991 ^ output19/X (sg13g2_buf_1)
                                                         sine_out[7] (net)
                      0.039691    0.000661    0.433652 ^ sine_out[7] (out)
                                              0.433652   data arrival time

                                  0.000000    0.000000   clock clk (rise edge)
                                  0.000000    0.000000   clock network delay (propagated)
                                  0.150000    0.150000   clock uncertainty
                                  0.000000    0.150000   clock reconvergence pessimism
                                  0.000000    0.150000   output external delay
                                              0.150000   data required time
---------------------------------------------------------------------------------------------
                                              0.150000   data required time
                                             -0.433652   data arrival time
---------------------------------------------------------------------------------------------
                                              0.283652   slack (MET)


Startpoint: _294_ (rising edge-triggered flip-flop clocked by clk)
Endpoint: sine_out[15] (output port clocked by clk)
Path Group: clk
Path Type: min

Fanout         Cap        Slew       Delay        Time   Description
---------------------------------------------------------------------------------------------
                                  0.000000    0.000000   clock clk (rise edge)
                                  0.000000    0.000000   clock source latency
     1    0.019841    0.000000    0.000000    0.000000 ^ clk (in)
                                                         clk (net)
                      0.000895    0.000448    0.000448 ^ clkbuf_0_clk/A (sg13g2_buf_16)
     2    0.036974    0.014915    0.038774    0.039221 ^ clkbuf_0_clk/X (sg13g2_buf_16)
                                                         clknet_0_clk (net)
                      0.014981    0.001601    0.040823 ^ clkbuf_1_1__f_clk/A (sg13g2_buf_16)
     5    0.023065    0.013582    0.042466    0.083289 ^ clkbuf_1_1__f_clk/X (sg13g2_buf_16)
                                                         clknet_1_1__leaf_clk (net)
                      0.013610    0.001124    0.084413 ^ _294_/CLK (sg13g2_dfrbpq_1)
     3    0.014744    0.036497    0.126384    0.210797 v _294_/Q (sg13g2_dfrbpq_1)
                                                         DPATH.SUM.fa_6.A (net)
                      0.036521    0.000860    0.211657 v fanout25/A (sg13g2_buf_1)
     8    0.039607    0.087006    0.103090    0.314747 v fanout25/X (sg13g2_buf_1)
                                                         net25 (net)
                      0.087158    0.002991    0.317739 v _274_/A (sg13g2_nand2_1)
     1    0.007200    0.035103    0.045273    0.363011 ^ _274_/Y (sg13g2_nand2_1)
                                                         net10 (net)
                      0.035121    0.000487    0.363498 ^ output10/A (sg13g2_buf_1)
     1    0.016286    0.048388    0.068836    0.432334 ^ output10/X (sg13g2_buf_1)
                                                         sine_out[15] (net)
                      0.048504    0.001927    0.434260 ^ sine_out[15] (out)
                                              0.434260   data arrival time

                                  0.000000    0.000000   clock clk (rise edge)
                                  0.000000    0.000000   clock network delay (propagated)
                                  0.150000    0.150000   clock uncertainty
                                  0.000000    0.150000   clock reconvergence pessimism
                                  0.000000    0.150000   output external delay
                                              0.150000   data required time
---------------------------------------------------------------------------------------------
                                              0.150000   data required time
                                             -0.434260   data arrival time
---------------------------------------------------------------------------------------------
                                              0.284260   slack (MET)


Startpoint: _294_ (rising edge-triggered flip-flop clocked by clk)
Endpoint: sine_out[10] (output port clocked by clk)
Path Group: clk
Path Type: min

Fanout         Cap        Slew       Delay        Time   Description
---------------------------------------------------------------------------------------------
                                  0.000000    0.000000   clock clk (rise edge)
                                  0.000000    0.000000   clock source latency
     1    0.019841    0.000000    0.000000    0.000000 ^ clk (in)
                                                         clk (net)
                      0.000895    0.000448    0.000448 ^ clkbuf_0_clk/A (sg13g2_buf_16)
     2    0.036974    0.014915    0.038774    0.039221 ^ clkbuf_0_clk/X (sg13g2_buf_16)
                                                         clknet_0_clk (net)
                      0.014981    0.001601    0.040823 ^ clkbuf_1_1__f_clk/A (sg13g2_buf_16)
     5    0.023065    0.013582    0.042466    0.083289 ^ clkbuf_1_1__f_clk/X (sg13g2_buf_16)
                                                         clknet_1_1__leaf_clk (net)
                      0.013610    0.001124    0.084413 ^ _294_/CLK (sg13g2_dfrbpq_1)
     3    0.014845    0.044348    0.129680    0.214093 ^ _294_/Q (sg13g2_dfrbpq_1)
                                                         DPATH.SUM.fa_6.A (net)
                      0.044363    0.000799    0.214892 ^ fanout27/A (sg13g2_buf_1)
     4    0.020966    0.060052    0.081096    0.295988 ^ fanout27/X (sg13g2_buf_1)
                                                         net27 (net)
                      0.060125    0.001449    0.297437 ^ _257_/B (sg13g2_nor2_1)
     1    0.003981    0.021738    0.030491    0.327929 v _257_/Y (sg13g2_nor2_1)
                                                         _080_ (net)
                      0.021739    0.000160    0.328089 v _266_/B1 (sg13g2_o21ai_1)
     1    0.006263    0.028042    0.032173    0.360261 ^ _266_/Y (sg13g2_o21ai_1)
                                                         _083_ (net)
                      0.028081    0.000808    0.361069 ^ _267_/B (sg13g2_nand2_1)
     1    0.003515    0.023476    0.034992    0.396061 v _267_/Y (sg13g2_nand2_1)
                                                         net5 (net)
                      0.023476    0.000140    0.396200 v output5/A (sg13g2_buf_1)
     1    0.010915    0.028954    0.054811    0.451012 v output5/X (sg13g2_buf_1)
                                                         sine_out[10] (net)
                      0.028962    0.000467    0.451478 v sine_out[10] (out)
                                              0.451478   data arrival time

                                  0.000000    0.000000   clock clk (rise edge)
                                  0.000000    0.000000   clock network delay (propagated)
                                  0.150000    0.150000   clock uncertainty
                                  0.000000    0.150000   clock reconvergence pessimism
                                  0.000000    0.150000   output external delay
                                              0.150000   data required time
---------------------------------------------------------------------------------------------
                                              0.150000   data required time
                                             -0.451478   data arrival time
---------------------------------------------------------------------------------------------
                                              0.301478   slack (MET)


Startpoint: _294_ (rising edge-triggered flip-flop clocked by clk)
Endpoint: sine_out[0] (output port clocked by clk)
Path Group: clk
Path Type: min

Fanout         Cap        Slew       Delay        Time   Description
---------------------------------------------------------------------------------------------
                                  0.000000    0.000000   clock clk (rise edge)
                                  0.000000    0.000000   clock source latency
     1    0.019841    0.000000    0.000000    0.000000 ^ clk (in)
                                                         clk (net)
                      0.000895    0.000448    0.000448 ^ clkbuf_0_clk/A (sg13g2_buf_16)
     2    0.036974    0.014915    0.038774    0.039221 ^ clkbuf_0_clk/X (sg13g2_buf_16)
                                                         clknet_0_clk (net)
                      0.014981    0.001601    0.040823 ^ clkbuf_1_1__f_clk/A (sg13g2_buf_16)
     5    0.023065    0.013582    0.042466    0.083289 ^ clkbuf_1_1__f_clk/X (sg13g2_buf_16)
                                                         clknet_1_1__leaf_clk (net)
                      0.013610    0.001124    0.084413 ^ _294_/CLK (sg13g2_dfrbpq_1)
     3    0.014845    0.044348    0.129680    0.214093 ^ _294_/Q (sg13g2_dfrbpq_1)
                                                         DPATH.SUM.fa_6.A (net)
                      0.044363    0.000799    0.214892 ^ fanout27/A (sg13g2_buf_1)
     4    0.020966    0.060052    0.081096    0.295988 ^ fanout27/X (sg13g2_buf_1)
                                                         net27 (net)
                      0.060114    0.001300    0.297288 ^ _198_/A (sg13g2_nor4_1)
     1    0.004647    0.020126    0.043667    0.340955 v _198_/Y (sg13g2_nor4_1)
                                                         _025_ (net)
                      0.020127    0.000184    0.341140 v _216_/A2 (sg13g2_a22oi_1)
     1    0.008047    0.056163    0.067752    0.408892 ^ _216_/Y (sg13g2_a22oi_1)
                                                         net4 (net)
                      0.056173    0.000601    0.409492 ^ output4/A (sg13g2_buf_1)
     1    0.012257    0.038547    0.068645    0.478138 ^ output4/X (sg13g2_buf_1)
                                                         sine_out[0] (net)
                      0.038558    0.000631    0.478769 ^ sine_out[0] (out)
                                              0.478769   data arrival time

                                  0.000000    0.000000   clock clk (rise edge)
                                  0.000000    0.000000   clock network delay (propagated)
                                  0.150000    0.150000   clock uncertainty
                                  0.000000    0.150000   clock reconvergence pessimism
                                  0.000000    0.150000   output external delay
                                              0.150000   data required time
---------------------------------------------------------------------------------------------
                                              0.150000   data required time
                                             -0.478769   data arrival time
---------------------------------------------------------------------------------------------
                                              0.328769   slack (MET)


Startpoint: _294_ (rising edge-triggered flip-flop clocked by clk)
Endpoint: sine_out[4] (output port clocked by clk)
Path Group: clk
Path Type: min

Fanout         Cap        Slew       Delay        Time   Description
---------------------------------------------------------------------------------------------
                                  0.000000    0.000000   clock clk (rise edge)
                                  0.000000    0.000000   clock source latency
     1    0.019841    0.000000    0.000000    0.000000 ^ clk (in)
                                                         clk (net)
                      0.000895    0.000448    0.000448 ^ clkbuf_0_clk/A (sg13g2_buf_16)
     2    0.036974    0.014915    0.038774    0.039221 ^ clkbuf_0_clk/X (sg13g2_buf_16)
                                                         clknet_0_clk (net)
                      0.014981    0.001601    0.040823 ^ clkbuf_1_1__f_clk/A (sg13g2_buf_16)
     5    0.023065    0.013582    0.042466    0.083289 ^ clkbuf_1_1__f_clk/X (sg13g2_buf_16)
                                                         clknet_1_1__leaf_clk (net)
                      0.013610    0.001124    0.084413 ^ _294_/CLK (sg13g2_dfrbpq_1)
     3    0.014845    0.044348    0.129680    0.214093 ^ _294_/Q (sg13g2_dfrbpq_1)
                                                         DPATH.SUM.fa_6.A (net)
                      0.044367    0.000867    0.214960 ^ fanout25/A (sg13g2_buf_1)
     8    0.040458    0.109514    0.115531    0.330491 ^ fanout25/X (sg13g2_buf_1)
                                                         net25 (net)
                      0.109565    0.001958    0.332449 ^ _258_/A (sg13g2_nor3_1)
     1    0.012290    0.046265    0.073239    0.405688 v _258_/Y (sg13g2_nor3_1)
                                                         net16 (net)
                      0.046295    0.000698    0.406386 v output16/A (sg13g2_buf_1)
     1    0.017587    0.043507    0.072441    0.478827 v output16/X (sg13g2_buf_1)
                                                         sine_out[4] (net)
                      0.043604    0.001552    0.480379 v sine_out[4] (out)
                                              0.480379   data arrival time

                                  0.000000    0.000000   clock clk (rise edge)
                                  0.000000    0.000000   clock network delay (propagated)
                                  0.150000    0.150000   clock uncertainty
                                  0.000000    0.150000   clock reconvergence pessimism
                                  0.000000    0.150000   output external delay
                                              0.150000   data required time
---------------------------------------------------------------------------------------------
                                              0.150000   data required time
                                             -0.480379   data arrival time
---------------------------------------------------------------------------------------------
                                              0.330379   slack (MET)


Startpoint: _292_ (rising edge-triggered flip-flop clocked by clk)
Endpoint: sine_out[2] (output port clocked by clk)
Path Group: clk
Path Type: min

Fanout         Cap        Slew       Delay        Time   Description
---------------------------------------------------------------------------------------------
                                  0.000000    0.000000   clock clk (rise edge)
                                  0.000000    0.000000   clock source latency
     1    0.019841    0.000000    0.000000    0.000000 ^ clk (in)
                                                         clk (net)
                      0.000895    0.000448    0.000448 ^ clkbuf_0_clk/A (sg13g2_buf_16)
     2    0.036974    0.014915    0.038774    0.039221 ^ clkbuf_0_clk/X (sg13g2_buf_16)
                                                         clknet_0_clk (net)
                      0.014972    0.001528    0.040749 ^ clkbuf_1_0__f_clk/A (sg13g2_buf_16)
     5    0.019165    0.012986    0.042043    0.082792 ^ clkbuf_1_0__f_clk/X (sg13g2_buf_16)
                                                         clknet_1_0__leaf_clk (net)
                      0.012992    0.000545    0.083338 ^ _292_/CLK (sg13g2_dfrbpq_1)
     4    0.020943    0.049191    0.135900    0.219237 v _292_/Q (sg13g2_dfrbpq_1)
                                                         DPATH.SUM.fa_4.A (net)
                      0.049264    0.001683    0.220921 v fanout30/A (sg13g2_buf_1)
     8    0.033089    0.074253    0.097119    0.318040 v fanout30/X (sg13g2_buf_1)
                                                         net30 (net)
                      0.074341    0.002120    0.320160 v _251_/A1 (sg13g2_a21oi_1)
     1    0.003156    0.026163    0.052454    0.372613 ^ _251_/Y (sg13g2_a21oi_1)
                                                         _076_ (net)
                      0.026163    0.000125    0.372738 ^ _252_/B (sg13g2_nand2b_1)
     1    0.003904    0.025798    0.037376    0.410114 v _252_/Y (sg13g2_nand2b_1)
                                                         _077_ (net)
                      0.025798    0.000155    0.410269 v _253_/B1 (sg13g2_o21ai_1)
     1    0.007742    0.033194    0.036800    0.447069 ^ _253_/Y (sg13g2_o21ai_1)
                                                         net14 (net)
                      0.033224    0.000775    0.447844 ^ output14/A (sg13g2_buf_1)
     1    0.013429    0.040899    0.063490    0.511335 ^ output14/X (sg13g2_buf_1)
                                                         sine_out[2] (net)
                      0.040933    0.000702    0.512037 ^ sine_out[2] (out)
                                              0.512037   data arrival time

                                  0.000000    0.000000   clock clk (rise edge)
                                  0.000000    0.000000   clock network delay (propagated)
                                  0.150000    0.150000   clock uncertainty
                                  0.000000    0.150000   clock reconvergence pessimism
                                  0.000000    0.150000   output external delay
                                              0.150000   data required time
---------------------------------------------------------------------------------------------
                                              0.150000   data required time
                                             -0.512037   data arrival time
---------------------------------------------------------------------------------------------
                                              0.362037   slack (MET)



%OL_END_REPORT
%OL_CREATE_REPORT max.rpt

===========================================================================
report_checks -path_delay max (Setup)
============================================================================
======================= nom_fast_1p32V_m40C Corner ===================================

Startpoint: _290_ (rising edge-triggered flip-flop clocked by clk)
Endpoint: sine_out[0] (output port clocked by clk)
Path Group: clk
Path Type: max

Fanout         Cap        Slew       Delay        Time   Description
---------------------------------------------------------------------------------------------
                                  0.000000    0.000000   clock clk (rise edge)
                                  0.000000    0.000000   clock source latency
     1    0.023097    0.000000    0.000000    0.000000 ^ clk (in)
                                                         clk (net)
                      0.001061    0.000531    0.000531 ^ clkbuf_0_clk/A (sg13g2_buf_16)
     2    0.043486    0.015839    0.039542    0.040073 ^ clkbuf_0_clk/X (sg13g2_buf_16)
                                                         clknet_0_clk (net)
                      0.015961    0.001805    0.041877 ^ clkbuf_1_0__f_clk/A (sg13g2_buf_16)
     5    0.021880    0.013443    0.042750    0.084628 ^ clkbuf_1_0__f_clk/X (sg13g2_buf_16)
                                                         clknet_1_0__leaf_clk (net)
                      0.013446    0.000443    0.085071 ^ _290_/CLK (sg13g2_dfrbpq_1)
     4    0.023797    0.066080    0.145090    0.230161 ^ _290_/Q (sg13g2_dfrbpq_1)
                                                         DPATH.SUM.fa_2.A (net)
                      0.066224    0.002162    0.232322 ^ fanout37/A (sg13g2_buf_1)
     8    0.045519    0.122631    0.131722    0.364045 ^ fanout37/X (sg13g2_buf_1)
                                                         net37 (net)
                      0.122640    0.000879    0.364924 ^ fanout36/A (sg13g2_buf_1)
     8    0.048933    0.131799    0.152436    0.517360 ^ fanout36/X (sg13g2_buf_1)
                                                         net36 (net)
                      0.131921    0.003299    0.520660 ^ _164_/B (sg13g2_and2_1)
     5    0.023453    0.067590    0.125149    0.645808 ^ _164_/X (sg13g2_and2_1)
                                                         _113_ (net)
                      0.067610    0.001134    0.646943 ^ _180_/A2 (sg13g2_a21oi_1)
     4    0.023384    0.118589    0.115437    0.762380 v _180_/Y (sg13g2_a21oi_1)
                                                         _128_ (net)
                      0.118636    0.001904    0.764285 v _181_/B (sg13g2_and2_1)
     2    0.013607    0.037166    0.096882    0.861167 v _181_/X (sg13g2_and2_1)
                                                         _129_ (net)
                      0.037192    0.000904    0.862071 v _182_/B1 (sg13g2_o21ai_1)
     1    0.004251    0.061198    0.031524    0.893595 ^ _182_/Y (sg13g2_o21ai_1)
                                                         _009_ (net)
                      0.061198    0.000169    0.893765 ^ _183_/A2 (sg13g2_a21oi_1)
     1    0.005478    0.041022    0.057343    0.951108 v _183_/Y (sg13g2_a21oi_1)
                                                         _010_ (net)
                      0.041023    0.000395    0.951503 v _198_/B (sg13g2_nor4_1)
     1    0.005433    0.100455    0.110376    1.061879 ^ _198_/Y (sg13g2_nor4_1)
                                                         _025_ (net)
                      0.100455    0.000221    1.062100 ^ _216_/A2 (sg13g2_a22oi_1)
     1    0.008494    0.059591    0.082842    1.144942 v _216_/Y (sg13g2_a22oi_1)
                                                         net4 (net)
                      0.059618    0.000663    1.145605 v output4/A (sg13g2_buf_1)
     1    0.012257    0.032666    0.068325    1.213930 v output4/X (sg13g2_buf_1)
                                                         sine_out[0] (net)
                      0.032679    0.000631    1.214561 v sine_out[0] (out)
                                              1.214561   data arrival time

                                  5.000000    5.000000   clock clk (rise edge)
                                  0.000000    5.000000   clock network delay (propagated)
                                 -0.150000    4.850000   clock uncertainty
                                  0.000000    4.850000   clock reconvergence pessimism
                                 -1.000000    3.850000   output external delay
                                              3.850000   data required time
---------------------------------------------------------------------------------------------
                                              3.850000   data required time
                                             -1.214561   data arrival time
---------------------------------------------------------------------------------------------
                                              2.635439   slack (MET)


Startpoint: _288_ (rising edge-triggered flip-flop clocked by clk)
Endpoint: sine_out[1] (output port clocked by clk)
Path Group: clk
Path Type: max

Fanout         Cap        Slew       Delay        Time   Description
---------------------------------------------------------------------------------------------
                                  0.000000    0.000000   clock clk (rise edge)
                                  0.000000    0.000000   clock source latency
     1    0.023097    0.000000    0.000000    0.000000 ^ clk (in)
                                                         clk (net)
                      0.001061    0.000531    0.000531 ^ clkbuf_0_clk/A (sg13g2_buf_16)
     2    0.043486    0.015839    0.039542    0.040073 ^ clkbuf_0_clk/X (sg13g2_buf_16)
                                                         clknet_0_clk (net)
                      0.015961    0.001805    0.041877 ^ clkbuf_1_0__f_clk/A (sg13g2_buf_16)
     5    0.021880    0.013443    0.042750    0.084628 ^ clkbuf_1_0__f_clk/X (sg13g2_buf_16)
                                                         clknet_1_0__leaf_clk (net)
                      0.013447    0.000469    0.085097 ^ _288_/CLK (sg13g2_dfrbpq_1)
     1    0.004289    0.015975    0.109413    0.194510 v _288_/Q (sg13g2_dfrbpq_1)
                                                         DPATH.SUM.Cout0 (net)
                      0.015975    0.000305    0.194815 v fanout41/A (sg13g2_buf_1)
     8    0.050319    0.109806    0.111140    0.305955 v fanout41/X (sg13g2_buf_1)
                                                         net41 (net)
                      0.110131    0.004905    0.310860 v fanout40/A (sg13g2_buf_1)
     8    0.044742    0.098053    0.133185    0.444046 v fanout40/X (sg13g2_buf_1)
                                                         net40 (net)
                      0.098096    0.000740    0.444786 v _203_/A2 (sg13g2_o21ai_1)
     5    0.026149    0.188908    0.188787    0.633573 ^ _203_/Y (sg13g2_o21ai_1)
                                                         _030_ (net)
                      0.188929    0.001614    0.635187 ^ _229_/B (sg13g2_nand2_1)
     3    0.020929    0.115335    0.136163    0.771350 v _229_/Y (sg13g2_nand2_1)
                                                         _055_ (net)
                      0.115377    0.001979    0.773329 v _230_/B (sg13g2_xnor2_1)
     1    0.003916    0.043732    0.086198    0.859526 v _230_/Y (sg13g2_xnor2_1)
                                                         _056_ (net)
                      0.043732    0.000157    0.859683 v _231_/A2 (sg13g2_o21ai_1)
     1    0.005239    0.064335    0.068007    0.927691 ^ _231_/Y (sg13g2_o21ai_1)
                                                         _057_ (net)
                      0.064337    0.000557    0.928248 ^ _233_/B2 (sg13g2_a221oi_1)
     1    0.007070    0.069770    0.068508    0.996756 v _233_/Y (sg13g2_a221oi_1)
                                                         _059_ (net)
                      0.069771    0.000460    0.997216 v _235_/A2 (sg13g2_o21ai_1)
     1    0.006310    0.071265    0.081889    1.079105 ^ _235_/Y (sg13g2_o21ai_1)
                                                         net13 (net)
                      0.071266    0.000423    1.079527 ^ output13/A (sg13g2_buf_1)
     1    0.015630    0.047218    0.079764    1.159291 ^ output13/X (sg13g2_buf_1)
                                                         sine_out[1] (net)
                      0.047236    0.000866    1.160158 ^ sine_out[1] (out)
                                              1.160158   data arrival time

                                  5.000000    5.000000   clock clk (rise edge)
                                  0.000000    5.000000   clock network delay (propagated)
                                 -0.150000    4.850000   clock uncertainty
                                  0.000000    4.850000   clock reconvergence pessimism
                                 -1.000000    3.850000   output external delay
                                              3.850000   data required time
---------------------------------------------------------------------------------------------
                                              3.850000   data required time
                                             -1.160158   data arrival time
---------------------------------------------------------------------------------------------
                                              2.689842   slack (MET)


Startpoint: _291_ (rising edge-triggered flip-flop clocked by clk)
Endpoint: sine_out[2] (output port clocked by clk)
Path Group: clk
Path Type: max

Fanout         Cap        Slew       Delay        Time   Description
---------------------------------------------------------------------------------------------
                                  0.000000    0.000000   clock clk (rise edge)
                                  0.000000    0.000000   clock source latency
     1    0.023097    0.000000    0.000000    0.000000 ^ clk (in)
                                                         clk (net)
                      0.001061    0.000531    0.000531 ^ clkbuf_0_clk/A (sg13g2_buf_16)
     2    0.043486    0.015839    0.039542    0.040073 ^ clkbuf_0_clk/X (sg13g2_buf_16)
                                                         clknet_0_clk (net)
                      0.015961    0.001805    0.041877 ^ clkbuf_1_0__f_clk/A (sg13g2_buf_16)
     5    0.021880    0.013443    0.042750    0.084628 ^ clkbuf_1_0__f_clk/X (sg13g2_buf_16)
                                                         clknet_1_0__leaf_clk (net)
                      0.013447    0.000455    0.085083 ^ _291_/CLK (sg13g2_dfrbpq_1)
     1    0.005997    0.022910    0.113142    0.198225 ^ _291_/Q (sg13g2_dfrbpq_1)
                                                         DPATH.SUM.fa_3.A (net)
                      0.022941    0.000591    0.198817 ^ fanout35/A (sg13g2_buf_1)
     5    0.029895    0.082355    0.088935    0.287751 ^ fanout35/X (sg13g2_buf_1)
                                                         net35 (net)
                      0.082651    0.004002    0.291754 ^ fanout34/A (sg13g2_buf_1)
     8    0.042587    0.115238    0.131378    0.423132 ^ fanout34/X (sg13g2_buf_1)
                                                         net34 (net)
                      0.115249    0.000953    0.424085 ^ fanout33/A (sg13g2_buf_1)
     8    0.043081    0.116665    0.140672    0.564756 ^ fanout33/X (sg13g2_buf_1)
                                                         net33 (net)
                      0.116881    0.004094    0.568850 ^ _202_/B1 (sg13g2_o21ai_1)
     3    0.012438    0.076037    0.085258    0.654108 v _202_/Y (sg13g2_o21ai_1)
                                                         _029_ (net)
                      0.076073    0.000652    0.654760 v _241_/D (sg13g2_nor4_1)
     1    0.002966    0.078972    0.076637    0.731398 ^ _241_/Y (sg13g2_nor4_1)
                                                         _066_ (net)
                      0.078972    0.000118    0.731515 ^ _242_/A_N (sg13g2_nand2b_1)
     1    0.004414    0.035877    0.062822    0.794337 ^ _242_/Y (sg13g2_nand2b_1)
                                                         _067_ (net)
                      0.035878    0.000177    0.794514 ^ _243_/B1 (sg13g2_a21oi_1)
     1    0.004979    0.056773    0.027472    0.821986 v _243_/Y (sg13g2_a21oi_1)
                                                         _068_ (net)
                      0.056774    0.000358    0.822344 v _244_/B1 (sg13g2_o21ai_1)
     1    0.004611    0.057522    0.037355    0.859700 ^ _244_/Y (sg13g2_o21ai_1)
                                                         _069_ (net)
                      0.057522    0.000182    0.859882 ^ _245_/B1 (sg13g2_o21ai_1)
     1    0.013133    0.074567    0.070245    0.930127 v _245_/Y (sg13g2_o21ai_1)
                                                         _070_ (net)
                      0.074590    0.001058    0.931185 v _253_/A2 (sg13g2_o21ai_1)
     1    0.008190    0.082318    0.092548    1.023732 ^ _253_/Y (sg13g2_o21ai_1)
                                                         net14 (net)
                      0.082328    0.000840    1.024572 ^ output14/A (sg13g2_buf_1)
     1    0.013429    0.042063    0.079185    1.103757 ^ output14/X (sg13g2_buf_1)
                                                         sine_out[2] (net)
                      0.042076    0.000702    1.104459 ^ sine_out[2] (out)
                                              1.104459   data arrival time

                                  5.000000    5.000000   clock clk (rise edge)
                                  0.000000    5.000000   clock network delay (propagated)
                                 -0.150000    4.850000   clock uncertainty
                                  0.000000    4.850000   clock reconvergence pessimism
                                 -1.000000    3.850000   output external delay
                                              3.850000   data required time
---------------------------------------------------------------------------------------------
                                              3.850000   data required time
                                             -1.104459   data arrival time
---------------------------------------------------------------------------------------------
                                              2.745541   slack (MET)


Startpoint: _290_ (rising edge-triggered flip-flop clocked by clk)
Endpoint: sine_out[12] (output port clocked by clk)
Path Group: clk
Path Type: max

Fanout         Cap        Slew       Delay        Time   Description
---------------------------------------------------------------------------------------------
                                  0.000000    0.000000   clock clk (rise edge)
                                  0.000000    0.000000   clock source latency
     1    0.023097    0.000000    0.000000    0.000000 ^ clk (in)
                                                         clk (net)
                      0.001061    0.000531    0.000531 ^ clkbuf_0_clk/A (sg13g2_buf_16)
     2    0.043486    0.015839    0.039542    0.040073 ^ clkbuf_0_clk/X (sg13g2_buf_16)
                                                         clknet_0_clk (net)
                      0.015961    0.001805    0.041877 ^ clkbuf_1_0__f_clk/A (sg13g2_buf_16)
     5    0.021880    0.013443    0.042750    0.084628 ^ clkbuf_1_0__f_clk/X (sg13g2_buf_16)
                                                         clknet_1_0__leaf_clk (net)
                      0.013446    0.000443    0.085071 ^ _290_/CLK (sg13g2_dfrbpq_1)
     4    0.023797    0.066080    0.145090    0.230161 ^ _290_/Q (sg13g2_dfrbpq_1)
                                                         DPATH.SUM.fa_2.A (net)
                      0.066224    0.002162    0.232322 ^ fanout37/A (sg13g2_buf_1)
     8    0.045519    0.122631    0.131722    0.364045 ^ fanout37/X (sg13g2_buf_1)
                                                         net37 (net)
                      0.122640    0.000879    0.364924 ^ fanout36/A (sg13g2_buf_1)
     8    0.048933    0.131799    0.152436    0.517360 ^ fanout36/X (sg13g2_buf_1)
                                                         net36 (net)
                      0.131921    0.003299    0.520660 ^ _164_/B (sg13g2_and2_1)
     5    0.023453    0.067590    0.125149    0.645808 ^ _164_/X (sg13g2_and2_1)
                                                         _113_ (net)
                      0.067610    0.001134    0.646943 ^ _180_/A2 (sg13g2_a21oi_1)
     4    0.023384    0.118589    0.115437    0.762380 v _180_/Y (sg13g2_a21oi_1)
                                                         _128_ (net)
                      0.118638    0.001936    0.764316 v _270_/A (sg13g2_nor2b_1)
     2    0.011322    0.084703    0.091745    0.856061 ^ _270_/Y (sg13g2_nor2b_1)
                                                         _085_ (net)
                      0.084711    0.000661    0.856722 ^ _271_/A2 (sg13g2_a21oi_1)
     1    0.004291    0.051058    0.060186    0.916908 v _271_/Y (sg13g2_a21oi_1)
                                                         net7 (net)
                      0.051058    0.000328    0.917236 v output7/A (sg13g2_buf_1)
     1    0.010927    0.029752    0.063496    0.980733 v output7/X (sg13g2_buf_1)
                                                         sine_out[12] (net)
                      0.029760    0.000473    0.981205 v sine_out[12] (out)
                                              0.981205   data arrival time

                                  5.000000    5.000000   clock clk (rise edge)
                                  0.000000    5.000000   clock network delay (propagated)
                                 -0.150000    4.850000   clock uncertainty
                                  0.000000    4.850000   clock reconvergence pessimism
                                 -1.000000    3.850000   output external delay
                                              3.850000   data required time
---------------------------------------------------------------------------------------------
                                              3.850000   data required time
                                             -0.981205   data arrival time
---------------------------------------------------------------------------------------------
                                              2.868795   slack (MET)


Startpoint: _290_ (rising edge-triggered flip-flop clocked by clk)
Endpoint: sine_out[16] (output port clocked by clk)
Path Group: clk
Path Type: max

Fanout         Cap        Slew       Delay        Time   Description
---------------------------------------------------------------------------------------------
                                  0.000000    0.000000   clock clk (rise edge)
                                  0.000000    0.000000   clock source latency
     1    0.023097    0.000000    0.000000    0.000000 ^ clk (in)
                                                         clk (net)
                      0.001061    0.000531    0.000531 ^ clkbuf_0_clk/A (sg13g2_buf_16)
     2    0.043486    0.015839    0.039542    0.040073 ^ clkbuf_0_clk/X (sg13g2_buf_16)
                                                         clknet_0_clk (net)
                      0.015961    0.001805    0.041877 ^ clkbuf_1_0__f_clk/A (sg13g2_buf_16)
     5    0.021880    0.013443    0.042750    0.084628 ^ clkbuf_1_0__f_clk/X (sg13g2_buf_16)
                                                         clknet_1_0__leaf_clk (net)
                      0.013446    0.000443    0.085071 ^ _290_/CLK (sg13g2_dfrbpq_1)
     4    0.023797    0.066080    0.145090    0.230161 ^ _290_/Q (sg13g2_dfrbpq_1)
                                                         DPATH.SUM.fa_2.A (net)
                      0.066224    0.002162    0.232322 ^ fanout37/A (sg13g2_buf_1)
     8    0.045519    0.122631    0.131722    0.364045 ^ fanout37/X (sg13g2_buf_1)
                                                         net37 (net)
                      0.122640    0.000879    0.364924 ^ fanout36/A (sg13g2_buf_1)
     8    0.048933    0.131799    0.152436    0.517360 ^ fanout36/X (sg13g2_buf_1)
                                                         net36 (net)
                      0.131921    0.003299    0.520660 ^ _164_/B (sg13g2_and2_1)
     5    0.023453    0.067590    0.125149    0.645808 ^ _164_/X (sg13g2_and2_1)
                                                         _113_ (net)
                      0.067610    0.001134    0.646943 ^ _180_/A2 (sg13g2_a21oi_1)
     4    0.023384    0.118589    0.115437    0.762380 v _180_/Y (sg13g2_a21oi_1)
                                                         _128_ (net)
                      0.118638    0.001936    0.764316 v _270_/A (sg13g2_nor2b_1)
     2    0.011322    0.084703    0.091745    0.856061 ^ _270_/Y (sg13g2_nor2b_1)
                                                         _085_ (net)
                      0.084712    0.000707    0.856768 ^ _275_/A2 (sg13g2_o21ai_1)
     1    0.003363    0.041422    0.048955    0.905724 v _275_/Y (sg13g2_o21ai_1)
                                                         net11 (net)
                      0.041422    0.000238    0.905962 v output11/A (sg13g2_buf_1)
     1    0.010716    0.029056    0.060124    0.966086 v output11/X (sg13g2_buf_1)
                                                         sine_out[16] (net)
                      0.029064    0.000453    0.966539 v sine_out[16] (out)
                                              0.966539   data arrival time

                                  5.000000    5.000000   clock clk (rise edge)
                                  0.000000    5.000000   clock network delay (propagated)
                                 -0.150000    4.850000   clock uncertainty
                                  0.000000    4.850000   clock reconvergence pessimism
                                 -1.000000    3.850000   output external delay
                                              3.850000   data required time
---------------------------------------------------------------------------------------------
                                              3.850000   data required time
                                             -0.966539   data arrival time
---------------------------------------------------------------------------------------------
                                              2.883461   slack (MET)


Startpoint: _290_ (rising edge-triggered flip-flop clocked by clk)
Endpoint: sine_out[15] (output port clocked by clk)
Path Group: clk
Path Type: max

Fanout         Cap        Slew       Delay        Time   Description
---------------------------------------------------------------------------------------------
                                  0.000000    0.000000   clock clk (rise edge)
                                  0.000000    0.000000   clock source latency
     1    0.023097    0.000000    0.000000    0.000000 ^ clk (in)
                                                         clk (net)
                      0.001061    0.000531    0.000531 ^ clkbuf_0_clk/A (sg13g2_buf_16)
     2    0.043486    0.015839    0.039542    0.040073 ^ clkbuf_0_clk/X (sg13g2_buf_16)
                                                         clknet_0_clk (net)
                      0.015961    0.001805    0.041877 ^ clkbuf_1_0__f_clk/A (sg13g2_buf_16)
     5    0.021880    0.013443    0.042750    0.084628 ^ clkbuf_1_0__f_clk/X (sg13g2_buf_16)
                                                         clknet_1_0__leaf_clk (net)
                      0.013446    0.000443    0.085071 ^ _290_/CLK (sg13g2_dfrbpq_1)
     4    0.023797    0.066080    0.145090    0.230161 ^ _290_/Q (sg13g2_dfrbpq_1)
                                                         DPATH.SUM.fa_2.A (net)
                      0.066224    0.002162    0.232322 ^ fanout37/A (sg13g2_buf_1)
     8    0.045519    0.122631    0.131722    0.364045 ^ fanout37/X (sg13g2_buf_1)
                                                         net37 (net)
                      0.122640    0.000879    0.364924 ^ fanout36/A (sg13g2_buf_1)
     8    0.048933    0.131799    0.152436    0.517360 ^ fanout36/X (sg13g2_buf_1)
                                                         net36 (net)
                      0.131921    0.003299    0.520660 ^ _164_/B (sg13g2_and2_1)
     5    0.023453    0.067590    0.125149    0.645808 ^ _164_/X (sg13g2_and2_1)
                                                         _113_ (net)
                      0.067611    0.001150    0.646959 ^ _166_/B (sg13g2_nand2_1)
     4    0.022841    0.113499    0.105365    0.752323 v _166_/Y (sg13g2_nand2_1)
                                                         _115_ (net)
                      0.113635    0.002958    0.755281 v _246_/B (sg13g2_nand2b_1)
     2    0.014227    0.064268    0.076956    0.832236 ^ _246_/Y (sg13g2_nand2b_1)
                                                         _071_ (net)
                      0.064282    0.000784    0.833021 ^ _274_/B (sg13g2_nand2_1)
     1    0.007647    0.055010    0.056431    0.889451 v _274_/Y (sg13g2_nand2_1)
                                                         net10 (net)
                      0.055038    0.000528    0.889980 v output10/A (sg13g2_buf_1)
     1    0.016286    0.041078    0.072869    0.962849 v output10/X (sg13g2_buf_1)
                                                         sine_out[15] (net)
                      0.041231    0.001924    0.964773 v sine_out[15] (out)
                                              0.964773   data arrival time

                                  5.000000    5.000000   clock clk (rise edge)
                                  0.000000    5.000000   clock network delay (propagated)
                                 -0.150000    4.850000   clock uncertainty
                                  0.000000    4.850000   clock reconvergence pessimism
                                 -1.000000    3.850000   output external delay
                                              3.850000   data required time
---------------------------------------------------------------------------------------------
                                              3.850000   data required time
                                             -0.964773   data arrival time
---------------------------------------------------------------------------------------------
                                              2.885227   slack (MET)


Startpoint: _290_ (rising edge-triggered flip-flop clocked by clk)
Endpoint: sine_out[8] (output port clocked by clk)
Path Group: clk
Path Type: max

Fanout         Cap        Slew       Delay        Time   Description
---------------------------------------------------------------------------------------------
                                  0.000000    0.000000   clock clk (rise edge)
                                  0.000000    0.000000   clock source latency
     1    0.023097    0.000000    0.000000    0.000000 ^ clk (in)
                                                         clk (net)
                      0.001061    0.000531    0.000531 ^ clkbuf_0_clk/A (sg13g2_buf_16)
     2    0.043486    0.015839    0.039542    0.040073 ^ clkbuf_0_clk/X (sg13g2_buf_16)
                                                         clknet_0_clk (net)
                      0.015961    0.001805    0.041877 ^ clkbuf_1_0__f_clk/A (sg13g2_buf_16)
     5    0.021880    0.013443    0.042750    0.084628 ^ clkbuf_1_0__f_clk/X (sg13g2_buf_16)
                                                         clknet_1_0__leaf_clk (net)
                      0.013446    0.000443    0.085071 ^ _290_/CLK (sg13g2_dfrbpq_1)
     4    0.023797    0.066080    0.145090    0.230161 ^ _290_/Q (sg13g2_dfrbpq_1)
                                                         DPATH.SUM.fa_2.A (net)
                      0.066224    0.002162    0.232322 ^ fanout37/A (sg13g2_buf_1)
     8    0.045519    0.122631    0.131722    0.364045 ^ fanout37/X (sg13g2_buf_1)
                                                         net37 (net)
                      0.122640    0.000879    0.364924 ^ fanout36/A (sg13g2_buf_1)
     8    0.048933    0.131799    0.152436    0.517360 ^ fanout36/X (sg13g2_buf_1)
                                                         net36 (net)
                      0.131921    0.003299    0.520660 ^ _164_/B (sg13g2_and2_1)
     5    0.023453    0.067590    0.125149    0.645808 ^ _164_/X (sg13g2_and2_1)
                                                         _113_ (net)
                      0.067611    0.001150    0.646959 ^ _166_/B (sg13g2_nand2_1)
     4    0.022841    0.113499    0.105365    0.752323 v _166_/Y (sg13g2_nand2_1)
                                                         _115_ (net)
                      0.113620    0.002750    0.755073 v _259_/B (sg13g2_nor2_1)
     2    0.010649    0.080285    0.087360    0.842433 ^ _259_/Y (sg13g2_nor2_1)
                                                         _081_ (net)
                      0.080295    0.000745    0.843178 ^ _264_/A2 (sg13g2_a21oi_1)
     1    0.003177    0.043891    0.055361    0.898540 v _264_/Y (sg13g2_a21oi_1)
                                                         net20 (net)
                      0.043891    0.000126    0.898666 v output20/A (sg13g2_buf_1)
     1    0.010798    0.029290    0.061031    0.959697 v output20/X (sg13g2_buf_1)
                                                         sine_out[8] (net)
                      0.029298    0.000464    0.960162 v sine_out[8] (out)
                                              0.960162   data arrival time

                                  5.000000    5.000000   clock clk (rise edge)
                                  0.000000    5.000000   clock network delay (propagated)
                                 -0.150000    4.850000   clock uncertainty
                                  0.000000    4.850000   clock reconvergence pessimism
                                 -1.000000    3.850000   output external delay
                                              3.850000   data required time
---------------------------------------------------------------------------------------------
                                              3.850000   data required time
                                             -0.960162   data arrival time
---------------------------------------------------------------------------------------------
                                              2.889838   slack (MET)


Startpoint: _290_ (rising edge-triggered flip-flop clocked by clk)
Endpoint: sine_out[13] (output port clocked by clk)
Path Group: clk
Path Type: max

Fanout         Cap        Slew       Delay        Time   Description
---------------------------------------------------------------------------------------------
                                  0.000000    0.000000   clock clk (rise edge)
                                  0.000000    0.000000   clock source latency
     1    0.023097    0.000000    0.000000    0.000000 ^ clk (in)
                                                         clk (net)
                      0.001061    0.000531    0.000531 ^ clkbuf_0_clk/A (sg13g2_buf_16)
     2    0.043486    0.015839    0.039542    0.040073 ^ clkbuf_0_clk/X (sg13g2_buf_16)
                                                         clknet_0_clk (net)
                      0.015961    0.001805    0.041877 ^ clkbuf_1_0__f_clk/A (sg13g2_buf_16)
     5    0.021880    0.013443    0.042750    0.084628 ^ clkbuf_1_0__f_clk/X (sg13g2_buf_16)
                                                         clknet_1_0__leaf_clk (net)
                      0.013446    0.000443    0.085071 ^ _290_/CLK (sg13g2_dfrbpq_1)
     4    0.023797    0.066080    0.145090    0.230161 ^ _290_/Q (sg13g2_dfrbpq_1)
                                                         DPATH.SUM.fa_2.A (net)
                      0.066224    0.002162    0.232322 ^ fanout37/A (sg13g2_buf_1)
     8    0.045519    0.122631    0.131722    0.364045 ^ fanout37/X (sg13g2_buf_1)
                                                         net37 (net)
                      0.122640    0.000879    0.364924 ^ fanout36/A (sg13g2_buf_1)
     8    0.048933    0.131799    0.152436    0.517360 ^ fanout36/X (sg13g2_buf_1)
                                                         net36 (net)
                      0.131921    0.003299    0.520660 ^ _164_/B (sg13g2_and2_1)
     5    0.023453    0.067590    0.125149    0.645808 ^ _164_/X (sg13g2_and2_1)
                                                         _113_ (net)
                      0.067611    0.001150    0.646959 ^ _166_/B (sg13g2_nand2_1)
     4    0.022841    0.113499    0.105365    0.752323 v _166_/Y (sg13g2_nand2_1)
                                                         _115_ (net)
                      0.113591    0.002300    0.754623 v _168_/A (sg13g2_nor2_1)
     2    0.013640    0.097908    0.099551    0.854174 ^ _168_/Y (sg13g2_nor2_1)
                                                         _117_ (net)
                      0.097917    0.000786    0.854961 ^ _272_/B (sg13g2_nor2_1)
     1    0.003601    0.027682    0.037712    0.892673 v _272_/Y (sg13g2_nor2_1)
                                                         net8 (net)
                      0.027683    0.000256    0.892929 v output8/A (sg13g2_buf_1)
     1    0.011755    0.030952    0.057207    0.950135 v output8/X (sg13g2_buf_1)
                                                         sine_out[13] (net)
                      0.031014    0.000984    0.951119 v sine_out[13] (out)
                                              0.951119   data arrival time

                                  5.000000    5.000000   clock clk (rise edge)
                                  0.000000    5.000000   clock network delay (propagated)
                                 -0.150000    4.850000   clock uncertainty
                                  0.000000    4.850000   clock reconvergence pessimism
                                 -1.000000    3.850000   output external delay
                                              3.850000   data required time
---------------------------------------------------------------------------------------------
                                              3.850000   data required time
                                             -0.951119   data arrival time
---------------------------------------------------------------------------------------------
                                              2.898881   slack (MET)


Startpoint: _290_ (rising edge-triggered flip-flop clocked by clk)
Endpoint: sine_out[5] (output port clocked by clk)
Path Group: clk
Path Type: max

Fanout         Cap        Slew       Delay        Time   Description
---------------------------------------------------------------------------------------------
                                  0.000000    0.000000   clock clk (rise edge)
                                  0.000000    0.000000   clock source latency
     1    0.023097    0.000000    0.000000    0.000000 ^ clk (in)
                                                         clk (net)
                      0.001061    0.000531    0.000531 ^ clkbuf_0_clk/A (sg13g2_buf_16)
     2    0.043486    0.015839    0.039542    0.040073 ^ clkbuf_0_clk/X (sg13g2_buf_16)
                                                         clknet_0_clk (net)
                      0.015961    0.001805    0.041877 ^ clkbuf_1_0__f_clk/A (sg13g2_buf_16)
     5    0.021880    0.013443    0.042750    0.084628 ^ clkbuf_1_0__f_clk/X (sg13g2_buf_16)
                                                         clknet_1_0__leaf_clk (net)
                      0.013446    0.000443    0.085071 ^ _290_/CLK (sg13g2_dfrbpq_1)
     4    0.023797    0.066080    0.145090    0.230161 ^ _290_/Q (sg13g2_dfrbpq_1)
                                                         DPATH.SUM.fa_2.A (net)
                      0.066224    0.002162    0.232322 ^ fanout37/A (sg13g2_buf_1)
     8    0.045519    0.122631    0.131722    0.364045 ^ fanout37/X (sg13g2_buf_1)
                                                         net37 (net)
                      0.122640    0.000879    0.364924 ^ fanout36/A (sg13g2_buf_1)
     8    0.048933    0.131799    0.152436    0.517360 ^ fanout36/X (sg13g2_buf_1)
                                                         net36 (net)
                      0.131921    0.003299    0.520660 ^ _164_/B (sg13g2_and2_1)
     5    0.023453    0.067590    0.125149    0.645808 ^ _164_/X (sg13g2_and2_1)
                                                         _113_ (net)
                      0.067611    0.001150    0.646959 ^ _166_/B (sg13g2_nand2_1)
     4    0.022841    0.113499    0.105365    0.752323 v _166_/Y (sg13g2_nand2_1)
                                                         _115_ (net)
                      0.113620    0.002750    0.755073 v _259_/B (sg13g2_nor2_1)
     2    0.010649    0.080285    0.087360    0.842433 ^ _259_/Y (sg13g2_nor2_1)
                                                         _081_ (net)
                      0.080295    0.000746    0.843179 ^ _260_/C (sg13g2_nor3_1)
     1    0.003218    0.034078    0.035637    0.878815 v _260_/Y (sg13g2_nor3_1)
                                                         net17 (net)
                      0.034078    0.000240    0.879055 v output17/A (sg13g2_buf_1)
     1    0.010770    0.028957    0.057905    0.936960 v output17/X (sg13g2_buf_1)
                                                         sine_out[5] (net)
                      0.028965    0.000457    0.937418 v sine_out[5] (out)
                                              0.937418   data arrival time

                                  5.000000    5.000000   clock clk (rise edge)
                                  0.000000    5.000000   clock network delay (propagated)
                                 -0.150000    4.850000   clock uncertainty
                                  0.000000    4.850000   clock reconvergence pessimism
                                 -1.000000    3.850000   output external delay
                                              3.850000   data required time
---------------------------------------------------------------------------------------------
                                              3.850000   data required time
                                             -0.937418   data arrival time
---------------------------------------------------------------------------------------------
                                              2.912582   slack (MET)


Startpoint: _291_ (rising edge-triggered flip-flop clocked by clk)
Endpoint: sine_out[10] (output port clocked by clk)
Path Group: clk
Path Type: max

Fanout         Cap        Slew       Delay        Time   Description
---------------------------------------------------------------------------------------------
                                  0.000000    0.000000   clock clk (rise edge)
                                  0.000000    0.000000   clock source latency
     1    0.023097    0.000000    0.000000    0.000000 ^ clk (in)
                                                         clk (net)
                      0.001061    0.000531    0.000531 ^ clkbuf_0_clk/A (sg13g2_buf_16)
     2    0.043486    0.015839    0.039542    0.040073 ^ clkbuf_0_clk/X (sg13g2_buf_16)
                                                         clknet_0_clk (net)
                      0.015961    0.001805    0.041877 ^ clkbuf_1_0__f_clk/A (sg13g2_buf_16)
     5    0.021880    0.013443    0.042750    0.084628 ^ clkbuf_1_0__f_clk/X (sg13g2_buf_16)
                                                         clknet_1_0__leaf_clk (net)
                      0.013447    0.000455    0.085083 ^ _291_/CLK (sg13g2_dfrbpq_1)
     1    0.005997    0.022910    0.113142    0.198225 ^ _291_/Q (sg13g2_dfrbpq_1)
                                                         DPATH.SUM.fa_3.A (net)
                      0.022941    0.000591    0.198817 ^ fanout35/A (sg13g2_buf_1)
     5    0.029895    0.082355    0.088935    0.287751 ^ fanout35/X (sg13g2_buf_1)
                                                         net35 (net)
                      0.082651    0.004002    0.291754 ^ fanout34/A (sg13g2_buf_1)
     8    0.042587    0.115238    0.131378    0.423132 ^ fanout34/X (sg13g2_buf_1)
                                                         net34 (net)
                      0.115249    0.000953    0.424085 ^ fanout33/A (sg13g2_buf_1)
     8    0.043081    0.116665    0.140672    0.564756 ^ fanout33/X (sg13g2_buf_1)
                                                         net33 (net)
                      0.116881    0.004094    0.568850 ^ _202_/B1 (sg13g2_o21ai_1)
     3    0.012438    0.076037    0.085258    0.654108 v _202_/Y (sg13g2_o21ai_1)
                                                         _029_ (net)
                      0.076075    0.000704    0.654812 v _266_/A2 (sg13g2_o21ai_1)
     1    0.007116    0.076596    0.087784    0.742596 ^ _266_/Y (sg13g2_o21ai_1)
                                                         _083_ (net)
                      0.076600    0.000962    0.743558 ^ _267_/B (sg13g2_nand2_1)
     1    0.003992    0.031006    0.047593    0.791151 v _267_/Y (sg13g2_nand2_1)
                                                         net5 (net)
                      0.031007    0.000161    0.791312 v output5/A (sg13g2_buf_1)
     1    0.010915    0.029165    0.057177    0.848489 v output5/X (sg13g2_buf_1)
                                                         sine_out[10] (net)
                      0.029172    0.000467    0.848956 v sine_out[10] (out)
                                              0.848956   data arrival time

                                  5.000000    5.000000   clock clk (rise edge)
                                  0.000000    5.000000   clock network delay (propagated)
                                 -0.150000    4.850000   clock uncertainty
                                  0.000000    4.850000   clock reconvergence pessimism
                                 -1.000000    3.850000   output external delay
                                              3.850000   data required time
---------------------------------------------------------------------------------------------
                                              3.850000   data required time
                                             -0.848956   data arrival time
---------------------------------------------------------------------------------------------
                                              3.001044   slack (MET)


Startpoint: _288_ (rising edge-triggered flip-flop clocked by clk)
Endpoint: sine_out[3] (output port clocked by clk)
Path Group: clk
Path Type: max

Fanout         Cap        Slew       Delay        Time   Description
---------------------------------------------------------------------------------------------
                                  0.000000    0.000000   clock clk (rise edge)
                                  0.000000    0.000000   clock source latency
     1    0.023097    0.000000    0.000000    0.000000 ^ clk (in)
                                                         clk (net)
                      0.001061    0.000531    0.000531 ^ clkbuf_0_clk/A (sg13g2_buf_16)
     2    0.043486    0.015839    0.039542    0.040073 ^ clkbuf_0_clk/X (sg13g2_buf_16)
                                                         clknet_0_clk (net)
                      0.015961    0.001805    0.041877 ^ clkbuf_1_0__f_clk/A (sg13g2_buf_16)
     5    0.021880    0.013443    0.042750    0.084628 ^ clkbuf_1_0__f_clk/X (sg13g2_buf_16)
                                                         clknet_1_0__leaf_clk (net)
                      0.013447    0.000469    0.085097 ^ _288_/CLK (sg13g2_dfrbpq_1)
     1    0.004289    0.015975    0.109413    0.194510 v _288_/Q (sg13g2_dfrbpq_1)
                                                         DPATH.SUM.Cout0 (net)
                      0.015975    0.000305    0.194815 v fanout41/A (sg13g2_buf_1)
     8    0.050319    0.109806    0.111140    0.305955 v fanout41/X (sg13g2_buf_1)
                                                         net41 (net)
                      0.110131    0.004905    0.310860 v fanout40/A (sg13g2_buf_1)
     8    0.044742    0.098053    0.133185    0.444046 v fanout40/X (sg13g2_buf_1)
                                                         net40 (net)
                      0.098096    0.000740    0.444786 v _203_/A2 (sg13g2_o21ai_1)
     5    0.026149    0.188908    0.188787    0.633573 ^ _203_/Y (sg13g2_o21ai_1)
                                                         _030_ (net)
                      0.188943    0.002101    0.635674 ^ _255_/B (sg13g2_nand2_1)
     2    0.009988    0.067317    0.090734    0.726408 v _255_/Y (sg13g2_nand2_1)
                                                         _079_ (net)
                      0.067317    0.000340    0.726748 v _256_/B (sg13g2_nor2_1)
     1    0.002996    0.038595    0.042838    0.769586 ^ _256_/Y (sg13g2_nor2_1)
                                                         net15 (net)
                      0.038595    0.000224    0.769811 ^ output15/A (sg13g2_buf_1)
     1    0.012307    0.038226    0.063190    0.833001 ^ output15/X (sg13g2_buf_1)
                                                         sine_out[3] (net)
                      0.038234    0.000554    0.833555 ^ sine_out[3] (out)
                                              0.833555   data arrival time

                                  5.000000    5.000000   clock clk (rise edge)
                                  0.000000    5.000000   clock network delay (propagated)
                                 -0.150000    4.850000   clock uncertainty
                                  0.000000    4.850000   clock reconvergence pessimism
                                 -1.000000    3.850000   output external delay
                                              3.850000   data required time
---------------------------------------------------------------------------------------------
                                              3.850000   data required time
                                             -0.833555   data arrival time
---------------------------------------------------------------------------------------------
                                              3.016445   slack (MET)


Startpoint: _288_ (rising edge-triggered flip-flop clocked by clk)
Endpoint: sine_out[9] (output port clocked by clk)
Path Group: clk
Path Type: max

Fanout         Cap        Slew       Delay        Time   Description
---------------------------------------------------------------------------------------------
                                  0.000000    0.000000   clock clk (rise edge)
                                  0.000000    0.000000   clock source latency
     1    0.023097    0.000000    0.000000    0.000000 ^ clk (in)
                                                         clk (net)
                      0.001061    0.000531    0.000531 ^ clkbuf_0_clk/A (sg13g2_buf_16)
     2    0.043486    0.015839    0.039542    0.040073 ^ clkbuf_0_clk/X (sg13g2_buf_16)
                                                         clknet_0_clk (net)
                      0.015961    0.001805    0.041877 ^ clkbuf_1_0__f_clk/A (sg13g2_buf_16)
     5    0.021880    0.013443    0.042750    0.084628 ^ clkbuf_1_0__f_clk/X (sg13g2_buf_16)
                                                         clknet_1_0__leaf_clk (net)
                      0.013447    0.000469    0.085097 ^ _288_/CLK (sg13g2_dfrbpq_1)
     1    0.004289    0.015975    0.109413    0.194510 v _288_/Q (sg13g2_dfrbpq_1)
                                                         DPATH.SUM.Cout0 (net)
                      0.015975    0.000305    0.194815 v fanout41/A (sg13g2_buf_1)
     8    0.050319    0.109806    0.111140    0.305955 v fanout41/X (sg13g2_buf_1)
                                                         net41 (net)
                      0.110131    0.004905    0.310860 v fanout40/A (sg13g2_buf_1)
     8    0.044742    0.098053    0.133185    0.444046 v fanout40/X (sg13g2_buf_1)
                                                         net40 (net)
                      0.098096    0.000740    0.444786 v _203_/A2 (sg13g2_o21ai_1)
     5    0.026149    0.188908    0.188787    0.633573 ^ _203_/Y (sg13g2_o21ai_1)
                                                         _030_ (net)
                      0.188957    0.002476    0.636048 ^ _254_/B (sg13g2_nand2_1)
     1    0.004861    0.048839    0.068942    0.704990 v _254_/Y (sg13g2_nand2_1)
                                                         _078_ (net)
                      0.048839    0.000196    0.705186 v _265_/A2 (sg13g2_a21oi_1)
     1    0.004095    0.049362    0.056902    0.762088 ^ _265_/Y (sg13g2_a21oi_1)
                                                         net21 (net)
                      0.049362    0.000277    0.762364 ^ output21/A (sg13g2_buf_1)
     1    0.012934    0.040050    0.067738    0.830102 ^ output21/X (sg13g2_buf_1)
                                                         sine_out[9] (net)
                      0.040063    0.000691    0.830793 ^ sine_out[9] (out)
                                              0.830793   data arrival time

                                  5.000000    5.000000   clock clk (rise edge)
                                  0.000000    5.000000   clock network delay (propagated)
                                 -0.150000    4.850000   clock uncertainty
                                  0.000000    4.850000   clock reconvergence pessimism
                                 -1.000000    3.850000   output external delay
                                              3.850000   data required time
---------------------------------------------------------------------------------------------
                                              3.850000   data required time
                                             -0.830793   data arrival time
---------------------------------------------------------------------------------------------
                                              3.019207   slack (MET)


Startpoint: _288_ (rising edge-triggered flip-flop clocked by clk)
Endpoint: sine_out[14] (output port clocked by clk)
Path Group: clk
Path Type: max

Fanout         Cap        Slew       Delay        Time   Description
---------------------------------------------------------------------------------------------
                                  0.000000    0.000000   clock clk (rise edge)
                                  0.000000    0.000000   clock source latency
     1    0.023097    0.000000    0.000000    0.000000 ^ clk (in)
                                                         clk (net)
                      0.001061    0.000531    0.000531 ^ clkbuf_0_clk/A (sg13g2_buf_16)
     2    0.043486    0.015839    0.039542    0.040073 ^ clkbuf_0_clk/X (sg13g2_buf_16)
                                                         clknet_0_clk (net)
                      0.015961    0.001805    0.041877 ^ clkbuf_1_0__f_clk/A (sg13g2_buf_16)
     5    0.021880    0.013443    0.042750    0.084628 ^ clkbuf_1_0__f_clk/X (sg13g2_buf_16)
                                                         clknet_1_0__leaf_clk (net)
                      0.013447    0.000469    0.085097 ^ _288_/CLK (sg13g2_dfrbpq_1)
     1    0.004289    0.015975    0.109413    0.194510 v _288_/Q (sg13g2_dfrbpq_1)
                                                         DPATH.SUM.Cout0 (net)
                      0.015975    0.000305    0.194815 v fanout41/A (sg13g2_buf_1)
     8    0.050319    0.109806    0.111140    0.305955 v fanout41/X (sg13g2_buf_1)
                                                         net41 (net)
                      0.110131    0.004905    0.310860 v fanout40/A (sg13g2_buf_1)
     8    0.044742    0.098053    0.133185    0.444046 v fanout40/X (sg13g2_buf_1)
                                                         net40 (net)
                      0.098096    0.000740    0.444786 v _203_/A2 (sg13g2_o21ai_1)
     5    0.026149    0.188908    0.188787    0.633573 ^ _203_/Y (sg13g2_o21ai_1)
                                                         _030_ (net)
                      0.188943    0.002101    0.635674 ^ _255_/B (sg13g2_nand2_1)
     2    0.009988    0.067317    0.090734    0.726408 v _255_/Y (sg13g2_nand2_1)
                                                         _079_ (net)
                      0.067317    0.000287    0.726695 v _273_/B (sg13g2_nand2_1)
     1    0.006031    0.038103    0.042178    0.768872 ^ _273_/Y (sg13g2_nand2_1)
                                                         net9 (net)
                      0.038148    0.000611    0.769483 ^ output9/A (sg13g2_buf_1)
     1    0.010842    0.034571    0.060313    0.829796 ^ output9/X (sg13g2_buf_1)
                                                         sine_out[14] (net)
                      0.034577    0.000465    0.830262 ^ sine_out[14] (out)
                                              0.830262   data arrival time

                                  5.000000    5.000000   clock clk (rise edge)
                                  0.000000    5.000000   clock network delay (propagated)
                                 -0.150000    4.850000   clock uncertainty
                                  0.000000    4.850000   clock reconvergence pessimism
                                 -1.000000    3.850000   output external delay
                                              3.850000   data required time
---------------------------------------------------------------------------------------------
                                              3.850000   data required time
                                             -0.830262   data arrival time
---------------------------------------------------------------------------------------------
                                              3.019738   slack (MET)


Startpoint: _290_ (rising edge-triggered flip-flop clocked by clk)
Endpoint: sine_out[4] (output port clocked by clk)
Path Group: clk
Path Type: max

Fanout         Cap        Slew       Delay        Time   Description
---------------------------------------------------------------------------------------------
                                  0.000000    0.000000   clock clk (rise edge)
                                  0.000000    0.000000   clock source latency
     1    0.023097    0.000000    0.000000    0.000000 ^ clk (in)
                                                         clk (net)
                      0.001061    0.000531    0.000531 ^ clkbuf_0_clk/A (sg13g2_buf_16)
     2    0.043486    0.015839    0.039542    0.040073 ^ clkbuf_0_clk/X (sg13g2_buf_16)
                                                         clknet_0_clk (net)
                      0.015961    0.001805    0.041877 ^ clkbuf_1_0__f_clk/A (sg13g2_buf_16)
     5    0.021880    0.013443    0.042750    0.084628 ^ clkbuf_1_0__f_clk/X (sg13g2_buf_16)
                                                         clknet_1_0__leaf_clk (net)
                      0.013446    0.000443    0.085071 ^ _290_/CLK (sg13g2_dfrbpq_1)
     4    0.023649    0.053820    0.139493    0.224564 v _290_/Q (sg13g2_dfrbpq_1)
                                                         DPATH.SUM.fa_2.A (net)
                      0.053927    0.002145    0.226709 v fanout37/A (sg13g2_buf_1)
     8    0.043018    0.094170    0.114033    0.340743 v fanout37/X (sg13g2_buf_1)
                                                         net37 (net)
                      0.094196    0.001316    0.342059 v _156_/B (sg13g2_nor2_1)
     5    0.026742    0.152982    0.152579    0.494639 ^ _156_/Y (sg13g2_nor2_1)
                                                         _106_ (net)
                      0.152992    0.001026    0.495665 ^ _201_/A (sg13g2_nor2b_1)
     3    0.018583    0.076703    0.093086    0.588750 v _201_/Y (sg13g2_nor2b_1)
                                                         _028_ (net)
                      0.076731    0.001332    0.590082 v _258_/C (sg13g2_nor3_1)
     1    0.012767    0.126984    0.120680    0.710763 ^ _258_/Y (sg13g2_nor3_1)
                                                         net16 (net)
                      0.126991    0.000749    0.711512 ^ output16/A (sg13g2_buf_1)
     1    0.017587    0.053079    0.097516    0.809028 ^ output16/X (sg13g2_buf_1)
                                                         sine_out[4] (net)
                      0.053169    0.001554    0.810582 ^ sine_out[4] (out)
                                              0.810582   data arrival time

                                  5.000000    5.000000   clock clk (rise edge)
                                  0.000000    5.000000   clock network delay (propagated)
                                 -0.150000    4.850000   clock uncertainty
                                  0.000000    4.850000   clock reconvergence pessimism
                                 -1.000000    3.850000   output external delay
                                              3.850000   data required time
---------------------------------------------------------------------------------------------
                                              3.850000   data required time
                                             -0.810582   data arrival time
---------------------------------------------------------------------------------------------
                                              3.039418   slack (MET)


Startpoint: _293_ (rising edge-triggered flip-flop clocked by clk)
Endpoint: sine_out[11] (output port clocked by clk)
Path Group: clk
Path Type: max

Fanout         Cap        Slew       Delay        Time   Description
---------------------------------------------------------------------------------------------
                                  0.000000    0.000000   clock clk (rise edge)
                                  0.000000    0.000000   clock source latency
     1    0.023097    0.000000    0.000000    0.000000 ^ clk (in)
                                                         clk (net)
                      0.001061    0.000531    0.000531 ^ clkbuf_0_clk/A (sg13g2_buf_16)
     2    0.043486    0.015839    0.039542    0.040073 ^ clkbuf_0_clk/X (sg13g2_buf_16)
                                                         clknet_0_clk (net)
                      0.015979    0.001885    0.041958 ^ clkbuf_1_1__f_clk/A (sg13g2_buf_16)
     5    0.025994    0.014068    0.043182    0.085140 ^ clkbuf_1_1__f_clk/X (sg13g2_buf_16)
                                                         clknet_1_1__leaf_clk (net)
                      0.014125    0.001518    0.086658 ^ _293_/CLK (sg13g2_dfrbpq_1)
     1    0.007210    0.025794    0.115724    0.202382 ^ _293_/Q (sg13g2_dfrbpq_1)
                                                         DPATH.SUM.fa_5.A (net)
                      0.025804    0.000455    0.202837 ^ fanout29/A (sg13g2_buf_1)
     8    0.047850    0.128740    0.120828    0.323666 ^ fanout29/X (sg13g2_buf_1)
                                                         net29 (net)
                      0.129077    0.005384    0.329049 ^ fanout28/A (sg13g2_buf_1)
     8    0.041440    0.112605    0.140081    0.469131 ^ fanout28/X (sg13g2_buf_1)
                                                         net28 (net)
                      0.112750    0.003322    0.472452 ^ _167_/B (sg13g2_nand2_1)
     5    0.027970    0.125927    0.138006    0.610459 v _167_/Y (sg13g2_nand2_1)
                                                         _116_ (net)
                      0.125936    0.000875    0.611334 v _268_/B1 (sg13g2_a21oi_1)
     1    0.004085    0.056869    0.069583    0.680917 ^ _268_/Y (sg13g2_a21oi_1)
                                                         _084_ (net)
                      0.056869    0.000164    0.681081 ^ _269_/B (sg13g2_nor2_1)
     1    0.003810    0.031122    0.029382    0.710463 v _269_/Y (sg13g2_nor2_1)
                                                         net6 (net)
                      0.031123    0.000259    0.710722 v output6/A (sg13g2_buf_1)
     1    0.012969    0.033354    0.060510    0.771232 v output6/X (sg13g2_buf_1)
                                                         sine_out[11] (net)
                      0.033369    0.000663    0.771896 v sine_out[11] (out)
                                              0.771896   data arrival time

                                  5.000000    5.000000   clock clk (rise edge)
                                  0.000000    5.000000   clock network delay (propagated)
                                 -0.150000    4.850000   clock uncertainty
                                  0.000000    4.850000   clock reconvergence pessimism
                                 -1.000000    3.850000   output external delay
                                              3.850000   data required time
---------------------------------------------------------------------------------------------
                                              3.850000   data required time
                                             -0.771896   data arrival time
---------------------------------------------------------------------------------------------
                                              3.078104   slack (MET)


Startpoint: _290_ (rising edge-triggered flip-flop clocked by clk)
Endpoint: sine_out[7] (output port clocked by clk)
Path Group: clk
Path Type: max

Fanout         Cap        Slew       Delay        Time   Description
---------------------------------------------------------------------------------------------
                                  0.000000    0.000000   clock clk (rise edge)
                                  0.000000    0.000000   clock source latency
     1    0.023097    0.000000    0.000000    0.000000 ^ clk (in)
                                                         clk (net)
                      0.001061    0.000531    0.000531 ^ clkbuf_0_clk/A (sg13g2_buf_16)
     2    0.043486    0.015839    0.039542    0.040073 ^ clkbuf_0_clk/X (sg13g2_buf_16)
                                                         clknet_0_clk (net)
                      0.015961    0.001805    0.041877 ^ clkbuf_1_0__f_clk/A (sg13g2_buf_16)
     5    0.021880    0.013443    0.042750    0.084628 ^ clkbuf_1_0__f_clk/X (sg13g2_buf_16)
                                                         clknet_1_0__leaf_clk (net)
                      0.013446    0.000443    0.085071 ^ _290_/CLK (sg13g2_dfrbpq_1)
     4    0.023797    0.066080    0.145090    0.230161 ^ _290_/Q (sg13g2_dfrbpq_1)
                                                         DPATH.SUM.fa_2.A (net)
                      0.066224    0.002162    0.232322 ^ fanout37/A (sg13g2_buf_1)
     8    0.045519    0.122631    0.131722    0.364045 ^ fanout37/X (sg13g2_buf_1)
                                                         net37 (net)
                      0.122654    0.001405    0.365450 ^ _156_/B (sg13g2_nor2_1)
     5    0.025846    0.086173    0.103986    0.469435 v _156_/Y (sg13g2_nor2_1)
                                                         _106_ (net)
                      0.086222    0.000972    0.470408 v _201_/A (sg13g2_nor2b_1)
     3    0.019173    0.119651    0.117863    0.588271 ^ _201_/Y (sg13g2_nor2b_1)
                                                         _028_ (net)
                      0.119678    0.001529    0.589800 ^ _263_/A2 (sg13g2_a21oi_1)
     1    0.003412    0.044667    0.064875    0.654675 v _263_/Y (sg13g2_a21oi_1)
                                                         net19 (net)
                      0.044667    0.000136    0.654811 v output19/A (sg13g2_buf_1)
     1    0.013010    0.033789    0.064859    0.719670 v output19/X (sg13g2_buf_1)
                                                         sine_out[7] (net)
                      0.033803    0.000661    0.720330 v sine_out[7] (out)
                                              0.720330   data arrival time

                                  5.000000    5.000000   clock clk (rise edge)
                                  0.000000    5.000000   clock network delay (propagated)
                                 -0.150000    4.850000   clock uncertainty
                                  0.000000    4.850000   clock reconvergence pessimism
                                 -1.000000    3.850000   output external delay
                                              3.850000   data required time
---------------------------------------------------------------------------------------------
                                              3.850000   data required time
                                             -0.720330   data arrival time
---------------------------------------------------------------------------------------------
                                              3.129669   slack (MET)


Startpoint: _291_ (rising edge-triggered flip-flop clocked by clk)
Endpoint: sine_out[17] (output port clocked by clk)
Path Group: clk
Path Type: max

Fanout         Cap        Slew       Delay        Time   Description
---------------------------------------------------------------------------------------------
                                  0.000000    0.000000   clock clk (rise edge)
                                  0.000000    0.000000   clock source latency
     1    0.023097    0.000000    0.000000    0.000000 ^ clk (in)
                                                         clk (net)
                      0.001061    0.000531    0.000531 ^ clkbuf_0_clk/A (sg13g2_buf_16)
     2    0.043486    0.015839    0.039542    0.040073 ^ clkbuf_0_clk/X (sg13g2_buf_16)
                                                         clknet_0_clk (net)
                      0.015961    0.001805    0.041877 ^ clkbuf_1_0__f_clk/A (sg13g2_buf_16)
     5    0.021880    0.013443    0.042750    0.084628 ^ clkbuf_1_0__f_clk/X (sg13g2_buf_16)
                                                         clknet_1_0__leaf_clk (net)
                      0.013447    0.000455    0.085083 ^ _291_/CLK (sg13g2_dfrbpq_1)
     1    0.005997    0.019110    0.112120    0.197202 v _291_/Q (sg13g2_dfrbpq_1)
                                                         DPATH.SUM.fa_3.A (net)
                      0.019125    0.000591    0.197794 v fanout35/A (sg13g2_buf_1)
     5    0.029944    0.067592    0.082003    0.279797 v fanout35/X (sg13g2_buf_1)
                                                         net35 (net)
                      0.067951    0.004002    0.283799 v fanout34/A (sg13g2_buf_1)
     8    0.044133    0.097135    0.119524    0.403323 v fanout34/X (sg13g2_buf_1)
                                                         net34 (net)
                      0.097289    0.003200    0.406523 v _160_/A (sg13g2_nor2_1)
     4    0.026475    0.151076    0.148574    0.555097 ^ _160_/Y (sg13g2_nor2_1)
                                                         _110_ (net)
                      0.151095    0.001407    0.556504 ^ _276_/B (sg13g2_nand2b_1)
     1    0.003994    0.041127    0.061368    0.617872 v _276_/Y (sg13g2_nand2b_1)
                                                         _086_ (net)
                      0.041127    0.000160    0.618031 v _277_/C (sg13g2_nand3_1)
     1    0.003027    0.034546    0.033276    0.651308 ^ _277_/Y (sg13g2_nand3_1)
                                                         net12 (net)
                      0.034546    0.000234    0.651541 ^ output12/A (sg13g2_buf_1)
     1    0.011342    0.035718    0.060101    0.711643 ^ output12/X (sg13g2_buf_1)
                                                         sine_out[17] (net)
                      0.035725    0.000491    0.712134 ^ sine_out[17] (out)
                                              0.712134   data arrival time

                                  5.000000    5.000000   clock clk (rise edge)
                                  0.000000    5.000000   clock network delay (propagated)
                                 -0.150000    4.850000   clock uncertainty
                                  0.000000    4.850000   clock reconvergence pessimism
                                 -1.000000    3.850000   output external delay
                                              3.850000   data required time
---------------------------------------------------------------------------------------------
                                              3.850000   data required time
                                             -0.712134   data arrival time
---------------------------------------------------------------------------------------------
                                              3.137866   slack (MET)


Startpoint: _291_ (rising edge-triggered flip-flop clocked by clk)
Endpoint: sine_out[6] (output port clocked by clk)
Path Group: clk
Path Type: max

Fanout         Cap        Slew       Delay        Time   Description
---------------------------------------------------------------------------------------------
                                  0.000000    0.000000   clock clk (rise edge)
                                  0.000000    0.000000   clock source latency
     1    0.023097    0.000000    0.000000    0.000000 ^ clk (in)
                                                         clk (net)
                      0.001061    0.000531    0.000531 ^ clkbuf_0_clk/A (sg13g2_buf_16)
     2    0.043486    0.015839    0.039542    0.040073 ^ clkbuf_0_clk/X (sg13g2_buf_16)
                                                         clknet_0_clk (net)
                      0.015961    0.001805    0.041877 ^ clkbuf_1_0__f_clk/A (sg13g2_buf_16)
     5    0.021880    0.013443    0.042750    0.084628 ^ clkbuf_1_0__f_clk/X (sg13g2_buf_16)
                                                         clknet_1_0__leaf_clk (net)
                      0.013447    0.000455    0.085083 ^ _291_/CLK (sg13g2_dfrbpq_1)
     1    0.005997    0.019110    0.112120    0.197202 v _291_/Q (sg13g2_dfrbpq_1)
                                                         DPATH.SUM.fa_3.A (net)
                      0.019125    0.000591    0.197794 v fanout35/A (sg13g2_buf_1)
     5    0.029944    0.067592    0.082003    0.279797 v fanout35/X (sg13g2_buf_1)
                                                         net35 (net)
                      0.067951    0.004002    0.283799 v fanout34/A (sg13g2_buf_1)
     8    0.044133    0.097135    0.119524    0.403323 v fanout34/X (sg13g2_buf_1)
                                                         net34 (net)
                      0.097310    0.003402    0.406725 v _210_/A (sg13g2_nor2_1)
     4    0.020302    0.122078    0.124109    0.530835 ^ _210_/Y (sg13g2_nor2_1)
                                                         _037_ (net)
                      0.122098    0.001314    0.532149 ^ _211_/A (sg13g2_inv_1)
     1    0.004289    0.031039    0.040450    0.572599 v _211_/Y (sg13g2_inv_1)
                                                         _038_ (net)
                      0.031040    0.000321    0.572920 v _262_/A2 (sg13g2_a21oi_1)
     1    0.007936    0.061995    0.066661    0.639582 ^ _262_/Y (sg13g2_a21oi_1)
                                                         net18 (net)
                      0.062023    0.000537    0.640118 ^ output18/A (sg13g2_buf_1)
     1    0.011437    0.036683    0.069031    0.709149 ^ output18/X (sg13g2_buf_1)
                                                         sine_out[6] (net)
                      0.036690    0.000502    0.709651 ^ sine_out[6] (out)
                                              0.709651   data arrival time

                                  5.000000    5.000000   clock clk (rise edge)
                                  0.000000    5.000000   clock network delay (propagated)
                                 -0.150000    4.850000   clock uncertainty
                                  0.000000    4.850000   clock reconvergence pessimism
                                 -1.000000    3.850000   output external delay
                                              3.850000   data required time
---------------------------------------------------------------------------------------------
                                              3.850000   data required time
                                             -0.709651   data arrival time
---------------------------------------------------------------------------------------------
                                              3.140349   slack (MET)


Startpoint: _295_ (rising edge-triggered flip-flop clocked by clk)
Endpoint: signB (output port clocked by clk)
Path Group: clk
Path Type: max

Fanout         Cap        Slew       Delay        Time   Description
---------------------------------------------------------------------------------------------
                                  0.000000    0.000000   clock clk (rise edge)
                                  0.000000    0.000000   clock source latency
     1    0.023097    0.000000    0.000000    0.000000 ^ clk (in)
                                                         clk (net)
                      0.001061    0.000531    0.000531 ^ clkbuf_0_clk/A (sg13g2_buf_16)
     2    0.043486    0.015839    0.039542    0.040073 ^ clkbuf_0_clk/X (sg13g2_buf_16)
                                                         clknet_0_clk (net)
                      0.015979    0.001885    0.041958 ^ clkbuf_1_1__f_clk/A (sg13g2_buf_16)
     5    0.025994    0.014068    0.043182    0.085140 ^ clkbuf_1_1__f_clk/X (sg13g2_buf_16)
                                                         clknet_1_1__leaf_clk (net)
                      0.014106    0.001305    0.086445 ^ _295_/CLK (sg13g2_dfrbpq_1)
     3    0.016658    0.040399    0.129609    0.216053 v _295_/Q (sg13g2_dfrbpq_1)
                                                         net2 (net)
                      0.040440    0.001149    0.217203 v _133_/A (sg13g2_inv_1)
     1    0.005354    0.023593    0.027862    0.245065 ^ _133_/Y (sg13g2_inv_1)
                                                         net3 (net)
                      0.023611    0.000339    0.245403 ^ output3/A (sg13g2_buf_1)
     1    0.035716    0.097453    0.099252    0.344655 ^ output3/X (sg13g2_buf_1)
                                                         signB (net)
                      0.097665    0.003719    0.348374 ^ signB (out)
                                              0.348374   data arrival time

                                  5.000000    5.000000   clock clk (rise edge)
                                  0.000000    5.000000   clock network delay (propagated)
                                 -0.150000    4.850000   clock uncertainty
                                  0.000000    4.850000   clock reconvergence pessimism
                                 -1.000000    3.850000   output external delay
                                              3.850000   data required time
---------------------------------------------------------------------------------------------
                                              3.850000   data required time
                                             -0.348374   data arrival time
---------------------------------------------------------------------------------------------
                                              3.501626   slack (MET)


Startpoint: _295_ (rising edge-triggered flip-flop clocked by clk)
Endpoint: sign (output port clocked by clk)
Path Group: clk
Path Type: max

Fanout         Cap        Slew       Delay        Time   Description
---------------------------------------------------------------------------------------------
                                  0.000000    0.000000   clock clk (rise edge)
                                  0.000000    0.000000   clock source latency
     1    0.023097    0.000000    0.000000    0.000000 ^ clk (in)
                                                         clk (net)
                      0.001061    0.000531    0.000531 ^ clkbuf_0_clk/A (sg13g2_buf_16)
     2    0.043486    0.015839    0.039542    0.040073 ^ clkbuf_0_clk/X (sg13g2_buf_16)
                                                         clknet_0_clk (net)
                      0.015979    0.001885    0.041958 ^ clkbuf_1_1__f_clk/A (sg13g2_buf_16)
     5    0.025994    0.014068    0.043182    0.085140 ^ clkbuf_1_1__f_clk/X (sg13g2_buf_16)
                                                         clknet_1_1__leaf_clk (net)
                      0.014106    0.001305    0.086445 ^ _295_/CLK (sg13g2_dfrbpq_1)
     3    0.016643    0.048787    0.133161    0.219606 ^ _295_/Q (sg13g2_dfrbpq_1)
                                                         net2 (net)
                      0.048805    0.000901    0.220507 ^ output2/A (sg13g2_buf_1)
     1    0.034250    0.093741    0.105239    0.325746 ^ output2/X (sg13g2_buf_1)
                                                         sign (net)
                      0.093895    0.003111    0.328857 ^ sign (out)
                                              0.328857   data arrival time

                                  5.000000    5.000000   clock clk (rise edge)
                                  0.000000    5.000000   clock network delay (propagated)
                                 -0.150000    4.850000   clock uncertainty
                                  0.000000    4.850000   clock reconvergence pessimism
                                 -1.000000    3.850000   output external delay
                                              3.850000   data required time
---------------------------------------------------------------------------------------------
                                              3.850000   data required time
                                             -0.328857   data arrival time
---------------------------------------------------------------------------------------------
                                              3.521143   slack (MET)


Startpoint: _289_ (rising edge-triggered flip-flop clocked by clk)
Endpoint: _294_ (rising edge-triggered flip-flop clocked by clk)
Path Group: clk
Path Type: max

Fanout         Cap        Slew       Delay        Time   Description
---------------------------------------------------------------------------------------------
                                  0.000000    0.000000   clock clk (rise edge)
                                  0.000000    0.000000   clock source latency
     1    0.023097    0.000000    0.000000    0.000000 ^ clk (in)
                                                         clk (net)
                      0.001061    0.000531    0.000531 ^ clkbuf_0_clk/A (sg13g2_buf_16)
     2    0.043486    0.015839    0.039542    0.040073 ^ clkbuf_0_clk/X (sg13g2_buf_16)
                                                         clknet_0_clk (net)
                      0.015961    0.001805    0.041877 ^ clkbuf_1_0__f_clk/A (sg13g2_buf_16)
     5    0.021880    0.013443    0.042750    0.084628 ^ clkbuf_1_0__f_clk/X (sg13g2_buf_16)
                                                         clknet_1_0__leaf_clk (net)
                      0.013443    0.000163    0.084791 ^ _289_/CLK (sg13g2_dfrbpq_1)
     1    0.006614    0.024370    0.114333    0.199125 ^ _289_/Q (sg13g2_dfrbpq_1)
                                                         DPATH.SUM.fa_1.A (net)
                      0.024393    0.000463    0.199587 ^ fanout39/A (sg13g2_buf_1)
     8    0.054345    0.144749    0.133749    0.333336 ^ fanout39/X (sg13g2_buf_1)
                                                         net39 (net)
                      0.144796    0.002169    0.335505 ^ fanout38/A (sg13g2_buf_1)
     8    0.038882    0.105566    0.139950    0.475454 ^ fanout38/X (sg13g2_buf_1)
                                                         net38 (net)
                      0.105622    0.002003    0.477458 ^ _137_/B (sg13g2_xnor2_1)
     2    0.010685    0.066871    0.082892    0.560350 v _137_/Y (sg13g2_xnor2_1)
                                                         _091_ (net)
                      0.066871    0.000308    0.560658 v _138_/A2 (sg13g2_o21ai_1)
     2    0.013806    0.117719    0.117103    0.677761 ^ _138_/Y (sg13g2_o21ai_1)
                                                         _092_ (net)
                      0.117724    0.000600    0.678361 ^ _140_/A1 (sg13g2_a21oi_1)
     2    0.011871    0.075840    0.096815    0.775176 v _140_/Y (sg13g2_a21oi_1)
                                                         _094_ (net)
                      0.075840    0.000325    0.775501 v _144_/A1 (sg13g2_o21ai_1)
     2    0.013022    0.109342    0.117837    0.893338 ^ _144_/Y (sg13g2_o21ai_1)
                                                         _097_ (net)
                      0.109353    0.000895    0.894232 ^ _148_/A1 (sg13g2_a21oi_1)
     2    0.013934    0.082485    0.101785    0.996017 v _148_/Y (sg13g2_a21oi_1)
                                                         _100_ (net)
                      0.082502    0.000974    0.996991 v _152_/A1 (sg13g2_o21ai_1)
     1    0.008504    0.083182    0.098558    1.095549 ^ _152_/Y (sg13g2_o21ai_1)
                                                         _103_ (net)
                      0.083187    0.000667    1.096217 ^ _154_/A (sg13g2_xnor2_1)
     1    0.003723    0.049532    0.075440    1.171657 ^ _154_/Y (sg13g2_xnor2_1)
                                                         DPATH.SUM.fa_6.S (net)
                      0.049532    0.000219    1.171876 ^ _294_/D (sg13g2_dfrbpq_1)
                                              1.171876   data arrival time

                                  5.000000    5.000000   clock clk (rise edge)
                                  0.000000    5.000000   clock source latency
     1    0.019841    0.000000    0.000000    5.000000 ^ clk (in)
                                                         clk (net)
                      0.000895    0.000448    5.000448 ^ clkbuf_0_clk/A (sg13g2_buf_16)
     2    0.036974    0.014915    0.038774    5.039222 ^ clkbuf_0_clk/X (sg13g2_buf_16)
                                                         clknet_0_clk (net)
                      0.014981    0.001601    5.040823 ^ clkbuf_1_1__f_clk/A (sg13g2_buf_16)
     5    0.023065    0.013582    0.042466    5.083289 ^ clkbuf_1_1__f_clk/X (sg13g2_buf_16)
                                                         clknet_1_1__leaf_clk (net)
                      0.013610    0.001124    5.084414 ^ _294_/CLK (sg13g2_dfrbpq_1)
                                 -0.150000    4.934413   clock uncertainty
                                  0.000851    4.935265   clock reconvergence pessimism
                                 -0.083892    4.851373   library setup time
                                              4.851373   data required time
---------------------------------------------------------------------------------------------
                                              4.851373   data required time
                                             -1.171876   data arrival time
---------------------------------------------------------------------------------------------
                                              3.679497   slack (MET)


Startpoint: _289_ (rising edge-triggered flip-flop clocked by clk)
Endpoint: _293_ (rising edge-triggered flip-flop clocked by clk)
Path Group: clk
Path Type: max

Fanout         Cap        Slew       Delay        Time   Description
---------------------------------------------------------------------------------------------
                                  0.000000    0.000000   clock clk (rise edge)
                                  0.000000    0.000000   clock source latency
     1    0.023097    0.000000    0.000000    0.000000 ^ clk (in)
                                                         clk (net)
                      0.001061    0.000531    0.000531 ^ clkbuf_0_clk/A (sg13g2_buf_16)
     2    0.043486    0.015839    0.039542    0.040073 ^ clkbuf_0_clk/X (sg13g2_buf_16)
                                                         clknet_0_clk (net)
                      0.015961    0.001805    0.041877 ^ clkbuf_1_0__f_clk/A (sg13g2_buf_16)
     5    0.021880    0.013443    0.042750    0.084628 ^ clkbuf_1_0__f_clk/X (sg13g2_buf_16)
                                                         clknet_1_0__leaf_clk (net)
                      0.013443    0.000163    0.084791 ^ _289_/CLK (sg13g2_dfrbpq_1)
     1    0.006614    0.024370    0.114333    0.199125 ^ _289_/Q (sg13g2_dfrbpq_1)
                                                         DPATH.SUM.fa_1.A (net)
                      0.024393    0.000463    0.199587 ^ fanout39/A (sg13g2_buf_1)
     8    0.054345    0.144749    0.133749    0.333336 ^ fanout39/X (sg13g2_buf_1)
                                                         net39 (net)
                      0.144796    0.002169    0.335505 ^ fanout38/A (sg13g2_buf_1)
     8    0.038882    0.105566    0.139950    0.475454 ^ fanout38/X (sg13g2_buf_1)
                                                         net38 (net)
                      0.105622    0.002003    0.477458 ^ _137_/B (sg13g2_xnor2_1)
     2    0.010685    0.066871    0.082892    0.560350 v _137_/Y (sg13g2_xnor2_1)
                                                         _091_ (net)
                      0.066871    0.000308    0.560658 v _138_/A2 (sg13g2_o21ai_1)
     2    0.013806    0.117719    0.117103    0.677761 ^ _138_/Y (sg13g2_o21ai_1)
                                                         _092_ (net)
                      0.117724    0.000600    0.678361 ^ _140_/A1 (sg13g2_a21oi_1)
     2    0.011871    0.075840    0.096815    0.775176 v _140_/Y (sg13g2_a21oi_1)
                                                         _094_ (net)
                      0.075840    0.000325    0.775501 v _144_/A1 (sg13g2_o21ai_1)
     2    0.013022    0.109342    0.117837    0.893338 ^ _144_/Y (sg13g2_o21ai_1)
                                                         _097_ (net)
                      0.109353    0.000895    0.894232 ^ _148_/A1 (sg13g2_a21oi_1)
     2    0.013934    0.082485    0.101785    0.996017 v _148_/Y (sg13g2_a21oi_1)
                                                         _100_ (net)
                      0.082503    0.001000    0.997018 v _151_/A (sg13g2_xor2_1)
     1    0.002690    0.042249    0.078795    1.075813 v _151_/X (sg13g2_xor2_1)
                                                         DPATH.SUM.fa_5.S (net)
                      0.042249    0.000101    1.075914 v _293_/D (sg13g2_dfrbpq_1)
                                              1.075914   data arrival time

                                  5.000000    5.000000   clock clk (rise edge)
                                  0.000000    5.000000   clock source latency
     1    0.019841    0.000000    0.000000    5.000000 ^ clk (in)
                                                         clk (net)
                      0.000895    0.000448    5.000448 ^ clkbuf_0_clk/A (sg13g2_buf_16)
     2    0.036974    0.014915    0.038774    5.039222 ^ clkbuf_0_clk/X (sg13g2_buf_16)
                                                         clknet_0_clk (net)
                      0.014981    0.001601    5.040823 ^ clkbuf_1_1__f_clk/A (sg13g2_buf_16)
     5    0.023065    0.013582    0.042466    5.083289 ^ clkbuf_1_1__f_clk/X (sg13g2_buf_16)
                                                         clknet_1_1__leaf_clk (net)
                      0.013624    0.001339    5.084629 ^ _293_/CLK (sg13g2_dfrbpq_1)
                                 -0.150000    4.934628   clock uncertainty
                                  0.000851    4.935480   clock reconvergence pessimism
                                 -0.075737    4.859743   library setup time
                                              4.859743   data required time
---------------------------------------------------------------------------------------------
                                              4.859743   data required time
                                             -1.075914   data arrival time
---------------------------------------------------------------------------------------------
                                              3.783829   slack (MET)


Startpoint: _290_ (rising edge-triggered flip-flop clocked by clk)
Endpoint: _296_ (rising edge-triggered flip-flop clocked by clk)
Path Group: clk
Path Type: max

Fanout         Cap        Slew       Delay        Time   Description
---------------------------------------------------------------------------------------------
                                  0.000000    0.000000   clock clk (rise edge)
                                  0.000000    0.000000   clock source latency
     1    0.023097    0.000000    0.000000    0.000000 ^ clk (in)
                                                         clk (net)
                      0.001061    0.000531    0.000531 ^ clkbuf_0_clk/A (sg13g2_buf_16)
     2    0.043486    0.015839    0.039542    0.040073 ^ clkbuf_0_clk/X (sg13g2_buf_16)
                                                         clknet_0_clk (net)
                      0.015961    0.001805    0.041877 ^ clkbuf_1_0__f_clk/A (sg13g2_buf_16)
     5    0.021880    0.013443    0.042750    0.084628 ^ clkbuf_1_0__f_clk/X (sg13g2_buf_16)
                                                         clknet_1_0__leaf_clk (net)
                      0.013446    0.000443    0.085071 ^ _290_/CLK (sg13g2_dfrbpq_1)
     4    0.023797    0.066080    0.145090    0.230161 ^ _290_/Q (sg13g2_dfrbpq_1)
                                                         DPATH.SUM.fa_2.A (net)
                      0.066224    0.002162    0.232322 ^ fanout37/A (sg13g2_buf_1)
     8    0.045519    0.122631    0.131722    0.364045 ^ fanout37/X (sg13g2_buf_1)
                                                         net37 (net)
                      0.122640    0.000879    0.364924 ^ fanout36/A (sg13g2_buf_1)
     8    0.048933    0.131799    0.152436    0.517360 ^ fanout36/X (sg13g2_buf_1)
                                                         net36 (net)
                      0.131921    0.003299    0.520660 ^ _164_/B (sg13g2_and2_1)
     5    0.023453    0.067590    0.125149    0.645808 ^ _164_/X (sg13g2_and2_1)
                                                         _113_ (net)
                      0.067611    0.001150    0.646959 ^ _166_/B (sg13g2_nand2_1)
     4    0.022841    0.113499    0.105365    0.752323 v _166_/Y (sg13g2_nand2_1)
                                                         _115_ (net)
                      0.113591    0.002300    0.754623 v _168_/A (sg13g2_nor2_1)
     2    0.013640    0.097908    0.099551    0.854174 ^ _168_/Y (sg13g2_nor2_1)
                                                         _117_ (net)
                      0.097921    0.000969    0.855143 ^ _170_/A1 (sg13g2_a21o_1)
     1    0.005217    0.026041    0.095468    0.950611 ^ _170_/X (sg13g2_a21o_1)
                                                         _119_ (net)
                      0.026047    0.000362    0.950973 ^ _171_/B (sg13g2_and2_1)
     1    0.003848    0.021022    0.057753    1.008726 ^ _171_/X (sg13g2_and2_1)
                                                         CTRL.P0 (net)
                      0.021022    0.000228    1.008955 ^ _296_/D (sg13g2_dfrbpq_1)
                                              1.008955   data arrival time

                                  5.000000    5.000000   clock clk (rise edge)
                                  0.000000    5.000000   clock source latency
     1    0.019841    0.000000    0.000000    5.000000 ^ clk (in)
                                                         clk (net)
                      0.000895    0.000448    5.000448 ^ clkbuf_0_clk/A (sg13g2_buf_16)
     2    0.036974    0.014915    0.038774    5.039222 ^ clkbuf_0_clk/X (sg13g2_buf_16)
                                                         clknet_0_clk (net)
                      0.014981    0.001601    5.040823 ^ clkbuf_1_1__f_clk/A (sg13g2_buf_16)
     5    0.023065    0.013582    0.042466    5.083289 ^ clkbuf_1_1__f_clk/X (sg13g2_buf_16)
                                                         clknet_1_1__leaf_clk (net)
                      0.013607    0.001074    5.084363 ^ _296_/CLK (sg13g2_dfrbpq_1)
                                 -0.150000    4.934363   clock uncertainty
                                  0.000851    4.935215   clock reconvergence pessimism
                                 -0.076948    4.858266   library setup time
                                              4.858266   data required time
---------------------------------------------------------------------------------------------
                                              4.858266   data required time
                                             -1.008955   data arrival time
---------------------------------------------------------------------------------------------
                                              3.849312   slack (MET)


Startpoint: _289_ (rising edge-triggered flip-flop clocked by clk)
Endpoint: _292_ (rising edge-triggered flip-flop clocked by clk)
Path Group: clk
Path Type: max

Fanout         Cap        Slew       Delay        Time   Description
---------------------------------------------------------------------------------------------
                                  0.000000    0.000000   clock clk (rise edge)
                                  0.000000    0.000000   clock source latency
     1    0.023097    0.000000    0.000000    0.000000 ^ clk (in)
                                                         clk (net)
                      0.001061    0.000531    0.000531 ^ clkbuf_0_clk/A (sg13g2_buf_16)
     2    0.043486    0.015839    0.039542    0.040073 ^ clkbuf_0_clk/X (sg13g2_buf_16)
                                                         clknet_0_clk (net)
                      0.015961    0.001805    0.041877 ^ clkbuf_1_0__f_clk/A (sg13g2_buf_16)
     5    0.021880    0.013443    0.042750    0.084628 ^ clkbuf_1_0__f_clk/X (sg13g2_buf_16)
                                                         clknet_1_0__leaf_clk (net)
                      0.013443    0.000163    0.084791 ^ _289_/CLK (sg13g2_dfrbpq_1)
     1    0.006614    0.024370    0.114333    0.199125 ^ _289_/Q (sg13g2_dfrbpq_1)
                                                         DPATH.SUM.fa_1.A (net)
                      0.024393    0.000463    0.199587 ^ fanout39/A (sg13g2_buf_1)
     8    0.054345    0.144749    0.133749    0.333336 ^ fanout39/X (sg13g2_buf_1)
                                                         net39 (net)
                      0.144796    0.002169    0.335505 ^ fanout38/A (sg13g2_buf_1)
     8    0.038882    0.105566    0.139950    0.475454 ^ fanout38/X (sg13g2_buf_1)
                                                         net38 (net)
                      0.105622    0.002003    0.477458 ^ _137_/B (sg13g2_xnor2_1)
     2    0.010685    0.066871    0.082892    0.560350 v _137_/Y (sg13g2_xnor2_1)
                                                         _091_ (net)
                      0.066871    0.000308    0.560658 v _138_/A2 (sg13g2_o21ai_1)
     2    0.013806    0.117719    0.117103    0.677761 ^ _138_/Y (sg13g2_o21ai_1)
                                                         _092_ (net)
                      0.117724    0.000600    0.678361 ^ _140_/A1 (sg13g2_a21oi_1)
     2    0.011871    0.075840    0.096815    0.775176 v _140_/Y (sg13g2_a21oi_1)
                                                         _094_ (net)
                      0.075840    0.000325    0.775501 v _144_/A1 (sg13g2_o21ai_1)
     2    0.013022    0.109342    0.117837    0.893338 ^ _144_/Y (sg13g2_o21ai_1)
                                                         _097_ (net)
                      0.109356    0.000998    0.894336 ^ _147_/A (sg13g2_xor2_1)
     1    0.002405    0.040689    0.087184    0.981520 ^ _147_/X (sg13g2_xor2_1)
                                                         DPATH.SUM.fa_4.S (net)
                      0.040689    0.000186    0.981706 ^ _292_/D (sg13g2_dfrbpq_1)
                                              0.981706   data arrival time

                                  5.000000    5.000000   clock clk (rise edge)
                                  0.000000    5.000000   clock source latency
     1    0.019841    0.000000    0.000000    5.000000 ^ clk (in)
                                                         clk (net)
                      0.000895    0.000448    5.000448 ^ clkbuf_0_clk/A (sg13g2_buf_16)
     2    0.036974    0.014915    0.038774    5.039222 ^ clkbuf_0_clk/X (sg13g2_buf_16)
                                                         clknet_0_clk (net)
                      0.014972    0.001528    5.040750 ^ clkbuf_1_0__f_clk/A (sg13g2_buf_16)
     5    0.019165    0.012986    0.042043    5.082793 ^ clkbuf_1_0__f_clk/X (sg13g2_buf_16)
                                                         clknet_1_0__leaf_clk (net)
                      0.012992    0.000545    5.083338 ^ _292_/CLK (sg13g2_dfrbpq_1)
                                 -0.150000    4.933338   clock uncertainty
                                  0.001835    4.935174   clock reconvergence pessimism
                                 -0.081808    4.853365   library setup time
                                              4.853365   data required time
---------------------------------------------------------------------------------------------
                                              4.853365   data required time
                                             -0.981706   data arrival time
---------------------------------------------------------------------------------------------
                                              3.871660   slack (MET)


Startpoint: _290_ (rising edge-triggered flip-flop clocked by clk)
Endpoint: _295_ (rising edge-triggered flip-flop clocked by clk)
Path Group: clk
Path Type: max

Fanout         Cap        Slew       Delay        Time   Description
---------------------------------------------------------------------------------------------
                                  0.000000    0.000000   clock clk (rise edge)
                                  0.000000    0.000000   clock source latency
     1    0.023097    0.000000    0.000000    0.000000 ^ clk (in)
                                                         clk (net)
                      0.001061    0.000531    0.000531 ^ clkbuf_0_clk/A (sg13g2_buf_16)
     2    0.043486    0.015839    0.039542    0.040073 ^ clkbuf_0_clk/X (sg13g2_buf_16)
                                                         clknet_0_clk (net)
                      0.015961    0.001805    0.041877 ^ clkbuf_1_0__f_clk/A (sg13g2_buf_16)
     5    0.021880    0.013443    0.042750    0.084628 ^ clkbuf_1_0__f_clk/X (sg13g2_buf_16)
                                                         clknet_1_0__leaf_clk (net)
                      0.013446    0.000443    0.085071 ^ _290_/CLK (sg13g2_dfrbpq_1)
     4    0.023649    0.053820    0.139493    0.224564 v _290_/Q (sg13g2_dfrbpq_1)
                                                         DPATH.SUM.fa_2.A (net)
                      0.053927    0.002145    0.226709 v fanout37/A (sg13g2_buf_1)
     8    0.043018    0.094170    0.114033    0.340743 v fanout37/X (sg13g2_buf_1)
                                                         net37 (net)
                      0.094196    0.001316    0.342059 v _156_/B (sg13g2_nor2_1)
     5    0.026742    0.152982    0.152579    0.494639 ^ _156_/Y (sg13g2_nor2_1)
                                                         _106_ (net)
                      0.152986    0.000684    0.495322 ^ _157_/A (sg13g2_inv_1)
     4    0.017306    0.072506    0.086897    0.582220 v _157_/Y (sg13g2_inv_1)
                                                         _107_ (net)
                      0.072527    0.001129    0.583349 v _158_/B (sg13g2_nor2_1)
     1    0.004682    0.048982    0.051157    0.634506 ^ _158_/Y (sg13g2_nor2_1)
                                                         _108_ (net)
                      0.048983    0.000341    0.634847 ^ _162_/C (sg13g2_nand4_1)
     2    0.015261    0.144419    0.143550    0.778397 v _162_/Y (sg13g2_nand4_1)
                                                         _112_ (net)
                      0.144422    0.000577    0.778974 v _163_/B (sg13g2_xnor2_1)
     1    0.002801    0.034002    0.088260    0.867234 v _163_/Y (sg13g2_xnor2_1)
                                                         CTRL.P1 (net)
                      0.034002    0.000177    0.867410 v _295_/D (sg13g2_dfrbpq_1)
                                              0.867410   data arrival time

                                  5.000000    5.000000   clock clk (rise edge)
                                  0.000000    5.000000   clock source latency
     1    0.019841    0.000000    0.000000    5.000000 ^ clk (in)
                                                         clk (net)
                      0.000895    0.000448    5.000448 ^ clkbuf_0_clk/A (sg13g2_buf_16)
     2    0.036974    0.014915    0.038774    5.039222 ^ clkbuf_0_clk/X (sg13g2_buf_16)
                                                         clknet_0_clk (net)
                      0.014981    0.001601    5.040823 ^ clkbuf_1_1__f_clk/A (sg13g2_buf_16)
     5    0.023065    0.013582    0.042466    5.083289 ^ clkbuf_1_1__f_clk/X (sg13g2_buf_16)
                                                         clknet_1_1__leaf_clk (net)
                      0.013611    0.001148    5.084437 ^ _295_/CLK (sg13g2_dfrbpq_1)
                                 -0.150000    4.934437   clock uncertainty
                                  0.000851    4.935289   clock reconvergence pessimism
                                 -0.073528    4.861761   library setup time
                                              4.861761   data required time
---------------------------------------------------------------------------------------------
                                              4.861761   data required time
                                             -0.867410   data arrival time
---------------------------------------------------------------------------------------------
                                              3.994350   slack (MET)


Startpoint: _289_ (rising edge-triggered flip-flop clocked by clk)
Endpoint: _291_ (rising edge-triggered flip-flop clocked by clk)
Path Group: clk
Path Type: max

Fanout         Cap        Slew       Delay        Time   Description
---------------------------------------------------------------------------------------------
                                  0.000000    0.000000   clock clk (rise edge)
                                  0.000000    0.000000   clock source latency
     1    0.023097    0.000000    0.000000    0.000000 ^ clk (in)
                                                         clk (net)
                      0.001061    0.000531    0.000531 ^ clkbuf_0_clk/A (sg13g2_buf_16)
     2    0.043486    0.015839    0.039542    0.040073 ^ clkbuf_0_clk/X (sg13g2_buf_16)
                                                         clknet_0_clk (net)
                      0.015961    0.001805    0.041877 ^ clkbuf_1_0__f_clk/A (sg13g2_buf_16)
     5    0.021880    0.013443    0.042750    0.084628 ^ clkbuf_1_0__f_clk/X (sg13g2_buf_16)
                                                         clknet_1_0__leaf_clk (net)
                      0.013443    0.000163    0.084791 ^ _289_/CLK (sg13g2_dfrbpq_1)
     1    0.006614    0.024370    0.114333    0.199125 ^ _289_/Q (sg13g2_dfrbpq_1)
                                                         DPATH.SUM.fa_1.A (net)
                      0.024393    0.000463    0.199587 ^ fanout39/A (sg13g2_buf_1)
     8    0.054345    0.144749    0.133749    0.333336 ^ fanout39/X (sg13g2_buf_1)
                                                         net39 (net)
                      0.144796    0.002169    0.335505 ^ fanout38/A (sg13g2_buf_1)
     8    0.038882    0.105566    0.139950    0.475454 ^ fanout38/X (sg13g2_buf_1)
                                                         net38 (net)
                      0.105622    0.002003    0.477458 ^ _137_/B (sg13g2_xnor2_1)
     2    0.010685    0.066871    0.082892    0.560350 v _137_/Y (sg13g2_xnor2_1)
                                                         _091_ (net)
                      0.066871    0.000308    0.560658 v _138_/A2 (sg13g2_o21ai_1)
     2    0.013806    0.117719    0.117103    0.677761 ^ _138_/Y (sg13g2_o21ai_1)
                                                         _092_ (net)
                      0.117724    0.000600    0.678361 ^ _140_/A1 (sg13g2_a21oi_1)
     2    0.011871    0.075840    0.096815    0.775176 v _140_/Y (sg13g2_a21oi_1)
                                                         _094_ (net)
                      0.075841    0.000404    0.775579 v _143_/A (sg13g2_xor2_1)
     1    0.002980    0.041964    0.077540    0.853119 v _143_/X (sg13g2_xor2_1)
                                                         DPATH.SUM.fa_3.S (net)
                      0.041964    0.000188    0.853307 v _291_/D (sg13g2_dfrbpq_1)
                                              0.853307   data arrival time

                                  5.000000    5.000000   clock clk (rise edge)
                                  0.000000    5.000000   clock source latency
     1    0.019841    0.000000    0.000000    5.000000 ^ clk (in)
                                                         clk (net)
                      0.000895    0.000448    5.000448 ^ clkbuf_0_clk/A (sg13g2_buf_16)
     2    0.036974    0.014915    0.038774    5.039222 ^ clkbuf_0_clk/X (sg13g2_buf_16)
                                                         clknet_0_clk (net)
                      0.014972    0.001528    5.040750 ^ clkbuf_1_0__f_clk/A (sg13g2_buf_16)
     5    0.019165    0.012986    0.042043    5.082793 ^ clkbuf_1_0__f_clk/X (sg13g2_buf_16)
                                                         clknet_1_0__leaf_clk (net)
                      0.012990    0.000397    5.083190 ^ _291_/CLK (sg13g2_dfrbpq_1)
                                 -0.150000    4.933190   clock uncertainty
                                  0.001835    4.935025   clock reconvergence pessimism
                                 -0.075779    4.859246   library setup time
                                              4.859246   data required time
---------------------------------------------------------------------------------------------
                                              4.859246   data required time
                                             -0.853307   data arrival time
---------------------------------------------------------------------------------------------
                                              4.005939   slack (MET)


Startpoint: _289_ (rising edge-triggered flip-flop clocked by clk)
Endpoint: _290_ (rising edge-triggered flip-flop clocked by clk)
Path Group: clk
Path Type: max

Fanout         Cap        Slew       Delay        Time   Description
---------------------------------------------------------------------------------------------
                                  0.000000    0.000000   clock clk (rise edge)
                                  0.000000    0.000000   clock source latency
     1    0.023097    0.000000    0.000000    0.000000 ^ clk (in)
                                                         clk (net)
                      0.001061    0.000531    0.000531 ^ clkbuf_0_clk/A (sg13g2_buf_16)
     2    0.043486    0.015839    0.039542    0.040073 ^ clkbuf_0_clk/X (sg13g2_buf_16)
                                                         clknet_0_clk (net)
                      0.015961    0.001805    0.041877 ^ clkbuf_1_0__f_clk/A (sg13g2_buf_16)
     5    0.021880    0.013443    0.042750    0.084628 ^ clkbuf_1_0__f_clk/X (sg13g2_buf_16)
                                                         clknet_1_0__leaf_clk (net)
                      0.013443    0.000163    0.084791 ^ _289_/CLK (sg13g2_dfrbpq_1)
     1    0.006614    0.024370    0.114333    0.199125 ^ _289_/Q (sg13g2_dfrbpq_1)
                                                         DPATH.SUM.fa_1.A (net)
                      0.024393    0.000463    0.199587 ^ fanout39/A (sg13g2_buf_1)
     8    0.054345    0.144749    0.133749    0.333336 ^ fanout39/X (sg13g2_buf_1)
                                                         net39 (net)
                      0.144796    0.002169    0.335505 ^ fanout38/A (sg13g2_buf_1)
     8    0.038882    0.105566    0.139950    0.475454 ^ fanout38/X (sg13g2_buf_1)
                                                         net38 (net)
                      0.105622    0.002003    0.477458 ^ _137_/B (sg13g2_xnor2_1)
     2    0.010685    0.066871    0.082892    0.560350 v _137_/Y (sg13g2_xnor2_1)
                                                         _091_ (net)
                      0.066871    0.000308    0.560658 v _138_/A2 (sg13g2_o21ai_1)
     2    0.013806    0.117719    0.117103    0.677761 ^ _138_/Y (sg13g2_o21ai_1)
                                                         _092_ (net)
                      0.117722    0.000463    0.678224 ^ _278_/A (sg13g2_xor2_1)
     1    0.002402    0.041620    0.089216    0.767440 ^ _278_/X (sg13g2_xor2_1)
                                                         DPATH.SUM.fa_2.S (net)
                      0.041620    0.000162    0.767601 ^ _290_/D (sg13g2_dfrbpq_1)
                                              0.767601   data arrival time

                                  5.000000    5.000000   clock clk (rise edge)
                                  0.000000    5.000000   clock source latency
     1    0.019841    0.000000    0.000000    5.000000 ^ clk (in)
                                                         clk (net)
                      0.000895    0.000448    5.000448 ^ clkbuf_0_clk/A (sg13g2_buf_16)
     2    0.036974    0.014915    0.038774    5.039222 ^ clkbuf_0_clk/X (sg13g2_buf_16)
                                                         clknet_0_clk (net)
                      0.014972    0.001528    5.040750 ^ clkbuf_1_0__f_clk/A (sg13g2_buf_16)
     5    0.019165    0.012986    0.042043    5.082793 ^ clkbuf_1_0__f_clk/X (sg13g2_buf_16)
                                                         clknet_1_0__leaf_clk (net)
                      0.012989    0.000386    5.083179 ^ _290_/CLK (sg13g2_dfrbpq_1)
                                 -0.150000    4.933179   clock uncertainty
                                  0.001835    4.935014   clock reconvergence pessimism
                                 -0.082035    4.852979   library setup time
                                              4.852979   data required time
---------------------------------------------------------------------------------------------
                                              4.852979   data required time
                                             -0.767601   data arrival time
---------------------------------------------------------------------------------------------
                                              4.085378   slack (MET)


Startpoint: _289_ (rising edge-triggered flip-flop clocked by clk)
Endpoint: _289_ (rising edge-triggered flip-flop clocked by clk)
Path Group: clk
Path Type: max

Fanout         Cap        Slew       Delay        Time   Description
---------------------------------------------------------------------------------------------
                                  0.000000    0.000000   clock clk (rise edge)
                                  0.000000    0.000000   clock source latency
     1    0.023097    0.000000    0.000000    0.000000 ^ clk (in)
                                                         clk (net)
                      0.001061    0.000531    0.000531 ^ clkbuf_0_clk/A (sg13g2_buf_16)
     2    0.043486    0.015839    0.039542    0.040073 ^ clkbuf_0_clk/X (sg13g2_buf_16)
                                                         clknet_0_clk (net)
                      0.015961    0.001805    0.041877 ^ clkbuf_1_0__f_clk/A (sg13g2_buf_16)
     5    0.021880    0.013443    0.042750    0.084628 ^ clkbuf_1_0__f_clk/X (sg13g2_buf_16)
                                                         clknet_1_0__leaf_clk (net)
                      0.013443    0.000163    0.084791 ^ _289_/CLK (sg13g2_dfrbpq_1)
     1    0.006614    0.024370    0.114333    0.199125 ^ _289_/Q (sg13g2_dfrbpq_1)
                                                         DPATH.SUM.fa_1.A (net)
                      0.024393    0.000463    0.199587 ^ fanout39/A (sg13g2_buf_1)
     8    0.054345    0.144749    0.133749    0.333336 ^ fanout39/X (sg13g2_buf_1)
                                                         net39 (net)
                      0.144796    0.002169    0.335505 ^ fanout38/A (sg13g2_buf_1)
     8    0.038882    0.105566    0.139950    0.475454 ^ fanout38/X (sg13g2_buf_1)
                                                         net38 (net)
                      0.105622    0.002003    0.477458 ^ _137_/B (sg13g2_xnor2_1)
     2    0.011800    0.091030    0.102421    0.579879 ^ _137_/Y (sg13g2_xnor2_1)
                                                         _091_ (net)
                      0.091033    0.000393    0.580271 ^ _279_/B (sg13g2_xnor2_1)
     1    0.002623    0.048230    0.074727    0.654999 ^ _279_/Y (sg13g2_xnor2_1)
                                                         DPATH.SUM.fa_1.S (net)
                      0.048231    0.000173    0.655172 ^ _289_/D (sg13g2_dfrbpq_1)
                                              0.655172   data arrival time

                                  5.000000    5.000000   clock clk (rise edge)
                                  0.000000    5.000000   clock source latency
     1    0.019841    0.000000    0.000000    5.000000 ^ clk (in)
                                                         clk (net)
                      0.000895    0.000448    5.000448 ^ clkbuf_0_clk/A (sg13g2_buf_16)
     2    0.036974    0.014915    0.038774    5.039222 ^ clkbuf_0_clk/X (sg13g2_buf_16)
                                                         clknet_0_clk (net)
                      0.014972    0.001528    5.040750 ^ clkbuf_1_0__f_clk/A (sg13g2_buf_16)
     5    0.019165    0.012986    0.042043    5.082793 ^ clkbuf_1_0__f_clk/X (sg13g2_buf_16)
                                                         clknet_1_0__leaf_clk (net)
                      0.012987    0.000140    5.082933 ^ _289_/CLK (sg13g2_dfrbpq_1)
                                 -0.150000    4.932933   clock uncertainty
                                  0.001858    4.934791   clock reconvergence pessimism
                                 -0.083646    4.851145   library setup time
                                              4.851145   data required time
---------------------------------------------------------------------------------------------
                                              4.851145   data required time
                                             -0.655172   data arrival time
---------------------------------------------------------------------------------------------
                                              4.195973   slack (MET)


Startpoint: _288_ (rising edge-triggered flip-flop clocked by clk)
Endpoint: _288_ (rising edge-triggered flip-flop clocked by clk)
Path Group: clk
Path Type: max

Fanout         Cap        Slew       Delay        Time   Description
---------------------------------------------------------------------------------------------
                                  0.000000    0.000000   clock clk (rise edge)
                                  0.000000    0.000000   clock source latency
     1    0.023097    0.000000    0.000000    0.000000 ^ clk (in)
                                                         clk (net)
                      0.001061    0.000531    0.000531 ^ clkbuf_0_clk/A (sg13g2_buf_16)
     2    0.043486    0.015839    0.039542    0.040073 ^ clkbuf_0_clk/X (sg13g2_buf_16)
                                                         clknet_0_clk (net)
                      0.015961    0.001805    0.041877 ^ clkbuf_1_0__f_clk/A (sg13g2_buf_16)
     5    0.021880    0.013443    0.042750    0.084628 ^ clkbuf_1_0__f_clk/X (sg13g2_buf_16)
                                                         clknet_1_0__leaf_clk (net)
                      0.013447    0.000469    0.085097 ^ _288_/CLK (sg13g2_dfrbpq_1)
     1    0.004289    0.019043    0.110024    0.195121 ^ _288_/Q (sg13g2_dfrbpq_1)
                                                         DPATH.SUM.Cout0 (net)
                      0.019043    0.000305    0.195426 ^ fanout41/A (sg13g2_buf_1)
     8    0.051817    0.138848    0.126262    0.321688 ^ fanout41/X (sg13g2_buf_1)
                                                         net41 (net)
                      0.139014    0.003946    0.325634 ^ _132_/A (sg13g2_inv_1)
     8    0.049755    0.128014    0.151317    0.476951 v _132_/Y (sg13g2_inv_1)
                                                         DPATH.SUM.ha_0.S (net)
                      0.128133    0.003258    0.480209 v _288_/D (sg13g2_dfrbpq_1)
                                              0.480209   data arrival time

                                  5.000000    5.000000   clock clk (rise edge)
                                  0.000000    5.000000   clock source latency
     1    0.019841    0.000000    0.000000    5.000000 ^ clk (in)
                                                         clk (net)
                      0.000895    0.000448    5.000448 ^ clkbuf_0_clk/A (sg13g2_buf_16)
     2    0.036974    0.014915    0.038774    5.039222 ^ clkbuf_0_clk/X (sg13g2_buf_16)
                                                         clknet_0_clk (net)
                      0.014972    0.001528    5.040750 ^ clkbuf_1_0__f_clk/A (sg13g2_buf_16)
     5    0.019165    0.012986    0.042043    5.082793 ^ clkbuf_1_0__f_clk/X (sg13g2_buf_16)
                                                         clknet_1_0__leaf_clk (net)
                      0.012990    0.000412    5.083205 ^ _288_/CLK (sg13g2_dfrbpq_1)
                                 -0.150000    4.933205   clock uncertainty
                                  0.001892    4.935097   clock reconvergence pessimism
                                 -0.098880    4.836217   library setup time
                                              4.836217   data required time
---------------------------------------------------------------------------------------------
                                              4.836217   data required time
                                             -0.480209   data arrival time
---------------------------------------------------------------------------------------------
                                              4.356008   slack (MET)



%OL_END_REPORT
%OL_CREATE_REPORT checks.rpt

===========================================================================
report_checks -unconstrained
===========================================================================
======================= nom_fast_1p32V_m40C Corner ===================================

Startpoint: _290_ (rising edge-triggered flip-flop clocked by clk)
Endpoint: sine_out[0] (output port clocked by clk)
Path Group: clk
Path Type: max

Fanout         Cap        Slew       Delay        Time   Description
---------------------------------------------------------------------------------------------
                                  0.000000    0.000000   clock clk (rise edge)
                                  0.000000    0.000000   clock source latency
     1    0.023097    0.000000    0.000000    0.000000 ^ clk (in)
                                                         clk (net)
                      0.001061    0.000531    0.000531 ^ clkbuf_0_clk/A (sg13g2_buf_16)
     2    0.043486    0.015839    0.039542    0.040073 ^ clkbuf_0_clk/X (sg13g2_buf_16)
                                                         clknet_0_clk (net)
                      0.015961    0.001805    0.041877 ^ clkbuf_1_0__f_clk/A (sg13g2_buf_16)
     5    0.021880    0.013443    0.042750    0.084628 ^ clkbuf_1_0__f_clk/X (sg13g2_buf_16)
                                                         clknet_1_0__leaf_clk (net)
                      0.013446    0.000443    0.085071 ^ _290_/CLK (sg13g2_dfrbpq_1)
     4    0.023797    0.066080    0.145090    0.230161 ^ _290_/Q (sg13g2_dfrbpq_1)
                                                         DPATH.SUM.fa_2.A (net)
                      0.066224    0.002162    0.232322 ^ fanout37/A (sg13g2_buf_1)
     8    0.045519    0.122631    0.131722    0.364045 ^ fanout37/X (sg13g2_buf_1)
                                                         net37 (net)
                      0.122640    0.000879    0.364924 ^ fanout36/A (sg13g2_buf_1)
     8    0.048933    0.131799    0.152436    0.517360 ^ fanout36/X (sg13g2_buf_1)
                                                         net36 (net)
                      0.131921    0.003299    0.520660 ^ _164_/B (sg13g2_and2_1)
     5    0.023453    0.067590    0.125149    0.645808 ^ _164_/X (sg13g2_and2_1)
                                                         _113_ (net)
                      0.067610    0.001134    0.646943 ^ _180_/A2 (sg13g2_a21oi_1)
     4    0.023384    0.118589    0.115437    0.762380 v _180_/Y (sg13g2_a21oi_1)
                                                         _128_ (net)
                      0.118636    0.001904    0.764285 v _181_/B (sg13g2_and2_1)
     2    0.013607    0.037166    0.096882    0.861167 v _181_/X (sg13g2_and2_1)
                                                         _129_ (net)
                      0.037192    0.000904    0.862071 v _182_/B1 (sg13g2_o21ai_1)
     1    0.004251    0.061198    0.031524    0.893595 ^ _182_/Y (sg13g2_o21ai_1)
                                                         _009_ (net)
                      0.061198    0.000169    0.893765 ^ _183_/A2 (sg13g2_a21oi_1)
     1    0.005478    0.041022    0.057343    0.951108 v _183_/Y (sg13g2_a21oi_1)
                                                         _010_ (net)
                      0.041023    0.000395    0.951503 v _198_/B (sg13g2_nor4_1)
     1    0.005433    0.100455    0.110376    1.061879 ^ _198_/Y (sg13g2_nor4_1)
                                                         _025_ (net)
                      0.100455    0.000221    1.062100 ^ _216_/A2 (sg13g2_a22oi_1)
     1    0.008494    0.059591    0.082842    1.144942 v _216_/Y (sg13g2_a22oi_1)
                                                         net4 (net)
                      0.059618    0.000663    1.145605 v output4/A (sg13g2_buf_1)
     1    0.012257    0.032666    0.068325    1.213930 v output4/X (sg13g2_buf_1)
                                                         sine_out[0] (net)
                      0.032679    0.000631    1.214561 v sine_out[0] (out)
                                              1.214561   data arrival time

                                  5.000000    5.000000   clock clk (rise edge)
                                  0.000000    5.000000   clock network delay (propagated)
                                 -0.150000    4.850000   clock uncertainty
                                  0.000000    4.850000   clock reconvergence pessimism
                                 -1.000000    3.850000   output external delay
                                              3.850000   data required time
---------------------------------------------------------------------------------------------
                                              3.850000   data required time
                                             -1.214561   data arrival time
---------------------------------------------------------------------------------------------
                                              2.635439   slack (MET)




===========================================================================
report_checks --slack_max -0.01
============================================================================
======================= nom_fast_1p32V_m40C Corner ===================================

No paths found.


===========================================================================
 report_check_types -max_slew -max_cap -max_fanout -violators
============================================================================
======================= nom_fast_1p32V_m40C Corner ===================================



===========================================================================
report_parasitic_annotation -report_unannotated
============================================================================
Found 1 unannotated drivers.
 clkload0/Y
Found 0 partially unannotated drivers.

===========================================================================
max slew violation count 0
%OL_METRIC_I design__max_slew_violation__count__corner:nom_fast_1p32V_m40C 0
max fanout violation count 0
%OL_METRIC_I design__max_fanout_violation__count__corner:nom_fast_1p32V_m40C 0
max cap violation count 0
%OL_METRIC_I design__max_cap_violation__count__corner:nom_fast_1p32V_m40C 0
============================================================================

===========================================================================
check_setup -verbose -unconstrained_endpoints -multiple_clock -no_clock -no_input_delay -loops -generated_clocks
===========================================================================
Warning: There is 1 input port missing set_input_delay.
  rst
%OL_END_REPORT
%OL_CREATE_REPORT power.rpt

===========================================================================
 report_power
============================================================================
======================= nom_fast_1p32V_m40C Corner ===================================

Group                    Internal    Switching      Leakage        Total
                            Power        Power        Power        Power (Watts)
------------------------------------------------------------------------
Sequential           1.139206e-04 0.000000e+00 9.376670e-09 1.139300e-04  43.9%
Combinational        7.010779e-07 2.559631e-06 5.472807e-08 3.315437e-06   1.3%
Clock                1.103915e-04 3.183727e-05 9.017834e-08 1.423189e-04  54.8%
Macro                0.000000e+00 0.000000e+00 0.000000e+00 0.000000e+00   0.0%
Pad                  0.000000e+00 0.000000e+00 0.000000e+00 0.000000e+00   0.0%
------------------------------------------------------------------------
Total                2.250132e-04 3.439690e-05 1.542827e-07 2.595643e-04 100.0%
                            86.7%        13.3%         0.1%
%OL_METRIC_F power__internal__total 0.000225013165618293
%OL_METRIC_F power__switching__total 3.4396904084132984e-5
%OL_METRIC_F power__leakage__total 1.5428274480200344e-7
%OL_METRIC_F power__total 0.0002595643454696983

%OL_END_REPORT
%OL_CREATE_REPORT skew.min.rpt

===========================================================================
Clock Skew (Hold)
============================================================================
%OL_METRIC_F clock__skew__worst_hold__corner:nom_fast_1p32V_m40C -0.15457670303498347
======================= nom_fast_1p32V_m40C Corner ===================================

Clock clk
0.082933 source latency _289_/CLK ^
-0.086658 target latency _293_/CLK ^
-0.150000 clock uncertainty
-0.000851 CRPR
--------------
-0.154577 hold skew

%OL_END_REPORT
%OL_CREATE_REPORT skew.max.rpt

===========================================================================
Clock Skew (Setup)
============================================================================
%OL_METRIC_F clock__skew__worst_setup__corner:nom_fast_1p32V_m40C 0.15257689987753129
======================= nom_fast_1p32V_m40C Corner ===================================

Clock clk
0.086361 source latency _296_/CLK ^
-0.082933 target latency _289_/CLK ^
0.150000 clock uncertainty
-0.000851 CRPR
--------------
0.152577 setup skew

%OL_END_REPORT
%OL_CREATE_REPORT ws.min.rpt

===========================================================================
Worst Slack (Hold)
============================================================================
%OL_METRIC_F timing__hold__ws__corner:nom_fast_1p32V_m40C 0.14285076303965305
nom_fast_1p32V_m40C: 0.14285076303965305
%OL_END_REPORT
%OL_CREATE_REPORT ws.max.rpt

===========================================================================
Worst Slack (Setup)
============================================================================
%OL_METRIC_F timing__setup__ws__corner:nom_fast_1p32V_m40C 2.6354390526955163
nom_fast_1p32V_m40C: 2.6354390526955163
%OL_END_REPORT
%OL_CREATE_REPORT tns.min.rpt

===========================================================================
Total Negative Slack (Hold)
============================================================================
%OL_METRIC_F timing__hold__tns__corner:nom_fast_1p32V_m40C 0.0
nom_fast_1p32V_m40C: 0.0
%OL_END_REPORT
%OL_CREATE_REPORT tns.max.rpt

===========================================================================
Total Negative Slack (Setup)
============================================================================
%OL_METRIC_F timing__setup__tns__corner:nom_fast_1p32V_m40C 0.0
nom_fast_1p32V_m40C: 0.0
%OL_END_REPORT
%OL_CREATE_REPORT wns.min.rpt

===========================================================================
Worst Negative Slack (Hold)
============================================================================
%OL_METRIC_F timing__hold__wns__corner:nom_fast_1p32V_m40C 0
nom_fast_1p32V_m40C: 0
%OL_END_REPORT
%OL_CREATE_REPORT wns.max.rpt

===========================================================================
Worst Negative Slack (Setup)
============================================================================
%OL_METRIC_F timing__setup__wns__corner:nom_fast_1p32V_m40C 0.0
nom_fast_1p32V_m40C: 0.0
%OL_END_REPORT
%OL_CREATE_REPORT violator_list.rpt

===========================================================================
Violator List
============================================================================
%OL_METRIC_I timing__hold_vio__count__corner:nom_fast_1p32V_m40C 0
%OL_METRIC_F timing__hold_r2r__ws__corner:nom_fast_1p32V_m40C 0.142851
%OL_METRIC_I timing__hold_r2r_vio__count__corner:nom_fast_1p32V_m40C 0
%OL_METRIC_I timing__setup_vio__count__corner:nom_fast_1p32V_m40C 0
%OL_METRIC_F timing__setup_r2r__ws__corner:nom_fast_1p32V_m40C 3.679497
%OL_METRIC_I timing__setup_r2r_vio__count__corner:nom_fast_1p32V_m40C 0
%OL_END_REPORT
%OL_CREATE_REPORT unpropagated.rpt
%OL_END_REPORT
%OL_CREATE_REPORT clock.rpt
Clock: clk
Sources: clk 
Generated: no
Virtual: yes
Propagated: no
Period: 5.000000

===========================================================================
report_clock_properties
============================================================================
Clock                   Period          Waveform
----------------------------------------------------
clk                   5.000000    0.000000  2.500000

===========================================================================
report_clock_latency
============================================================================
Clock clk
rise -> rise
    min     max
0.000000 0.000000 source latency
0.082933         network latency _289_/CLK
        0.086658 network latency _293_/CLK
---------------
0.082933 0.086658 latency
        0.003725 skew

fall -> fall
    min     max
0.000000 0.000000 source latency
0.089302         network latency _289_/CLK
        0.092901 network latency _293_/CLK
---------------
0.089302 0.092901 latency
        0.003598 skew



===========================================================================
report_clock_min_period
============================================================================
clk period_min = 1.32 fmax = 757.29
%OL_END_REPORT
Writing SDF files for all corners…
Removing Clock latencies before writing libs…
Writing timing models for all corners…
Writing timing models for the nom_fast_1p32V_m40C corner to /foss/designs/BASIC/current_generator/digital/DigitalSine/runs/RUN_2026-09-16_23-32-49/55-openroad-stapostpnr/nom_fast_1p32V_m40C/DigitalSine__nom_fast_1p32V_m40C.lib…
