
===========================================================================
report_checks -path_delay max (Setup)
============================================================================
======================= nom_typ_1p20V_25C Corner ===================================

Startpoint: _305_ (rising edge-triggered flip-flop clocked by clk)
Endpoint: sine_out[1] (output port clocked by clk)
Path Group: clk
Path Type: max

Fanout         Cap        Slew       Delay        Time   Description
---------------------------------------------------------------------------------------------
                                  0.000000    0.000000   clock clk (rise edge)
                                  0.000000    0.000000   clock source latency
     1    0.027776    0.000000    0.000000    0.000000 ^ clk (in)
                                                         clk (net)
                      0.004784    0.002392    0.002392 ^ clkbuf_0_clk/A (sg13g2_buf_16)
     2    0.043504    0.023528    0.056986    0.059378 ^ clkbuf_0_clk/X (sg13g2_buf_16)
                                                         clknet_0_clk (net)
                      0.023607    0.002077    0.061455 ^ clkbuf_1_1__f_clk/A (sg13g2_buf_16)
     5    0.026939    0.020747    0.063287    0.124743 ^ clkbuf_1_1__f_clk/X (sg13g2_buf_16)
                                                         clknet_1_1__leaf_clk (net)
                      0.020773    0.001395    0.126137 ^ _305_/CLK (sg13g2_dfrbpq_1)
     3    0.023471    0.077757    0.209443    0.335581 v _305_/Q (sg13g2_dfrbpq_1)
                                                         DPATH.SUM.fa_1.A (net)
                      0.077762    0.000728    0.336309 v fanout38/A (sg13g2_buf_1)
     8    0.053562    0.169961    0.200335    0.536644 v fanout38/X (sg13g2_buf_1)
                                                         net38 (net)
                      0.169961    0.000539    0.537183 v fanout37/A (sg13g2_buf_1)
     8    0.035668    0.116990    0.188944    0.726127 v fanout37/X (sg13g2_buf_1)
                                                         net37 (net)
                      0.116999    0.001112    0.727239 v _154_/B (sg13g2_nor2_1)
     4    0.023472    0.209245    0.211684    0.938923 ^ _154_/Y (sg13g2_nor2_1)
                                                         _112_ (net)
                      0.209252    0.000952    0.939875 ^ _211_/B (sg13g2_nand2_1)
     3    0.012178    0.105044    0.142710    1.082585 v _211_/Y (sg13g2_nand2_1)
                                                         _024_ (net)
                      0.105044    0.000297    1.082883 v _214_/B (sg13g2_and3_1)
     3    0.014003    0.054620    0.138977    1.221859 v _214_/X (sg13g2_and3_1)
                                                         _027_ (net)
                      0.054625    0.000559    1.222418 v _249_/A2 (sg13g2_a221oi_1)
     1    0.005366    0.134576    0.171586    1.394004 ^ _249_/Y (sg13g2_a221oi_1)
                                                         _061_ (net)
                      0.134576    0.000166    1.394169 ^ _250_/B (sg13g2_nor2_1)
     1    0.006962    0.050446    0.072032    1.466201 v _250_/Y (sg13g2_nor2_1)
                                                         _062_ (net)
                      0.050448    0.000295    1.466496 v _256_/B (sg13g2_nor4_1)
     1    0.008256    0.193269    0.207645    1.674141 ^ _256_/Y (sg13g2_nor4_1)
                                                         _068_ (net)
                      0.193271    0.000469    1.674610 ^ _267_/B1 (sg13g2_a21oi_1)
     1    0.008004    0.074772    0.089854    1.764464 v _267_/Y (sg13g2_a21oi_1)
                                                         net13 (net)
                      0.074774    0.000435    1.764899 v output13/A (sg13g2_buf_1)
     1    0.015239    0.056531    0.111549    1.876447 v output13/X (sg13g2_buf_1)
                                                         sine_out[1] (net)
                      0.056543    0.000808    1.877255 v sine_out[1] (out)
                                              1.877255   data arrival time

                                  5.000000    5.000000   clock clk (rise edge)
                                  0.000000    5.000000   clock network delay (propagated)
                                 -0.150000    4.850000   clock uncertainty
                                  0.000000    4.850000   clock reconvergence pessimism
                                 -1.000000    3.850000   output external delay
                                              3.850000   data required time
---------------------------------------------------------------------------------------------
                                              3.850000   data required time
                                             -1.877255   data arrival time
---------------------------------------------------------------------------------------------
                                              1.972745   slack (MET)


Startpoint: _304_ (rising edge-triggered flip-flop clocked by clk)
Endpoint: sine_out[0] (output port clocked by clk)
Path Group: clk
Path Type: max

Fanout         Cap        Slew       Delay        Time   Description
---------------------------------------------------------------------------------------------
                                  0.000000    0.000000   clock clk (rise edge)
                                  0.000000    0.000000   clock source latency
     1    0.027776    0.000000    0.000000    0.000000 ^ clk (in)
                                                         clk (net)
                      0.004784    0.002392    0.002392 ^ clkbuf_0_clk/A (sg13g2_buf_16)
     2    0.043504    0.023528    0.056986    0.059378 ^ clkbuf_0_clk/X (sg13g2_buf_16)
                                                         clknet_0_clk (net)
                      0.023607    0.002077    0.061455 ^ clkbuf_1_1__f_clk/A (sg13g2_buf_16)
     5    0.026939    0.020747    0.063287    0.124743 ^ clkbuf_1_1__f_clk/X (sg13g2_buf_16)
                                                         clknet_1_1__leaf_clk (net)
                      0.020780    0.001551    0.126294 ^ _304_/CLK (sg13g2_dfrbpq_1)
     1    0.004886    0.031025    0.168642    0.294935 ^ _304_/Q (sg13g2_dfrbpq_1)
                                                         DPATH.SUM.Cout0 (net)
                      0.031025    0.000137    0.295072 ^ fanout41/A (sg13g2_buf_1)
     6    0.038187    0.160449    0.160367    0.455439 ^ fanout41/X (sg13g2_buf_1)
                                                         net41 (net)
                      0.160450    0.000354    0.455793 ^ fanout40/A (sg13g2_buf_1)
     4    0.023041    0.101352    0.165500    0.621293 ^ fanout40/X (sg13g2_buf_1)
                                                         net40 (net)
                      0.101352    0.000292    0.621585 ^ fanout39/A (sg13g2_buf_1)
     8    0.041857    0.175758    0.200521    0.822106 ^ fanout39/X (sg13g2_buf_1)
                                                         net39 (net)
                      0.175796    0.002158    0.824264 ^ _163_/B (sg13g2_nand2_1)
     4    0.020080    0.142702    0.178215    1.002479 v _163_/Y (sg13g2_nand2_1)
                                                         _119_ (net)
                      0.142705    0.000709    1.003187 v _208_/B (sg13g2_and2_1)
     3    0.013911    0.054482    0.144780    1.147967 v _208_/X (sg13g2_and2_1)
                                                         _021_ (net)
                      0.054485    0.000441    1.148408 v _210_/B (sg13g2_nor2_1)
     3    0.013692    0.134857    0.124029    1.272437 ^ _210_/Y (sg13g2_nor2_1)
                                                         _023_ (net)
                      0.134897    0.000377    1.272814 ^ _219_/A1 (sg13g2_a21oi_1)
     1    0.003764    0.061316    0.092070    1.364884 v _219_/Y (sg13g2_a21oi_1)
                                                         _032_ (net)
                      0.061316    0.000052    1.364936 v _220_/A2 (sg13g2_a21oi_1)
     1    0.008758    0.113864    0.116694    1.481630 ^ _220_/Y (sg13g2_a21oi_1)
                                                         _033_ (net)
                      0.113865    0.000498    1.482129 ^ _232_/C1 (sg13g2_a221oi_1)
     1    0.006761    0.099572    0.073217    1.555346 v _232_/Y (sg13g2_a221oi_1)
                                                         _045_ (net)
                      0.099572    0.000226    1.555572 v _247_/A2 (sg13g2_a22oi_1)
     1    0.006788    0.097591    0.126923    1.682495 ^ _247_/Y (sg13g2_a22oi_1)
                                                         net4 (net)
                      0.097591    0.000304    1.682799 ^ output4/A (sg13g2_buf_1)
     1    0.014633    0.068851    0.123127    1.805925 ^ output4/X (sg13g2_buf_1)
                                                         sine_out[0] (net)
                      0.068859    0.000793    1.806719 ^ sine_out[0] (out)
                                              1.806719   data arrival time

                                  5.000000    5.000000   clock clk (rise edge)
                                  0.000000    5.000000   clock network delay (propagated)
                                 -0.150000    4.850000   clock uncertainty
                                  0.000000    4.850000   clock reconvergence pessimism
                                 -1.000000    3.850000   output external delay
                                              3.850000   data required time
---------------------------------------------------------------------------------------------
                                              3.850000   data required time
                                             -1.806719   data arrival time
---------------------------------------------------------------------------------------------
                                              2.043281   slack (MET)


Startpoint: _308_ (rising edge-triggered flip-flop clocked by clk)
Endpoint: sine_out[2] (output port clocked by clk)
Path Group: clk
Path Type: max

Fanout         Cap        Slew       Delay        Time   Description
---------------------------------------------------------------------------------------------
                                  0.000000    0.000000   clock clk (rise edge)
                                  0.000000    0.000000   clock source latency
     1    0.027776    0.000000    0.000000    0.000000 ^ clk (in)
                                                         clk (net)
                      0.004784    0.002392    0.002392 ^ clkbuf_0_clk/A (sg13g2_buf_16)
     2    0.043504    0.023528    0.056986    0.059378 ^ clkbuf_0_clk/X (sg13g2_buf_16)
                                                         clknet_0_clk (net)
                      0.023755    0.002871    0.062249 ^ clkbuf_1_0__f_clk/A (sg13g2_buf_16)
     5    0.031198    0.021714    0.064114    0.126363 ^ clkbuf_1_0__f_clk/X (sg13g2_buf_16)
                                                         clknet_1_0__leaf_clk (net)
                      0.021768    0.001867    0.128230 ^ _308_/CLK (sg13g2_dfrbpq_1)
     3    0.023884    0.102666    0.223658    0.351888 ^ _308_/Q (sg13g2_dfrbpq_1)
                                                         DPATH.SUM.fa_4.A (net)
                      0.102666    0.000443    0.352331 ^ fanout32/A (sg13g2_buf_1)
     8    0.047413    0.197914    0.217053    0.569384 ^ fanout32/X (sg13g2_buf_1)
                                                         net32 (net)
                      0.197920    0.000938    0.570322 ^ fanout31/A (sg13g2_buf_1)
     8    0.043822    0.184032    0.231549    0.801871 ^ fanout31/X (sg13g2_buf_1)
                                                         net31 (net)
                      0.184096    0.000458    0.802329 ^ fanout30/A (sg13g2_buf_1)
     8    0.040683    0.171413    0.220111    1.022440 ^ fanout30/X (sg13g2_buf_1)
                                                         net30 (net)
                      0.171488    0.001581    1.024020 ^ _229_/A (sg13g2_nand3_1)
     3    0.015502    0.168475    0.192318    1.216338 v _229_/Y (sg13g2_nand3_1)
                                                         _042_ (net)
                      0.168475    0.000428    1.216766 v _268_/B (sg13g2_and2_1)
     1    0.003812    0.027349    0.126566    1.343332 v _268_/X (sg13g2_and2_1)
                                                         _079_ (net)
                      0.027349    0.000050    1.343382 v _269_/B1 (sg13g2_o21ai_1)
     2    0.010844    0.145329    0.063794    1.407176 ^ _269_/Y (sg13g2_o21ai_1)
                                                         _080_ (net)
                      0.145329    0.000262    1.407437 ^ _270_/A2 (sg13g2_a21oi_1)
     1    0.004758    0.074881    0.103121    1.510558 v _270_/Y (sg13g2_a21oi_1)
                                                         _081_ (net)
                      0.074881    0.000113    1.510671 v _271_/B1 (sg13g2_o21ai_1)
     1    0.004238    0.087352    0.056617    1.567288 ^ _271_/Y (sg13g2_o21ai_1)
                                                         _082_ (net)
                      0.087352    0.000082    1.567370 ^ _288_/A1 (sg13g2_a21oi_1)
     1    0.008051    0.073350    0.098477    1.665847 v _288_/Y (sg13g2_a21oi_1)
                                                         net14 (net)
                      0.073351    0.000340    1.666186 v output14/A (sg13g2_buf_1)
     1    0.014812    0.055205    0.109918    1.776104 v output14/X (sg13g2_buf_1)
                                                         sine_out[2] (net)
                      0.055214    0.000720    1.776824 v sine_out[2] (out)
                                              1.776824   data arrival time

                                  5.000000    5.000000   clock clk (rise edge)
                                  0.000000    5.000000   clock network delay (propagated)
                                 -0.150000    4.850000   clock uncertainty
                                  0.000000    4.850000   clock reconvergence pessimism
                                 -1.000000    3.850000   output external delay
                                              3.850000   data required time
---------------------------------------------------------------------------------------------
                                              3.850000   data required time
                                             -1.776824   data arrival time
---------------------------------------------------------------------------------------------
                                              2.073176   slack (MET)


Startpoint: _308_ (rising edge-triggered flip-flop clocked by clk)
Endpoint: sine_out[9] (output port clocked by clk)
Path Group: clk
Path Type: max

Fanout         Cap        Slew       Delay        Time   Description
---------------------------------------------------------------------------------------------
                                  0.000000    0.000000   clock clk (rise edge)
                                  0.000000    0.000000   clock source latency
     1    0.027776    0.000000    0.000000    0.000000 ^ clk (in)
                                                         clk (net)
                      0.004784    0.002392    0.002392 ^ clkbuf_0_clk/A (sg13g2_buf_16)
     2    0.043504    0.023528    0.056986    0.059378 ^ clkbuf_0_clk/X (sg13g2_buf_16)
                                                         clknet_0_clk (net)
                      0.023755    0.002871    0.062249 ^ clkbuf_1_0__f_clk/A (sg13g2_buf_16)
     5    0.031198    0.021714    0.064114    0.126363 ^ clkbuf_1_0__f_clk/X (sg13g2_buf_16)
                                                         clknet_1_0__leaf_clk (net)
                      0.021768    0.001867    0.128230 ^ _308_/CLK (sg13g2_dfrbpq_1)
     3    0.023938    0.079111    0.210989    0.339219 v _308_/Q (sg13g2_dfrbpq_1)
                                                         DPATH.SUM.fa_4.A (net)
                      0.079111    0.000442    0.339661 v fanout32/A (sg13g2_buf_1)
     8    0.047182    0.150791    0.186595    0.526255 v fanout32/X (sg13g2_buf_1)
                                                         net32 (net)
                      0.150795    0.000929    0.527184 v fanout31/A (sg13g2_buf_1)
     8    0.043261    0.139522    0.200407    0.727591 v fanout31/X (sg13g2_buf_1)
                                                         net31 (net)
                      0.139522    0.000452    0.728043 v fanout30/A (sg13g2_buf_1)
     8    0.040183    0.130085    0.190560    0.918603 v fanout30/X (sg13g2_buf_1)
                                                         net30 (net)
                      0.130107    0.001664    0.920267 v _145_/B (sg13g2_nor2_1)
     2    0.008835    0.103770    0.117425    1.037692 ^ _145_/Y (sg13g2_nor2_1)
                                                         _104_ (net)
                      0.103805    0.000213    1.037905 ^ _149_/A (sg13g2_nand2_1)
     3    0.019312    0.150167    0.147450    1.185356 v _149_/Y (sg13g2_nand2_1)
                                                         _108_ (net)
                      0.150172    0.000829    1.186184 v _150_/A2 (sg13g2_a21oi_1)
     1    0.005897    0.086855    0.126322    1.312506 ^ _150_/Y (sg13g2_a21oi_1)
                                                         net21 (net)
                      0.086855    0.000215    1.312721 ^ output21/A (sg13g2_buf_1)
     1    0.015664    0.072669    0.121610    1.434331 ^ output21/X (sg13g2_buf_1)
                                                         sine_out[9] (net)
                      0.072681    0.000935    1.435266 ^ sine_out[9] (out)
                                              1.435266   data arrival time

                                  5.000000    5.000000   clock clk (rise edge)
                                  0.000000    5.000000   clock network delay (propagated)
                                 -0.150000    4.850000   clock uncertainty
                                  0.000000    4.850000   clock reconvergence pessimism
                                 -1.000000    3.850000   output external delay
                                              3.850000   data required time
---------------------------------------------------------------------------------------------
                                              3.850000   data required time
                                             -1.435266   data arrival time
---------------------------------------------------------------------------------------------
                                              2.414734   slack (MET)


Startpoint: _305_ (rising edge-triggered flip-flop clocked by clk)
Endpoint: sine_out[15] (output port clocked by clk)
Path Group: clk
Path Type: max

Fanout         Cap        Slew       Delay        Time   Description
---------------------------------------------------------------------------------------------
                                  0.000000    0.000000   clock clk (rise edge)
                                  0.000000    0.000000   clock source latency
     1    0.027776    0.000000    0.000000    0.000000 ^ clk (in)
                                                         clk (net)
                      0.004784    0.002392    0.002392 ^ clkbuf_0_clk/A (sg13g2_buf_16)
     2    0.043504    0.023528    0.056986    0.059378 ^ clkbuf_0_clk/X (sg13g2_buf_16)
                                                         clknet_0_clk (net)
                      0.023607    0.002077    0.061455 ^ clkbuf_1_1__f_clk/A (sg13g2_buf_16)
     5    0.026939    0.020747    0.063287    0.124743 ^ clkbuf_1_1__f_clk/X (sg13g2_buf_16)
                                                         clknet_1_1__leaf_clk (net)
                      0.020773    0.001395    0.126137 ^ _305_/CLK (sg13g2_dfrbpq_1)
     3    0.023833    0.102473    0.223039    0.349176 ^ _305_/Q (sg13g2_dfrbpq_1)
                                                         DPATH.SUM.fa_1.A (net)
                      0.102476    0.000740    0.349916 ^ fanout38/A (sg13g2_buf_1)
     8    0.054228    0.225300    0.236067    0.585983 ^ fanout38/X (sg13g2_buf_1)
                                                         net38 (net)
                      0.225302    0.000544    0.586527 ^ fanout37/A (sg13g2_buf_1)
     8    0.036546    0.155113    0.217068    0.803595 ^ fanout37/X (sg13g2_buf_1)
                                                         net37 (net)
                      0.155123    0.001387    0.804982 ^ _164_/B (sg13g2_and2_1)
     4    0.020951    0.096846    0.180170    0.985152 ^ _164_/X (sg13g2_and2_1)
                                                         _120_ (net)
                      0.096850    0.000734    0.985886 ^ _165_/A (sg13g2_inv_1)
     4    0.020142    0.085906    0.105840    1.091726 v _165_/Y (sg13g2_inv_1)
                                                         _121_ (net)
                      0.085914    0.000772    1.092498 v _168_/B (sg13g2_nor2_1)
     2    0.013214    0.132784    0.133036    1.225534 ^ _168_/Y (sg13g2_nor2_1)
                                                         _123_ (net)
                      0.132826    0.000470    1.226004 ^ _173_/A1 (sg13g2_o21ai_1)
     1    0.005264    0.062933    0.101802    1.327806 v _173_/Y (sg13g2_o21ai_1)
                                                         net10 (net)
                      0.062933    0.000185    1.327991 v output10/A (sg13g2_buf_1)
     1    0.012400    0.047698    0.099671    1.427662 v output10/X (sg13g2_buf_1)
                                                         sine_out[15] (net)
                      0.047698    0.000268    1.427930 v sine_out[15] (out)
                                              1.427930   data arrival time

                                  5.000000    5.000000   clock clk (rise edge)
                                  0.000000    5.000000   clock network delay (propagated)
                                 -0.150000    4.850000   clock uncertainty
                                  0.000000    4.850000   clock reconvergence pessimism
                                 -1.000000    3.850000   output external delay
                                              3.850000   data required time
---------------------------------------------------------------------------------------------
                                              3.850000   data required time
                                             -1.427930   data arrival time
---------------------------------------------------------------------------------------------
                                              2.422070   slack (MET)


Startpoint: _308_ (rising edge-triggered flip-flop clocked by clk)
Endpoint: sine_out[14] (output port clocked by clk)
Path Group: clk
Path Type: max

Fanout         Cap        Slew       Delay        Time   Description
---------------------------------------------------------------------------------------------
                                  0.000000    0.000000   clock clk (rise edge)
                                  0.000000    0.000000   clock source latency
     1    0.027776    0.000000    0.000000    0.000000 ^ clk (in)
                                                         clk (net)
                      0.004784    0.002392    0.002392 ^ clkbuf_0_clk/A (sg13g2_buf_16)
     2    0.043504    0.023528    0.056986    0.059378 ^ clkbuf_0_clk/X (sg13g2_buf_16)
                                                         clknet_0_clk (net)
                      0.023755    0.002871    0.062249 ^ clkbuf_1_0__f_clk/A (sg13g2_buf_16)
     5    0.031198    0.021714    0.064114    0.126363 ^ clkbuf_1_0__f_clk/X (sg13g2_buf_16)
                                                         clknet_1_0__leaf_clk (net)
                      0.021768    0.001867    0.128230 ^ _308_/CLK (sg13g2_dfrbpq_1)
     3    0.023938    0.079111    0.210989    0.339219 v _308_/Q (sg13g2_dfrbpq_1)
                                                         DPATH.SUM.fa_4.A (net)
                      0.079111    0.000442    0.339661 v fanout32/A (sg13g2_buf_1)
     8    0.047182    0.150791    0.186595    0.526255 v fanout32/X (sg13g2_buf_1)
                                                         net32 (net)
                      0.150795    0.000929    0.527184 v fanout31/A (sg13g2_buf_1)
     8    0.043261    0.139522    0.200407    0.727591 v fanout31/X (sg13g2_buf_1)
                                                         net31 (net)
                      0.139522    0.000452    0.728043 v fanout30/A (sg13g2_buf_1)
     8    0.040183    0.130085    0.190560    0.918603 v fanout30/X (sg13g2_buf_1)
                                                         net30 (net)
                      0.130107    0.001664    0.920267 v _145_/B (sg13g2_nor2_1)
     2    0.008835    0.103770    0.117425    1.037692 ^ _145_/Y (sg13g2_nor2_1)
                                                         _104_ (net)
                      0.103805    0.000213    1.037905 ^ _149_/A (sg13g2_nand2_1)
     3    0.019312    0.150167    0.147450    1.185356 v _149_/Y (sg13g2_nand2_1)
                                                         _108_ (net)
                      0.150169    0.000570    1.185926 v _171_/A2 (sg13g2_o21ai_1)
     1    0.003296    0.088073    0.120003    1.305929 ^ _171_/Y (sg13g2_o21ai_1)
                                                         net9 (net)
                      0.088073    0.000053    1.305982 ^ output9/A (sg13g2_buf_1)
     1    0.011618    0.056963    0.110593    1.416575 ^ output9/X (sg13g2_buf_1)
                                                         sine_out[14] (net)
                      0.056963    0.000201    1.416775 ^ sine_out[14] (out)
                                              1.416775   data arrival time

                                  5.000000    5.000000   clock clk (rise edge)
                                  0.000000    5.000000   clock network delay (propagated)
                                 -0.150000    4.850000   clock uncertainty
                                  0.000000    4.850000   clock reconvergence pessimism
                                 -1.000000    3.850000   output external delay
                                              3.850000   data required time
---------------------------------------------------------------------------------------------
                                              3.850000   data required time
                                             -1.416775   data arrival time
---------------------------------------------------------------------------------------------
                                              2.433225   slack (MET)


Startpoint: _305_ (rising edge-triggered flip-flop clocked by clk)
Endpoint: sine_out[8] (output port clocked by clk)
Path Group: clk
Path Type: max

Fanout         Cap        Slew       Delay        Time   Description
---------------------------------------------------------------------------------------------
                                  0.000000    0.000000   clock clk (rise edge)
                                  0.000000    0.000000   clock source latency
     1    0.027776    0.000000    0.000000    0.000000 ^ clk (in)
                                                         clk (net)
                      0.004784    0.002392    0.002392 ^ clkbuf_0_clk/A (sg13g2_buf_16)
     2    0.043504    0.023528    0.056986    0.059378 ^ clkbuf_0_clk/X (sg13g2_buf_16)
                                                         clknet_0_clk (net)
                      0.023607    0.002077    0.061455 ^ clkbuf_1_1__f_clk/A (sg13g2_buf_16)
     5    0.026939    0.020747    0.063287    0.124743 ^ clkbuf_1_1__f_clk/X (sg13g2_buf_16)
                                                         clknet_1_1__leaf_clk (net)
                      0.020773    0.001395    0.126137 ^ _305_/CLK (sg13g2_dfrbpq_1)
     3    0.023833    0.102473    0.223039    0.349176 ^ _305_/Q (sg13g2_dfrbpq_1)
                                                         DPATH.SUM.fa_1.A (net)
                      0.102476    0.000740    0.349916 ^ fanout38/A (sg13g2_buf_1)
     8    0.054228    0.225300    0.236067    0.585983 ^ fanout38/X (sg13g2_buf_1)
                                                         net38 (net)
                      0.225302    0.000544    0.586527 ^ fanout37/A (sg13g2_buf_1)
     8    0.036546    0.155113    0.217068    0.803595 ^ fanout37/X (sg13g2_buf_1)
                                                         net37 (net)
                      0.155123    0.001387    0.804982 ^ _164_/B (sg13g2_and2_1)
     4    0.020951    0.096846    0.180170    0.985152 ^ _164_/X (sg13g2_and2_1)
                                                         _120_ (net)
                      0.096849    0.000640    0.985792 ^ _169_/B (sg13g2_nand2_1)
     3    0.013695    0.112630    0.119328    1.105120 v _169_/Y (sg13g2_nand2_1)
                                                         _124_ (net)
                      0.112630    0.000286    1.105406 v _291_/B (sg13g2_nor2_1)
     2    0.010236    0.111635    0.122254    1.227659 ^ _291_/Y (sg13g2_nor2_1)
                                                         _099_ (net)
                      0.111636    0.000294    1.227954 ^ _295_/A2 (sg13g2_a21oi_1)
     1    0.004181    0.057640    0.091184    1.319138 v _295_/Y (sg13g2_a21oi_1)
                                                         net20 (net)
                      0.057640    0.000106    1.319245 v output20/A (sg13g2_buf_1)
     1    0.011860    0.045971    0.096087    1.415332 v output20/X (sg13g2_buf_1)
                                                         sine_out[8] (net)
                      0.045972    0.000207    1.415539 v sine_out[8] (out)
                                              1.415539   data arrival time

                                  5.000000    5.000000   clock clk (rise edge)
                                  0.000000    5.000000   clock network delay (propagated)
                                 -0.150000    4.850000   clock uncertainty
                                  0.000000    4.850000   clock reconvergence pessimism
                                 -1.000000    3.850000   output external delay
                                              3.850000   data required time
---------------------------------------------------------------------------------------------
                                              3.850000   data required time
                                             -1.415539   data arrival time
---------------------------------------------------------------------------------------------
                                              2.434462   slack (MET)


Startpoint: _305_ (rising edge-triggered flip-flop clocked by clk)
Endpoint: sine_out[16] (output port clocked by clk)
Path Group: clk
Path Type: max

Fanout         Cap        Slew       Delay        Time   Description
---------------------------------------------------------------------------------------------
                                  0.000000    0.000000   clock clk (rise edge)
                                  0.000000    0.000000   clock source latency
     1    0.027776    0.000000    0.000000    0.000000 ^ clk (in)
                                                         clk (net)
                      0.004784    0.002392    0.002392 ^ clkbuf_0_clk/A (sg13g2_buf_16)
     2    0.043504    0.023528    0.056986    0.059378 ^ clkbuf_0_clk/X (sg13g2_buf_16)
                                                         clknet_0_clk (net)
                      0.023607    0.002077    0.061455 ^ clkbuf_1_1__f_clk/A (sg13g2_buf_16)
     5    0.026939    0.020747    0.063287    0.124743 ^ clkbuf_1_1__f_clk/X (sg13g2_buf_16)
                                                         clknet_1_1__leaf_clk (net)
                      0.020773    0.001395    0.126137 ^ _305_/CLK (sg13g2_dfrbpq_1)
     3    0.023833    0.102473    0.223039    0.349176 ^ _305_/Q (sg13g2_dfrbpq_1)
                                                         DPATH.SUM.fa_1.A (net)
                      0.102476    0.000740    0.349916 ^ fanout38/A (sg13g2_buf_1)
     8    0.054228    0.225300    0.236067    0.585983 ^ fanout38/X (sg13g2_buf_1)
                                                         net38 (net)
                      0.225302    0.000544    0.586527 ^ fanout37/A (sg13g2_buf_1)
     8    0.036546    0.155113    0.217068    0.803595 ^ fanout37/X (sg13g2_buf_1)
                                                         net37 (net)
                      0.155123    0.001387    0.804982 ^ _164_/B (sg13g2_and2_1)
     4    0.020951    0.096846    0.180170    0.985152 ^ _164_/X (sg13g2_and2_1)
                                                         _120_ (net)
                      0.096850    0.000734    0.985886 ^ _165_/A (sg13g2_inv_1)
     4    0.020142    0.085906    0.105840    1.091726 v _165_/Y (sg13g2_inv_1)
                                                         _121_ (net)
                      0.085916    0.000859    1.092584 v _175_/A2 (sg13g2_o21ai_1)
     1    0.005317    0.095618    0.115282    1.207867 ^ _175_/Y (sg13g2_o21ai_1)
                                                         _127_ (net)
                      0.095618    0.000156    1.208022 ^ _176_/C (sg13g2_nand3_1)
     1    0.003972    0.077720    0.101230    1.309253 v _176_/Y (sg13g2_nand3_1)
                                                         net11 (net)
                      0.077720    0.000079    1.309332 v output11/A (sg13g2_buf_1)
     1    0.011878    0.046445    0.104746    1.414078 v output11/X (sg13g2_buf_1)
                                                         sine_out[16] (net)
                      0.046445    0.000222    1.414301 v sine_out[16] (out)
                                              1.414301   data arrival time

                                  5.000000    5.000000   clock clk (rise edge)
                                  0.000000    5.000000   clock network delay (propagated)
                                 -0.150000    4.850000   clock uncertainty
                                  0.000000    4.850000   clock reconvergence pessimism
                                 -1.000000    3.850000   output external delay
                                              3.850000   data required time
---------------------------------------------------------------------------------------------
                                              3.850000   data required time
                                             -1.414301   data arrival time
---------------------------------------------------------------------------------------------
                                              2.435699   slack (MET)


Startpoint: _305_ (rising edge-triggered flip-flop clocked by clk)
Endpoint: sine_out[13] (output port clocked by clk)
Path Group: clk
Path Type: max

Fanout         Cap        Slew       Delay        Time   Description
---------------------------------------------------------------------------------------------
                                  0.000000    0.000000   clock clk (rise edge)
                                  0.000000    0.000000   clock source latency
     1    0.027776    0.000000    0.000000    0.000000 ^ clk (in)
                                                         clk (net)
                      0.004784    0.002392    0.002392 ^ clkbuf_0_clk/A (sg13g2_buf_16)
     2    0.043504    0.023528    0.056986    0.059378 ^ clkbuf_0_clk/X (sg13g2_buf_16)
                                                         clknet_0_clk (net)
                      0.023607    0.002077    0.061455 ^ clkbuf_1_1__f_clk/A (sg13g2_buf_16)
     5    0.026939    0.020747    0.063287    0.124743 ^ clkbuf_1_1__f_clk/X (sg13g2_buf_16)
                                                         clknet_1_1__leaf_clk (net)
                      0.020773    0.001395    0.126137 ^ _305_/CLK (sg13g2_dfrbpq_1)
     3    0.023833    0.102473    0.223039    0.349176 ^ _305_/Q (sg13g2_dfrbpq_1)
                                                         DPATH.SUM.fa_1.A (net)
                      0.102476    0.000740    0.349916 ^ fanout38/A (sg13g2_buf_1)
     8    0.054228    0.225300    0.236067    0.585983 ^ fanout38/X (sg13g2_buf_1)
                                                         net38 (net)
                      0.225302    0.000544    0.586527 ^ fanout37/A (sg13g2_buf_1)
     8    0.036546    0.155113    0.217068    0.803595 ^ fanout37/X (sg13g2_buf_1)
                                                         net37 (net)
                      0.155123    0.001387    0.804982 ^ _164_/B (sg13g2_and2_1)
     4    0.020951    0.096846    0.180170    0.985152 ^ _164_/X (sg13g2_and2_1)
                                                         _120_ (net)
                      0.096850    0.000734    0.985886 ^ _165_/A (sg13g2_inv_1)
     4    0.020142    0.085906    0.105840    1.091726 v _165_/Y (sg13g2_inv_1)
                                                         _121_ (net)
                      0.085914    0.000772    1.092498 v _168_/B (sg13g2_nor2_1)
     2    0.013214    0.132784    0.133036    1.225534 ^ _168_/Y (sg13g2_nor2_1)
                                                         _123_ (net)
                      0.132824    0.000256    1.225791 ^ _170_/A2 (sg13g2_a21oi_1)
     1    0.003578    0.053297    0.093952    1.319742 v _170_/Y (sg13g2_a21oi_1)
                                                         net8 (net)
                      0.053297    0.000070    1.319812 v output8/A (sg13g2_buf_1)
     1    0.011753    0.045558    0.093976    1.413789 v output8/X (sg13g2_buf_1)
                                                         sine_out[13] (net)
                      0.045558    0.000176    1.413965 v sine_out[13] (out)
                                              1.413965   data arrival time

                                  5.000000    5.000000   clock clk (rise edge)
                                  0.000000    5.000000   clock network delay (propagated)
                                 -0.150000    4.850000   clock uncertainty
                                  0.000000    4.850000   clock reconvergence pessimism
                                 -1.000000    3.850000   output external delay
                                              3.850000   data required time
---------------------------------------------------------------------------------------------
                                              3.850000   data required time
                                             -1.413965   data arrival time
---------------------------------------------------------------------------------------------
                                              2.436035   slack (MET)


Startpoint: _308_ (rising edge-triggered flip-flop clocked by clk)
Endpoint: sine_out[17] (output port clocked by clk)
Path Group: clk
Path Type: max

Fanout         Cap        Slew       Delay        Time   Description
---------------------------------------------------------------------------------------------
                                  0.000000    0.000000   clock clk (rise edge)
                                  0.000000    0.000000   clock source latency
     1    0.027776    0.000000    0.000000    0.000000 ^ clk (in)
                                                         clk (net)
                      0.004784    0.002392    0.002392 ^ clkbuf_0_clk/A (sg13g2_buf_16)
     2    0.043504    0.023528    0.056986    0.059378 ^ clkbuf_0_clk/X (sg13g2_buf_16)
                                                         clknet_0_clk (net)
                      0.023755    0.002871    0.062249 ^ clkbuf_1_0__f_clk/A (sg13g2_buf_16)
     5    0.031198    0.021714    0.064114    0.126363 ^ clkbuf_1_0__f_clk/X (sg13g2_buf_16)
                                                         clknet_1_0__leaf_clk (net)
                      0.021768    0.001867    0.128230 ^ _308_/CLK (sg13g2_dfrbpq_1)
     3    0.023884    0.102666    0.223658    0.351888 ^ _308_/Q (sg13g2_dfrbpq_1)
                                                         DPATH.SUM.fa_4.A (net)
                      0.102666    0.000443    0.352331 ^ fanout32/A (sg13g2_buf_1)
     8    0.047413    0.197914    0.217053    0.569384 ^ fanout32/X (sg13g2_buf_1)
                                                         net32 (net)
                      0.197920    0.000938    0.570322 ^ fanout31/A (sg13g2_buf_1)
     8    0.043822    0.184032    0.231549    0.801871 ^ fanout31/X (sg13g2_buf_1)
                                                         net31 (net)
                      0.184096    0.000458    0.802329 ^ fanout30/A (sg13g2_buf_1)
     8    0.040683    0.171413    0.220111    1.022440 ^ fanout30/X (sg13g2_buf_1)
                                                         net30 (net)
                      0.171491    0.001690    1.024130 ^ _145_/B (sg13g2_nor2_1)
     2    0.008516    0.062694    0.087261    1.111390 v _145_/Y (sg13g2_nor2_1)
                                                         _104_ (net)
                      0.062694    0.000086    1.111477 v _178_/B (sg13g2_nand2_1)
     2    0.010799    0.071209    0.073152    1.184629 ^ _178_/Y (sg13g2_nand2_1)
                                                         _129_ (net)
                      0.071209    0.000231    1.184860 ^ _179_/C (sg13g2_nand3_1)
     1    0.005655    0.094021    0.103343    1.288203 v _179_/Y (sg13g2_nand3_1)
                                                         net12 (net)
                      0.094021    0.000217    1.288420 v output12/A (sg13g2_buf_1)
     1    0.013654    0.052107    0.116013    1.404433 v output12/X (sg13g2_buf_1)
                                                         sine_out[17] (net)
                      0.052113    0.000575    1.405008 v sine_out[17] (out)
                                              1.405008   data arrival time

                                  5.000000    5.000000   clock clk (rise edge)
                                  0.000000    5.000000   clock network delay (propagated)
                                 -0.150000    4.850000   clock uncertainty
                                  0.000000    4.850000   clock reconvergence pessimism
                                 -1.000000    3.850000   output external delay
                                              3.850000   data required time
---------------------------------------------------------------------------------------------
                                              3.850000   data required time
                                             -1.405008   data arrival time
---------------------------------------------------------------------------------------------
                                              2.444992   slack (MET)


Startpoint: _305_ (rising edge-triggered flip-flop clocked by clk)
Endpoint: sine_out[12] (output port clocked by clk)
Path Group: clk
Path Type: max

Fanout         Cap        Slew       Delay        Time   Description
---------------------------------------------------------------------------------------------
                                  0.000000    0.000000   clock clk (rise edge)
                                  0.000000    0.000000   clock source latency
     1    0.027776    0.000000    0.000000    0.000000 ^ clk (in)
                                                         clk (net)
                      0.004784    0.002392    0.002392 ^ clkbuf_0_clk/A (sg13g2_buf_16)
     2    0.043504    0.023528    0.056986    0.059378 ^ clkbuf_0_clk/X (sg13g2_buf_16)
                                                         clknet_0_clk (net)
                      0.023607    0.002077    0.061455 ^ clkbuf_1_1__f_clk/A (sg13g2_buf_16)
     5    0.026939    0.020747    0.063287    0.124743 ^ clkbuf_1_1__f_clk/X (sg13g2_buf_16)
                                                         clknet_1_1__leaf_clk (net)
                      0.020773    0.001395    0.126137 ^ _305_/CLK (sg13g2_dfrbpq_1)
     3    0.023833    0.102473    0.223039    0.349176 ^ _305_/Q (sg13g2_dfrbpq_1)
                                                         DPATH.SUM.fa_1.A (net)
                      0.102476    0.000740    0.349916 ^ fanout38/A (sg13g2_buf_1)
     8    0.054228    0.225300    0.236067    0.585983 ^ fanout38/X (sg13g2_buf_1)
                                                         net38 (net)
                      0.225302    0.000544    0.586527 ^ fanout37/A (sg13g2_buf_1)
     8    0.036546    0.155113    0.217068    0.803595 ^ fanout37/X (sg13g2_buf_1)
                                                         net37 (net)
                      0.155123    0.001387    0.804982 ^ _164_/B (sg13g2_and2_1)
     4    0.020951    0.096846    0.180170    0.985152 ^ _164_/X (sg13g2_and2_1)
                                                         _120_ (net)
                      0.096850    0.000734    0.985886 ^ _165_/A (sg13g2_inv_1)
     4    0.020142    0.085906    0.105840    1.091726 v _165_/Y (sg13g2_inv_1)
                                                         _121_ (net)
                      0.085914    0.000785    1.092511 v _166_/B (sg13g2_nor2_1)
     2    0.010858    0.113461    0.118076    1.210587 ^ _166_/Y (sg13g2_nor2_1)
                                                         _122_ (net)
                      0.113461    0.000147    1.210734 ^ _167_/A2 (sg13g2_o21ai_1)
     1    0.006296    0.060792    0.091170    1.301904 v _167_/Y (sg13g2_o21ai_1)
                                                         net7 (net)
                      0.060792    0.000260    1.302164 v output7/A (sg13g2_buf_1)
     1    0.013361    0.050586    0.100996    1.403160 v output7/X (sg13g2_buf_1)
                                                         sine_out[12] (net)
                      0.050591    0.000524    1.403684 v sine_out[12] (out)
                                              1.403684   data arrival time

                                  5.000000    5.000000   clock clk (rise edge)
                                  0.000000    5.000000   clock network delay (propagated)
                                 -0.150000    4.850000   clock uncertainty
                                  0.000000    4.850000   clock reconvergence pessimism
                                 -1.000000    3.850000   output external delay
                                              3.850000   data required time
---------------------------------------------------------------------------------------------
                                              3.850000   data required time
                                             -1.403684   data arrival time
---------------------------------------------------------------------------------------------
                                              2.446316   slack (MET)


Startpoint: _305_ (rising edge-triggered flip-flop clocked by clk)
Endpoint: sine_out[11] (output port clocked by clk)
Path Group: clk
Path Type: max

Fanout         Cap        Slew       Delay        Time   Description
---------------------------------------------------------------------------------------------
                                  0.000000    0.000000   clock clk (rise edge)
                                  0.000000    0.000000   clock source latency
     1    0.027776    0.000000    0.000000    0.000000 ^ clk (in)
                                                         clk (net)
                      0.004784    0.002392    0.002392 ^ clkbuf_0_clk/A (sg13g2_buf_16)
     2    0.043504    0.023528    0.056986    0.059378 ^ clkbuf_0_clk/X (sg13g2_buf_16)
                                                         clknet_0_clk (net)
                      0.023607    0.002077    0.061455 ^ clkbuf_1_1__f_clk/A (sg13g2_buf_16)
     5    0.026939    0.020747    0.063287    0.124743 ^ clkbuf_1_1__f_clk/X (sg13g2_buf_16)
                                                         clknet_1_1__leaf_clk (net)
                      0.020773    0.001395    0.126137 ^ _305_/CLK (sg13g2_dfrbpq_1)
     3    0.023471    0.077757    0.209443    0.335581 v _305_/Q (sg13g2_dfrbpq_1)
                                                         DPATH.SUM.fa_1.A (net)
                      0.077762    0.000728    0.336309 v fanout38/A (sg13g2_buf_1)
     8    0.053562    0.169961    0.200335    0.536644 v fanout38/X (sg13g2_buf_1)
                                                         net38 (net)
                      0.169961    0.000539    0.537183 v fanout37/A (sg13g2_buf_1)
     8    0.035668    0.116990    0.188944    0.726127 v fanout37/X (sg13g2_buf_1)
                                                         net37 (net)
                      0.116999    0.001112    0.727239 v _154_/B (sg13g2_nor2_1)
     4    0.023472    0.209245    0.211684    0.938923 ^ _154_/Y (sg13g2_nor2_1)
                                                         _112_ (net)
                      0.209256    0.001257    0.940180 ^ _160_/B (sg13g2_nand2_1)
     3    0.020074    0.149063    0.188075    1.128255 v _160_/Y (sg13g2_nand2_1)
                                                         _117_ (net)
                      0.149066    0.000756    1.129011 v _162_/A1 (sg13g2_o21ai_1)
     1    0.005130    0.095522    0.138651    1.267662 ^ _162_/Y (sg13g2_o21ai_1)
                                                         net6 (net)
                      0.095522    0.000156    1.267818 ^ output6/A (sg13g2_buf_1)
     1    0.015895    0.073711    0.126032    1.393850 ^ output6/X (sg13g2_buf_1)
                                                         sine_out[11] (net)
                      0.073723    0.000944    1.394794 ^ sine_out[11] (out)
                                              1.394794   data arrival time

                                  5.000000    5.000000   clock clk (rise edge)
                                  0.000000    5.000000   clock network delay (propagated)
                                 -0.150000    4.850000   clock uncertainty
                                  0.000000    4.850000   clock reconvergence pessimism
                                 -1.000000    3.850000   output external delay
                                              3.850000   data required time
---------------------------------------------------------------------------------------------
                                              3.850000   data required time
                                             -1.394794   data arrival time
---------------------------------------------------------------------------------------------
                                              2.455206   slack (MET)


Startpoint: _305_ (rising edge-triggered flip-flop clocked by clk)
Endpoint: sine_out[5] (output port clocked by clk)
Path Group: clk
Path Type: max

Fanout         Cap        Slew       Delay        Time   Description
---------------------------------------------------------------------------------------------
                                  0.000000    0.000000   clock clk (rise edge)
                                  0.000000    0.000000   clock source latency
     1    0.027776    0.000000    0.000000    0.000000 ^ clk (in)
                                                         clk (net)
                      0.004784    0.002392    0.002392 ^ clkbuf_0_clk/A (sg13g2_buf_16)
     2    0.043504    0.023528    0.056986    0.059378 ^ clkbuf_0_clk/X (sg13g2_buf_16)
                                                         clknet_0_clk (net)
                      0.023607    0.002077    0.061455 ^ clkbuf_1_1__f_clk/A (sg13g2_buf_16)
     5    0.026939    0.020747    0.063287    0.124743 ^ clkbuf_1_1__f_clk/X (sg13g2_buf_16)
                                                         clknet_1_1__leaf_clk (net)
                      0.020773    0.001395    0.126137 ^ _305_/CLK (sg13g2_dfrbpq_1)
     3    0.023833    0.102473    0.223039    0.349176 ^ _305_/Q (sg13g2_dfrbpq_1)
                                                         DPATH.SUM.fa_1.A (net)
                      0.102476    0.000740    0.349916 ^ fanout38/A (sg13g2_buf_1)
     8    0.054228    0.225300    0.236067    0.585983 ^ fanout38/X (sg13g2_buf_1)
                                                         net38 (net)
                      0.225302    0.000544    0.586527 ^ fanout37/A (sg13g2_buf_1)
     8    0.036546    0.155113    0.217068    0.803595 ^ fanout37/X (sg13g2_buf_1)
                                                         net37 (net)
                      0.155123    0.001387    0.804982 ^ _164_/B (sg13g2_and2_1)
     4    0.020951    0.096846    0.180170    0.985152 ^ _164_/X (sg13g2_and2_1)
                                                         _120_ (net)
                      0.096849    0.000640    0.985792 ^ _169_/B (sg13g2_nand2_1)
     3    0.013695    0.112630    0.119328    1.105120 v _169_/Y (sg13g2_nand2_1)
                                                         _124_ (net)
                      0.112630    0.000286    1.105406 v _291_/B (sg13g2_nor2_1)
     2    0.010236    0.111635    0.122254    1.227659 ^ _291_/Y (sg13g2_nor2_1)
                                                         _099_ (net)
                      0.111635    0.000240    1.227900 ^ _292_/C (sg13g2_nor3_1)
     1    0.004132    0.058840    0.060474    1.288373 v _292_/Y (sg13g2_nor3_1)
                                                         net17 (net)
                      0.058840    0.000103    1.288476 v output17/A (sg13g2_buf_1)
     1    0.013812    0.051913    0.101238    1.389715 v output17/X (sg13g2_buf_1)
                                                         sine_out[5] (net)
                      0.051919    0.000592    1.390306 v sine_out[5] (out)
                                              1.390306   data arrival time

                                  5.000000    5.000000   clock clk (rise edge)
                                  0.000000    5.000000   clock network delay (propagated)
                                 -0.150000    4.850000   clock uncertainty
                                  0.000000    4.850000   clock reconvergence pessimism
                                 -1.000000    3.850000   output external delay
                                              3.850000   data required time
---------------------------------------------------------------------------------------------
                                              3.850000   data required time
                                             -1.390306   data arrival time
---------------------------------------------------------------------------------------------
                                              2.459693   slack (MET)


Startpoint: _308_ (rising edge-triggered flip-flop clocked by clk)
Endpoint: sine_out[3] (output port clocked by clk)
Path Group: clk
Path Type: max

Fanout         Cap        Slew       Delay        Time   Description
---------------------------------------------------------------------------------------------
                                  0.000000    0.000000   clock clk (rise edge)
                                  0.000000    0.000000   clock source latency
     1    0.027776    0.000000    0.000000    0.000000 ^ clk (in)
                                                         clk (net)
                      0.004784    0.002392    0.002392 ^ clkbuf_0_clk/A (sg13g2_buf_16)
     2    0.043504    0.023528    0.056986    0.059378 ^ clkbuf_0_clk/X (sg13g2_buf_16)
                                                         clknet_0_clk (net)
                      0.023755    0.002871    0.062249 ^ clkbuf_1_0__f_clk/A (sg13g2_buf_16)
     5    0.031198    0.021714    0.064114    0.126363 ^ clkbuf_1_0__f_clk/X (sg13g2_buf_16)
                                                         clknet_1_0__leaf_clk (net)
                      0.021768    0.001867    0.128230 ^ _308_/CLK (sg13g2_dfrbpq_1)
     3    0.023938    0.079111    0.210989    0.339219 v _308_/Q (sg13g2_dfrbpq_1)
                                                         DPATH.SUM.fa_4.A (net)
                      0.079111    0.000442    0.339661 v fanout32/A (sg13g2_buf_1)
     8    0.047182    0.150791    0.186595    0.526255 v fanout32/X (sg13g2_buf_1)
                                                         net32 (net)
                      0.150795    0.000929    0.527184 v fanout31/A (sg13g2_buf_1)
     8    0.043261    0.139522    0.200407    0.727591 v fanout31/X (sg13g2_buf_1)
                                                         net31 (net)
                      0.139522    0.000452    0.728043 v fanout30/A (sg13g2_buf_1)
     8    0.040183    0.130085    0.190560    0.918603 v fanout30/X (sg13g2_buf_1)
                                                         net30 (net)
                      0.130107    0.001664    0.920267 v _145_/B (sg13g2_nor2_1)
     2    0.008835    0.103770    0.117425    1.037692 ^ _145_/Y (sg13g2_nor2_1)
                                                         _104_ (net)
                      0.103805    0.000213    1.037905 ^ _149_/A (sg13g2_nand2_1)
     3    0.019312    0.150167    0.147450    1.185356 v _149_/Y (sg13g2_nand2_1)
                                                         _108_ (net)
                      0.150169    0.000562    1.185917 v _289_/B (sg13g2_nor2_1)
     1    0.004341    0.075177    0.090602    1.276520 ^ _289_/Y (sg13g2_nor2_1)
                                                         net15 (net)
                      0.075177    0.000114    1.276634 ^ output15/A (sg13g2_buf_1)
     1    0.012139    0.058689    0.106553    1.383187 ^ output15/X (sg13g2_buf_1)
                                                         sine_out[3] (net)
                      0.058689    0.000245    1.383432 ^ sine_out[3] (out)
                                              1.383432   data arrival time

                                  5.000000    5.000000   clock clk (rise edge)
                                  0.000000    5.000000   clock network delay (propagated)
                                 -0.150000    4.850000   clock uncertainty
                                  0.000000    4.850000   clock reconvergence pessimism
                                 -1.000000    3.850000   output external delay
                                              3.850000   data required time
---------------------------------------------------------------------------------------------
                                              3.850000   data required time
                                             -1.383432   data arrival time
---------------------------------------------------------------------------------------------
                                              2.466568   slack (MET)


Startpoint: _305_ (rising edge-triggered flip-flop clocked by clk)
Endpoint: sine_out[7] (output port clocked by clk)
Path Group: clk
Path Type: max

Fanout         Cap        Slew       Delay        Time   Description
---------------------------------------------------------------------------------------------
                                  0.000000    0.000000   clock clk (rise edge)
                                  0.000000    0.000000   clock source latency
     1    0.027776    0.000000    0.000000    0.000000 ^ clk (in)
                                                         clk (net)
                      0.004784    0.002392    0.002392 ^ clkbuf_0_clk/A (sg13g2_buf_16)
     2    0.043504    0.023528    0.056986    0.059378 ^ clkbuf_0_clk/X (sg13g2_buf_16)
                                                         clknet_0_clk (net)
                      0.023607    0.002077    0.061455 ^ clkbuf_1_1__f_clk/A (sg13g2_buf_16)
     5    0.026939    0.020747    0.063287    0.124743 ^ clkbuf_1_1__f_clk/X (sg13g2_buf_16)
                                                         clknet_1_1__leaf_clk (net)
                      0.020773    0.001395    0.126137 ^ _305_/CLK (sg13g2_dfrbpq_1)
     3    0.023833    0.102473    0.223039    0.349176 ^ _305_/Q (sg13g2_dfrbpq_1)
                                                         DPATH.SUM.fa_1.A (net)
                      0.102476    0.000740    0.349916 ^ fanout38/A (sg13g2_buf_1)
     8    0.054228    0.225300    0.236067    0.585983 ^ fanout38/X (sg13g2_buf_1)
                                                         net38 (net)
                      0.225302    0.000544    0.586527 ^ fanout37/A (sg13g2_buf_1)
     8    0.036546    0.155113    0.217068    0.803595 ^ fanout37/X (sg13g2_buf_1)
                                                         net37 (net)
                      0.155119    0.001145    0.804740 ^ _154_/B (sg13g2_nor2_1)
     4    0.022910    0.108933    0.142717    0.947457 v _154_/Y (sg13g2_nor2_1)
                                                         _112_ (net)
                      0.108946    0.001184    0.948641 v _156_/B (sg13g2_nor2_1)
     3    0.020497    0.190552    0.188903    1.137544 ^ _156_/Y (sg13g2_nor2_1)
                                                         _114_ (net)
                      0.190552    0.000439    1.137983 ^ _294_/A2 (sg13g2_a21oi_1)
     1    0.006414    0.074216    0.123026    1.261009 v _294_/Y (sg13g2_a21oi_1)
                                                         net19 (net)
                      0.074216    0.000267    1.261275 v output19/A (sg13g2_buf_1)
     1    0.014328    0.053755    0.109134    1.370410 v output19/X (sg13g2_buf_1)
                                                         sine_out[7] (net)
                      0.053762    0.000632    1.371042 v sine_out[7] (out)
                                              1.371042   data arrival time

                                  5.000000    5.000000   clock clk (rise edge)
                                  0.000000    5.000000   clock network delay (propagated)
                                 -0.150000    4.850000   clock uncertainty
                                  0.000000    4.850000   clock reconvergence pessimism
                                 -1.000000    3.850000   output external delay
                                              3.850000   data required time
---------------------------------------------------------------------------------------------
                                              3.850000   data required time
                                             -1.371042   data arrival time
---------------------------------------------------------------------------------------------
                                              2.478958   slack (MET)


Startpoint: _305_ (rising edge-triggered flip-flop clocked by clk)
Endpoint: sine_out[10] (output port clocked by clk)
Path Group: clk
Path Type: max

Fanout         Cap        Slew       Delay        Time   Description
---------------------------------------------------------------------------------------------
                                  0.000000    0.000000   clock clk (rise edge)
                                  0.000000    0.000000   clock source latency
     1    0.027776    0.000000    0.000000    0.000000 ^ clk (in)
                                                         clk (net)
                      0.004784    0.002392    0.002392 ^ clkbuf_0_clk/A (sg13g2_buf_16)
     2    0.043504    0.023528    0.056986    0.059378 ^ clkbuf_0_clk/X (sg13g2_buf_16)
                                                         clknet_0_clk (net)
                      0.023607    0.002077    0.061455 ^ clkbuf_1_1__f_clk/A (sg13g2_buf_16)
     5    0.026939    0.020747    0.063287    0.124743 ^ clkbuf_1_1__f_clk/X (sg13g2_buf_16)
                                                         clknet_1_1__leaf_clk (net)
                      0.020773    0.001395    0.126137 ^ _305_/CLK (sg13g2_dfrbpq_1)
     3    0.023833    0.102473    0.223039    0.349176 ^ _305_/Q (sg13g2_dfrbpq_1)
                                                         DPATH.SUM.fa_1.A (net)
                      0.102476    0.000740    0.349916 ^ fanout38/A (sg13g2_buf_1)
     8    0.054228    0.225300    0.236067    0.585983 ^ fanout38/X (sg13g2_buf_1)
                                                         net38 (net)
                      0.225302    0.000544    0.586527 ^ fanout37/A (sg13g2_buf_1)
     8    0.036546    0.155113    0.217068    0.803595 ^ fanout37/X (sg13g2_buf_1)
                                                         net37 (net)
                      0.155119    0.001145    0.804740 ^ _154_/B (sg13g2_nor2_1)
     4    0.022910    0.108933    0.142717    0.947457 v _154_/Y (sg13g2_nor2_1)
                                                         _112_ (net)
                      0.108946    0.001184    0.948641 v _156_/B (sg13g2_nor2_1)
     3    0.020497    0.190552    0.188903    1.137544 ^ _156_/Y (sg13g2_nor2_1)
                                                         _114_ (net)
                      0.190552    0.000356    1.137900 ^ _159_/A1 (sg13g2_a21oi_1)
     1    0.003608    0.069943    0.104669    1.242569 v _159_/Y (sg13g2_a21oi_1)
                                                         net5 (net)
                      0.069943    0.000072    1.242641 v output5/A (sg13g2_buf_1)
     1    0.012367    0.047745    0.102599    1.345240 v output5/X (sg13g2_buf_1)
                                                         sine_out[10] (net)
                      0.047746    0.000275    1.345515 v sine_out[10] (out)
                                              1.345515   data arrival time

                                  5.000000    5.000000   clock clk (rise edge)
                                  0.000000    5.000000   clock network delay (propagated)
                                 -0.150000    4.850000   clock uncertainty
                                  0.000000    4.850000   clock reconvergence pessimism
                                 -1.000000    3.850000   output external delay
                                              3.850000   data required time
---------------------------------------------------------------------------------------------
                                              3.850000   data required time
                                             -1.345515   data arrival time
---------------------------------------------------------------------------------------------
                                              2.504486   slack (MET)


Startpoint: _305_ (rising edge-triggered flip-flop clocked by clk)
Endpoint: sine_out[4] (output port clocked by clk)
Path Group: clk
Path Type: max

Fanout         Cap        Slew       Delay        Time   Description
---------------------------------------------------------------------------------------------
                                  0.000000    0.000000   clock clk (rise edge)
                                  0.000000    0.000000   clock source latency
     1    0.027776    0.000000    0.000000    0.000000 ^ clk (in)
                                                         clk (net)
                      0.004784    0.002392    0.002392 ^ clkbuf_0_clk/A (sg13g2_buf_16)
     2    0.043504    0.023528    0.056986    0.059378 ^ clkbuf_0_clk/X (sg13g2_buf_16)
                                                         clknet_0_clk (net)
                      0.023607    0.002077    0.061455 ^ clkbuf_1_1__f_clk/A (sg13g2_buf_16)
     5    0.026939    0.020747    0.063287    0.124743 ^ clkbuf_1_1__f_clk/X (sg13g2_buf_16)
                                                         clknet_1_1__leaf_clk (net)
                      0.020773    0.001395    0.126137 ^ _305_/CLK (sg13g2_dfrbpq_1)
     3    0.023471    0.077757    0.209443    0.335581 v _305_/Q (sg13g2_dfrbpq_1)
                                                         DPATH.SUM.fa_1.A (net)
                      0.077762    0.000728    0.336309 v fanout38/A (sg13g2_buf_1)
     8    0.053562    0.169961    0.200335    0.536644 v fanout38/X (sg13g2_buf_1)
                                                         net38 (net)
                      0.169961    0.000539    0.537183 v fanout37/A (sg13g2_buf_1)
     8    0.035668    0.116990    0.188944    0.726127 v fanout37/X (sg13g2_buf_1)
                                                         net37 (net)
                      0.116999    0.001112    0.727239 v _154_/B (sg13g2_nor2_1)
     4    0.023472    0.209245    0.211684    0.938923 ^ _154_/Y (sg13g2_nor2_1)
                                                         _112_ (net)
                      0.209256    0.001223    0.940146 ^ _156_/B (sg13g2_nor2_1)
     3    0.020305    0.117056    0.150398    1.090544 v _156_/Y (sg13g2_nor2_1)
                                                         _114_ (net)
                      0.117062    0.000789    1.091334 v _290_/C (sg13g2_nor3_1)
     1    0.004717    0.109051    0.118936    1.210269 ^ _290_/Y (sg13g2_nor3_1)
                                                         net16 (net)
                      0.109051    0.000141    1.210410 ^ output16/A (sg13g2_buf_1)
     1    0.013053    0.062988    0.121771    1.332181 ^ output16/X (sg13g2_buf_1)
                                                         sine_out[4] (net)
                      0.062990    0.000470    1.332651 ^ sine_out[4] (out)
                                              1.332651   data arrival time

                                  5.000000    5.000000   clock clk (rise edge)
                                  0.000000    5.000000   clock network delay (propagated)
                                 -0.150000    4.850000   clock uncertainty
                                  0.000000    4.850000   clock reconvergence pessimism
                                 -1.000000    3.850000   output external delay
                                              3.850000   data required time
---------------------------------------------------------------------------------------------
                                              3.850000   data required time
                                             -1.332651   data arrival time
---------------------------------------------------------------------------------------------
                                              2.517349   slack (MET)


Startpoint: _307_ (rising edge-triggered flip-flop clocked by clk)
Endpoint: sine_out[6] (output port clocked by clk)
Path Group: clk
Path Type: max

Fanout         Cap        Slew       Delay        Time   Description
---------------------------------------------------------------------------------------------
                                  0.000000    0.000000   clock clk (rise edge)
                                  0.000000    0.000000   clock source latency
     1    0.027776    0.000000    0.000000    0.000000 ^ clk (in)
                                                         clk (net)
                      0.004784    0.002392    0.002392 ^ clkbuf_0_clk/A (sg13g2_buf_16)
     2    0.043504    0.023528    0.056986    0.059378 ^ clkbuf_0_clk/X (sg13g2_buf_16)
                                                         clknet_0_clk (net)
                      0.023607    0.002077    0.061455 ^ clkbuf_1_1__f_clk/A (sg13g2_buf_16)
     5    0.026939    0.020747    0.063287    0.124743 ^ clkbuf_1_1__f_clk/X (sg13g2_buf_16)
                                                         clknet_1_1__leaf_clk (net)
                      0.020771    0.001326    0.126068 ^ _307_/CLK (sg13g2_dfrbpq_1)
     2    0.011285    0.043142    0.180227    0.306295 v _307_/Q (sg13g2_dfrbpq_1)
                                                         DPATH.SUM.fa_3.A (net)
                      0.043147    0.000468    0.306764 v fanout34/A (sg13g2_buf_1)
     8    0.043042    0.137968    0.161678    0.468442 v fanout34/X (sg13g2_buf_1)
                                                         net34 (net)
                      0.138017    0.001164    0.469606 v _138_/A (sg13g2_inv_1)
     4    0.029547    0.139624    0.163381    0.632988 ^ _138_/Y (sg13g2_inv_1)
                                                         _100_ (net)
                      0.139627    0.000531    0.633519 ^ fanout22/A (sg13g2_buf_1)
     8    0.044827    0.187773    0.219929    0.853448 ^ fanout22/X (sg13g2_buf_1)
                                                         net22 (net)
                      0.187793    0.001607    0.855055 ^ _177_/A (sg13g2_nand2_1)
     3    0.014310    0.120354    0.149462    1.004517 v _177_/Y (sg13g2_nand2_1)
                                                         _128_ (net)
                      0.120354    0.000430    1.004948 v _293_/A2 (sg13g2_a21oi_1)
     1    0.003396    0.071236    0.103291    1.108239 ^ _293_/Y (sg13g2_a21oi_1)
                                                         net18 (net)
                      0.071236    0.000059    1.108297 ^ output18/A (sg13g2_buf_1)
     1    0.012316    0.059299    0.105339    1.213636 ^ output18/X (sg13g2_buf_1)
                                                         sine_out[6] (net)
                      0.059300    0.000315    1.213951 ^ sine_out[6] (out)
                                              1.213951   data arrival time

                                  5.000000    5.000000   clock clk (rise edge)
                                  0.000000    5.000000   clock network delay (propagated)
                                 -0.150000    4.850000   clock uncertainty
                                  0.000000    4.850000   clock reconvergence pessimism
                                 -1.000000    3.850000   output external delay
                                              3.850000   data required time
---------------------------------------------------------------------------------------------
                                              3.850000   data required time
                                             -1.213951   data arrival time
---------------------------------------------------------------------------------------------
                                              2.636049   slack (MET)


Startpoint: _304_ (rising edge-triggered flip-flop clocked by clk)
Endpoint: _310_ (rising edge-triggered flip-flop clocked by clk)
Path Group: clk
Path Type: max

Fanout         Cap        Slew       Delay        Time   Description
---------------------------------------------------------------------------------------------
                                  0.000000    0.000000   clock clk (rise edge)
                                  0.000000    0.000000   clock source latency
     1    0.027776    0.000000    0.000000    0.000000 ^ clk (in)
                                                         clk (net)
                      0.004784    0.002392    0.002392 ^ clkbuf_0_clk/A (sg13g2_buf_16)
     2    0.043504    0.023528    0.056986    0.059378 ^ clkbuf_0_clk/X (sg13g2_buf_16)
                                                         clknet_0_clk (net)
                      0.023607    0.002077    0.061455 ^ clkbuf_1_1__f_clk/A (sg13g2_buf_16)
     5    0.026939    0.020747    0.063287    0.124743 ^ clkbuf_1_1__f_clk/X (sg13g2_buf_16)
                                                         clknet_1_1__leaf_clk (net)
                      0.020780    0.001551    0.126294 ^ _304_/CLK (sg13g2_dfrbpq_1)
     1    0.004886    0.031025    0.168642    0.294935 ^ _304_/Q (sg13g2_dfrbpq_1)
                                                         DPATH.SUM.Cout0 (net)
                      0.031025    0.000137    0.295072 ^ fanout41/A (sg13g2_buf_1)
     6    0.038187    0.160449    0.160367    0.455439 ^ fanout41/X (sg13g2_buf_1)
                                                         net41 (net)
                      0.160450    0.000354    0.455793 ^ fanout40/A (sg13g2_buf_1)
     4    0.023041    0.101352    0.165500    0.621293 ^ fanout40/X (sg13g2_buf_1)
                                                         net40 (net)
                      0.101352    0.000292    0.621585 ^ fanout39/A (sg13g2_buf_1)
     8    0.041857    0.175758    0.200521    0.822106 ^ fanout39/X (sg13g2_buf_1)
                                                         net39 (net)
                      0.175847    0.003271    0.825377 ^ _141_/A (sg13g2_inv_1)
     6    0.033295    0.135570    0.179597    1.004974 v _141_/Y (sg13g2_inv_1)
                                                         DPATH.SUM.ha_0.S (net)
                      0.135572    0.000809    1.005784 v _183_/A1 (sg13g2_o21ai_1)
     2    0.012116    0.156437    0.186509    1.192293 ^ _183_/Y (sg13g2_o21ai_1)
                                                         _132_ (net)
                      0.156438    0.000387    1.192680 ^ _187_/A1 (sg13g2_a21oi_1)
     2    0.013342    0.113221    0.149735    1.342415 v _187_/Y (sg13g2_a21oi_1)
                                                         _135_ (net)
                      0.113221    0.000488    1.342903 v _193_/A1 (sg13g2_o21ai_1)
     2    0.015770    0.188949    0.206171    1.549073 ^ _193_/Y (sg13g2_o21ai_1)
                                                         _011_ (net)
                      0.188955    0.000853    1.549926 ^ _197_/A2 (sg13g2_a21oi_1)
     2    0.010000    0.097192    0.141737    1.691663 v _197_/Y (sg13g2_a21oi_1)
                                                         _014_ (net)
                      0.097192    0.000180    1.691842 v _199_/A2 (sg13g2_o21ai_1)
     1    0.007809    0.116928    0.137873    1.829715 ^ _199_/Y (sg13g2_o21ai_1)
                                                         _015_ (net)
                      0.116928    0.000244    1.829959 ^ _201_/A (sg13g2_xnor2_1)
     1    0.002511    0.064583    0.114142    1.944101 ^ _201_/Y (sg13g2_xnor2_1)
                                                         DPATH.SUM.fa_6.S (net)
                      0.064583    0.000041    1.944142 ^ _310_/D (sg13g2_dfrbpq_1)
                                              1.944142   data arrival time

                                  5.000000    5.000000   clock clk (rise edge)
                                  0.000000    5.000000   clock source latency
     1    0.027776    0.000000    0.000000    5.000000 ^ clk (in)
                                                         clk (net)
                      0.004784    0.002392    5.002392 ^ clkbuf_0_clk/A (sg13g2_buf_16)
     2    0.043504    0.023528    0.056986    5.059378 ^ clkbuf_0_clk/X (sg13g2_buf_16)
                                                         clknet_0_clk (net)
                      0.023755    0.002871    5.062249 ^ clkbuf_1_0__f_clk/A (sg13g2_buf_16)
     5    0.031198    0.021714    0.064114    5.126363 ^ clkbuf_1_0__f_clk/X (sg13g2_buf_16)
                                                         clknet_1_0__leaf_clk (net)
                      0.021747    0.001577    5.127940 ^ _310_/CLK (sg13g2_dfrbpq_1)
                                 -0.150000    4.977940   clock uncertainty
                                  0.000000    4.977940   clock reconvergence pessimism
                                 -0.126961    4.850978   library setup time
                                              4.850978   data required time
---------------------------------------------------------------------------------------------
                                              4.850978   data required time
                                             -1.944142   data arrival time
---------------------------------------------------------------------------------------------
                                              2.906837   slack (MET)


Startpoint: _311_ (rising edge-triggered flip-flop clocked by clk)
Endpoint: signB (output port clocked by clk)
Path Group: clk
Path Type: max

Fanout         Cap        Slew       Delay        Time   Description
---------------------------------------------------------------------------------------------
                                  0.000000    0.000000   clock clk (rise edge)
                                  0.000000    0.000000   clock source latency
     1    0.027776    0.000000    0.000000    0.000000 ^ clk (in)
                                                         clk (net)
                      0.004784    0.002392    0.002392 ^ clkbuf_0_clk/A (sg13g2_buf_16)
     2    0.043504    0.023528    0.056986    0.059378 ^ clkbuf_0_clk/X (sg13g2_buf_16)
                                                         clknet_0_clk (net)
                      0.023755    0.002871    0.062249 ^ clkbuf_1_0__f_clk/A (sg13g2_buf_16)
     5    0.031198    0.021714    0.064114    0.126363 ^ clkbuf_1_0__f_clk/X (sg13g2_buf_16)
                                                         clknet_1_0__leaf_clk (net)
                      0.021740    0.001407    0.127770 ^ _311_/CLK (sg13g2_dfrbpq_1)
     2    0.006432    0.029017    0.169044    0.296814 v _311_/Q (sg13g2_dfrbpq_1)
                                                         net2 (net)
                      0.029017    0.000087    0.296901 v hold43/A (sg13g2_dlygate4sd3_1)
     1    0.008107    0.051265    0.389313    0.686213 v hold43/X (sg13g2_dlygate4sd3_1)
                                                         net43 (net)
                      0.051265    0.000430    0.686644 v _142_/A (sg13g2_inv_1)
     2    0.012217    0.061339    0.065460    0.752104 ^ _142_/Y (sg13g2_inv_1)
                                                         net3 (net)
                      0.061344    0.000437    0.752541 ^ output3/A (sg13g2_buf_1)
     1    0.035764    0.151399    0.166714    0.919256 ^ output3/X (sg13g2_buf_1)
                                                         signB (net)
                      0.151469    0.002690    0.921946 ^ signB (out)
                                              0.921946   data arrival time

                                  5.000000    5.000000   clock clk (rise edge)
                                  0.000000    5.000000   clock network delay (propagated)
                                 -0.150000    4.850000   clock uncertainty
                                  0.000000    4.850000   clock reconvergence pessimism
                                 -1.000000    3.850000   output external delay
                                              3.850000   data required time
---------------------------------------------------------------------------------------------
                                              3.850000   data required time
                                             -0.921946   data arrival time
---------------------------------------------------------------------------------------------
                                              2.928054   slack (MET)


Startpoint: _304_ (rising edge-triggered flip-flop clocked by clk)
Endpoint: _309_ (rising edge-triggered flip-flop clocked by clk)
Path Group: clk
Path Type: max

Fanout         Cap        Slew       Delay        Time   Description
---------------------------------------------------------------------------------------------
                                  0.000000    0.000000   clock clk (rise edge)
                                  0.000000    0.000000   clock source latency
     1    0.027776    0.000000    0.000000    0.000000 ^ clk (in)
                                                         clk (net)
                      0.004784    0.002392    0.002392 ^ clkbuf_0_clk/A (sg13g2_buf_16)
     2    0.043504    0.023528    0.056986    0.059378 ^ clkbuf_0_clk/X (sg13g2_buf_16)
                                                         clknet_0_clk (net)
                      0.023607    0.002077    0.061455 ^ clkbuf_1_1__f_clk/A (sg13g2_buf_16)
     5    0.026939    0.020747    0.063287    0.124743 ^ clkbuf_1_1__f_clk/X (sg13g2_buf_16)
                                                         clknet_1_1__leaf_clk (net)
                      0.020780    0.001551    0.126294 ^ _304_/CLK (sg13g2_dfrbpq_1)
     1    0.004886    0.031025    0.168642    0.294935 ^ _304_/Q (sg13g2_dfrbpq_1)
                                                         DPATH.SUM.Cout0 (net)
                      0.031025    0.000137    0.295072 ^ fanout41/A (sg13g2_buf_1)
     6    0.038187    0.160449    0.160367    0.455439 ^ fanout41/X (sg13g2_buf_1)
                                                         net41 (net)
                      0.160450    0.000354    0.455793 ^ fanout40/A (sg13g2_buf_1)
     4    0.023041    0.101352    0.165500    0.621293 ^ fanout40/X (sg13g2_buf_1)
                                                         net40 (net)
                      0.101352    0.000292    0.621585 ^ fanout39/A (sg13g2_buf_1)
     8    0.041857    0.175758    0.200521    0.822106 ^ fanout39/X (sg13g2_buf_1)
                                                         net39 (net)
                      0.175847    0.003271    0.825377 ^ _141_/A (sg13g2_inv_1)
     6    0.033295    0.135570    0.179597    1.004974 v _141_/Y (sg13g2_inv_1)
                                                         DPATH.SUM.ha_0.S (net)
                      0.135572    0.000809    1.005784 v _183_/A1 (sg13g2_o21ai_1)
     2    0.012116    0.156437    0.186509    1.192293 ^ _183_/Y (sg13g2_o21ai_1)
                                                         _132_ (net)
                      0.156438    0.000387    1.192680 ^ _187_/A1 (sg13g2_a21oi_1)
     2    0.013342    0.113221    0.149735    1.342415 v _187_/Y (sg13g2_a21oi_1)
                                                         _135_ (net)
                      0.113221    0.000488    1.342903 v _193_/A1 (sg13g2_o21ai_1)
     2    0.015770    0.188949    0.206171    1.549073 ^ _193_/Y (sg13g2_o21ai_1)
                                                         _011_ (net)
                      0.188955    0.000853    1.549926 ^ _197_/A2 (sg13g2_a21oi_1)
     2    0.010000    0.097192    0.141737    1.691663 v _197_/Y (sg13g2_a21oi_1)
                                                         _014_ (net)
                      0.097192    0.000170    1.691832 v _198_/B (sg13g2_xor2_1)
     1    0.005478    0.066561    0.124757    1.816589 v _198_/X (sg13g2_xor2_1)
                                                         DPATH.SUM.fa_5.S (net)
                      0.066561    0.000204    1.816793 v _309_/D (sg13g2_dfrbpq_1)
                                              1.816793   data arrival time

                                  5.000000    5.000000   clock clk (rise edge)
                                  0.000000    5.000000   clock source latency
     1    0.027776    0.000000    0.000000    5.000000 ^ clk (in)
                                                         clk (net)
                      0.004784    0.002392    5.002392 ^ clkbuf_0_clk/A (sg13g2_buf_16)
     2    0.043504    0.023528    0.056986    5.059378 ^ clkbuf_0_clk/X (sg13g2_buf_16)
                                                         clknet_0_clk (net)
                      0.023755    0.002871    5.062249 ^ clkbuf_1_0__f_clk/A (sg13g2_buf_16)
     5    0.031198    0.021714    0.064114    5.126363 ^ clkbuf_1_0__f_clk/X (sg13g2_buf_16)
                                                         clknet_1_0__leaf_clk (net)
                      0.021761    0.001769    5.128132 ^ _309_/CLK (sg13g2_dfrbpq_1)
                                 -0.150000    4.978132   clock uncertainty
                                  0.000000    4.978132   clock reconvergence pessimism
                                 -0.128948    4.849184   library setup time
                                              4.849184   data required time
---------------------------------------------------------------------------------------------
                                              4.849184   data required time
                                             -1.816793   data arrival time
---------------------------------------------------------------------------------------------
                                              3.032391   slack (MET)


Startpoint: _304_ (rising edge-triggered flip-flop clocked by clk)
Endpoint: _308_ (rising edge-triggered flip-flop clocked by clk)
Path Group: clk
Path Type: max

Fanout         Cap        Slew       Delay        Time   Description
---------------------------------------------------------------------------------------------
                                  0.000000    0.000000   clock clk (rise edge)
                                  0.000000    0.000000   clock source latency
     1    0.027776    0.000000    0.000000    0.000000 ^ clk (in)
                                                         clk (net)
                      0.004784    0.002392    0.002392 ^ clkbuf_0_clk/A (sg13g2_buf_16)
     2    0.043504    0.023528    0.056986    0.059378 ^ clkbuf_0_clk/X (sg13g2_buf_16)
                                                         clknet_0_clk (net)
                      0.023607    0.002077    0.061455 ^ clkbuf_1_1__f_clk/A (sg13g2_buf_16)
     5    0.026939    0.020747    0.063287    0.124743 ^ clkbuf_1_1__f_clk/X (sg13g2_buf_16)
                                                         clknet_1_1__leaf_clk (net)
                      0.020780    0.001551    0.126294 ^ _304_/CLK (sg13g2_dfrbpq_1)
     1    0.004886    0.031025    0.168642    0.294935 ^ _304_/Q (sg13g2_dfrbpq_1)
                                                         DPATH.SUM.Cout0 (net)
                      0.031025    0.000137    0.295072 ^ fanout41/A (sg13g2_buf_1)
     6    0.038187    0.160449    0.160367    0.455439 ^ fanout41/X (sg13g2_buf_1)
                                                         net41 (net)
                      0.160450    0.000354    0.455793 ^ fanout40/A (sg13g2_buf_1)
     4    0.023041    0.101352    0.165500    0.621293 ^ fanout40/X (sg13g2_buf_1)
                                                         net40 (net)
                      0.101352    0.000292    0.621585 ^ fanout39/A (sg13g2_buf_1)
     8    0.041857    0.175758    0.200521    0.822106 ^ fanout39/X (sg13g2_buf_1)
                                                         net39 (net)
                      0.175847    0.003271    0.825377 ^ _141_/A (sg13g2_inv_1)
     6    0.033295    0.135570    0.179597    1.004974 v _141_/Y (sg13g2_inv_1)
                                                         DPATH.SUM.ha_0.S (net)
                      0.135572    0.000809    1.005784 v _183_/A1 (sg13g2_o21ai_1)
     2    0.012116    0.156437    0.186509    1.192293 ^ _183_/Y (sg13g2_o21ai_1)
                                                         _132_ (net)
                      0.156438    0.000387    1.192680 ^ _187_/A1 (sg13g2_a21oi_1)
     2    0.013342    0.113221    0.149735    1.342415 v _187_/Y (sg13g2_a21oi_1)
                                                         _135_ (net)
                      0.113221    0.000488    1.342903 v _193_/A1 (sg13g2_o21ai_1)
     2    0.015770    0.188949    0.206171    1.549073 ^ _193_/Y (sg13g2_o21ai_1)
                                                         _011_ (net)
                      0.188953    0.000709    1.549783 ^ _194_/B (sg13g2_xor2_1)
     1    0.002379    0.060420    0.138535    1.688317 ^ _194_/X (sg13g2_xor2_1)
                                                         DPATH.SUM.fa_4.S (net)
                      0.060420    0.000035    1.688352 ^ _308_/D (sg13g2_dfrbpq_1)
                                              1.688352   data arrival time

                                  5.000000    5.000000   clock clk (rise edge)
                                  0.000000    5.000000   clock source latency
     1    0.027776    0.000000    0.000000    5.000000 ^ clk (in)
                                                         clk (net)
                      0.004784    0.002392    5.002392 ^ clkbuf_0_clk/A (sg13g2_buf_16)
     2    0.043504    0.023528    0.056986    5.059378 ^ clkbuf_0_clk/X (sg13g2_buf_16)
                                                         clknet_0_clk (net)
                      0.023755    0.002871    5.062249 ^ clkbuf_1_0__f_clk/A (sg13g2_buf_16)
     5    0.031198    0.021714    0.064114    5.126363 ^ clkbuf_1_0__f_clk/X (sg13g2_buf_16)
                                                         clknet_1_0__leaf_clk (net)
                      0.021768    0.001867    5.128230 ^ _308_/CLK (sg13g2_dfrbpq_1)
                                 -0.150000    4.978230   clock uncertainty
                                  0.000000    4.978230   clock reconvergence pessimism
                                 -0.125605    4.852624   library setup time
                                              4.852624   data required time
---------------------------------------------------------------------------------------------
                                              4.852624   data required time
                                             -1.688352   data arrival time
---------------------------------------------------------------------------------------------
                                              3.164272   slack (MET)


Startpoint: _305_ (rising edge-triggered flip-flop clocked by clk)
Endpoint: _312_ (rising edge-triggered flip-flop clocked by clk)
Path Group: clk
Path Type: max

Fanout         Cap        Slew       Delay        Time   Description
---------------------------------------------------------------------------------------------
                                  0.000000    0.000000   clock clk (rise edge)
                                  0.000000    0.000000   clock source latency
     1    0.027776    0.000000    0.000000    0.000000 ^ clk (in)
                                                         clk (net)
                      0.004784    0.002392    0.002392 ^ clkbuf_0_clk/A (sg13g2_buf_16)
     2    0.043504    0.023528    0.056986    0.059378 ^ clkbuf_0_clk/X (sg13g2_buf_16)
                                                         clknet_0_clk (net)
                      0.023607    0.002077    0.061455 ^ clkbuf_1_1__f_clk/A (sg13g2_buf_16)
     5    0.026939    0.020747    0.063287    0.124743 ^ clkbuf_1_1__f_clk/X (sg13g2_buf_16)
                                                         clknet_1_1__leaf_clk (net)
                      0.020773    0.001395    0.126137 ^ _305_/CLK (sg13g2_dfrbpq_1)
     3    0.023833    0.102473    0.223039    0.349176 ^ _305_/Q (sg13g2_dfrbpq_1)
                                                         DPATH.SUM.fa_1.A (net)
                      0.102476    0.000740    0.349916 ^ fanout38/A (sg13g2_buf_1)
     8    0.054228    0.225300    0.236067    0.585983 ^ fanout38/X (sg13g2_buf_1)
                                                         net38 (net)
                      0.225302    0.000544    0.586527 ^ fanout37/A (sg13g2_buf_1)
     8    0.036546    0.155113    0.217068    0.803595 ^ fanout37/X (sg13g2_buf_1)
                                                         net37 (net)
                      0.155123    0.001387    0.804982 ^ _164_/B (sg13g2_and2_1)
     4    0.020951    0.096846    0.180170    0.985152 ^ _164_/X (sg13g2_and2_1)
                                                         _120_ (net)
                      0.096849    0.000640    0.985792 ^ _169_/B (sg13g2_nand2_1)
     3    0.013695    0.112630    0.119328    1.105120 v _169_/Y (sg13g2_nand2_1)
                                                         _124_ (net)
                      0.112630    0.000248    1.105368 v _205_/C (sg13g2_nor3_1)
     2    0.014742    0.222455    0.210752    1.316119 ^ _205_/Y (sg13g2_nor3_1)
                                                         _019_ (net)
                      0.222461    0.000936    1.317055 ^ _206_/A2 (sg13g2_a21oi_1)
     1    0.005296    0.077648    0.123577    1.440632 v _206_/Y (sg13g2_a21oi_1)
                                                         _020_ (net)
                      0.077648    0.000147    1.440779 v _207_/B (sg13g2_nor2_1)
     1    0.002805    0.052624    0.064178    1.504958 ^ _207_/Y (sg13g2_nor2_1)
                                                         CTRL.P0 (net)
                      0.052624    0.000053    1.505010 ^ _312_/D (sg13g2_dfrbpq_1)
                                              1.505010   data arrival time

                                  5.000000    5.000000   clock clk (rise edge)
                                  0.000000    5.000000   clock source latency
     1    0.027776    0.000000    0.000000    5.000000 ^ clk (in)
                                                         clk (net)
                      0.004784    0.002392    5.002392 ^ clkbuf_0_clk/A (sg13g2_buf_16)
     2    0.043504    0.023528    0.056986    5.059378 ^ clkbuf_0_clk/X (sg13g2_buf_16)
                                                         clknet_0_clk (net)
                      0.023755    0.002871    5.062249 ^ clkbuf_1_0__f_clk/A (sg13g2_buf_16)
     5    0.031198    0.021714    0.064114    5.126363 ^ clkbuf_1_0__f_clk/X (sg13g2_buf_16)
                                                         clknet_1_0__leaf_clk (net)
                      0.021741    0.001427    5.127790 ^ _312_/CLK (sg13g2_dfrbpq_1)
                                 -0.150000    4.977790   clock uncertainty
                                  0.000000    4.977790   clock reconvergence pessimism
                                 -0.123077    4.854713   library setup time
                                              4.854713   data required time
---------------------------------------------------------------------------------------------
                                              4.854713   data required time
                                             -1.505010   data arrival time
---------------------------------------------------------------------------------------------
                                              3.349703   slack (MET)


Startpoint: _308_ (rising edge-triggered flip-flop clocked by clk)
Endpoint: _311_ (rising edge-triggered flip-flop clocked by clk)
Path Group: clk
Path Type: max

Fanout         Cap        Slew       Delay        Time   Description
---------------------------------------------------------------------------------------------
                                  0.000000    0.000000   clock clk (rise edge)
                                  0.000000    0.000000   clock source latency
     1    0.027776    0.000000    0.000000    0.000000 ^ clk (in)
                                                         clk (net)
                      0.004784    0.002392    0.002392 ^ clkbuf_0_clk/A (sg13g2_buf_16)
     2    0.043504    0.023528    0.056986    0.059378 ^ clkbuf_0_clk/X (sg13g2_buf_16)
                                                         clknet_0_clk (net)
                      0.023755    0.002871    0.062249 ^ clkbuf_1_0__f_clk/A (sg13g2_buf_16)
     5    0.031198    0.021714    0.064114    0.126363 ^ clkbuf_1_0__f_clk/X (sg13g2_buf_16)
                                                         clknet_1_0__leaf_clk (net)
                      0.021768    0.001867    0.128230 ^ _308_/CLK (sg13g2_dfrbpq_1)
     3    0.023938    0.079111    0.210989    0.339219 v _308_/Q (sg13g2_dfrbpq_1)
                                                         DPATH.SUM.fa_4.A (net)
                      0.079111    0.000442    0.339661 v fanout32/A (sg13g2_buf_1)
     8    0.047182    0.150791    0.186595    0.526255 v fanout32/X (sg13g2_buf_1)
                                                         net32 (net)
                      0.150795    0.000929    0.527184 v fanout31/A (sg13g2_buf_1)
     8    0.043261    0.139522    0.200407    0.727591 v fanout31/X (sg13g2_buf_1)
                                                         net31 (net)
                      0.139522    0.000452    0.728043 v fanout30/A (sg13g2_buf_1)
     8    0.040183    0.130085    0.190560    0.918603 v fanout30/X (sg13g2_buf_1)
                                                         net30 (net)
                      0.130107    0.001664    0.920267 v _145_/B (sg13g2_nor2_1)
     2    0.008835    0.103770    0.117425    1.037692 ^ _145_/Y (sg13g2_nor2_1)
                                                         _104_ (net)
                      0.103770    0.000090    1.037782 ^ _178_/B (sg13g2_nand2_1)
     2    0.010576    0.090162    0.106614    1.144396 v _178_/Y (sg13g2_nand2_1)
                                                         _129_ (net)
                      0.090162    0.000201    1.144597 v _203_/B (sg13g2_nor3_1)
     2    0.012129    0.186385    0.194688    1.339285 ^ _203_/Y (sg13g2_nor3_1)
                                                         _018_ (net)
                      0.186385    0.000199    1.339484 ^ _204_/B (sg13g2_xnor2_1)
     1    0.003594    0.086295    0.132104    1.471588 ^ _204_/Y (sg13g2_xnor2_1)
                                                         CTRL.P1 (net)
                      0.086295    0.000093    1.471681 ^ _311_/D (sg13g2_dfrbpq_1)
                                              1.471681   data arrival time

                                  5.000000    5.000000   clock clk (rise edge)
                                  0.000000    5.000000   clock source latency
     1    0.027776    0.000000    0.000000    5.000000 ^ clk (in)
                                                         clk (net)
                      0.004784    0.002392    5.002392 ^ clkbuf_0_clk/A (sg13g2_buf_16)
     2    0.043504    0.023528    0.056986    5.059378 ^ clkbuf_0_clk/X (sg13g2_buf_16)
                                                         clknet_0_clk (net)
                      0.023755    0.002871    5.062249 ^ clkbuf_1_0__f_clk/A (sg13g2_buf_16)
     5    0.031198    0.021714    0.064114    5.126363 ^ clkbuf_1_0__f_clk/X (sg13g2_buf_16)
                                                         clknet_1_0__leaf_clk (net)
                      0.021740    0.001407    5.127770 ^ _311_/CLK (sg13g2_dfrbpq_1)
                                 -0.150000    4.977770   clock uncertainty
                                  0.000000    4.977770   clock reconvergence pessimism
                                 -0.134016    4.843754   library setup time
                                              4.843754   data required time
---------------------------------------------------------------------------------------------
                                              4.843754   data required time
                                             -1.471681   data arrival time
---------------------------------------------------------------------------------------------
                                              3.372073   slack (MET)


Startpoint: _304_ (rising edge-triggered flip-flop clocked by clk)
Endpoint: _307_ (rising edge-triggered flip-flop clocked by clk)
Path Group: clk
Path Type: max

Fanout         Cap        Slew       Delay        Time   Description
---------------------------------------------------------------------------------------------
                                  0.000000    0.000000   clock clk (rise edge)
                                  0.000000    0.000000   clock source latency
     1    0.027776    0.000000    0.000000    0.000000 ^ clk (in)
                                                         clk (net)
                      0.004784    0.002392    0.002392 ^ clkbuf_0_clk/A (sg13g2_buf_16)
     2    0.043504    0.023528    0.056986    0.059378 ^ clkbuf_0_clk/X (sg13g2_buf_16)
                                                         clknet_0_clk (net)
                      0.023607    0.002077    0.061455 ^ clkbuf_1_1__f_clk/A (sg13g2_buf_16)
     5    0.026939    0.020747    0.063287    0.124743 ^ clkbuf_1_1__f_clk/X (sg13g2_buf_16)
                                                         clknet_1_1__leaf_clk (net)
                      0.020780    0.001551    0.126294 ^ _304_/CLK (sg13g2_dfrbpq_1)
     1    0.004886    0.031025    0.168642    0.294935 ^ _304_/Q (sg13g2_dfrbpq_1)
                                                         DPATH.SUM.Cout0 (net)
                      0.031025    0.000137    0.295072 ^ fanout41/A (sg13g2_buf_1)
     6    0.038187    0.160449    0.160367    0.455439 ^ fanout41/X (sg13g2_buf_1)
                                                         net41 (net)
                      0.160450    0.000354    0.455793 ^ fanout40/A (sg13g2_buf_1)
     4    0.023041    0.101352    0.165500    0.621293 ^ fanout40/X (sg13g2_buf_1)
                                                         net40 (net)
                      0.101352    0.000292    0.621585 ^ fanout39/A (sg13g2_buf_1)
     8    0.041857    0.175758    0.200521    0.822106 ^ fanout39/X (sg13g2_buf_1)
                                                         net39 (net)
                      0.175847    0.003271    0.825377 ^ _141_/A (sg13g2_inv_1)
     6    0.033295    0.135570    0.179597    1.004974 v _141_/Y (sg13g2_inv_1)
                                                         DPATH.SUM.ha_0.S (net)
                      0.135572    0.000809    1.005784 v _183_/A1 (sg13g2_o21ai_1)
     2    0.012116    0.156437    0.186509    1.192293 ^ _183_/Y (sg13g2_o21ai_1)
                                                         _132_ (net)
                      0.156438    0.000387    1.192680 ^ _187_/A1 (sg13g2_a21oi_1)
     2    0.013342    0.113221    0.149735    1.342415 v _187_/Y (sg13g2_a21oi_1)
                                                         _135_ (net)
                      0.113221    0.000455    1.342870 v _190_/A (sg13g2_xor2_1)
     1    0.003718    0.064239    0.128371    1.471241 v _190_/X (sg13g2_xor2_1)
                                                         DPATH.SUM.fa_3.S (net)
                      0.064239    0.000098    1.471339 v _307_/D (sg13g2_dfrbpq_1)
                                              1.471339   data arrival time

                                  5.000000    5.000000   clock clk (rise edge)
                                  0.000000    5.000000   clock source latency
     1    0.027776    0.000000    0.000000    5.000000 ^ clk (in)
                                                         clk (net)
                      0.004784    0.002392    5.002392 ^ clkbuf_0_clk/A (sg13g2_buf_16)
     2    0.043504    0.023528    0.056986    5.059378 ^ clkbuf_0_clk/X (sg13g2_buf_16)
                                                         clknet_0_clk (net)
                      0.023607    0.002077    5.061455 ^ clkbuf_1_1__f_clk/A (sg13g2_buf_16)
     5    0.026939    0.020747    0.063287    5.124743 ^ clkbuf_1_1__f_clk/X (sg13g2_buf_16)
                                                         clknet_1_1__leaf_clk (net)
                      0.020771    0.001326    5.126068 ^ _307_/CLK (sg13g2_dfrbpq_1)
                                 -0.150000    4.976068   clock uncertainty
                                  0.000000    4.976068   clock reconvergence pessimism
                                 -0.128364    4.847704   library setup time
                                              4.847704   data required time
---------------------------------------------------------------------------------------------
                                              4.847704   data required time
                                             -1.471339   data arrival time
---------------------------------------------------------------------------------------------
                                              3.376365   slack (MET)


Startpoint: _311_ (rising edge-triggered flip-flop clocked by clk)
Endpoint: sign (output port clocked by clk)
Path Group: clk
Path Type: max

Fanout         Cap        Slew       Delay        Time   Description
---------------------------------------------------------------------------------------------
                                  0.000000    0.000000   clock clk (rise edge)
                                  0.000000    0.000000   clock source latency
     1    0.027776    0.000000    0.000000    0.000000 ^ clk (in)
                                                         clk (net)
                      0.004784    0.002392    0.002392 ^ clkbuf_0_clk/A (sg13g2_buf_16)
     2    0.043504    0.023528    0.056986    0.059378 ^ clkbuf_0_clk/X (sg13g2_buf_16)
                                                         clknet_0_clk (net)
                      0.023755    0.002871    0.062249 ^ clkbuf_1_0__f_clk/A (sg13g2_buf_16)
     5    0.031198    0.021714    0.064114    0.126363 ^ clkbuf_1_0__f_clk/X (sg13g2_buf_16)
                                                         clknet_1_0__leaf_clk (net)
                      0.021740    0.001407    0.127770 ^ _311_/CLK (sg13g2_dfrbpq_1)
     2    0.006454    0.036703    0.173666    0.301436 ^ _311_/Q (sg13g2_dfrbpq_1)
                                                         net2 (net)
                      0.036725    0.000147    0.301583 ^ output2/A (sg13g2_buf_1)
     1    0.034770    0.146834    0.153687    0.455270 ^ output2/X (sg13g2_buf_1)
                                                         sign (net)
                      0.146876    0.002052    0.457323 ^ sign (out)
                                              0.457323   data arrival time

                                  5.000000    5.000000   clock clk (rise edge)
                                  0.000000    5.000000   clock network delay (propagated)
                                 -0.150000    4.850000   clock uncertainty
                                  0.000000    4.850000   clock reconvergence pessimism
                                 -1.000000    3.850000   output external delay
                                              3.850000   data required time
---------------------------------------------------------------------------------------------
                                              3.850000   data required time
                                             -0.457323   data arrival time
---------------------------------------------------------------------------------------------
                                              3.392677   slack (MET)


Startpoint: _304_ (rising edge-triggered flip-flop clocked by clk)
Endpoint: _306_ (rising edge-triggered flip-flop clocked by clk)
Path Group: clk
Path Type: max

Fanout         Cap        Slew       Delay        Time   Description
---------------------------------------------------------------------------------------------
                                  0.000000    0.000000   clock clk (rise edge)
                                  0.000000    0.000000   clock source latency
     1    0.027776    0.000000    0.000000    0.000000 ^ clk (in)
                                                         clk (net)
                      0.004784    0.002392    0.002392 ^ clkbuf_0_clk/A (sg13g2_buf_16)
     2    0.043504    0.023528    0.056986    0.059378 ^ clkbuf_0_clk/X (sg13g2_buf_16)
                                                         clknet_0_clk (net)
                      0.023607    0.002077    0.061455 ^ clkbuf_1_1__f_clk/A (sg13g2_buf_16)
     5    0.026939    0.020747    0.063287    0.124743 ^ clkbuf_1_1__f_clk/X (sg13g2_buf_16)
                                                         clknet_1_1__leaf_clk (net)
                      0.020780    0.001551    0.126294 ^ _304_/CLK (sg13g2_dfrbpq_1)
     1    0.004886    0.031025    0.168642    0.294935 ^ _304_/Q (sg13g2_dfrbpq_1)
                                                         DPATH.SUM.Cout0 (net)
                      0.031025    0.000137    0.295072 ^ fanout41/A (sg13g2_buf_1)
     6    0.038187    0.160449    0.160367    0.455439 ^ fanout41/X (sg13g2_buf_1)
                                                         net41 (net)
                      0.160450    0.000354    0.455793 ^ fanout40/A (sg13g2_buf_1)
     4    0.023041    0.101352    0.165500    0.621293 ^ fanout40/X (sg13g2_buf_1)
                                                         net40 (net)
                      0.101352    0.000292    0.621585 ^ fanout39/A (sg13g2_buf_1)
     8    0.041857    0.175758    0.200521    0.822106 ^ fanout39/X (sg13g2_buf_1)
                                                         net39 (net)
                      0.175847    0.003271    0.825377 ^ _141_/A (sg13g2_inv_1)
     6    0.033295    0.135570    0.179597    1.004974 v _141_/Y (sg13g2_inv_1)
                                                         DPATH.SUM.ha_0.S (net)
                      0.135572    0.000809    1.005784 v _183_/A1 (sg13g2_o21ai_1)
     2    0.012116    0.156437    0.186509    1.192293 ^ _183_/Y (sg13g2_o21ai_1)
                                                         _132_ (net)
                      0.156439    0.000431    1.192723 ^ _186_/A (sg13g2_xor2_1)
     1    0.005436    0.081181    0.154163    1.346886 ^ _186_/X (sg13g2_xor2_1)
                                                         DPATH.SUM.fa_2.S (net)
                      0.081181    0.000220    1.347106 ^ _306_/D (sg13g2_dfrbpq_1)
                                              1.347106   data arrival time

                                  5.000000    5.000000   clock clk (rise edge)
                                  0.000000    5.000000   clock source latency
     1    0.027776    0.000000    0.000000    5.000000 ^ clk (in)
                                                         clk (net)
                      0.004784    0.002392    5.002392 ^ clkbuf_0_clk/A (sg13g2_buf_16)
     2    0.043504    0.023528    0.056986    5.059378 ^ clkbuf_0_clk/X (sg13g2_buf_16)
                                                         clknet_0_clk (net)
                      0.023607    0.002077    5.061455 ^ clkbuf_1_1__f_clk/A (sg13g2_buf_16)
     5    0.026939    0.020747    0.063287    5.124743 ^ clkbuf_1_1__f_clk/X (sg13g2_buf_16)
                                                         clknet_1_1__leaf_clk (net)
                      0.020781    0.001557    5.126299 ^ _306_/CLK (sg13g2_dfrbpq_1)
                                 -0.150000    4.976299   clock uncertainty
                                  0.000000    4.976299   clock reconvergence pessimism
                                 -0.132498    4.843802   library setup time
                                              4.843802   data required time
---------------------------------------------------------------------------------------------
                                              4.843802   data required time
                                             -1.347106   data arrival time
---------------------------------------------------------------------------------------------
                                              3.496696   slack (MET)


Startpoint: _304_ (rising edge-triggered flip-flop clocked by clk)
Endpoint: _304_ (rising edge-triggered flip-flop clocked by clk)
Path Group: clk
Path Type: max

Fanout         Cap        Slew       Delay        Time   Description
---------------------------------------------------------------------------------------------
                                  0.000000    0.000000   clock clk (rise edge)
                                  0.000000    0.000000   clock source latency
     1    0.027776    0.000000    0.000000    0.000000 ^ clk (in)
                                                         clk (net)
                      0.004784    0.002392    0.002392 ^ clkbuf_0_clk/A (sg13g2_buf_16)
     2    0.043504    0.023528    0.056986    0.059378 ^ clkbuf_0_clk/X (sg13g2_buf_16)
                                                         clknet_0_clk (net)
                      0.023607    0.002077    0.061455 ^ clkbuf_1_1__f_clk/A (sg13g2_buf_16)
     5    0.026939    0.020747    0.063287    0.124743 ^ clkbuf_1_1__f_clk/X (sg13g2_buf_16)
                                                         clknet_1_1__leaf_clk (net)
                      0.020780    0.001551    0.126294 ^ _304_/CLK (sg13g2_dfrbpq_1)
     1    0.004886    0.031025    0.168642    0.294935 ^ _304_/Q (sg13g2_dfrbpq_1)
                                                         DPATH.SUM.Cout0 (net)
                      0.031025    0.000137    0.295072 ^ fanout41/A (sg13g2_buf_1)
     6    0.038187    0.160449    0.160367    0.455439 ^ fanout41/X (sg13g2_buf_1)
                                                         net41 (net)
                      0.160450    0.000354    0.455793 ^ fanout40/A (sg13g2_buf_1)
     4    0.023041    0.101352    0.165500    0.621293 ^ fanout40/X (sg13g2_buf_1)
                                                         net40 (net)
                      0.101352    0.000292    0.621585 ^ fanout39/A (sg13g2_buf_1)
     8    0.041857    0.175758    0.200521    0.822106 ^ fanout39/X (sg13g2_buf_1)
                                                         net39 (net)
                      0.175847    0.003271    0.825377 ^ _141_/A (sg13g2_inv_1)
     6    0.033295    0.135570    0.179597    1.004974 v _141_/Y (sg13g2_inv_1)
                                                         DPATH.SUM.ha_0.S (net)
                      0.135572    0.000782    1.005756 v _304_/D (sg13g2_dfrbpq_1)
                                              1.005756   data arrival time

                                  5.000000    5.000000   clock clk (rise edge)
                                  0.000000    5.000000   clock source latency
     1    0.027776    0.000000    0.000000    5.000000 ^ clk (in)
                                                         clk (net)
                      0.004784    0.002392    5.002392 ^ clkbuf_0_clk/A (sg13g2_buf_16)
     2    0.043504    0.023528    0.056986    5.059378 ^ clkbuf_0_clk/X (sg13g2_buf_16)
                                                         clknet_0_clk (net)
                      0.023607    0.002077    5.061455 ^ clkbuf_1_1__f_clk/A (sg13g2_buf_16)
     5    0.026939    0.020747    0.063287    5.124743 ^ clkbuf_1_1__f_clk/X (sg13g2_buf_16)
                                                         clknet_1_1__leaf_clk (net)
                      0.020780    0.001551    5.126294 ^ _304_/CLK (sg13g2_dfrbpq_1)
                                 -0.150000    4.976294   clock uncertainty
                                  0.000000    4.976294   clock reconvergence pessimism
                                 -0.154057    4.822237   library setup time
                                              4.822237   data required time
---------------------------------------------------------------------------------------------
                                              4.822237   data required time
                                             -1.005756   data arrival time
---------------------------------------------------------------------------------------------
                                              3.816480   slack (MET)


Startpoint: _312_ (rising edge-triggered flip-flop clocked by clk)
Endpoint: _305_ (rising edge-triggered flip-flop clocked by clk)
Path Group: clk
Path Type: max

Fanout         Cap        Slew       Delay        Time   Description
---------------------------------------------------------------------------------------------
                                  0.000000    0.000000   clock clk (rise edge)
                                  0.000000    0.000000   clock source latency
     1    0.027776    0.000000    0.000000    0.000000 ^ clk (in)
                                                         clk (net)
                      0.004784    0.002392    0.002392 ^ clkbuf_0_clk/A (sg13g2_buf_16)
     2    0.043504    0.023528    0.056986    0.059378 ^ clkbuf_0_clk/X (sg13g2_buf_16)
                                                         clknet_0_clk (net)
                      0.023755    0.002871    0.062249 ^ clkbuf_1_0__f_clk/A (sg13g2_buf_16)
     5    0.031198    0.021714    0.064114    0.126363 ^ clkbuf_1_0__f_clk/X (sg13g2_buf_16)
                                                         clknet_1_0__leaf_clk (net)
                      0.021741    0.001427    0.127790 ^ _312_/CLK (sg13g2_dfrbpq_1)
     1    0.006098    0.035388    0.172597    0.300388 ^ _312_/Q (sg13g2_dfrbpq_1)
                                                         CTRL.S0 (net)
                      0.035388    0.000240    0.300628 ^ fanout24/A (sg13g2_buf_1)
     6    0.040461    0.170088    0.169047    0.469675 ^ fanout24/X (sg13g2_buf_1)
                                                         net24 (net)
                      0.170104    0.001381    0.471057 ^ fanout23/A (sg13g2_buf_1)
     8    0.049542    0.206835    0.241245    0.712302 ^ fanout23/X (sg13g2_buf_1)
                                                         net23 (net)
                      0.206895    0.002929    0.715230 ^ _181_/B (sg13g2_xnor2_1)
     2    0.012647    0.153727    0.183815    0.899045 ^ _181_/Y (sg13g2_xnor2_1)
                                                         _131_ (net)
                      0.153727    0.000411    0.899456 ^ _182_/B (sg13g2_xnor2_1)
     1    0.003198    0.078197    0.122845    1.022301 ^ _182_/Y (sg13g2_xnor2_1)
                                                         DPATH.SUM.fa_1.S (net)
                      0.078197    0.000071    1.022372 ^ _305_/D (sg13g2_dfrbpq_1)
                                              1.022372   data arrival time

                                  5.000000    5.000000   clock clk (rise edge)
                                  0.000000    5.000000   clock source latency
     1    0.027776    0.000000    0.000000    5.000000 ^ clk (in)
                                                         clk (net)
                      0.004784    0.002392    5.002392 ^ clkbuf_0_clk/A (sg13g2_buf_16)
     2    0.043504    0.023528    0.056986    5.059378 ^ clkbuf_0_clk/X (sg13g2_buf_16)
                                                         clknet_0_clk (net)
                      0.023607    0.002077    5.061455 ^ clkbuf_1_1__f_clk/A (sg13g2_buf_16)
     5    0.026939    0.020747    0.063287    5.124743 ^ clkbuf_1_1__f_clk/X (sg13g2_buf_16)
                                                         clknet_1_1__leaf_clk (net)
                      0.020773    0.001395    5.126137 ^ _305_/CLK (sg13g2_dfrbpq_1)
                                 -0.150000    4.976138   clock uncertainty
                                  0.000000    4.976138   clock reconvergence pessimism
                                 -0.131529    4.844608   library setup time
                                              4.844608   data required time
---------------------------------------------------------------------------------------------
                                              4.844608   data required time
                                             -1.022372   data arrival time
---------------------------------------------------------------------------------------------
                                              3.822236   slack (MET)



