Reading timing models for corner nom_typ_1p20V_25C…
Reading timing library for the 'nom_typ_1p20V_25C' corner at '/opt/pdks/ciel/ihp-sg13g2/versions/c4b8b4e5e7a05f375cca3815d51b3a37721fbf5c/ihp-sg13g2/libs.ref/sg13g2_stdcell/lib/sg13g2_stdcell_typ_1p20V_25C.lib'…
Reading timing library for the 'nom_typ_1p20V_25C' corner at '/opt/pdks/ciel/ihp-sg13g2/versions/c4b8b4e5e7a05f375cca3815d51b3a37721fbf5c/ihp-sg13g2/libs.ref/sg13g2_io/lib/sg13g2_io_typ_1p2V_3p3V_25C.lib'…
Reading OpenROAD database at '/home/designer/shared/BASIC/current_generator/digital/DigitalSine/runs/RUN_2026-03-28_21-39-37/42-openroad-repairantennas/1-openroad-diodeinsertion/DigitalSine.odb'…
Reading design constraints file at '/home/designer/shared/BASIC/current_generator/digital/DigitalSine/cons.sdc'…
[WARNING STA-1551] /home/designer/shared/BASIC/current_generator/digital/DigitalSine/cons.sdc line 22, 'rst' is not a valid endpoint.
[WARNING STA-0441] set_input_delay relative to a clock defined on the same port/pin not allowed.
[WARNING STA-0441] set_input_delay relative to a clock defined on the same port/pin not allowed.
[WARNING STA-0441] set_input_delay relative to a clock defined on the same port/pin not allowed.
[WARNING STA-0441] set_input_delay relative to a clock defined on the same port/pin not allowed.
[INFO] No information on clock propagation in input SDC file-- propagating all clocks.
%OL_CREATE_REPORT min.rpt

===========================================================================
report_checks -path_delay min (Hold)
============================================================================
======================= nom_typ_1p20V_25C Corner ===================================

Startpoint: _311_ (rising edge-triggered flip-flop clocked by clk)
Endpoint: sign (output port clocked by clk)
Path Group: clk
Path Type: min

Fanout         Cap        Slew       Delay        Time   Description
---------------------------------------------------------------------------------------------
                                  0.000000    0.000000   clock clk (rise edge)
                                  0.000000    0.000000   clock source latency
     1    0.027776    0.000000    0.000000    0.000000 ^ clk (in)
                                                         clk (net)
                      0.004784    0.002392    0.002392 ^ clkbuf_0_clk/A (sg13g2_buf_16)
     2    0.043504    0.023528    0.056986    0.059378 ^ clkbuf_0_clk/X (sg13g2_buf_16)
                                                         clknet_0_clk (net)
                      0.023755    0.002871    0.062249 ^ clkbuf_1_0__f_clk/A (sg13g2_buf_16)
     5    0.031198    0.021714    0.064114    0.126363 ^ clkbuf_1_0__f_clk/X (sg13g2_buf_16)
                                                         clknet_1_0__leaf_clk (net)
                      0.021740    0.001407    0.127770 ^ _311_/CLK (sg13g2_dfrbpq_1)
     2    0.006432    0.029017    0.169044    0.296814 v _311_/Q (sg13g2_dfrbpq_1)
                                                         net2 (net)
                      0.029017    0.000145    0.296959 v output2/A (sg13g2_buf_1)
     1    0.034770    0.113217    0.136440    0.433399 v output2/X (sg13g2_buf_1)
                                                         sign (net)
                      0.113304    0.002051    0.435450 v sign (out)
                                              0.435450   data arrival time

                                  0.000000    0.000000   clock clk (rise edge)
                                  0.000000    0.000000   clock network delay (propagated)
                                  0.150000    0.150000   clock uncertainty
                                  0.000000    0.150000   clock reconvergence pessimism
                                  0.000000    0.150000   output external delay
                                              0.150000   data required time
---------------------------------------------------------------------------------------------
                                              0.150000   data required time
                                             -0.435450   data arrival time
---------------------------------------------------------------------------------------------
                                              0.285450   slack (MET)


Startpoint: _312_ (rising edge-triggered flip-flop clocked by clk)
Endpoint: _312_ (rising edge-triggered flip-flop clocked by clk)
Path Group: clk
Path Type: min

Fanout         Cap        Slew       Delay        Time   Description
---------------------------------------------------------------------------------------------
                                  0.000000    0.000000   clock clk (rise edge)
                                  0.000000    0.000000   clock source latency
     1    0.027776    0.000000    0.000000    0.000000 ^ clk (in)
                                                         clk (net)
                      0.004784    0.002392    0.002392 ^ clkbuf_0_clk/A (sg13g2_buf_16)
     2    0.043504    0.023528    0.056986    0.059378 ^ clkbuf_0_clk/X (sg13g2_buf_16)
                                                         clknet_0_clk (net)
                      0.023755    0.002871    0.062249 ^ clkbuf_1_0__f_clk/A (sg13g2_buf_16)
     5    0.031198    0.021714    0.064114    0.126363 ^ clkbuf_1_0__f_clk/X (sg13g2_buf_16)
                                                         clknet_1_0__leaf_clk (net)
                      0.021741    0.001427    0.127790 ^ _312_/CLK (sg13g2_dfrbpq_1)
     1    0.006039    0.027903    0.168050    0.295841 v _312_/Q (sg13g2_dfrbpq_1)
                                                         CTRL.S0 (net)
                      0.027903    0.000237    0.296078 v fanout24/A (sg13g2_buf_1)
     6    0.039578    0.127527    0.146857    0.442934 v fanout24/X (sg13g2_buf_1)
                                                         net24 (net)
                      0.127536    0.000874    0.443808 v _206_/B1 (sg13g2_a21oi_1)
     1    0.005443    0.064967    0.080338    0.524146 ^ _206_/Y (sg13g2_a21oi_1)
                                                         _020_ (net)
                      0.064967    0.000153    0.524298 ^ _207_/B (sg13g2_nor2_1)
     1    0.002825    0.025158    0.039985    0.564283 v _207_/Y (sg13g2_nor2_1)
                                                         CTRL.P0 (net)
                      0.025158    0.000053    0.564336 v _312_/D (sg13g2_dfrbpq_1)
                                              0.564336   data arrival time

                                  0.000000    0.000000   clock clk (rise edge)
                                  0.000000    0.000000   clock source latency
     1    0.027776    0.000000    0.000000    0.000000 ^ clk (in)
                                                         clk (net)
                      0.004784    0.002392    0.002392 ^ clkbuf_0_clk/A (sg13g2_buf_16)
     2    0.043504    0.023528    0.056986    0.059378 ^ clkbuf_0_clk/X (sg13g2_buf_16)
                                                         clknet_0_clk (net)
                      0.023755    0.002871    0.062249 ^ clkbuf_1_0__f_clk/A (sg13g2_buf_16)
     5    0.031198    0.021714    0.064114    0.126363 ^ clkbuf_1_0__f_clk/X (sg13g2_buf_16)
                                                         clknet_1_0__leaf_clk (net)
                      0.021741    0.001427    0.127790 ^ _312_/CLK (sg13g2_dfrbpq_1)
                                  0.150000    0.277790   clock uncertainty
                                  0.000000    0.277790   clock reconvergence pessimism
                                 -0.035656    0.242135   library hold time
                                              0.242135   data required time
---------------------------------------------------------------------------------------------
                                              0.242135   data required time
                                             -0.564336   data arrival time
---------------------------------------------------------------------------------------------
                                              0.322202   slack (MET)


Startpoint: _308_ (rising edge-triggered flip-flop clocked by clk)
Endpoint: sine_out[8] (output port clocked by clk)
Path Group: clk
Path Type: min

Fanout         Cap        Slew       Delay        Time   Description
---------------------------------------------------------------------------------------------
                                  0.000000    0.000000   clock clk (rise edge)
                                  0.000000    0.000000   clock source latency
     1    0.027776    0.000000    0.000000    0.000000 ^ clk (in)
                                                         clk (net)
                      0.004784    0.002392    0.002392 ^ clkbuf_0_clk/A (sg13g2_buf_16)
     2    0.043504    0.023528    0.056986    0.059378 ^ clkbuf_0_clk/X (sg13g2_buf_16)
                                                         clknet_0_clk (net)
                      0.023755    0.002871    0.062249 ^ clkbuf_1_0__f_clk/A (sg13g2_buf_16)
     5    0.031198    0.021714    0.064114    0.126363 ^ clkbuf_1_0__f_clk/X (sg13g2_buf_16)
                                                         clknet_1_0__leaf_clk (net)
                      0.021768    0.001867    0.128230 ^ _308_/CLK (sg13g2_dfrbpq_1)
     3    0.023938    0.079111    0.210989    0.339219 v _308_/Q (sg13g2_dfrbpq_1)
                                                         DPATH.SUM.fa_4.A (net)
                      0.079170    0.002005    0.341224 v _295_/A1 (sg13g2_a21oi_1)
     1    0.004240    0.057705    0.086682    0.427906 ^ _295_/Y (sg13g2_a21oi_1)
                                                         net20 (net)
                      0.057705    0.000108    0.428014 ^ output20/A (sg13g2_buf_1)
     1    0.011860    0.057215    0.098227    0.526242 ^ output20/X (sg13g2_buf_1)
                                                         sine_out[8] (net)
                      0.057215    0.000207    0.526449 ^ sine_out[8] (out)
                                              0.526449   data arrival time

                                  0.000000    0.000000   clock clk (rise edge)
                                  0.000000    0.000000   clock network delay (propagated)
                                  0.150000    0.150000   clock uncertainty
                                  0.000000    0.150000   clock reconvergence pessimism
                                  0.000000    0.150000   output external delay
                                              0.150000   data required time
---------------------------------------------------------------------------------------------
                                              0.150000   data required time
                                             -0.526449   data arrival time
---------------------------------------------------------------------------------------------
                                              0.376449   slack (MET)


Startpoint: _304_ (rising edge-triggered flip-flop clocked by clk)
Endpoint: _311_ (rising edge-triggered flip-flop clocked by clk)
Path Group: clk
Path Type: min

Fanout         Cap        Slew       Delay        Time   Description
---------------------------------------------------------------------------------------------
                                  0.000000    0.000000   clock clk (rise edge)
                                  0.000000    0.000000   clock source latency
     1    0.027776    0.000000    0.000000    0.000000 ^ clk (in)
                                                         clk (net)
                      0.004784    0.002392    0.002392 ^ clkbuf_0_clk/A (sg13g2_buf_16)
     2    0.043504    0.023528    0.056986    0.059378 ^ clkbuf_0_clk/X (sg13g2_buf_16)
                                                         clknet_0_clk (net)
                      0.023607    0.002077    0.061455 ^ clkbuf_1_1__f_clk/A (sg13g2_buf_16)
     5    0.026939    0.020747    0.063287    0.124743 ^ clkbuf_1_1__f_clk/X (sg13g2_buf_16)
                                                         clknet_1_1__leaf_clk (net)
                      0.020780    0.001551    0.126294 ^ _304_/CLK (sg13g2_dfrbpq_1)
     1    0.004827    0.024598    0.164662    0.290956 v _304_/Q (sg13g2_dfrbpq_1)
                                                         DPATH.SUM.Cout0 (net)
                      0.024598    0.000135    0.291090 v fanout41/A (sg13g2_buf_1)
     6    0.037352    0.121101    0.139899    0.430989 v fanout41/X (sg13g2_buf_1)
                                                         net41 (net)
                      0.121248    0.003503    0.434492 v _202_/B (sg13g2_nand3b_1)
     1    0.004180    0.039024    0.074065    0.508557 ^ _202_/Y (sg13g2_nand3b_1)
                                                         _017_ (net)
                      0.039024    0.000079    0.508636 ^ _203_/C (sg13g2_nor3_1)
     2    0.012143    0.047155    0.057417    0.566053 v _203_/Y (sg13g2_nor3_1)
                                                         _018_ (net)
                      0.047172    0.000199    0.566252 v _204_/B (sg13g2_xnor2_1)
     1    0.003614    0.036601    0.062730    0.628981 v _204_/Y (sg13g2_xnor2_1)
                                                         CTRL.P1 (net)
                      0.036601    0.000093    0.629075 v _311_/D (sg13g2_dfrbpq_1)
                                              0.629075   data arrival time

                                  0.000000    0.000000   clock clk (rise edge)
                                  0.000000    0.000000   clock source latency
     1    0.027776    0.000000    0.000000    0.000000 ^ clk (in)
                                                         clk (net)
                      0.004784    0.002392    0.002392 ^ clkbuf_0_clk/A (sg13g2_buf_16)
     2    0.043504    0.023528    0.056986    0.059378 ^ clkbuf_0_clk/X (sg13g2_buf_16)
                                                         clknet_0_clk (net)
                      0.023755    0.002871    0.062249 ^ clkbuf_1_0__f_clk/A (sg13g2_buf_16)
     5    0.031198    0.021714    0.064114    0.126363 ^ clkbuf_1_0__f_clk/X (sg13g2_buf_16)
                                                         clknet_1_0__leaf_clk (net)
                      0.021740    0.001407    0.127770 ^ _311_/CLK (sg13g2_dfrbpq_1)
                                  0.150000    0.277770   clock uncertainty
                                  0.000000    0.277770   clock reconvergence pessimism
                                 -0.039282    0.238488   library hold time
                                              0.238488   data required time
---------------------------------------------------------------------------------------------
                                              0.238488   data required time
                                             -0.629075   data arrival time
---------------------------------------------------------------------------------------------
                                              0.390587   slack (MET)


Startpoint: _308_ (rising edge-triggered flip-flop clocked by clk)
Endpoint: sine_out[7] (output port clocked by clk)
Path Group: clk
Path Type: min

Fanout         Cap        Slew       Delay        Time   Description
---------------------------------------------------------------------------------------------
                                  0.000000    0.000000   clock clk (rise edge)
                                  0.000000    0.000000   clock source latency
     1    0.027776    0.000000    0.000000    0.000000 ^ clk (in)
                                                         clk (net)
                      0.004784    0.002392    0.002392 ^ clkbuf_0_clk/A (sg13g2_buf_16)
     2    0.043504    0.023528    0.056986    0.059378 ^ clkbuf_0_clk/X (sg13g2_buf_16)
                                                         clknet_0_clk (net)
                      0.023755    0.002871    0.062249 ^ clkbuf_1_0__f_clk/A (sg13g2_buf_16)
     5    0.031198    0.021714    0.064114    0.126363 ^ clkbuf_1_0__f_clk/X (sg13g2_buf_16)
                                                         clknet_1_0__leaf_clk (net)
                      0.021768    0.001867    0.128230 ^ _308_/CLK (sg13g2_dfrbpq_1)
     3    0.023884    0.102666    0.223658    0.351888 ^ _308_/Q (sg13g2_dfrbpq_1)
                                                         DPATH.SUM.fa_4.A (net)
                      0.102709    0.002018    0.353906 ^ _294_/A1 (sg13g2_a21oi_1)
     1    0.006414    0.050097    0.096369    0.450275 v _294_/Y (sg13g2_a21oi_1)
                                                         net19 (net)
                      0.050097    0.000267    0.450542 v output19/A (sg13g2_buf_1)
     1    0.014328    0.053307    0.098728    0.549270 v output19/X (sg13g2_buf_1)
                                                         sine_out[7] (net)
                      0.053314    0.000632    0.549902 v sine_out[7] (out)
                                              0.549902   data arrival time

                                  0.000000    0.000000   clock clk (rise edge)
                                  0.000000    0.000000   clock network delay (propagated)
                                  0.150000    0.150000   clock uncertainty
                                  0.000000    0.150000   clock reconvergence pessimism
                                  0.000000    0.150000   output external delay
                                              0.150000   data required time
---------------------------------------------------------------------------------------------
                                              0.150000   data required time
                                             -0.549902   data arrival time
---------------------------------------------------------------------------------------------
                                              0.399902   slack (MET)


Startpoint: _312_ (rising edge-triggered flip-flop clocked by clk)
Endpoint: _306_ (rising edge-triggered flip-flop clocked by clk)
Path Group: clk
Path Type: min

Fanout         Cap        Slew       Delay        Time   Description
---------------------------------------------------------------------------------------------
                                  0.000000    0.000000   clock clk (rise edge)
                                  0.000000    0.000000   clock source latency
     1    0.027776    0.000000    0.000000    0.000000 ^ clk (in)
                                                         clk (net)
                      0.004784    0.002392    0.002392 ^ clkbuf_0_clk/A (sg13g2_buf_16)
     2    0.043504    0.023528    0.056986    0.059378 ^ clkbuf_0_clk/X (sg13g2_buf_16)
                                                         clknet_0_clk (net)
                      0.023755    0.002871    0.062249 ^ clkbuf_1_0__f_clk/A (sg13g2_buf_16)
     5    0.031198    0.021714    0.064114    0.126363 ^ clkbuf_1_0__f_clk/X (sg13g2_buf_16)
                                                         clknet_1_0__leaf_clk (net)
                      0.021741    0.001427    0.127790 ^ _312_/CLK (sg13g2_dfrbpq_1)
     1    0.006039    0.027903    0.168050    0.295841 v _312_/Q (sg13g2_dfrbpq_1)
                                                         CTRL.S0 (net)
                      0.027903    0.000237    0.296078 v fanout24/A (sg13g2_buf_1)
     6    0.039578    0.127527    0.146857    0.442934 v fanout24/X (sg13g2_buf_1)
                                                         net24 (net)
                      0.127607    0.002648    0.445583 v _185_/B (sg13g2_xor2_1)
     2    0.010730    0.049833    0.125650    0.571233 v _185_/X (sg13g2_xor2_1)
                                                         _134_ (net)
                      0.049834    0.000325    0.571558 v _186_/B (sg13g2_xor2_1)
     1    0.005456    0.034313    0.070672    0.642229 v _186_/X (sg13g2_xor2_1)
                                                         DPATH.SUM.fa_2.S (net)
                      0.034313    0.000221    0.642451 v _306_/D (sg13g2_dfrbpq_1)
                                              0.642451   data arrival time

                                  0.000000    0.000000   clock clk (rise edge)
                                  0.000000    0.000000   clock source latency
     1    0.027776    0.000000    0.000000    0.000000 ^ clk (in)
                                                         clk (net)
                      0.004784    0.002392    0.002392 ^ clkbuf_0_clk/A (sg13g2_buf_16)
     2    0.043504    0.023528    0.056986    0.059378 ^ clkbuf_0_clk/X (sg13g2_buf_16)
                                                         clknet_0_clk (net)
                      0.023607    0.002077    0.061455 ^ clkbuf_1_1__f_clk/A (sg13g2_buf_16)
     5    0.026939    0.020747    0.063287    0.124743 ^ clkbuf_1_1__f_clk/X (sg13g2_buf_16)
                                                         clknet_1_1__leaf_clk (net)
                      0.020781    0.001557    0.126299 ^ _306_/CLK (sg13g2_dfrbpq_1)
                                  0.150000    0.276299   clock uncertainty
                                  0.000000    0.276299   clock reconvergence pessimism
                                 -0.038757    0.237542   library hold time
                                              0.237542   data required time
---------------------------------------------------------------------------------------------
                                              0.237542   data required time
                                             -0.642451   data arrival time
---------------------------------------------------------------------------------------------
                                              0.404908   slack (MET)


Startpoint: _312_ (rising edge-triggered flip-flop clocked by clk)
Endpoint: _307_ (rising edge-triggered flip-flop clocked by clk)
Path Group: clk
Path Type: min

Fanout         Cap        Slew       Delay        Time   Description
---------------------------------------------------------------------------------------------
                                  0.000000    0.000000   clock clk (rise edge)
                                  0.000000    0.000000   clock source latency
     1    0.027776    0.000000    0.000000    0.000000 ^ clk (in)
                                                         clk (net)
                      0.004784    0.002392    0.002392 ^ clkbuf_0_clk/A (sg13g2_buf_16)
     2    0.043504    0.023528    0.056986    0.059378 ^ clkbuf_0_clk/X (sg13g2_buf_16)
                                                         clknet_0_clk (net)
                      0.023755    0.002871    0.062249 ^ clkbuf_1_0__f_clk/A (sg13g2_buf_16)
     5    0.031198    0.021714    0.064114    0.126363 ^ clkbuf_1_0__f_clk/X (sg13g2_buf_16)
                                                         clknet_1_0__leaf_clk (net)
                      0.021741    0.001427    0.127790 ^ _312_/CLK (sg13g2_dfrbpq_1)
     1    0.006039    0.027903    0.168050    0.295841 v _312_/Q (sg13g2_dfrbpq_1)
                                                         CTRL.S0 (net)
                      0.027903    0.000237    0.296078 v fanout24/A (sg13g2_buf_1)
     6    0.039578    0.127527    0.146857    0.442934 v fanout24/X (sg13g2_buf_1)
                                                         net24 (net)
                      0.127586    0.002280    0.445214 v _189_/B (sg13g2_xnor2_1)
     2    0.012330    0.083994    0.130303    0.575517 v _189_/Y (sg13g2_xnor2_1)
                                                         _137_ (net)
                      0.083995    0.000484    0.576002 v _190_/B (sg13g2_xor2_1)
     1    0.003718    0.029477    0.076470    0.652472 v _190_/X (sg13g2_xor2_1)
                                                         DPATH.SUM.fa_3.S (net)
                      0.029477    0.000098    0.652571 v _307_/D (sg13g2_dfrbpq_1)
                                              0.652571   data arrival time

                                  0.000000    0.000000   clock clk (rise edge)
                                  0.000000    0.000000   clock source latency
     1    0.027776    0.000000    0.000000    0.000000 ^ clk (in)
                                                         clk (net)
                      0.004784    0.002392    0.002392 ^ clkbuf_0_clk/A (sg13g2_buf_16)
     2    0.043504    0.023528    0.056986    0.059378 ^ clkbuf_0_clk/X (sg13g2_buf_16)
                                                         clknet_0_clk (net)
                      0.023607    0.002077    0.061455 ^ clkbuf_1_1__f_clk/A (sg13g2_buf_16)
     5    0.026939    0.020747    0.063287    0.124743 ^ clkbuf_1_1__f_clk/X (sg13g2_buf_16)
                                                         clknet_1_1__leaf_clk (net)
                      0.020771    0.001326    0.126068 ^ _307_/CLK (sg13g2_dfrbpq_1)
                                  0.150000    0.276068   clock uncertainty
                                  0.000000    0.276068   clock reconvergence pessimism
                                 -0.037226    0.238842   library hold time
                                              0.238842   data required time
---------------------------------------------------------------------------------------------
                                              0.238842   data required time
                                             -0.652571   data arrival time
---------------------------------------------------------------------------------------------
                                              0.413729   slack (MET)


Startpoint: _310_ (rising edge-triggered flip-flop clocked by clk)
Endpoint: _310_ (rising edge-triggered flip-flop clocked by clk)
Path Group: clk
Path Type: min

Fanout         Cap        Slew       Delay        Time   Description
---------------------------------------------------------------------------------------------
                                  0.000000    0.000000   clock clk (rise edge)
                                  0.000000    0.000000   clock source latency
     1    0.027776    0.000000    0.000000    0.000000 ^ clk (in)
                                                         clk (net)
                      0.004784    0.002392    0.002392 ^ clkbuf_0_clk/A (sg13g2_buf_16)
     2    0.043504    0.023528    0.056986    0.059378 ^ clkbuf_0_clk/X (sg13g2_buf_16)
                                                         clknet_0_clk (net)
                      0.023755    0.002871    0.062249 ^ clkbuf_1_0__f_clk/A (sg13g2_buf_16)
     5    0.031198    0.021714    0.064114    0.126363 ^ clkbuf_1_0__f_clk/X (sg13g2_buf_16)
                                                         clknet_1_0__leaf_clk (net)
                      0.021747    0.001577    0.127940 ^ _310_/CLK (sg13g2_dfrbpq_1)
     3    0.019426    0.067653    0.200027    0.327967 v _310_/Q (sg13g2_dfrbpq_1)
                                                         DPATH.SUM.fa_6.A (net)
                      0.067656    0.000583    0.328550 v fanout26/A (sg13g2_buf_1)
     8    0.044753    0.143398    0.176116    0.504666 v fanout26/X (sg13g2_buf_1)
                                                         net26 (net)
                      0.143404    0.001052    0.505717 v _200_/B (sg13g2_xnor2_1)
     1    0.006013    0.051085    0.102839    0.608556 v _200_/Y (sg13g2_xnor2_1)
                                                         _016_ (net)
                      0.051085    0.000100    0.608657 v _201_/B (sg13g2_xnor2_1)
     1    0.002532    0.030865    0.059282    0.667939 v _201_/Y (sg13g2_xnor2_1)
                                                         DPATH.SUM.fa_6.S (net)
                      0.030865    0.000041    0.667980 v _310_/D (sg13g2_dfrbpq_1)
                                              0.667980   data arrival time

                                  0.000000    0.000000   clock clk (rise edge)
                                  0.000000    0.000000   clock source latency
     1    0.027776    0.000000    0.000000    0.000000 ^ clk (in)
                                                         clk (net)
                      0.004784    0.002392    0.002392 ^ clkbuf_0_clk/A (sg13g2_buf_16)
     2    0.043504    0.023528    0.056986    0.059378 ^ clkbuf_0_clk/X (sg13g2_buf_16)
                                                         clknet_0_clk (net)
                      0.023755    0.002871    0.062249 ^ clkbuf_1_0__f_clk/A (sg13g2_buf_16)
     5    0.031198    0.021714    0.064114    0.126363 ^ clkbuf_1_0__f_clk/X (sg13g2_buf_16)
                                                         clknet_1_0__leaf_clk (net)
                      0.021747    0.001577    0.127940 ^ _310_/CLK (sg13g2_dfrbpq_1)
                                  0.150000    0.277940   clock uncertainty
                                  0.000000    0.277940   clock reconvergence pessimism
                                 -0.037463    0.240477   library hold time
                                              0.240477   data required time
---------------------------------------------------------------------------------------------
                                              0.240477   data required time
                                             -0.667980   data arrival time
---------------------------------------------------------------------------------------------
                                              0.427503   slack (MET)


Startpoint: _310_ (rising edge-triggered flip-flop clocked by clk)
Endpoint: sine_out[1] (output port clocked by clk)
Path Group: clk
Path Type: min

Fanout         Cap        Slew       Delay        Time   Description
---------------------------------------------------------------------------------------------
                                  0.000000    0.000000   clock clk (rise edge)
                                  0.000000    0.000000   clock source latency
     1    0.027776    0.000000    0.000000    0.000000 ^ clk (in)
                                                         clk (net)
                      0.004784    0.002392    0.002392 ^ clkbuf_0_clk/A (sg13g2_buf_16)
     2    0.043504    0.023528    0.056986    0.059378 ^ clkbuf_0_clk/X (sg13g2_buf_16)
                                                         clknet_0_clk (net)
                      0.023755    0.002871    0.062249 ^ clkbuf_1_0__f_clk/A (sg13g2_buf_16)
     5    0.031198    0.021714    0.064114    0.126363 ^ clkbuf_1_0__f_clk/X (sg13g2_buf_16)
                                                         clknet_1_0__leaf_clk (net)
                      0.021747    0.001577    0.127940 ^ _310_/CLK (sg13g2_dfrbpq_1)
     3    0.019475    0.086689    0.210881    0.338821 ^ _310_/Q (sg13g2_dfrbpq_1)
                                                         DPATH.SUM.fa_6.A (net)
                      0.086725    0.001673    0.340494 ^ _256_/A (sg13g2_nor4_1)
     1    0.008115    0.038757    0.080570    0.421064 v _256_/Y (sg13g2_nor4_1)
                                                         _068_ (net)
                      0.038782    0.000457    0.421520 v _267_/B1 (sg13g2_a21oi_1)
     1    0.008063    0.064422    0.066769    0.488290 ^ _267_/Y (sg13g2_a21oi_1)
                                                         net13 (net)
                      0.064427    0.000440    0.488730 ^ output13/A (sg13g2_buf_1)
     1    0.015239    0.070612    0.110738    0.599467 ^ output13/X (sg13g2_buf_1)
                                                         sine_out[1] (net)
                      0.070620    0.000808    0.600275 ^ sine_out[1] (out)
                                              0.600275   data arrival time

                                  0.000000    0.000000   clock clk (rise edge)
                                  0.000000    0.000000   clock network delay (propagated)
                                  0.150000    0.150000   clock uncertainty
                                  0.000000    0.150000   clock reconvergence pessimism
                                  0.000000    0.150000   output external delay
                                              0.150000   data required time
---------------------------------------------------------------------------------------------
                                              0.150000   data required time
                                             -0.600275   data arrival time
---------------------------------------------------------------------------------------------
                                              0.450275   slack (MET)


Startpoint: _309_ (rising edge-triggered flip-flop clocked by clk)
Endpoint: _309_ (rising edge-triggered flip-flop clocked by clk)
Path Group: clk
Path Type: min

Fanout         Cap        Slew       Delay        Time   Description
---------------------------------------------------------------------------------------------
                                  0.000000    0.000000   clock clk (rise edge)
                                  0.000000    0.000000   clock source latency
     1    0.027776    0.000000    0.000000    0.000000 ^ clk (in)
                                                         clk (net)
                      0.004784    0.002392    0.002392 ^ clkbuf_0_clk/A (sg13g2_buf_16)
     2    0.043504    0.023528    0.056986    0.059378 ^ clkbuf_0_clk/X (sg13g2_buf_16)
                                                         clknet_0_clk (net)
                      0.023755    0.002871    0.062249 ^ clkbuf_1_0__f_clk/A (sg13g2_buf_16)
     5    0.031198    0.021714    0.064114    0.126363 ^ clkbuf_1_0__f_clk/X (sg13g2_buf_16)
                                                         clknet_1_0__leaf_clk (net)
                      0.021761    0.001769    0.128132 ^ _309_/CLK (sg13g2_dfrbpq_1)
     1    0.004547    0.023855    0.164451    0.292583 v _309_/Q (sg13g2_dfrbpq_1)
                                                         DPATH.SUM.fa_5.A (net)
                      0.023855    0.000131    0.292714 v fanout29/A (sg13g2_buf_1)
     8    0.049069    0.156327    0.166208    0.458922 v fanout29/X (sg13g2_buf_1)
                                                         net29 (net)
                      0.156341    0.001237    0.460159 v _196_/A (sg13g2_xnor2_1)
     2    0.011351    0.079011    0.143926    0.604085 v _196_/Y (sg13g2_xnor2_1)
                                                         _013_ (net)
                      0.079011    0.000294    0.604379 v _198_/A (sg13g2_xor2_1)
     1    0.005478    0.034169    0.086926    0.691305 v _198_/X (sg13g2_xor2_1)
                                                         DPATH.SUM.fa_5.S (net)
                      0.034169    0.000204    0.691509 v _309_/D (sg13g2_dfrbpq_1)
                                              0.691509   data arrival time

                                  0.000000    0.000000   clock clk (rise edge)
                                  0.000000    0.000000   clock source latency
     1    0.027776    0.000000    0.000000    0.000000 ^ clk (in)
                                                         clk (net)
                      0.004784    0.002392    0.002392 ^ clkbuf_0_clk/A (sg13g2_buf_16)
     2    0.043504    0.023528    0.056986    0.059378 ^ clkbuf_0_clk/X (sg13g2_buf_16)
                                                         clknet_0_clk (net)
                      0.023755    0.002871    0.062249 ^ clkbuf_1_0__f_clk/A (sg13g2_buf_16)
     5    0.031198    0.021714    0.064114    0.126363 ^ clkbuf_1_0__f_clk/X (sg13g2_buf_16)
                                                         clknet_1_0__leaf_clk (net)
                      0.021761    0.001769    0.128132 ^ _309_/CLK (sg13g2_dfrbpq_1)
                                  0.150000    0.278132   clock uncertainty
                                  0.000000    0.278132   clock reconvergence pessimism
                                 -0.038507    0.239626   library hold time
                                              0.239626   data required time
---------------------------------------------------------------------------------------------
                                              0.239626   data required time
                                             -0.691509   data arrival time
---------------------------------------------------------------------------------------------
                                              0.451884   slack (MET)


Startpoint: _312_ (rising edge-triggered flip-flop clocked by clk)
Endpoint: _308_ (rising edge-triggered flip-flop clocked by clk)
Path Group: clk
Path Type: min

Fanout         Cap        Slew       Delay        Time   Description
---------------------------------------------------------------------------------------------
                                  0.000000    0.000000   clock clk (rise edge)
                                  0.000000    0.000000   clock source latency
     1    0.027776    0.000000    0.000000    0.000000 ^ clk (in)
                                                         clk (net)
                      0.004784    0.002392    0.002392 ^ clkbuf_0_clk/A (sg13g2_buf_16)
     2    0.043504    0.023528    0.056986    0.059378 ^ clkbuf_0_clk/X (sg13g2_buf_16)
                                                         clknet_0_clk (net)
                      0.023755    0.002871    0.062249 ^ clkbuf_1_0__f_clk/A (sg13g2_buf_16)
     5    0.031198    0.021714    0.064114    0.126363 ^ clkbuf_1_0__f_clk/X (sg13g2_buf_16)
                                                         clknet_1_0__leaf_clk (net)
                      0.021741    0.001427    0.127790 ^ _312_/CLK (sg13g2_dfrbpq_1)
     1    0.006039    0.027903    0.168050    0.295841 v _312_/Q (sg13g2_dfrbpq_1)
                                                         CTRL.S0 (net)
                      0.027903    0.000237    0.296078 v fanout24/A (sg13g2_buf_1)
     6    0.039578    0.127527    0.146857    0.442934 v fanout24/X (sg13g2_buf_1)
                                                         net24 (net)
                      0.127614    0.002767    0.445701 v _188_/B (sg13g2_nand2_1)
     1    0.007768    0.061270    0.084685    0.530386 ^ _188_/Y (sg13g2_nand2_1)
                                                         _136_ (net)
                      0.061271    0.000365    0.530752 ^ _193_/B1 (sg13g2_o21ai_1)
     2    0.015515    0.101827    0.109508    0.640260 v _193_/Y (sg13g2_o21ai_1)
                                                         _011_ (net)
                      0.101830    0.000695    0.640955 v _194_/B (sg13g2_xor2_1)
     1    0.002399    0.026250    0.076452    0.717407 v _194_/X (sg13g2_xor2_1)
                                                         DPATH.SUM.fa_4.S (net)
                      0.026250    0.000035    0.717443 v _308_/D (sg13g2_dfrbpq_1)
                                              0.717443   data arrival time

                                  0.000000    0.000000   clock clk (rise edge)
                                  0.000000    0.000000   clock source latency
     1    0.027776    0.000000    0.000000    0.000000 ^ clk (in)
                                                         clk (net)
                      0.004784    0.002392    0.002392 ^ clkbuf_0_clk/A (sg13g2_buf_16)
     2    0.043504    0.023528    0.056986    0.059378 ^ clkbuf_0_clk/X (sg13g2_buf_16)
                                                         clknet_0_clk (net)
                      0.023755    0.002871    0.062249 ^ clkbuf_1_0__f_clk/A (sg13g2_buf_16)
     5    0.031198    0.021714    0.064114    0.126363 ^ clkbuf_1_0__f_clk/X (sg13g2_buf_16)
                                                         clknet_1_0__leaf_clk (net)
                      0.021768    0.001867    0.128230 ^ _308_/CLK (sg13g2_dfrbpq_1)
                                  0.150000    0.278230   clock uncertainty
                                  0.000000    0.278230   clock reconvergence pessimism
                                 -0.035996    0.242233   library hold time
                                              0.242233   data required time
---------------------------------------------------------------------------------------------
                                              0.242233   data required time
                                             -0.717443   data arrival time
---------------------------------------------------------------------------------------------
                                              0.475209   slack (MET)


Startpoint: _310_ (rising edge-triggered flip-flop clocked by clk)
Endpoint: sine_out[16] (output port clocked by clk)
Path Group: clk
Path Type: min

Fanout         Cap        Slew       Delay        Time   Description
---------------------------------------------------------------------------------------------
                                  0.000000    0.000000   clock clk (rise edge)
                                  0.000000    0.000000   clock source latency
     1    0.027776    0.000000    0.000000    0.000000 ^ clk (in)
                                                         clk (net)
                      0.004784    0.002392    0.002392 ^ clkbuf_0_clk/A (sg13g2_buf_16)
     2    0.043504    0.023528    0.056986    0.059378 ^ clkbuf_0_clk/X (sg13g2_buf_16)
                                                         clknet_0_clk (net)
                      0.023755    0.002871    0.062249 ^ clkbuf_1_0__f_clk/A (sg13g2_buf_16)
     5    0.031198    0.021714    0.064114    0.126363 ^ clkbuf_1_0__f_clk/X (sg13g2_buf_16)
                                                         clknet_1_0__leaf_clk (net)
                      0.021747    0.001577    0.127940 ^ _310_/CLK (sg13g2_dfrbpq_1)
     3    0.019426    0.067653    0.200027    0.327967 v _310_/Q (sg13g2_dfrbpq_1)
                                                         DPATH.SUM.fa_6.A (net)
                      0.067692    0.001496    0.329463 v fanout25/A (sg13g2_buf_1)
     8    0.034867    0.113638    0.154207    0.483669 v fanout25/X (sg13g2_buf_1)
                                                         net25 (net)
                      0.113640    0.000621    0.484290 v _176_/A (sg13g2_nand3_1)
     1    0.004031    0.041104    0.063772    0.548062 ^ _176_/Y (sg13g2_nand3_1)
                                                         net11 (net)
                      0.041104    0.000081    0.548143 ^ output11/A (sg13g2_buf_1)
     1    0.011878    0.056920    0.091124    0.639267 ^ output11/X (sg13g2_buf_1)
                                                         sine_out[16] (net)
                      0.056920    0.000222    0.639490 ^ sine_out[16] (out)
                                              0.639490   data arrival time

                                  0.000000    0.000000   clock clk (rise edge)
                                  0.000000    0.000000   clock network delay (propagated)
                                  0.150000    0.150000   clock uncertainty
                                  0.000000    0.150000   clock reconvergence pessimism
                                  0.000000    0.150000   output external delay
                                              0.150000   data required time
---------------------------------------------------------------------------------------------
                                              0.150000   data required time
                                             -0.639490   data arrival time
---------------------------------------------------------------------------------------------
                                              0.489490   slack (MET)


Startpoint: _310_ (rising edge-triggered flip-flop clocked by clk)
Endpoint: sine_out[14] (output port clocked by clk)
Path Group: clk
Path Type: min

Fanout         Cap        Slew       Delay        Time   Description
---------------------------------------------------------------------------------------------
                                  0.000000    0.000000   clock clk (rise edge)
                                  0.000000    0.000000   clock source latency
     1    0.027776    0.000000    0.000000    0.000000 ^ clk (in)
                                                         clk (net)
                      0.004784    0.002392    0.002392 ^ clkbuf_0_clk/A (sg13g2_buf_16)
     2    0.043504    0.023528    0.056986    0.059378 ^ clkbuf_0_clk/X (sg13g2_buf_16)
                                                         clknet_0_clk (net)
                      0.023755    0.002871    0.062249 ^ clkbuf_1_0__f_clk/A (sg13g2_buf_16)
     5    0.031198    0.021714    0.064114    0.126363 ^ clkbuf_1_0__f_clk/X (sg13g2_buf_16)
                                                         clknet_1_0__leaf_clk (net)
                      0.021747    0.001577    0.127940 ^ _310_/CLK (sg13g2_dfrbpq_1)
     3    0.019426    0.067653    0.200027    0.327967 v _310_/Q (sg13g2_dfrbpq_1)
                                                         DPATH.SUM.fa_6.A (net)
                      0.067692    0.001496    0.329463 v fanout25/A (sg13g2_buf_1)
     8    0.034867    0.113638    0.154207    0.483669 v fanout25/X (sg13g2_buf_1)
                                                         net25 (net)
                      0.113697    0.001334    0.485004 v _171_/B1 (sg13g2_o21ai_1)
     1    0.003296    0.045471    0.063253    0.548257 ^ _171_/Y (sg13g2_o21ai_1)
                                                         net9 (net)
                      0.045471    0.000053    0.548310 ^ output9/A (sg13g2_buf_1)
     1    0.011618    0.055995    0.092251    0.640562 ^ output9/X (sg13g2_buf_1)
                                                         sine_out[14] (net)
                      0.055995    0.000201    0.640762 ^ sine_out[14] (out)
                                              0.640762   data arrival time

                                  0.000000    0.000000   clock clk (rise edge)
                                  0.000000    0.000000   clock network delay (propagated)
                                  0.150000    0.150000   clock uncertainty
                                  0.000000    0.150000   clock reconvergence pessimism
                                  0.000000    0.150000   output external delay
                                              0.150000   data required time
---------------------------------------------------------------------------------------------
                                              0.150000   data required time
                                             -0.640762   data arrival time
---------------------------------------------------------------------------------------------
                                              0.490762   slack (MET)


Startpoint: _310_ (rising edge-triggered flip-flop clocked by clk)
Endpoint: sine_out[13] (output port clocked by clk)
Path Group: clk
Path Type: min

Fanout         Cap        Slew       Delay        Time   Description
---------------------------------------------------------------------------------------------
                                  0.000000    0.000000   clock clk (rise edge)
                                  0.000000    0.000000   clock source latency
     1    0.027776    0.000000    0.000000    0.000000 ^ clk (in)
                                                         clk (net)
                      0.004784    0.002392    0.002392 ^ clkbuf_0_clk/A (sg13g2_buf_16)
     2    0.043504    0.023528    0.056986    0.059378 ^ clkbuf_0_clk/X (sg13g2_buf_16)
                                                         clknet_0_clk (net)
                      0.023755    0.002871    0.062249 ^ clkbuf_1_0__f_clk/A (sg13g2_buf_16)
     5    0.031198    0.021714    0.064114    0.126363 ^ clkbuf_1_0__f_clk/X (sg13g2_buf_16)
                                                         clknet_1_0__leaf_clk (net)
                      0.021747    0.001577    0.127940 ^ _310_/CLK (sg13g2_dfrbpq_1)
     3    0.019426    0.067653    0.200027    0.327967 v _310_/Q (sg13g2_dfrbpq_1)
                                                         DPATH.SUM.fa_6.A (net)
                      0.067692    0.001496    0.329463 v fanout25/A (sg13g2_buf_1)
     8    0.034867    0.113638    0.154207    0.483669 v fanout25/X (sg13g2_buf_1)
                                                         net25 (net)
                      0.113716    0.001815    0.485484 v _170_/B1 (sg13g2_a21oi_1)
     1    0.003636    0.049559    0.067880    0.553365 ^ _170_/Y (sg13g2_a21oi_1)
                                                         net8 (net)
                      0.049559    0.000071    0.553436 ^ output8/A (sg13g2_buf_1)
     1    0.011753    0.056614    0.094425    0.647861 ^ output8/X (sg13g2_buf_1)
                                                         sine_out[13] (net)
                      0.056614    0.000176    0.648037 ^ sine_out[13] (out)
                                              0.648037   data arrival time

                                  0.000000    0.000000   clock clk (rise edge)
                                  0.000000    0.000000   clock network delay (propagated)
                                  0.150000    0.150000   clock uncertainty
                                  0.000000    0.150000   clock reconvergence pessimism
                                  0.000000    0.150000   output external delay
                                              0.150000   data required time
---------------------------------------------------------------------------------------------
                                              0.150000   data required time
                                             -0.648037   data arrival time
---------------------------------------------------------------------------------------------
                                              0.498037   slack (MET)


Startpoint: _310_ (rising edge-triggered flip-flop clocked by clk)
Endpoint: sine_out[15] (output port clocked by clk)
Path Group: clk
Path Type: min

Fanout         Cap        Slew       Delay        Time   Description
---------------------------------------------------------------------------------------------
                                  0.000000    0.000000   clock clk (rise edge)
                                  0.000000    0.000000   clock source latency
     1    0.027776    0.000000    0.000000    0.000000 ^ clk (in)
                                                         clk (net)
                      0.004784    0.002392    0.002392 ^ clkbuf_0_clk/A (sg13g2_buf_16)
     2    0.043504    0.023528    0.056986    0.059378 ^ clkbuf_0_clk/X (sg13g2_buf_16)
                                                         clknet_0_clk (net)
                      0.023755    0.002871    0.062249 ^ clkbuf_1_0__f_clk/A (sg13g2_buf_16)
     5    0.031198    0.021714    0.064114    0.126363 ^ clkbuf_1_0__f_clk/X (sg13g2_buf_16)
                                                         clknet_1_0__leaf_clk (net)
                      0.021747    0.001577    0.127940 ^ _310_/CLK (sg13g2_dfrbpq_1)
     3    0.019426    0.067653    0.200027    0.327967 v _310_/Q (sg13g2_dfrbpq_1)
                                                         DPATH.SUM.fa_6.A (net)
                      0.067692    0.001496    0.329463 v fanout25/A (sg13g2_buf_1)
     8    0.034867    0.113638    0.154207    0.483669 v fanout25/X (sg13g2_buf_1)
                                                         net25 (net)
                      0.113686    0.000951    0.484620 v _173_/B1 (sg13g2_o21ai_1)
     1    0.005323    0.053319    0.072478    0.557098 ^ _173_/Y (sg13g2_o21ai_1)
                                                         net10 (net)
                      0.053319    0.000188    0.557286 ^ output10/A (sg13g2_buf_1)
     1    0.012400    0.059230    0.097891    0.655177 ^ output10/X (sg13g2_buf_1)
                                                         sine_out[15] (net)
                      0.059231    0.000268    0.655446 ^ sine_out[15] (out)
                                              0.655446   data arrival time

                                  0.000000    0.000000   clock clk (rise edge)
                                  0.000000    0.000000   clock network delay (propagated)
                                  0.150000    0.150000   clock uncertainty
                                  0.000000    0.150000   clock reconvergence pessimism
                                  0.000000    0.150000   output external delay
                                              0.150000   data required time
---------------------------------------------------------------------------------------------
                                              0.150000   data required time
                                             -0.655446   data arrival time
---------------------------------------------------------------------------------------------
                                              0.505446   slack (MET)


Startpoint: _305_ (rising edge-triggered flip-flop clocked by clk)
Endpoint: _305_ (rising edge-triggered flip-flop clocked by clk)
Path Group: clk
Path Type: min

Fanout         Cap        Slew       Delay        Time   Description
---------------------------------------------------------------------------------------------
                                  0.000000    0.000000   clock clk (rise edge)
                                  0.000000    0.000000   clock source latency
     1    0.027776    0.000000    0.000000    0.000000 ^ clk (in)
                                                         clk (net)
                      0.004784    0.002392    0.002392 ^ clkbuf_0_clk/A (sg13g2_buf_16)
     2    0.043504    0.023528    0.056986    0.059378 ^ clkbuf_0_clk/X (sg13g2_buf_16)
                                                         clknet_0_clk (net)
                      0.023607    0.002077    0.061455 ^ clkbuf_1_1__f_clk/A (sg13g2_buf_16)
     5    0.026939    0.020747    0.063287    0.124743 ^ clkbuf_1_1__f_clk/X (sg13g2_buf_16)
                                                         clknet_1_1__leaf_clk (net)
                      0.020773    0.001395    0.126137 ^ _305_/CLK (sg13g2_dfrbpq_1)
     3    0.023471    0.077757    0.209443    0.335581 v _305_/Q (sg13g2_dfrbpq_1)
                                                         DPATH.SUM.fa_1.A (net)
                      0.077762    0.000728    0.336309 v fanout38/A (sg13g2_buf_1)
     8    0.053562    0.169961    0.200335    0.536644 v fanout38/X (sg13g2_buf_1)
                                                         net38 (net)
                      0.169962    0.000799    0.537443 v _181_/A (sg13g2_xnor2_1)
     2    0.012230    0.083934    0.152795    0.690237 v _181_/Y (sg13g2_xnor2_1)
                                                         _131_ (net)
                      0.083935    0.000400    0.690637 v _182_/B (sg13g2_xnor2_1)
     1    0.003218    0.036192    0.073649    0.764287 v _182_/Y (sg13g2_xnor2_1)
                                                         DPATH.SUM.fa_1.S (net)
                      0.036192    0.000072    0.764358 v _305_/D (sg13g2_dfrbpq_1)
                                              0.764358   data arrival time

                                  0.000000    0.000000   clock clk (rise edge)
                                  0.000000    0.000000   clock source latency
     1    0.027776    0.000000    0.000000    0.000000 ^ clk (in)
                                                         clk (net)
                      0.004784    0.002392    0.002392 ^ clkbuf_0_clk/A (sg13g2_buf_16)
     2    0.043504    0.023528    0.056986    0.059378 ^ clkbuf_0_clk/X (sg13g2_buf_16)
                                                         clknet_0_clk (net)
                      0.023607    0.002077    0.061455 ^ clkbuf_1_1__f_clk/A (sg13g2_buf_16)
     5    0.026939    0.020747    0.063287    0.124743 ^ clkbuf_1_1__f_clk/X (sg13g2_buf_16)
                                                         clknet_1_1__leaf_clk (net)
                      0.020773    0.001395    0.126137 ^ _305_/CLK (sg13g2_dfrbpq_1)
                                  0.150000    0.276137   clock uncertainty
                                  0.000000    0.276137   clock reconvergence pessimism
                                 -0.039353    0.236784   library hold time
                                              0.236784   data required time
---------------------------------------------------------------------------------------------
                                              0.236784   data required time
                                             -0.764358   data arrival time
---------------------------------------------------------------------------------------------
                                              0.527575   slack (MET)


Startpoint: _310_ (rising edge-triggered flip-flop clocked by clk)
Endpoint: sine_out[9] (output port clocked by clk)
Path Group: clk
Path Type: min

Fanout         Cap        Slew       Delay        Time   Description
---------------------------------------------------------------------------------------------
                                  0.000000    0.000000   clock clk (rise edge)
                                  0.000000    0.000000   clock source latency
     1    0.027776    0.000000    0.000000    0.000000 ^ clk (in)
                                                         clk (net)
                      0.004784    0.002392    0.002392 ^ clkbuf_0_clk/A (sg13g2_buf_16)
     2    0.043504    0.023528    0.056986    0.059378 ^ clkbuf_0_clk/X (sg13g2_buf_16)
                                                         clknet_0_clk (net)
                      0.023755    0.002871    0.062249 ^ clkbuf_1_0__f_clk/A (sg13g2_buf_16)
     5    0.031198    0.021714    0.064114    0.126363 ^ clkbuf_1_0__f_clk/X (sg13g2_buf_16)
                                                         clknet_1_0__leaf_clk (net)
                      0.021747    0.001577    0.127940 ^ _310_/CLK (sg13g2_dfrbpq_1)
     3    0.019426    0.067653    0.200027    0.327967 v _310_/Q (sg13g2_dfrbpq_1)
                                                         DPATH.SUM.fa_6.A (net)
                      0.067692    0.001496    0.329463 v fanout25/A (sg13g2_buf_1)
     8    0.034867    0.113638    0.154207    0.483669 v fanout25/X (sg13g2_buf_1)
                                                         net25 (net)
                      0.113706    0.001584    0.485254 v _150_/B1 (sg13g2_a21oi_1)
     1    0.005897    0.065018    0.079881    0.565134 ^ _150_/Y (sg13g2_a21oi_1)
                                                         net21 (net)
                      0.065018    0.000215    0.565350 ^ output21/A (sg13g2_buf_1)
     1    0.015664    0.072301    0.112176    0.677525 ^ output21/X (sg13g2_buf_1)
                                                         sine_out[9] (net)
                      0.072313    0.000935    0.678460 ^ sine_out[9] (out)
                                              0.678460   data arrival time

                                  0.000000    0.000000   clock clk (rise edge)
                                  0.000000    0.000000   clock network delay (propagated)
                                  0.150000    0.150000   clock uncertainty
                                  0.000000    0.150000   clock reconvergence pessimism
                                  0.000000    0.150000   output external delay
                                              0.150000   data required time
---------------------------------------------------------------------------------------------
                                              0.150000   data required time
                                             -0.678460   data arrival time
---------------------------------------------------------------------------------------------
                                              0.528460   slack (MET)


Startpoint: _310_ (rising edge-triggered flip-flop clocked by clk)
Endpoint: sine_out[17] (output port clocked by clk)
Path Group: clk
Path Type: min

Fanout         Cap        Slew       Delay        Time   Description
---------------------------------------------------------------------------------------------
                                  0.000000    0.000000   clock clk (rise edge)
                                  0.000000    0.000000   clock source latency
     1    0.027776    0.000000    0.000000    0.000000 ^ clk (in)
                                                         clk (net)
                      0.004784    0.002392    0.002392 ^ clkbuf_0_clk/A (sg13g2_buf_16)
     2    0.043504    0.023528    0.056986    0.059378 ^ clkbuf_0_clk/X (sg13g2_buf_16)
                                                         clknet_0_clk (net)
                      0.023755    0.002871    0.062249 ^ clkbuf_1_0__f_clk/A (sg13g2_buf_16)
     5    0.031198    0.021714    0.064114    0.126363 ^ clkbuf_1_0__f_clk/X (sg13g2_buf_16)
                                                         clknet_1_0__leaf_clk (net)
                      0.021747    0.001577    0.127940 ^ _310_/CLK (sg13g2_dfrbpq_1)
     3    0.019426    0.067653    0.200027    0.327967 v _310_/Q (sg13g2_dfrbpq_1)
                                                         DPATH.SUM.fa_6.A (net)
                      0.067656    0.000583    0.328550 v fanout26/A (sg13g2_buf_1)
     8    0.044753    0.143398    0.176116    0.504666 v fanout26/X (sg13g2_buf_1)
                                                         net26 (net)
                      0.143481    0.002092    0.506758 v _179_/B (sg13g2_nand3_1)
     1    0.005713    0.052352    0.085370    0.592127 ^ _179_/Y (sg13g2_nand3_1)
                                                         net12 (net)
                      0.052352    0.000220    0.592348 ^ output12/A (sg13g2_buf_1)
     1    0.013654    0.064155    0.100992    0.693340 ^ output12/X (sg13g2_buf_1)
                                                         sine_out[17] (net)
                      0.064159    0.000576    0.693916 ^ sine_out[17] (out)
                                              0.693916   data arrival time

                                  0.000000    0.000000   clock clk (rise edge)
                                  0.000000    0.000000   clock network delay (propagated)
                                  0.150000    0.150000   clock uncertainty
                                  0.000000    0.150000   clock reconvergence pessimism
                                  0.000000    0.150000   output external delay
                                              0.150000   data required time
---------------------------------------------------------------------------------------------
                                              0.150000   data required time
                                             -0.693916   data arrival time
---------------------------------------------------------------------------------------------
                                              0.543916   slack (MET)


Startpoint: _305_ (rising edge-triggered flip-flop clocked by clk)
Endpoint: sine_out[0] (output port clocked by clk)
Path Group: clk
Path Type: min

Fanout         Cap        Slew       Delay        Time   Description
---------------------------------------------------------------------------------------------
                                  0.000000    0.000000   clock clk (rise edge)
                                  0.000000    0.000000   clock source latency
     1    0.027776    0.000000    0.000000    0.000000 ^ clk (in)
                                                         clk (net)
                      0.004784    0.002392    0.002392 ^ clkbuf_0_clk/A (sg13g2_buf_16)
     2    0.043504    0.023528    0.056986    0.059378 ^ clkbuf_0_clk/X (sg13g2_buf_16)
                                                         clknet_0_clk (net)
                      0.023607    0.002077    0.061455 ^ clkbuf_1_1__f_clk/A (sg13g2_buf_16)
     5    0.026939    0.020747    0.063287    0.124743 ^ clkbuf_1_1__f_clk/X (sg13g2_buf_16)
                                                         clknet_1_1__leaf_clk (net)
                      0.020773    0.001395    0.126137 ^ _305_/CLK (sg13g2_dfrbpq_1)
     3    0.023471    0.077757    0.209443    0.335581 v _305_/Q (sg13g2_dfrbpq_1)
                                                         DPATH.SUM.fa_1.A (net)
                      0.077811    0.001863    0.337443 v _235_/A2 (sg13g2_a21oi_1)
     1    0.004595    0.061176    0.098025    0.435469 ^ _235_/Y (sg13g2_a21oi_1)
                                                         _048_ (net)
                      0.061176    0.000080    0.435549 ^ _236_/A2 (sg13g2_o21ai_1)
     1    0.004896    0.042371    0.069491    0.505040 v _236_/Y (sg13g2_o21ai_1)
                                                         _049_ (net)
                      0.042371    0.000135    0.505175 v _238_/A (sg13g2_nand2_1)
     1    0.005708    0.036417    0.043918    0.549093 ^ _238_/Y (sg13g2_nand2_1)
                                                         _051_ (net)
                      0.036418    0.000186    0.549279 ^ _247_/B1 (sg13g2_a22oi_1)
     1    0.006729    0.052992    0.069075    0.618354 v _247_/Y (sg13g2_a22oi_1)
                                                         net4 (net)
                      0.052993    0.000300    0.618653 v output4/A (sg13g2_buf_1)
     1    0.014633    0.054314    0.100641    0.719294 v output4/X (sg13g2_buf_1)
                                                         sine_out[0] (net)
                      0.054326    0.000793    0.720087 v sine_out[0] (out)
                                              0.720087   data arrival time

                                  0.000000    0.000000   clock clk (rise edge)
                                  0.000000    0.000000   clock network delay (propagated)
                                  0.150000    0.150000   clock uncertainty
                                  0.000000    0.150000   clock reconvergence pessimism
                                  0.000000    0.150000   output external delay
                                              0.150000   data required time
---------------------------------------------------------------------------------------------
                                              0.150000   data required time
                                             -0.720087   data arrival time
---------------------------------------------------------------------------------------------
                                              0.570087   slack (MET)


Startpoint: _310_ (rising edge-triggered flip-flop clocked by clk)
Endpoint: sine_out[2] (output port clocked by clk)
Path Group: clk
Path Type: min

Fanout         Cap        Slew       Delay        Time   Description
---------------------------------------------------------------------------------------------
                                  0.000000    0.000000   clock clk (rise edge)
                                  0.000000    0.000000   clock source latency
     1    0.027776    0.000000    0.000000    0.000000 ^ clk (in)
                                                         clk (net)
                      0.004784    0.002392    0.002392 ^ clkbuf_0_clk/A (sg13g2_buf_16)
     2    0.043504    0.023528    0.056986    0.059378 ^ clkbuf_0_clk/X (sg13g2_buf_16)
                                                         clknet_0_clk (net)
                      0.023755    0.002871    0.062249 ^ clkbuf_1_0__f_clk/A (sg13g2_buf_16)
     5    0.031198    0.021714    0.064114    0.126363 ^ clkbuf_1_0__f_clk/X (sg13g2_buf_16)
                                                         clknet_1_0__leaf_clk (net)
                      0.021747    0.001577    0.127940 ^ _310_/CLK (sg13g2_dfrbpq_1)
     3    0.019426    0.067653    0.200027    0.327967 v _310_/Q (sg13g2_dfrbpq_1)
                                                         DPATH.SUM.fa_6.A (net)
                      0.067656    0.000583    0.328550 v fanout26/A (sg13g2_buf_1)
     8    0.044753    0.143398    0.176116    0.504666 v fanout26/X (sg13g2_buf_1)
                                                         net26 (net)
                      0.143402    0.000930    0.505596 v _279_/A (sg13g2_nor2_1)
     1    0.004491    0.059823    0.096277    0.601873 ^ _279_/Y (sg13g2_nor2_1)
                                                         _090_ (net)
                      0.059823    0.000094    0.601967 ^ _288_/A2 (sg13g2_a21oi_1)
     1    0.008051    0.037417    0.090009    0.691976 v _288_/Y (sg13g2_a21oi_1)
                                                         net14 (net)
                      0.037436    0.000340    0.692316 v output14/A (sg13g2_buf_1)
     1    0.014812    0.054552    0.094408    0.786724 v output14/X (sg13g2_buf_1)
                                                         sine_out[2] (net)
                      0.054561    0.000720    0.787444 v sine_out[2] (out)
                                              0.787444   data arrival time

                                  0.000000    0.000000   clock clk (rise edge)
                                  0.000000    0.000000   clock network delay (propagated)
                                  0.150000    0.150000   clock uncertainty
                                  0.000000    0.150000   clock reconvergence pessimism
                                  0.000000    0.150000   output external delay
                                              0.150000   data required time
---------------------------------------------------------------------------------------------
                                              0.150000   data required time
                                             -0.787444   data arrival time
---------------------------------------------------------------------------------------------
                                              0.637444   slack (MET)


Startpoint: _310_ (rising edge-triggered flip-flop clocked by clk)
Endpoint: sine_out[10] (output port clocked by clk)
Path Group: clk
Path Type: min

Fanout         Cap        Slew       Delay        Time   Description
---------------------------------------------------------------------------------------------
                                  0.000000    0.000000   clock clk (rise edge)
                                  0.000000    0.000000   clock source latency
     1    0.027776    0.000000    0.000000    0.000000 ^ clk (in)
                                                         clk (net)
                      0.004784    0.002392    0.002392 ^ clkbuf_0_clk/A (sg13g2_buf_16)
     2    0.043504    0.023528    0.056986    0.059378 ^ clkbuf_0_clk/X (sg13g2_buf_16)
                                                         clknet_0_clk (net)
                      0.023755    0.002871    0.062249 ^ clkbuf_1_0__f_clk/A (sg13g2_buf_16)
     5    0.031198    0.021714    0.064114    0.126363 ^ clkbuf_1_0__f_clk/X (sg13g2_buf_16)
                                                         clknet_1_0__leaf_clk (net)
                      0.021747    0.001577    0.127940 ^ _310_/CLK (sg13g2_dfrbpq_1)
     3    0.019475    0.086689    0.210881    0.338821 ^ _310_/Q (sg13g2_dfrbpq_1)
                                                         DPATH.SUM.fa_6.A (net)
                      0.086717    0.001499    0.340319 ^ fanout25/A (sg13g2_buf_1)
     8    0.035676    0.150991    0.178394    0.518713 ^ fanout25/X (sg13g2_buf_1)
                                                         net25 (net)
                      0.151028    0.001954    0.520667 ^ _153_/A_N (sg13g2_nand2b_1)
     3    0.016549    0.078974    0.146103    0.666770 ^ _153_/Y (sg13g2_nand2b_1)
                                                         _111_ (net)
                      0.078976    0.000533    0.667303 ^ _159_/B1 (sg13g2_a21oi_1)
     1    0.003608    0.029925    0.046535    0.713838 v _159_/Y (sg13g2_a21oi_1)
                                                         net5 (net)
                      0.029925    0.000072    0.713909 v output5/A (sg13g2_buf_1)
     1    0.012367    0.046938    0.085398    0.799308 v output5/X (sg13g2_buf_1)
                                                         sine_out[10] (net)
                      0.046939    0.000275    0.799582 v sine_out[10] (out)
                                              0.799582   data arrival time

                                  0.000000    0.000000   clock clk (rise edge)
                                  0.000000    0.000000   clock network delay (propagated)
                                  0.150000    0.150000   clock uncertainty
                                  0.000000    0.150000   clock reconvergence pessimism
                                  0.000000    0.150000   output external delay
                                              0.150000   data required time
---------------------------------------------------------------------------------------------
                                              0.150000   data required time
                                             -0.799582   data arrival time
---------------------------------------------------------------------------------------------
                                              0.649582   slack (MET)


Startpoint: _310_ (rising edge-triggered flip-flop clocked by clk)
Endpoint: sine_out[11] (output port clocked by clk)
Path Group: clk
Path Type: min

Fanout         Cap        Slew       Delay        Time   Description
---------------------------------------------------------------------------------------------
                                  0.000000    0.000000   clock clk (rise edge)
                                  0.000000    0.000000   clock source latency
     1    0.027776    0.000000    0.000000    0.000000 ^ clk (in)
                                                         clk (net)
                      0.004784    0.002392    0.002392 ^ clkbuf_0_clk/A (sg13g2_buf_16)
     2    0.043504    0.023528    0.056986    0.059378 ^ clkbuf_0_clk/X (sg13g2_buf_16)
                                                         clknet_0_clk (net)
                      0.023755    0.002871    0.062249 ^ clkbuf_1_0__f_clk/A (sg13g2_buf_16)
     5    0.031198    0.021714    0.064114    0.126363 ^ clkbuf_1_0__f_clk/X (sg13g2_buf_16)
                                                         clknet_1_0__leaf_clk (net)
                      0.021747    0.001577    0.127940 ^ _310_/CLK (sg13g2_dfrbpq_1)
     3    0.019475    0.086689    0.210881    0.338821 ^ _310_/Q (sg13g2_dfrbpq_1)
                                                         DPATH.SUM.fa_6.A (net)
                      0.086717    0.001499    0.340319 ^ fanout25/A (sg13g2_buf_1)
     8    0.035676    0.150991    0.178394    0.518713 ^ fanout25/X (sg13g2_buf_1)
                                                         net25 (net)
                      0.151028    0.001952    0.520666 ^ _161_/B (sg13g2_or2_1)
     2    0.011377    0.057378    0.132323    0.652989 ^ _161_/X (sg13g2_or2_1)
                                                         _118_ (net)
                      0.057378    0.000218    0.653207 ^ _162_/A2 (sg13g2_o21ai_1)
     1    0.005072    0.043615    0.069042    0.722249 v _162_/Y (sg13g2_o21ai_1)
                                                         net6 (net)
                      0.043615    0.000154    0.722403 v output6/A (sg13g2_buf_1)
     1    0.015895    0.057988    0.099627    0.822030 v output6/X (sg13g2_buf_1)
                                                         sine_out[11] (net)
                      0.058005    0.000943    0.822973 v sine_out[11] (out)
                                              0.822973   data arrival time

                                  0.000000    0.000000   clock clk (rise edge)
                                  0.000000    0.000000   clock network delay (propagated)
                                  0.150000    0.150000   clock uncertainty
                                  0.000000    0.150000   clock reconvergence pessimism
                                  0.000000    0.150000   output external delay
                                              0.150000   data required time
---------------------------------------------------------------------------------------------
                                              0.150000   data required time
                                             -0.822973   data arrival time
---------------------------------------------------------------------------------------------
                                              0.672973   slack (MET)


Startpoint: _310_ (rising edge-triggered flip-flop clocked by clk)
Endpoint: sine_out[12] (output port clocked by clk)
Path Group: clk
Path Type: min

Fanout         Cap        Slew       Delay        Time   Description
---------------------------------------------------------------------------------------------
                                  0.000000    0.000000   clock clk (rise edge)
                                  0.000000    0.000000   clock source latency
     1    0.027776    0.000000    0.000000    0.000000 ^ clk (in)
                                                         clk (net)
                      0.004784    0.002392    0.002392 ^ clkbuf_0_clk/A (sg13g2_buf_16)
     2    0.043504    0.023528    0.056986    0.059378 ^ clkbuf_0_clk/X (sg13g2_buf_16)
                                                         clknet_0_clk (net)
                      0.023755    0.002871    0.062249 ^ clkbuf_1_0__f_clk/A (sg13g2_buf_16)
     5    0.031198    0.021714    0.064114    0.126363 ^ clkbuf_1_0__f_clk/X (sg13g2_buf_16)
                                                         clknet_1_0__leaf_clk (net)
                      0.021747    0.001577    0.127940 ^ _310_/CLK (sg13g2_dfrbpq_1)
     3    0.019426    0.067653    0.200027    0.327967 v _310_/Q (sg13g2_dfrbpq_1)
                                                         DPATH.SUM.fa_6.A (net)
                      0.067692    0.001496    0.329463 v fanout25/A (sg13g2_buf_1)
     8    0.034867    0.113638    0.154207    0.483669 v fanout25/X (sg13g2_buf_1)
                                                         net25 (net)
                      0.113720    0.001897    0.485567 v _153_/A_N (sg13g2_nand2b_1)
     3    0.016048    0.103680    0.163943    0.649509 v _153_/Y (sg13g2_nand2b_1)
                                                         _111_ (net)
                      0.103680    0.000397    0.649906 v _167_/B1 (sg13g2_o21ai_1)
     1    0.006355    0.055773    0.074818    0.724724 ^ _167_/Y (sg13g2_o21ai_1)
                                                         net7 (net)
                      0.055774    0.000264    0.724988 ^ output7/A (sg13g2_buf_1)
     1    0.013361    0.063072    0.101637    0.826625 ^ output7/X (sg13g2_buf_1)
                                                         sine_out[12] (net)
                      0.063075    0.000524    0.827149 ^ sine_out[12] (out)
                                              0.827149   data arrival time

                                  0.000000    0.000000   clock clk (rise edge)
                                  0.000000    0.000000   clock network delay (propagated)
                                  0.150000    0.150000   clock uncertainty
                                  0.000000    0.150000   clock reconvergence pessimism
                                  0.000000    0.150000   output external delay
                                              0.150000   data required time
---------------------------------------------------------------------------------------------
                                              0.150000   data required time
                                             -0.827149   data arrival time
---------------------------------------------------------------------------------------------
                                              0.677149   slack (MET)


Startpoint: _311_ (rising edge-triggered flip-flop clocked by clk)
Endpoint: signB (output port clocked by clk)
Path Group: clk
Path Type: min

Fanout         Cap        Slew       Delay        Time   Description
---------------------------------------------------------------------------------------------
                                  0.000000    0.000000   clock clk (rise edge)
                                  0.000000    0.000000   clock source latency
     1    0.027776    0.000000    0.000000    0.000000 ^ clk (in)
                                                         clk (net)
                      0.004784    0.002392    0.002392 ^ clkbuf_0_clk/A (sg13g2_buf_16)
     2    0.043504    0.023528    0.056986    0.059378 ^ clkbuf_0_clk/X (sg13g2_buf_16)
                                                         clknet_0_clk (net)
                      0.023755    0.002871    0.062249 ^ clkbuf_1_0__f_clk/A (sg13g2_buf_16)
     5    0.031198    0.021714    0.064114    0.126363 ^ clkbuf_1_0__f_clk/X (sg13g2_buf_16)
                                                         clknet_1_0__leaf_clk (net)
                      0.021740    0.001407    0.127770 ^ _311_/CLK (sg13g2_dfrbpq_1)
     2    0.006454    0.036703    0.173666    0.301436 ^ _311_/Q (sg13g2_dfrbpq_1)
                                                         net2 (net)
                      0.036725    0.000087    0.301523 ^ hold43/A (sg13g2_dlygate4sd3_1)
     1    0.008211    0.052900    0.379412    0.680935 ^ hold43/X (sg13g2_dlygate4sd3_1)
                                                         net43 (net)
                      0.052900    0.000438    0.681373 ^ _142_/A (sg13g2_inv_1)
     2    0.012092    0.048813    0.059824    0.741198 v _142_/Y (sg13g2_inv_1)
                                                         net3 (net)
                      0.048816    0.000432    0.741629 v output3/A (sg13g2_buf_1)
     1    0.035764    0.115888    0.147007    0.888636 v output3/X (sg13g2_buf_1)
                                                         signB (net)
                      0.116013    0.002688    0.891324 v signB (out)
                                              0.891324   data arrival time

                                  0.000000    0.000000   clock clk (rise edge)
                                  0.000000    0.000000   clock network delay (propagated)
                                  0.150000    0.150000   clock uncertainty
                                  0.000000    0.150000   clock reconvergence pessimism
                                  0.000000    0.150000   output external delay
                                              0.150000   data required time
---------------------------------------------------------------------------------------------
                                              0.150000   data required time
                                             -0.891324   data arrival time
---------------------------------------------------------------------------------------------
                                              0.741324   slack (MET)


Startpoint: _304_ (rising edge-triggered flip-flop clocked by clk)
Endpoint: _304_ (rising edge-triggered flip-flop clocked by clk)
Path Group: clk
Path Type: min

Fanout         Cap        Slew       Delay        Time   Description
---------------------------------------------------------------------------------------------
                                  0.000000    0.000000   clock clk (rise edge)
                                  0.000000    0.000000   clock source latency
     1    0.027776    0.000000    0.000000    0.000000 ^ clk (in)
                                                         clk (net)
                      0.004784    0.002392    0.002392 ^ clkbuf_0_clk/A (sg13g2_buf_16)
     2    0.043504    0.023528    0.056986    0.059378 ^ clkbuf_0_clk/X (sg13g2_buf_16)
                                                         clknet_0_clk (net)
                      0.023607    0.002077    0.061455 ^ clkbuf_1_1__f_clk/A (sg13g2_buf_16)
     5    0.026939    0.020747    0.063287    0.124743 ^ clkbuf_1_1__f_clk/X (sg13g2_buf_16)
                                                         clknet_1_1__leaf_clk (net)
                      0.020780    0.001551    0.126294 ^ _304_/CLK (sg13g2_dfrbpq_1)
     1    0.004827    0.024598    0.164662    0.290956 v _304_/Q (sg13g2_dfrbpq_1)
                                                         DPATH.SUM.Cout0 (net)
                      0.024598    0.000135    0.291090 v fanout41/A (sg13g2_buf_1)
     6    0.037352    0.121101    0.139899    0.430989 v fanout41/X (sg13g2_buf_1)
                                                         net41 (net)
                      0.121102    0.000346    0.431335 v fanout40/A (sg13g2_buf_1)
     4    0.022212    0.078261    0.145378    0.576713 v fanout40/X (sg13g2_buf_1)
                                                         net40 (net)
                      0.078261    0.000283    0.576996 v fanout39/A (sg13g2_buf_1)
     8    0.041080    0.132479    0.171935    0.748931 v fanout39/X (sg13g2_buf_1)
                                                         net39 (net)
                      0.132634    0.003215    0.752146 v _141_/A (sg13g2_inv_1)
     6    0.033615    0.153552    0.173093    0.925239 ^ _141_/Y (sg13g2_inv_1)
                                                         DPATH.SUM.ha_0.S (net)
                      0.153557    0.000788    0.926026 ^ _304_/D (sg13g2_dfrbpq_1)
                                              0.926026   data arrival time

                                  0.000000    0.000000   clock clk (rise edge)
                                  0.000000    0.000000   clock source latency
     1    0.027776    0.000000    0.000000    0.000000 ^ clk (in)
                                                         clk (net)
                      0.004784    0.002392    0.002392 ^ clkbuf_0_clk/A (sg13g2_buf_16)
     2    0.043504    0.023528    0.056986    0.059378 ^ clkbuf_0_clk/X (sg13g2_buf_16)
                                                         clknet_0_clk (net)
                      0.023607    0.002077    0.061455 ^ clkbuf_1_1__f_clk/A (sg13g2_buf_16)
     5    0.026939    0.020747    0.063287    0.124743 ^ clkbuf_1_1__f_clk/X (sg13g2_buf_16)
                                                         clknet_1_1__leaf_clk (net)
                      0.020780    0.001551    0.126294 ^ _304_/CLK (sg13g2_dfrbpq_1)
                                  0.150000    0.276294   clock uncertainty
                                  0.000000    0.276294   clock reconvergence pessimism
                                 -0.095253    0.181040   library hold time
                                              0.181040   data required time
---------------------------------------------------------------------------------------------
                                              0.181040   data required time
                                             -0.926026   data arrival time
---------------------------------------------------------------------------------------------
                                              0.744986   slack (MET)


Startpoint: _310_ (rising edge-triggered flip-flop clocked by clk)
Endpoint: sine_out[6] (output port clocked by clk)
Path Group: clk
Path Type: min

Fanout         Cap        Slew       Delay        Time   Description
---------------------------------------------------------------------------------------------
                                  0.000000    0.000000   clock clk (rise edge)
                                  0.000000    0.000000   clock source latency
     1    0.027776    0.000000    0.000000    0.000000 ^ clk (in)
                                                         clk (net)
                      0.004784    0.002392    0.002392 ^ clkbuf_0_clk/A (sg13g2_buf_16)
     2    0.043504    0.023528    0.056986    0.059378 ^ clkbuf_0_clk/X (sg13g2_buf_16)
                                                         clknet_0_clk (net)
                      0.023755    0.002871    0.062249 ^ clkbuf_1_0__f_clk/A (sg13g2_buf_16)
     5    0.031198    0.021714    0.064114    0.126363 ^ clkbuf_1_0__f_clk/X (sg13g2_buf_16)
                                                         clknet_1_0__leaf_clk (net)
                      0.021747    0.001577    0.127940 ^ _310_/CLK (sg13g2_dfrbpq_1)
     3    0.019426    0.067653    0.200027    0.327967 v _310_/Q (sg13g2_dfrbpq_1)
                                                         DPATH.SUM.fa_6.A (net)
                      0.067656    0.000583    0.328550 v fanout26/A (sg13g2_buf_1)
     8    0.044753    0.143398    0.176116    0.504666 v fanout26/X (sg13g2_buf_1)
                                                         net26 (net)
                      0.143465    0.001674    0.506340 v _144_/B (sg13g2_or2_1)
     7    0.036054    0.123165    0.226707    0.733047 v _144_/X (sg13g2_or2_1)
                                                         _103_ (net)
                      0.123172    0.001049    0.734096 v _293_/B1 (sg13g2_a21oi_1)
     1    0.003396    0.054129    0.068305    0.802400 ^ _293_/Y (sg13g2_a21oi_1)
                                                         net18 (net)
                      0.054129    0.000059    0.802459 ^ output18/A (sg13g2_buf_1)
     1    0.012316    0.058930    0.097969    0.900428 ^ output18/X (sg13g2_buf_1)
                                                         sine_out[6] (net)
                      0.058930    0.000315    0.900743 ^ sine_out[6] (out)
                                              0.900743   data arrival time

                                  0.000000    0.000000   clock clk (rise edge)
                                  0.000000    0.000000   clock network delay (propagated)
                                  0.150000    0.150000   clock uncertainty
                                  0.000000    0.150000   clock reconvergence pessimism
                                  0.000000    0.150000   output external delay
                                              0.150000   data required time
---------------------------------------------------------------------------------------------
                                              0.150000   data required time
                                             -0.900743   data arrival time
---------------------------------------------------------------------------------------------
                                              0.750743   slack (MET)


Startpoint: _310_ (rising edge-triggered flip-flop clocked by clk)
Endpoint: sine_out[3] (output port clocked by clk)
Path Group: clk
Path Type: min

Fanout         Cap        Slew       Delay        Time   Description
---------------------------------------------------------------------------------------------
                                  0.000000    0.000000   clock clk (rise edge)
                                  0.000000    0.000000   clock source latency
     1    0.027776    0.000000    0.000000    0.000000 ^ clk (in)
                                                         clk (net)
                      0.004784    0.002392    0.002392 ^ clkbuf_0_clk/A (sg13g2_buf_16)
     2    0.043504    0.023528    0.056986    0.059378 ^ clkbuf_0_clk/X (sg13g2_buf_16)
                                                         clknet_0_clk (net)
                      0.023755    0.002871    0.062249 ^ clkbuf_1_0__f_clk/A (sg13g2_buf_16)
     5    0.031198    0.021714    0.064114    0.126363 ^ clkbuf_1_0__f_clk/X (sg13g2_buf_16)
                                                         clknet_1_0__leaf_clk (net)
                      0.021747    0.001577    0.127940 ^ _310_/CLK (sg13g2_dfrbpq_1)
     3    0.019475    0.086689    0.210881    0.338821 ^ _310_/Q (sg13g2_dfrbpq_1)
                                                         DPATH.SUM.fa_6.A (net)
                      0.086691    0.000585    0.339406 ^ fanout26/A (sg13g2_buf_1)
     8    0.045311    0.189462    0.205152    0.544558 ^ fanout26/X (sg13g2_buf_1)
                                                         net26 (net)
                      0.189484    0.001701    0.546260 ^ _144_/B (sg13g2_or2_1)
     7    0.036300    0.152981    0.213071    0.759331 ^ _144_/X (sg13g2_or2_1)
                                                         _103_ (net)
                      0.153056    0.001458    0.760788 ^ _289_/A (sg13g2_nor2_1)
     1    0.004282    0.034503    0.075103    0.835891 v _289_/Y (sg13g2_nor2_1)
                                                         net15 (net)
                      0.034503    0.000112    0.836003 v output15/A (sg13g2_buf_1)
     1    0.012139    0.046339    0.086819    0.922822 v output15/X (sg13g2_buf_1)
                                                         sine_out[3] (net)
                      0.046339    0.000245    0.923067 v sine_out[3] (out)
                                              0.923067   data arrival time

                                  0.000000    0.000000   clock clk (rise edge)
                                  0.000000    0.000000   clock network delay (propagated)
                                  0.150000    0.150000   clock uncertainty
                                  0.000000    0.150000   clock reconvergence pessimism
                                  0.000000    0.150000   output external delay
                                              0.150000   data required time
---------------------------------------------------------------------------------------------
                                              0.150000   data required time
                                             -0.923067   data arrival time
---------------------------------------------------------------------------------------------
                                              0.773067   slack (MET)


Startpoint: _310_ (rising edge-triggered flip-flop clocked by clk)
Endpoint: sine_out[5] (output port clocked by clk)
Path Group: clk
Path Type: min

Fanout         Cap        Slew       Delay        Time   Description
---------------------------------------------------------------------------------------------
                                  0.000000    0.000000   clock clk (rise edge)
                                  0.000000    0.000000   clock source latency
     1    0.027776    0.000000    0.000000    0.000000 ^ clk (in)
                                                         clk (net)
                      0.004784    0.002392    0.002392 ^ clkbuf_0_clk/A (sg13g2_buf_16)
     2    0.043504    0.023528    0.056986    0.059378 ^ clkbuf_0_clk/X (sg13g2_buf_16)
                                                         clknet_0_clk (net)
                      0.023755    0.002871    0.062249 ^ clkbuf_1_0__f_clk/A (sg13g2_buf_16)
     5    0.031198    0.021714    0.064114    0.126363 ^ clkbuf_1_0__f_clk/X (sg13g2_buf_16)
                                                         clknet_1_0__leaf_clk (net)
                      0.021747    0.001577    0.127940 ^ _310_/CLK (sg13g2_dfrbpq_1)
     3    0.019475    0.086689    0.210881    0.338821 ^ _310_/Q (sg13g2_dfrbpq_1)
                                                         DPATH.SUM.fa_6.A (net)
                      0.086691    0.000585    0.339406 ^ fanout26/A (sg13g2_buf_1)
     8    0.045311    0.189462    0.205152    0.544558 ^ fanout26/X (sg13g2_buf_1)
                                                         net26 (net)
                      0.189484    0.001701    0.546260 ^ _144_/B (sg13g2_or2_1)
     7    0.036300    0.152981    0.213071    0.759331 ^ _144_/X (sg13g2_or2_1)
                                                         _103_ (net)
                      0.153074    0.002011    0.761341 ^ _292_/B (sg13g2_nor3_1)
     1    0.004132    0.038408    0.078556    0.839898 v _292_/Y (sg13g2_nor3_1)
                                                         net17 (net)
                      0.038408    0.000103    0.840000 v output17/A (sg13g2_buf_1)
     1    0.013812    0.051525    0.092432    0.932432 v output17/X (sg13g2_buf_1)
                                                         sine_out[5] (net)
                      0.051532    0.000592    0.933024 v sine_out[5] (out)
                                              0.933024   data arrival time

                                  0.000000    0.000000   clock clk (rise edge)
                                  0.000000    0.000000   clock network delay (propagated)
                                  0.150000    0.150000   clock uncertainty
                                  0.000000    0.150000   clock reconvergence pessimism
                                  0.000000    0.150000   output external delay
                                              0.150000   data required time
---------------------------------------------------------------------------------------------
                                              0.150000   data required time
                                             -0.933024   data arrival time
---------------------------------------------------------------------------------------------
                                              0.783024   slack (MET)


Startpoint: _310_ (rising edge-triggered flip-flop clocked by clk)
Endpoint: sine_out[4] (output port clocked by clk)
Path Group: clk
Path Type: min

Fanout         Cap        Slew       Delay        Time   Description
---------------------------------------------------------------------------------------------
                                  0.000000    0.000000   clock clk (rise edge)
                                  0.000000    0.000000   clock source latency
     1    0.027776    0.000000    0.000000    0.000000 ^ clk (in)
                                                         clk (net)
                      0.004784    0.002392    0.002392 ^ clkbuf_0_clk/A (sg13g2_buf_16)
     2    0.043504    0.023528    0.056986    0.059378 ^ clkbuf_0_clk/X (sg13g2_buf_16)
                                                         clknet_0_clk (net)
                      0.023755    0.002871    0.062249 ^ clkbuf_1_0__f_clk/A (sg13g2_buf_16)
     5    0.031198    0.021714    0.064114    0.126363 ^ clkbuf_1_0__f_clk/X (sg13g2_buf_16)
                                                         clknet_1_0__leaf_clk (net)
                      0.021747    0.001577    0.127940 ^ _310_/CLK (sg13g2_dfrbpq_1)
     3    0.019475    0.086689    0.210881    0.338821 ^ _310_/Q (sg13g2_dfrbpq_1)
                                                         DPATH.SUM.fa_6.A (net)
                      0.086691    0.000585    0.339406 ^ fanout26/A (sg13g2_buf_1)
     8    0.045311    0.189462    0.205152    0.544558 ^ fanout26/X (sg13g2_buf_1)
                                                         net26 (net)
                      0.189484    0.001701    0.546260 ^ _144_/B (sg13g2_or2_1)
     7    0.036300    0.152981    0.213071    0.759331 ^ _144_/X (sg13g2_or2_1)
                                                         _103_ (net)
                      0.152981    0.000620    0.759950 ^ _290_/B (sg13g2_nor3_1)
     1    0.004658    0.051133    0.080451    0.840401 v _290_/Y (sg13g2_nor3_1)
                                                         net16 (net)
                      0.051133    0.000138    0.840540 v output16/A (sg13g2_buf_1)
     1    0.013053    0.049462    0.096101    0.936641 v output16/X (sg13g2_buf_1)
                                                         sine_out[4] (net)
                      0.049466    0.000470    0.937111 v sine_out[4] (out)
                                              0.937111   data arrival time

                                  0.000000    0.000000   clock clk (rise edge)
                                  0.000000    0.000000   clock network delay (propagated)
                                  0.150000    0.150000   clock uncertainty
                                  0.000000    0.150000   clock reconvergence pessimism
                                  0.000000    0.150000   output external delay
                                              0.150000   data required time
---------------------------------------------------------------------------------------------
                                              0.150000   data required time
                                             -0.937111   data arrival time
---------------------------------------------------------------------------------------------
                                              0.787111   slack (MET)



%OL_END_REPORT
%OL_CREATE_REPORT max.rpt

===========================================================================
report_checks -path_delay max (Setup)
============================================================================
======================= nom_typ_1p20V_25C Corner ===================================

Startpoint: _305_ (rising edge-triggered flip-flop clocked by clk)
Endpoint: sine_out[1] (output port clocked by clk)
Path Group: clk
Path Type: max

Fanout         Cap        Slew       Delay        Time   Description
---------------------------------------------------------------------------------------------
                                  0.000000    0.000000   clock clk (rise edge)
                                  0.000000    0.000000   clock source latency
     1    0.027776    0.000000    0.000000    0.000000 ^ clk (in)
                                                         clk (net)
                      0.004784    0.002392    0.002392 ^ clkbuf_0_clk/A (sg13g2_buf_16)
     2    0.043504    0.023528    0.056986    0.059378 ^ clkbuf_0_clk/X (sg13g2_buf_16)
                                                         clknet_0_clk (net)
                      0.023607    0.002077    0.061455 ^ clkbuf_1_1__f_clk/A (sg13g2_buf_16)
     5    0.026939    0.020747    0.063287    0.124743 ^ clkbuf_1_1__f_clk/X (sg13g2_buf_16)
                                                         clknet_1_1__leaf_clk (net)
                      0.020773    0.001395    0.126137 ^ _305_/CLK (sg13g2_dfrbpq_1)
     3    0.023471    0.077757    0.209443    0.335581 v _305_/Q (sg13g2_dfrbpq_1)
                                                         DPATH.SUM.fa_1.A (net)
                      0.077762    0.000728    0.336309 v fanout38/A (sg13g2_buf_1)
     8    0.053562    0.169961    0.200335    0.536644 v fanout38/X (sg13g2_buf_1)
                                                         net38 (net)
                      0.169961    0.000539    0.537183 v fanout37/A (sg13g2_buf_1)
     8    0.035668    0.116990    0.188944    0.726127 v fanout37/X (sg13g2_buf_1)
                                                         net37 (net)
                      0.116999    0.001112    0.727239 v _154_/B (sg13g2_nor2_1)
     4    0.023472    0.209245    0.211684    0.938923 ^ _154_/Y (sg13g2_nor2_1)
                                                         _112_ (net)
                      0.209252    0.000952    0.939875 ^ _211_/B (sg13g2_nand2_1)
     3    0.012178    0.105044    0.142710    1.082585 v _211_/Y (sg13g2_nand2_1)
                                                         _024_ (net)
                      0.105044    0.000297    1.082883 v _214_/B (sg13g2_and3_1)
     3    0.014003    0.054620    0.138977    1.221859 v _214_/X (sg13g2_and3_1)
                                                         _027_ (net)
                      0.054625    0.000559    1.222418 v _249_/A2 (sg13g2_a221oi_1)
     1    0.005366    0.134576    0.171586    1.394004 ^ _249_/Y (sg13g2_a221oi_1)
                                                         _061_ (net)
                      0.134576    0.000166    1.394169 ^ _250_/B (sg13g2_nor2_1)
     1    0.006962    0.050446    0.072032    1.466201 v _250_/Y (sg13g2_nor2_1)
                                                         _062_ (net)
                      0.050448    0.000295    1.466496 v _256_/B (sg13g2_nor4_1)
     1    0.008256    0.193269    0.207645    1.674141 ^ _256_/Y (sg13g2_nor4_1)
                                                         _068_ (net)
                      0.193271    0.000469    1.674610 ^ _267_/B1 (sg13g2_a21oi_1)
     1    0.008004    0.074772    0.089854    1.764464 v _267_/Y (sg13g2_a21oi_1)
                                                         net13 (net)
                      0.074774    0.000435    1.764899 v output13/A (sg13g2_buf_1)
     1    0.015239    0.056531    0.111549    1.876447 v output13/X (sg13g2_buf_1)
                                                         sine_out[1] (net)
                      0.056543    0.000808    1.877255 v sine_out[1] (out)
                                              1.877255   data arrival time

                                  5.000000    5.000000   clock clk (rise edge)
                                  0.000000    5.000000   clock network delay (propagated)
                                 -0.150000    4.850000   clock uncertainty
                                  0.000000    4.850000   clock reconvergence pessimism
                                 -1.000000    3.850000   output external delay
                                              3.850000   data required time
---------------------------------------------------------------------------------------------
                                              3.850000   data required time
                                             -1.877255   data arrival time
---------------------------------------------------------------------------------------------
                                              1.972745   slack (MET)


Startpoint: _304_ (rising edge-triggered flip-flop clocked by clk)
Endpoint: sine_out[0] (output port clocked by clk)
Path Group: clk
Path Type: max

Fanout         Cap        Slew       Delay        Time   Description
---------------------------------------------------------------------------------------------
                                  0.000000    0.000000   clock clk (rise edge)
                                  0.000000    0.000000   clock source latency
     1    0.027776    0.000000    0.000000    0.000000 ^ clk (in)
                                                         clk (net)
                      0.004784    0.002392    0.002392 ^ clkbuf_0_clk/A (sg13g2_buf_16)
     2    0.043504    0.023528    0.056986    0.059378 ^ clkbuf_0_clk/X (sg13g2_buf_16)
                                                         clknet_0_clk (net)
                      0.023607    0.002077    0.061455 ^ clkbuf_1_1__f_clk/A (sg13g2_buf_16)
     5    0.026939    0.020747    0.063287    0.124743 ^ clkbuf_1_1__f_clk/X (sg13g2_buf_16)
                                                         clknet_1_1__leaf_clk (net)
                      0.020780    0.001551    0.126294 ^ _304_/CLK (sg13g2_dfrbpq_1)
     1    0.004886    0.031025    0.168642    0.294935 ^ _304_/Q (sg13g2_dfrbpq_1)
                                                         DPATH.SUM.Cout0 (net)
                      0.031025    0.000137    0.295072 ^ fanout41/A (sg13g2_buf_1)
     6    0.038187    0.160449    0.160367    0.455439 ^ fanout41/X (sg13g2_buf_1)
                                                         net41 (net)
                      0.160450    0.000354    0.455793 ^ fanout40/A (sg13g2_buf_1)
     4    0.023041    0.101352    0.165500    0.621293 ^ fanout40/X (sg13g2_buf_1)
                                                         net40 (net)
                      0.101352    0.000292    0.621585 ^ fanout39/A (sg13g2_buf_1)
     8    0.041857    0.175758    0.200521    0.822106 ^ fanout39/X (sg13g2_buf_1)
                                                         net39 (net)
                      0.175796    0.002158    0.824264 ^ _163_/B (sg13g2_nand2_1)
     4    0.020080    0.142702    0.178215    1.002479 v _163_/Y (sg13g2_nand2_1)
                                                         _119_ (net)
                      0.142705    0.000709    1.003187 v _208_/B (sg13g2_and2_1)
     3    0.013911    0.054482    0.144780    1.147967 v _208_/X (sg13g2_and2_1)
                                                         _021_ (net)
                      0.054485    0.000441    1.148408 v _210_/B (sg13g2_nor2_1)
     3    0.013692    0.134857    0.124029    1.272437 ^ _210_/Y (sg13g2_nor2_1)
                                                         _023_ (net)
                      0.134897    0.000377    1.272814 ^ _219_/A1 (sg13g2_a21oi_1)
     1    0.003764    0.061316    0.092070    1.364884 v _219_/Y (sg13g2_a21oi_1)
                                                         _032_ (net)
                      0.061316    0.000052    1.364936 v _220_/A2 (sg13g2_a21oi_1)
     1    0.008758    0.113864    0.116694    1.481630 ^ _220_/Y (sg13g2_a21oi_1)
                                                         _033_ (net)
                      0.113865    0.000498    1.482129 ^ _232_/C1 (sg13g2_a221oi_1)
     1    0.006761    0.099572    0.073217    1.555346 v _232_/Y (sg13g2_a221oi_1)
                                                         _045_ (net)
                      0.099572    0.000226    1.555572 v _247_/A2 (sg13g2_a22oi_1)
     1    0.006788    0.097591    0.126923    1.682495 ^ _247_/Y (sg13g2_a22oi_1)
                                                         net4 (net)
                      0.097591    0.000304    1.682799 ^ output4/A (sg13g2_buf_1)
     1    0.014633    0.068851    0.123127    1.805925 ^ output4/X (sg13g2_buf_1)
                                                         sine_out[0] (net)
                      0.068859    0.000793    1.806719 ^ sine_out[0] (out)
                                              1.806719   data arrival time

                                  5.000000    5.000000   clock clk (rise edge)
                                  0.000000    5.000000   clock network delay (propagated)
                                 -0.150000    4.850000   clock uncertainty
                                  0.000000    4.850000   clock reconvergence pessimism
                                 -1.000000    3.850000   output external delay
                                              3.850000   data required time
---------------------------------------------------------------------------------------------
                                              3.850000   data required time
                                             -1.806719   data arrival time
---------------------------------------------------------------------------------------------
                                              2.043281   slack (MET)


Startpoint: _308_ (rising edge-triggered flip-flop clocked by clk)
Endpoint: sine_out[2] (output port clocked by clk)
Path Group: clk
Path Type: max

Fanout         Cap        Slew       Delay        Time   Description
---------------------------------------------------------------------------------------------
                                  0.000000    0.000000   clock clk (rise edge)
                                  0.000000    0.000000   clock source latency
     1    0.027776    0.000000    0.000000    0.000000 ^ clk (in)
                                                         clk (net)
                      0.004784    0.002392    0.002392 ^ clkbuf_0_clk/A (sg13g2_buf_16)
     2    0.043504    0.023528    0.056986    0.059378 ^ clkbuf_0_clk/X (sg13g2_buf_16)
                                                         clknet_0_clk (net)
                      0.023755    0.002871    0.062249 ^ clkbuf_1_0__f_clk/A (sg13g2_buf_16)
     5    0.031198    0.021714    0.064114    0.126363 ^ clkbuf_1_0__f_clk/X (sg13g2_buf_16)
                                                         clknet_1_0__leaf_clk (net)
                      0.021768    0.001867    0.128230 ^ _308_/CLK (sg13g2_dfrbpq_1)
     3    0.023884    0.102666    0.223658    0.351888 ^ _308_/Q (sg13g2_dfrbpq_1)
                                                         DPATH.SUM.fa_4.A (net)
                      0.102666    0.000443    0.352331 ^ fanout32/A (sg13g2_buf_1)
     8    0.047413    0.197914    0.217053    0.569384 ^ fanout32/X (sg13g2_buf_1)
                                                         net32 (net)
                      0.197920    0.000938    0.570322 ^ fanout31/A (sg13g2_buf_1)
     8    0.043822    0.184032    0.231549    0.801871 ^ fanout31/X (sg13g2_buf_1)
                                                         net31 (net)
                      0.184096    0.000458    0.802329 ^ fanout30/A (sg13g2_buf_1)
     8    0.040683    0.171413    0.220111    1.022440 ^ fanout30/X (sg13g2_buf_1)
                                                         net30 (net)
                      0.171488    0.001581    1.024020 ^ _229_/A (sg13g2_nand3_1)
     3    0.015502    0.168475    0.192318    1.216338 v _229_/Y (sg13g2_nand3_1)
                                                         _042_ (net)
                      0.168475    0.000428    1.216766 v _268_/B (sg13g2_and2_1)
     1    0.003812    0.027349    0.126566    1.343332 v _268_/X (sg13g2_and2_1)
                                                         _079_ (net)
                      0.027349    0.000050    1.343382 v _269_/B1 (sg13g2_o21ai_1)
     2    0.010844    0.145329    0.063794    1.407176 ^ _269_/Y (sg13g2_o21ai_1)
                                                         _080_ (net)
                      0.145329    0.000262    1.407437 ^ _270_/A2 (sg13g2_a21oi_1)
     1    0.004758    0.074881    0.103121    1.510558 v _270_/Y (sg13g2_a21oi_1)
                                                         _081_ (net)
                      0.074881    0.000113    1.510671 v _271_/B1 (sg13g2_o21ai_1)
     1    0.004238    0.087352    0.056617    1.567288 ^ _271_/Y (sg13g2_o21ai_1)
                                                         _082_ (net)
                      0.087352    0.000082    1.567370 ^ _288_/A1 (sg13g2_a21oi_1)
     1    0.008051    0.073350    0.098477    1.665847 v _288_/Y (sg13g2_a21oi_1)
                                                         net14 (net)
                      0.073351    0.000340    1.666186 v output14/A (sg13g2_buf_1)
     1    0.014812    0.055205    0.109918    1.776104 v output14/X (sg13g2_buf_1)
                                                         sine_out[2] (net)
                      0.055214    0.000720    1.776824 v sine_out[2] (out)
                                              1.776824   data arrival time

                                  5.000000    5.000000   clock clk (rise edge)
                                  0.000000    5.000000   clock network delay (propagated)
                                 -0.150000    4.850000   clock uncertainty
                                  0.000000    4.850000   clock reconvergence pessimism
                                 -1.000000    3.850000   output external delay
                                              3.850000   data required time
---------------------------------------------------------------------------------------------
                                              3.850000   data required time
                                             -1.776824   data arrival time
---------------------------------------------------------------------------------------------
                                              2.073176   slack (MET)


Startpoint: _308_ (rising edge-triggered flip-flop clocked by clk)
Endpoint: sine_out[9] (output port clocked by clk)
Path Group: clk
Path Type: max

Fanout         Cap        Slew       Delay        Time   Description
---------------------------------------------------------------------------------------------
                                  0.000000    0.000000   clock clk (rise edge)
                                  0.000000    0.000000   clock source latency
     1    0.027776    0.000000    0.000000    0.000000 ^ clk (in)
                                                         clk (net)
                      0.004784    0.002392    0.002392 ^ clkbuf_0_clk/A (sg13g2_buf_16)
     2    0.043504    0.023528    0.056986    0.059378 ^ clkbuf_0_clk/X (sg13g2_buf_16)
                                                         clknet_0_clk (net)
                      0.023755    0.002871    0.062249 ^ clkbuf_1_0__f_clk/A (sg13g2_buf_16)
     5    0.031198    0.021714    0.064114    0.126363 ^ clkbuf_1_0__f_clk/X (sg13g2_buf_16)
                                                         clknet_1_0__leaf_clk (net)
                      0.021768    0.001867    0.128230 ^ _308_/CLK (sg13g2_dfrbpq_1)
     3    0.023938    0.079111    0.210989    0.339219 v _308_/Q (sg13g2_dfrbpq_1)
                                                         DPATH.SUM.fa_4.A (net)
                      0.079111    0.000442    0.339661 v fanout32/A (sg13g2_buf_1)
     8    0.047182    0.150791    0.186595    0.526255 v fanout32/X (sg13g2_buf_1)
                                                         net32 (net)
                      0.150795    0.000929    0.527184 v fanout31/A (sg13g2_buf_1)
     8    0.043261    0.139522    0.200407    0.727591 v fanout31/X (sg13g2_buf_1)
                                                         net31 (net)
                      0.139522    0.000452    0.728043 v fanout30/A (sg13g2_buf_1)
     8    0.040183    0.130085    0.190560    0.918603 v fanout30/X (sg13g2_buf_1)
                                                         net30 (net)
                      0.130107    0.001664    0.920267 v _145_/B (sg13g2_nor2_1)
     2    0.008835    0.103770    0.117425    1.037692 ^ _145_/Y (sg13g2_nor2_1)
                                                         _104_ (net)
                      0.103805    0.000213    1.037905 ^ _149_/A (sg13g2_nand2_1)
     3    0.019312    0.150167    0.147450    1.185356 v _149_/Y (sg13g2_nand2_1)
                                                         _108_ (net)
                      0.150172    0.000829    1.186184 v _150_/A2 (sg13g2_a21oi_1)
     1    0.005897    0.086855    0.126322    1.312506 ^ _150_/Y (sg13g2_a21oi_1)
                                                         net21 (net)
                      0.086855    0.000215    1.312721 ^ output21/A (sg13g2_buf_1)
     1    0.015664    0.072669    0.121610    1.434331 ^ output21/X (sg13g2_buf_1)
                                                         sine_out[9] (net)
                      0.072681    0.000935    1.435266 ^ sine_out[9] (out)
                                              1.435266   data arrival time

                                  5.000000    5.000000   clock clk (rise edge)
                                  0.000000    5.000000   clock network delay (propagated)
                                 -0.150000    4.850000   clock uncertainty
                                  0.000000    4.850000   clock reconvergence pessimism
                                 -1.000000    3.850000   output external delay
                                              3.850000   data required time
---------------------------------------------------------------------------------------------
                                              3.850000   data required time
                                             -1.435266   data arrival time
---------------------------------------------------------------------------------------------
                                              2.414734   slack (MET)


Startpoint: _305_ (rising edge-triggered flip-flop clocked by clk)
Endpoint: sine_out[15] (output port clocked by clk)
Path Group: clk
Path Type: max

Fanout         Cap        Slew       Delay        Time   Description
---------------------------------------------------------------------------------------------
                                  0.000000    0.000000   clock clk (rise edge)
                                  0.000000    0.000000   clock source latency
     1    0.027776    0.000000    0.000000    0.000000 ^ clk (in)
                                                         clk (net)
                      0.004784    0.002392    0.002392 ^ clkbuf_0_clk/A (sg13g2_buf_16)
     2    0.043504    0.023528    0.056986    0.059378 ^ clkbuf_0_clk/X (sg13g2_buf_16)
                                                         clknet_0_clk (net)
                      0.023607    0.002077    0.061455 ^ clkbuf_1_1__f_clk/A (sg13g2_buf_16)
     5    0.026939    0.020747    0.063287    0.124743 ^ clkbuf_1_1__f_clk/X (sg13g2_buf_16)
                                                         clknet_1_1__leaf_clk (net)
                      0.020773    0.001395    0.126137 ^ _305_/CLK (sg13g2_dfrbpq_1)
     3    0.023833    0.102473    0.223039    0.349176 ^ _305_/Q (sg13g2_dfrbpq_1)
                                                         DPATH.SUM.fa_1.A (net)
                      0.102476    0.000740    0.349916 ^ fanout38/A (sg13g2_buf_1)
     8    0.054228    0.225300    0.236067    0.585983 ^ fanout38/X (sg13g2_buf_1)
                                                         net38 (net)
                      0.225302    0.000544    0.586527 ^ fanout37/A (sg13g2_buf_1)
     8    0.036546    0.155113    0.217068    0.803595 ^ fanout37/X (sg13g2_buf_1)
                                                         net37 (net)
                      0.155123    0.001387    0.804982 ^ _164_/B (sg13g2_and2_1)
     4    0.020951    0.096846    0.180170    0.985152 ^ _164_/X (sg13g2_and2_1)
                                                         _120_ (net)
                      0.096850    0.000734    0.985886 ^ _165_/A (sg13g2_inv_1)
     4    0.020142    0.085906    0.105840    1.091726 v _165_/Y (sg13g2_inv_1)
                                                         _121_ (net)
                      0.085914    0.000772    1.092498 v _168_/B (sg13g2_nor2_1)
     2    0.013214    0.132784    0.133036    1.225534 ^ _168_/Y (sg13g2_nor2_1)
                                                         _123_ (net)
                      0.132826    0.000470    1.226004 ^ _173_/A1 (sg13g2_o21ai_1)
     1    0.005264    0.062933    0.101802    1.327806 v _173_/Y (sg13g2_o21ai_1)
                                                         net10 (net)
                      0.062933    0.000185    1.327991 v output10/A (sg13g2_buf_1)
     1    0.012400    0.047698    0.099671    1.427662 v output10/X (sg13g2_buf_1)
                                                         sine_out[15] (net)
                      0.047698    0.000268    1.427930 v sine_out[15] (out)
                                              1.427930   data arrival time

                                  5.000000    5.000000   clock clk (rise edge)
                                  0.000000    5.000000   clock network delay (propagated)
                                 -0.150000    4.850000   clock uncertainty
                                  0.000000    4.850000   clock reconvergence pessimism
                                 -1.000000    3.850000   output external delay
                                              3.850000   data required time
---------------------------------------------------------------------------------------------
                                              3.850000   data required time
                                             -1.427930   data arrival time
---------------------------------------------------------------------------------------------
                                              2.422070   slack (MET)


Startpoint: _308_ (rising edge-triggered flip-flop clocked by clk)
Endpoint: sine_out[14] (output port clocked by clk)
Path Group: clk
Path Type: max

Fanout         Cap        Slew       Delay        Time   Description
---------------------------------------------------------------------------------------------
                                  0.000000    0.000000   clock clk (rise edge)
                                  0.000000    0.000000   clock source latency
     1    0.027776    0.000000    0.000000    0.000000 ^ clk (in)
                                                         clk (net)
                      0.004784    0.002392    0.002392 ^ clkbuf_0_clk/A (sg13g2_buf_16)
     2    0.043504    0.023528    0.056986    0.059378 ^ clkbuf_0_clk/X (sg13g2_buf_16)
                                                         clknet_0_clk (net)
                      0.023755    0.002871    0.062249 ^ clkbuf_1_0__f_clk/A (sg13g2_buf_16)
     5    0.031198    0.021714    0.064114    0.126363 ^ clkbuf_1_0__f_clk/X (sg13g2_buf_16)
                                                         clknet_1_0__leaf_clk (net)
                      0.021768    0.001867    0.128230 ^ _308_/CLK (sg13g2_dfrbpq_1)
     3    0.023938    0.079111    0.210989    0.339219 v _308_/Q (sg13g2_dfrbpq_1)
                                                         DPATH.SUM.fa_4.A (net)
                      0.079111    0.000442    0.339661 v fanout32/A (sg13g2_buf_1)
     8    0.047182    0.150791    0.186595    0.526255 v fanout32/X (sg13g2_buf_1)
                                                         net32 (net)
                      0.150795    0.000929    0.527184 v fanout31/A (sg13g2_buf_1)
     8    0.043261    0.139522    0.200407    0.727591 v fanout31/X (sg13g2_buf_1)
                                                         net31 (net)
                      0.139522    0.000452    0.728043 v fanout30/A (sg13g2_buf_1)
     8    0.040183    0.130085    0.190560    0.918603 v fanout30/X (sg13g2_buf_1)
                                                         net30 (net)
                      0.130107    0.001664    0.920267 v _145_/B (sg13g2_nor2_1)
     2    0.008835    0.103770    0.117425    1.037692 ^ _145_/Y (sg13g2_nor2_1)
                                                         _104_ (net)
                      0.103805    0.000213    1.037905 ^ _149_/A (sg13g2_nand2_1)
     3    0.019312    0.150167    0.147450    1.185356 v _149_/Y (sg13g2_nand2_1)
                                                         _108_ (net)
                      0.150169    0.000570    1.185926 v _171_/A2 (sg13g2_o21ai_1)
     1    0.003296    0.088073    0.120003    1.305929 ^ _171_/Y (sg13g2_o21ai_1)
                                                         net9 (net)
                      0.088073    0.000053    1.305982 ^ output9/A (sg13g2_buf_1)
     1    0.011618    0.056963    0.110593    1.416575 ^ output9/X (sg13g2_buf_1)
                                                         sine_out[14] (net)
                      0.056963    0.000201    1.416775 ^ sine_out[14] (out)
                                              1.416775   data arrival time

                                  5.000000    5.000000   clock clk (rise edge)
                                  0.000000    5.000000   clock network delay (propagated)
                                 -0.150000    4.850000   clock uncertainty
                                  0.000000    4.850000   clock reconvergence pessimism
                                 -1.000000    3.850000   output external delay
                                              3.850000   data required time
---------------------------------------------------------------------------------------------
                                              3.850000   data required time
                                             -1.416775   data arrival time
---------------------------------------------------------------------------------------------
                                              2.433225   slack (MET)


Startpoint: _305_ (rising edge-triggered flip-flop clocked by clk)
Endpoint: sine_out[8] (output port clocked by clk)
Path Group: clk
Path Type: max

Fanout         Cap        Slew       Delay        Time   Description
---------------------------------------------------------------------------------------------
                                  0.000000    0.000000   clock clk (rise edge)
                                  0.000000    0.000000   clock source latency
     1    0.027776    0.000000    0.000000    0.000000 ^ clk (in)
                                                         clk (net)
                      0.004784    0.002392    0.002392 ^ clkbuf_0_clk/A (sg13g2_buf_16)
     2    0.043504    0.023528    0.056986    0.059378 ^ clkbuf_0_clk/X (sg13g2_buf_16)
                                                         clknet_0_clk (net)
                      0.023607    0.002077    0.061455 ^ clkbuf_1_1__f_clk/A (sg13g2_buf_16)
     5    0.026939    0.020747    0.063287    0.124743 ^ clkbuf_1_1__f_clk/X (sg13g2_buf_16)
                                                         clknet_1_1__leaf_clk (net)
                      0.020773    0.001395    0.126137 ^ _305_/CLK (sg13g2_dfrbpq_1)
     3    0.023833    0.102473    0.223039    0.349176 ^ _305_/Q (sg13g2_dfrbpq_1)
                                                         DPATH.SUM.fa_1.A (net)
                      0.102476    0.000740    0.349916 ^ fanout38/A (sg13g2_buf_1)
     8    0.054228    0.225300    0.236067    0.585983 ^ fanout38/X (sg13g2_buf_1)
                                                         net38 (net)
                      0.225302    0.000544    0.586527 ^ fanout37/A (sg13g2_buf_1)
     8    0.036546    0.155113    0.217068    0.803595 ^ fanout37/X (sg13g2_buf_1)
                                                         net37 (net)
                      0.155123    0.001387    0.804982 ^ _164_/B (sg13g2_and2_1)
     4    0.020951    0.096846    0.180170    0.985152 ^ _164_/X (sg13g2_and2_1)
                                                         _120_ (net)
                      0.096849    0.000640    0.985792 ^ _169_/B (sg13g2_nand2_1)
     3    0.013695    0.112630    0.119328    1.105120 v _169_/Y (sg13g2_nand2_1)
                                                         _124_ (net)
                      0.112630    0.000286    1.105406 v _291_/B (sg13g2_nor2_1)
     2    0.010236    0.111635    0.122254    1.227659 ^ _291_/Y (sg13g2_nor2_1)
                                                         _099_ (net)
                      0.111636    0.000294    1.227954 ^ _295_/A2 (sg13g2_a21oi_1)
     1    0.004181    0.057640    0.091184    1.319138 v _295_/Y (sg13g2_a21oi_1)
                                                         net20 (net)
                      0.057640    0.000106    1.319245 v output20/A (sg13g2_buf_1)
     1    0.011860    0.045971    0.096087    1.415332 v output20/X (sg13g2_buf_1)
                                                         sine_out[8] (net)
                      0.045972    0.000207    1.415539 v sine_out[8] (out)
                                              1.415539   data arrival time

                                  5.000000    5.000000   clock clk (rise edge)
                                  0.000000    5.000000   clock network delay (propagated)
                                 -0.150000    4.850000   clock uncertainty
                                  0.000000    4.850000   clock reconvergence pessimism
                                 -1.000000    3.850000   output external delay
                                              3.850000   data required time
---------------------------------------------------------------------------------------------
                                              3.850000   data required time
                                             -1.415539   data arrival time
---------------------------------------------------------------------------------------------
                                              2.434462   slack (MET)


Startpoint: _305_ (rising edge-triggered flip-flop clocked by clk)
Endpoint: sine_out[16] (output port clocked by clk)
Path Group: clk
Path Type: max

Fanout         Cap        Slew       Delay        Time   Description
---------------------------------------------------------------------------------------------
                                  0.000000    0.000000   clock clk (rise edge)
                                  0.000000    0.000000   clock source latency
     1    0.027776    0.000000    0.000000    0.000000 ^ clk (in)
                                                         clk (net)
                      0.004784    0.002392    0.002392 ^ clkbuf_0_clk/A (sg13g2_buf_16)
     2    0.043504    0.023528    0.056986    0.059378 ^ clkbuf_0_clk/X (sg13g2_buf_16)
                                                         clknet_0_clk (net)
                      0.023607    0.002077    0.061455 ^ clkbuf_1_1__f_clk/A (sg13g2_buf_16)
     5    0.026939    0.020747    0.063287    0.124743 ^ clkbuf_1_1__f_clk/X (sg13g2_buf_16)
                                                         clknet_1_1__leaf_clk (net)
                      0.020773    0.001395    0.126137 ^ _305_/CLK (sg13g2_dfrbpq_1)
     3    0.023833    0.102473    0.223039    0.349176 ^ _305_/Q (sg13g2_dfrbpq_1)
                                                         DPATH.SUM.fa_1.A (net)
                      0.102476    0.000740    0.349916 ^ fanout38/A (sg13g2_buf_1)
     8    0.054228    0.225300    0.236067    0.585983 ^ fanout38/X (sg13g2_buf_1)
                                                         net38 (net)
                      0.225302    0.000544    0.586527 ^ fanout37/A (sg13g2_buf_1)
     8    0.036546    0.155113    0.217068    0.803595 ^ fanout37/X (sg13g2_buf_1)
                                                         net37 (net)
                      0.155123    0.001387    0.804982 ^ _164_/B (sg13g2_and2_1)
     4    0.020951    0.096846    0.180170    0.985152 ^ _164_/X (sg13g2_and2_1)
                                                         _120_ (net)
                      0.096850    0.000734    0.985886 ^ _165_/A (sg13g2_inv_1)
     4    0.020142    0.085906    0.105840    1.091726 v _165_/Y (sg13g2_inv_1)
                                                         _121_ (net)
                      0.085916    0.000859    1.092584 v _175_/A2 (sg13g2_o21ai_1)
     1    0.005317    0.095618    0.115282    1.207867 ^ _175_/Y (sg13g2_o21ai_1)
                                                         _127_ (net)
                      0.095618    0.000156    1.208022 ^ _176_/C (sg13g2_nand3_1)
     1    0.003972    0.077720    0.101230    1.309253 v _176_/Y (sg13g2_nand3_1)
                                                         net11 (net)
                      0.077720    0.000079    1.309332 v output11/A (sg13g2_buf_1)
     1    0.011878    0.046445    0.104746    1.414078 v output11/X (sg13g2_buf_1)
                                                         sine_out[16] (net)
                      0.046445    0.000222    1.414301 v sine_out[16] (out)
                                              1.414301   data arrival time

                                  5.000000    5.000000   clock clk (rise edge)
                                  0.000000    5.000000   clock network delay (propagated)
                                 -0.150000    4.850000   clock uncertainty
                                  0.000000    4.850000   clock reconvergence pessimism
                                 -1.000000    3.850000   output external delay
                                              3.850000   data required time
---------------------------------------------------------------------------------------------
                                              3.850000   data required time
                                             -1.414301   data arrival time
---------------------------------------------------------------------------------------------
                                              2.435699   slack (MET)


Startpoint: _305_ (rising edge-triggered flip-flop clocked by clk)
Endpoint: sine_out[13] (output port clocked by clk)
Path Group: clk
Path Type: max

Fanout         Cap        Slew       Delay        Time   Description
---------------------------------------------------------------------------------------------
                                  0.000000    0.000000   clock clk (rise edge)
                                  0.000000    0.000000   clock source latency
     1    0.027776    0.000000    0.000000    0.000000 ^ clk (in)
                                                         clk (net)
                      0.004784    0.002392    0.002392 ^ clkbuf_0_clk/A (sg13g2_buf_16)
     2    0.043504    0.023528    0.056986    0.059378 ^ clkbuf_0_clk/X (sg13g2_buf_16)
                                                         clknet_0_clk (net)
                      0.023607    0.002077    0.061455 ^ clkbuf_1_1__f_clk/A (sg13g2_buf_16)
     5    0.026939    0.020747    0.063287    0.124743 ^ clkbuf_1_1__f_clk/X (sg13g2_buf_16)
                                                         clknet_1_1__leaf_clk (net)
                      0.020773    0.001395    0.126137 ^ _305_/CLK (sg13g2_dfrbpq_1)
     3    0.023833    0.102473    0.223039    0.349176 ^ _305_/Q (sg13g2_dfrbpq_1)
                                                         DPATH.SUM.fa_1.A (net)
                      0.102476    0.000740    0.349916 ^ fanout38/A (sg13g2_buf_1)
     8    0.054228    0.225300    0.236067    0.585983 ^ fanout38/X (sg13g2_buf_1)
                                                         net38 (net)
                      0.225302    0.000544    0.586527 ^ fanout37/A (sg13g2_buf_1)
     8    0.036546    0.155113    0.217068    0.803595 ^ fanout37/X (sg13g2_buf_1)
                                                         net37 (net)
                      0.155123    0.001387    0.804982 ^ _164_/B (sg13g2_and2_1)
     4    0.020951    0.096846    0.180170    0.985152 ^ _164_/X (sg13g2_and2_1)
                                                         _120_ (net)
                      0.096850    0.000734    0.985886 ^ _165_/A (sg13g2_inv_1)
     4    0.020142    0.085906    0.105840    1.091726 v _165_/Y (sg13g2_inv_1)
                                                         _121_ (net)
                      0.085914    0.000772    1.092498 v _168_/B (sg13g2_nor2_1)
     2    0.013214    0.132784    0.133036    1.225534 ^ _168_/Y (sg13g2_nor2_1)
                                                         _123_ (net)
                      0.132824    0.000256    1.225791 ^ _170_/A2 (sg13g2_a21oi_1)
     1    0.003578    0.053297    0.093952    1.319742 v _170_/Y (sg13g2_a21oi_1)
                                                         net8 (net)
                      0.053297    0.000070    1.319812 v output8/A (sg13g2_buf_1)
     1    0.011753    0.045558    0.093976    1.413789 v output8/X (sg13g2_buf_1)
                                                         sine_out[13] (net)
                      0.045558    0.000176    1.413965 v sine_out[13] (out)
                                              1.413965   data arrival time

                                  5.000000    5.000000   clock clk (rise edge)
                                  0.000000    5.000000   clock network delay (propagated)
                                 -0.150000    4.850000   clock uncertainty
                                  0.000000    4.850000   clock reconvergence pessimism
                                 -1.000000    3.850000   output external delay
                                              3.850000   data required time
---------------------------------------------------------------------------------------------
                                              3.850000   data required time
                                             -1.413965   data arrival time
---------------------------------------------------------------------------------------------
                                              2.436035   slack (MET)


Startpoint: _308_ (rising edge-triggered flip-flop clocked by clk)
Endpoint: sine_out[17] (output port clocked by clk)
Path Group: clk
Path Type: max

Fanout         Cap        Slew       Delay        Time   Description
---------------------------------------------------------------------------------------------
                                  0.000000    0.000000   clock clk (rise edge)
                                  0.000000    0.000000   clock source latency
     1    0.027776    0.000000    0.000000    0.000000 ^ clk (in)
                                                         clk (net)
                      0.004784    0.002392    0.002392 ^ clkbuf_0_clk/A (sg13g2_buf_16)
     2    0.043504    0.023528    0.056986    0.059378 ^ clkbuf_0_clk/X (sg13g2_buf_16)
                                                         clknet_0_clk (net)
                      0.023755    0.002871    0.062249 ^ clkbuf_1_0__f_clk/A (sg13g2_buf_16)
     5    0.031198    0.021714    0.064114    0.126363 ^ clkbuf_1_0__f_clk/X (sg13g2_buf_16)
                                                         clknet_1_0__leaf_clk (net)
                      0.021768    0.001867    0.128230 ^ _308_/CLK (sg13g2_dfrbpq_1)
     3    0.023884    0.102666    0.223658    0.351888 ^ _308_/Q (sg13g2_dfrbpq_1)
                                                         DPATH.SUM.fa_4.A (net)
                      0.102666    0.000443    0.352331 ^ fanout32/A (sg13g2_buf_1)
     8    0.047413    0.197914    0.217053    0.569384 ^ fanout32/X (sg13g2_buf_1)
                                                         net32 (net)
                      0.197920    0.000938    0.570322 ^ fanout31/A (sg13g2_buf_1)
     8    0.043822    0.184032    0.231549    0.801871 ^ fanout31/X (sg13g2_buf_1)
                                                         net31 (net)
                      0.184096    0.000458    0.802329 ^ fanout30/A (sg13g2_buf_1)
     8    0.040683    0.171413    0.220111    1.022440 ^ fanout30/X (sg13g2_buf_1)
                                                         net30 (net)
                      0.171491    0.001690    1.024130 ^ _145_/B (sg13g2_nor2_1)
     2    0.008516    0.062694    0.087261    1.111390 v _145_/Y (sg13g2_nor2_1)
                                                         _104_ (net)
                      0.062694    0.000086    1.111477 v _178_/B (sg13g2_nand2_1)
     2    0.010799    0.071209    0.073152    1.184629 ^ _178_/Y (sg13g2_nand2_1)
                                                         _129_ (net)
                      0.071209    0.000231    1.184860 ^ _179_/C (sg13g2_nand3_1)
     1    0.005655    0.094021    0.103343    1.288203 v _179_/Y (sg13g2_nand3_1)
                                                         net12 (net)
                      0.094021    0.000217    1.288420 v output12/A (sg13g2_buf_1)
     1    0.013654    0.052107    0.116013    1.404433 v output12/X (sg13g2_buf_1)
                                                         sine_out[17] (net)
                      0.052113    0.000575    1.405008 v sine_out[17] (out)
                                              1.405008   data arrival time

                                  5.000000    5.000000   clock clk (rise edge)
                                  0.000000    5.000000   clock network delay (propagated)
                                 -0.150000    4.850000   clock uncertainty
                                  0.000000    4.850000   clock reconvergence pessimism
                                 -1.000000    3.850000   output external delay
                                              3.850000   data required time
---------------------------------------------------------------------------------------------
                                              3.850000   data required time
                                             -1.405008   data arrival time
---------------------------------------------------------------------------------------------
                                              2.444992   slack (MET)


Startpoint: _305_ (rising edge-triggered flip-flop clocked by clk)
Endpoint: sine_out[12] (output port clocked by clk)
Path Group: clk
Path Type: max

Fanout         Cap        Slew       Delay        Time   Description
---------------------------------------------------------------------------------------------
                                  0.000000    0.000000   clock clk (rise edge)
                                  0.000000    0.000000   clock source latency
     1    0.027776    0.000000    0.000000    0.000000 ^ clk (in)
                                                         clk (net)
                      0.004784    0.002392    0.002392 ^ clkbuf_0_clk/A (sg13g2_buf_16)
     2    0.043504    0.023528    0.056986    0.059378 ^ clkbuf_0_clk/X (sg13g2_buf_16)
                                                         clknet_0_clk (net)
                      0.023607    0.002077    0.061455 ^ clkbuf_1_1__f_clk/A (sg13g2_buf_16)
     5    0.026939    0.020747    0.063287    0.124743 ^ clkbuf_1_1__f_clk/X (sg13g2_buf_16)
                                                         clknet_1_1__leaf_clk (net)
                      0.020773    0.001395    0.126137 ^ _305_/CLK (sg13g2_dfrbpq_1)
     3    0.023833    0.102473    0.223039    0.349176 ^ _305_/Q (sg13g2_dfrbpq_1)
                                                         DPATH.SUM.fa_1.A (net)
                      0.102476    0.000740    0.349916 ^ fanout38/A (sg13g2_buf_1)
     8    0.054228    0.225300    0.236067    0.585983 ^ fanout38/X (sg13g2_buf_1)
                                                         net38 (net)
                      0.225302    0.000544    0.586527 ^ fanout37/A (sg13g2_buf_1)
     8    0.036546    0.155113    0.217068    0.803595 ^ fanout37/X (sg13g2_buf_1)
                                                         net37 (net)
                      0.155123    0.001387    0.804982 ^ _164_/B (sg13g2_and2_1)
     4    0.020951    0.096846    0.180170    0.985152 ^ _164_/X (sg13g2_and2_1)
                                                         _120_ (net)
                      0.096850    0.000734    0.985886 ^ _165_/A (sg13g2_inv_1)
     4    0.020142    0.085906    0.105840    1.091726 v _165_/Y (sg13g2_inv_1)
                                                         _121_ (net)
                      0.085914    0.000785    1.092511 v _166_/B (sg13g2_nor2_1)
     2    0.010858    0.113461    0.118076    1.210587 ^ _166_/Y (sg13g2_nor2_1)
                                                         _122_ (net)
                      0.113461    0.000147    1.210734 ^ _167_/A2 (sg13g2_o21ai_1)
     1    0.006296    0.060792    0.091170    1.301904 v _167_/Y (sg13g2_o21ai_1)
                                                         net7 (net)
                      0.060792    0.000260    1.302164 v output7/A (sg13g2_buf_1)
     1    0.013361    0.050586    0.100996    1.403160 v output7/X (sg13g2_buf_1)
                                                         sine_out[12] (net)
                      0.050591    0.000524    1.403684 v sine_out[12] (out)
                                              1.403684   data arrival time

                                  5.000000    5.000000   clock clk (rise edge)
                                  0.000000    5.000000   clock network delay (propagated)
                                 -0.150000    4.850000   clock uncertainty
                                  0.000000    4.850000   clock reconvergence pessimism
                                 -1.000000    3.850000   output external delay
                                              3.850000   data required time
---------------------------------------------------------------------------------------------
                                              3.850000   data required time
                                             -1.403684   data arrival time
---------------------------------------------------------------------------------------------
                                              2.446316   slack (MET)


Startpoint: _305_ (rising edge-triggered flip-flop clocked by clk)
Endpoint: sine_out[11] (output port clocked by clk)
Path Group: clk
Path Type: max

Fanout         Cap        Slew       Delay        Time   Description
---------------------------------------------------------------------------------------------
                                  0.000000    0.000000   clock clk (rise edge)
                                  0.000000    0.000000   clock source latency
     1    0.027776    0.000000    0.000000    0.000000 ^ clk (in)
                                                         clk (net)
                      0.004784    0.002392    0.002392 ^ clkbuf_0_clk/A (sg13g2_buf_16)
     2    0.043504    0.023528    0.056986    0.059378 ^ clkbuf_0_clk/X (sg13g2_buf_16)
                                                         clknet_0_clk (net)
                      0.023607    0.002077    0.061455 ^ clkbuf_1_1__f_clk/A (sg13g2_buf_16)
     5    0.026939    0.020747    0.063287    0.124743 ^ clkbuf_1_1__f_clk/X (sg13g2_buf_16)
                                                         clknet_1_1__leaf_clk (net)
                      0.020773    0.001395    0.126137 ^ _305_/CLK (sg13g2_dfrbpq_1)
     3    0.023471    0.077757    0.209443    0.335581 v _305_/Q (sg13g2_dfrbpq_1)
                                                         DPATH.SUM.fa_1.A (net)
                      0.077762    0.000728    0.336309 v fanout38/A (sg13g2_buf_1)
     8    0.053562    0.169961    0.200335    0.536644 v fanout38/X (sg13g2_buf_1)
                                                         net38 (net)
                      0.169961    0.000539    0.537183 v fanout37/A (sg13g2_buf_1)
     8    0.035668    0.116990    0.188944    0.726127 v fanout37/X (sg13g2_buf_1)
                                                         net37 (net)
                      0.116999    0.001112    0.727239 v _154_/B (sg13g2_nor2_1)
     4    0.023472    0.209245    0.211684    0.938923 ^ _154_/Y (sg13g2_nor2_1)
                                                         _112_ (net)
                      0.209256    0.001257    0.940180 ^ _160_/B (sg13g2_nand2_1)
     3    0.020074    0.149063    0.188075    1.128255 v _160_/Y (sg13g2_nand2_1)
                                                         _117_ (net)
                      0.149066    0.000756    1.129011 v _162_/A1 (sg13g2_o21ai_1)
     1    0.005130    0.095522    0.138651    1.267662 ^ _162_/Y (sg13g2_o21ai_1)
                                                         net6 (net)
                      0.095522    0.000156    1.267818 ^ output6/A (sg13g2_buf_1)
     1    0.015895    0.073711    0.126032    1.393850 ^ output6/X (sg13g2_buf_1)
                                                         sine_out[11] (net)
                      0.073723    0.000944    1.394794 ^ sine_out[11] (out)
                                              1.394794   data arrival time

                                  5.000000    5.000000   clock clk (rise edge)
                                  0.000000    5.000000   clock network delay (propagated)
                                 -0.150000    4.850000   clock uncertainty
                                  0.000000    4.850000   clock reconvergence pessimism
                                 -1.000000    3.850000   output external delay
                                              3.850000   data required time
---------------------------------------------------------------------------------------------
                                              3.850000   data required time
                                             -1.394794   data arrival time
---------------------------------------------------------------------------------------------
                                              2.455206   slack (MET)


Startpoint: _305_ (rising edge-triggered flip-flop clocked by clk)
Endpoint: sine_out[5] (output port clocked by clk)
Path Group: clk
Path Type: max

Fanout         Cap        Slew       Delay        Time   Description
---------------------------------------------------------------------------------------------
                                  0.000000    0.000000   clock clk (rise edge)
                                  0.000000    0.000000   clock source latency
     1    0.027776    0.000000    0.000000    0.000000 ^ clk (in)
                                                         clk (net)
                      0.004784    0.002392    0.002392 ^ clkbuf_0_clk/A (sg13g2_buf_16)
     2    0.043504    0.023528    0.056986    0.059378 ^ clkbuf_0_clk/X (sg13g2_buf_16)
                                                         clknet_0_clk (net)
                      0.023607    0.002077    0.061455 ^ clkbuf_1_1__f_clk/A (sg13g2_buf_16)
     5    0.026939    0.020747    0.063287    0.124743 ^ clkbuf_1_1__f_clk/X (sg13g2_buf_16)
                                                         clknet_1_1__leaf_clk (net)
                      0.020773    0.001395    0.126137 ^ _305_/CLK (sg13g2_dfrbpq_1)
     3    0.023833    0.102473    0.223039    0.349176 ^ _305_/Q (sg13g2_dfrbpq_1)
                                                         DPATH.SUM.fa_1.A (net)
                      0.102476    0.000740    0.349916 ^ fanout38/A (sg13g2_buf_1)
     8    0.054228    0.225300    0.236067    0.585983 ^ fanout38/X (sg13g2_buf_1)
                                                         net38 (net)
                      0.225302    0.000544    0.586527 ^ fanout37/A (sg13g2_buf_1)
     8    0.036546    0.155113    0.217068    0.803595 ^ fanout37/X (sg13g2_buf_1)
                                                         net37 (net)
                      0.155123    0.001387    0.804982 ^ _164_/B (sg13g2_and2_1)
     4    0.020951    0.096846    0.180170    0.985152 ^ _164_/X (sg13g2_and2_1)
                                                         _120_ (net)
                      0.096849    0.000640    0.985792 ^ _169_/B (sg13g2_nand2_1)
     3    0.013695    0.112630    0.119328    1.105120 v _169_/Y (sg13g2_nand2_1)
                                                         _124_ (net)
                      0.112630    0.000286    1.105406 v _291_/B (sg13g2_nor2_1)
     2    0.010236    0.111635    0.122254    1.227659 ^ _291_/Y (sg13g2_nor2_1)
                                                         _099_ (net)
                      0.111635    0.000240    1.227900 ^ _292_/C (sg13g2_nor3_1)
     1    0.004132    0.058840    0.060474    1.288373 v _292_/Y (sg13g2_nor3_1)
                                                         net17 (net)
                      0.058840    0.000103    1.288476 v output17/A (sg13g2_buf_1)
     1    0.013812    0.051913    0.101238    1.389715 v output17/X (sg13g2_buf_1)
                                                         sine_out[5] (net)
                      0.051919    0.000592    1.390306 v sine_out[5] (out)
                                              1.390306   data arrival time

                                  5.000000    5.000000   clock clk (rise edge)
                                  0.000000    5.000000   clock network delay (propagated)
                                 -0.150000    4.850000   clock uncertainty
                                  0.000000    4.850000   clock reconvergence pessimism
                                 -1.000000    3.850000   output external delay
                                              3.850000   data required time
---------------------------------------------------------------------------------------------
                                              3.850000   data required time
                                             -1.390306   data arrival time
---------------------------------------------------------------------------------------------
                                              2.459693   slack (MET)


Startpoint: _308_ (rising edge-triggered flip-flop clocked by clk)
Endpoint: sine_out[3] (output port clocked by clk)
Path Group: clk
Path Type: max

Fanout         Cap        Slew       Delay        Time   Description
---------------------------------------------------------------------------------------------
                                  0.000000    0.000000   clock clk (rise edge)
                                  0.000000    0.000000   clock source latency
     1    0.027776    0.000000    0.000000    0.000000 ^ clk (in)
                                                         clk (net)
                      0.004784    0.002392    0.002392 ^ clkbuf_0_clk/A (sg13g2_buf_16)
     2    0.043504    0.023528    0.056986    0.059378 ^ clkbuf_0_clk/X (sg13g2_buf_16)
                                                         clknet_0_clk (net)
                      0.023755    0.002871    0.062249 ^ clkbuf_1_0__f_clk/A (sg13g2_buf_16)
     5    0.031198    0.021714    0.064114    0.126363 ^ clkbuf_1_0__f_clk/X (sg13g2_buf_16)
                                                         clknet_1_0__leaf_clk (net)
                      0.021768    0.001867    0.128230 ^ _308_/CLK (sg13g2_dfrbpq_1)
     3    0.023938    0.079111    0.210989    0.339219 v _308_/Q (sg13g2_dfrbpq_1)
                                                         DPATH.SUM.fa_4.A (net)
                      0.079111    0.000442    0.339661 v fanout32/A (sg13g2_buf_1)
     8    0.047182    0.150791    0.186595    0.526255 v fanout32/X (sg13g2_buf_1)
                                                         net32 (net)
                      0.150795    0.000929    0.527184 v fanout31/A (sg13g2_buf_1)
     8    0.043261    0.139522    0.200407    0.727591 v fanout31/X (sg13g2_buf_1)
                                                         net31 (net)
                      0.139522    0.000452    0.728043 v fanout30/A (sg13g2_buf_1)
     8    0.040183    0.130085    0.190560    0.918603 v fanout30/X (sg13g2_buf_1)
                                                         net30 (net)
                      0.130107    0.001664    0.920267 v _145_/B (sg13g2_nor2_1)
     2    0.008835    0.103770    0.117425    1.037692 ^ _145_/Y (sg13g2_nor2_1)
                                                         _104_ (net)
                      0.103805    0.000213    1.037905 ^ _149_/A (sg13g2_nand2_1)
     3    0.019312    0.150167    0.147450    1.185356 v _149_/Y (sg13g2_nand2_1)
                                                         _108_ (net)
                      0.150169    0.000562    1.185917 v _289_/B (sg13g2_nor2_1)
     1    0.004341    0.075177    0.090602    1.276520 ^ _289_/Y (sg13g2_nor2_1)
                                                         net15 (net)
                      0.075177    0.000114    1.276634 ^ output15/A (sg13g2_buf_1)
     1    0.012139    0.058689    0.106553    1.383187 ^ output15/X (sg13g2_buf_1)
                                                         sine_out[3] (net)
                      0.058689    0.000245    1.383432 ^ sine_out[3] (out)
                                              1.383432   data arrival time

                                  5.000000    5.000000   clock clk (rise edge)
                                  0.000000    5.000000   clock network delay (propagated)
                                 -0.150000    4.850000   clock uncertainty
                                  0.000000    4.850000   clock reconvergence pessimism
                                 -1.000000    3.850000   output external delay
                                              3.850000   data required time
---------------------------------------------------------------------------------------------
                                              3.850000   data required time
                                             -1.383432   data arrival time
---------------------------------------------------------------------------------------------
                                              2.466568   slack (MET)


Startpoint: _305_ (rising edge-triggered flip-flop clocked by clk)
Endpoint: sine_out[7] (output port clocked by clk)
Path Group: clk
Path Type: max

Fanout         Cap        Slew       Delay        Time   Description
---------------------------------------------------------------------------------------------
                                  0.000000    0.000000   clock clk (rise edge)
                                  0.000000    0.000000   clock source latency
     1    0.027776    0.000000    0.000000    0.000000 ^ clk (in)
                                                         clk (net)
                      0.004784    0.002392    0.002392 ^ clkbuf_0_clk/A (sg13g2_buf_16)
     2    0.043504    0.023528    0.056986    0.059378 ^ clkbuf_0_clk/X (sg13g2_buf_16)
                                                         clknet_0_clk (net)
                      0.023607    0.002077    0.061455 ^ clkbuf_1_1__f_clk/A (sg13g2_buf_16)
     5    0.026939    0.020747    0.063287    0.124743 ^ clkbuf_1_1__f_clk/X (sg13g2_buf_16)
                                                         clknet_1_1__leaf_clk (net)
                      0.020773    0.001395    0.126137 ^ _305_/CLK (sg13g2_dfrbpq_1)
     3    0.023833    0.102473    0.223039    0.349176 ^ _305_/Q (sg13g2_dfrbpq_1)
                                                         DPATH.SUM.fa_1.A (net)
                      0.102476    0.000740    0.349916 ^ fanout38/A (sg13g2_buf_1)
     8    0.054228    0.225300    0.236067    0.585983 ^ fanout38/X (sg13g2_buf_1)
                                                         net38 (net)
                      0.225302    0.000544    0.586527 ^ fanout37/A (sg13g2_buf_1)
     8    0.036546    0.155113    0.217068    0.803595 ^ fanout37/X (sg13g2_buf_1)
                                                         net37 (net)
                      0.155119    0.001145    0.804740 ^ _154_/B (sg13g2_nor2_1)
     4    0.022910    0.108933    0.142717    0.947457 v _154_/Y (sg13g2_nor2_1)
                                                         _112_ (net)
                      0.108946    0.001184    0.948641 v _156_/B (sg13g2_nor2_1)
     3    0.020497    0.190552    0.188903    1.137544 ^ _156_/Y (sg13g2_nor2_1)
                                                         _114_ (net)
                      0.190552    0.000439    1.137983 ^ _294_/A2 (sg13g2_a21oi_1)
     1    0.006414    0.074216    0.123026    1.261009 v _294_/Y (sg13g2_a21oi_1)
                                                         net19 (net)
                      0.074216    0.000267    1.261275 v output19/A (sg13g2_buf_1)
     1    0.014328    0.053755    0.109134    1.370410 v output19/X (sg13g2_buf_1)
                                                         sine_out[7] (net)
                      0.053762    0.000632    1.371042 v sine_out[7] (out)
                                              1.371042   data arrival time

                                  5.000000    5.000000   clock clk (rise edge)
                                  0.000000    5.000000   clock network delay (propagated)
                                 -0.150000    4.850000   clock uncertainty
                                  0.000000    4.850000   clock reconvergence pessimism
                                 -1.000000    3.850000   output external delay
                                              3.850000   data required time
---------------------------------------------------------------------------------------------
                                              3.850000   data required time
                                             -1.371042   data arrival time
---------------------------------------------------------------------------------------------
                                              2.478958   slack (MET)


Startpoint: _305_ (rising edge-triggered flip-flop clocked by clk)
Endpoint: sine_out[10] (output port clocked by clk)
Path Group: clk
Path Type: max

Fanout         Cap        Slew       Delay        Time   Description
---------------------------------------------------------------------------------------------
                                  0.000000    0.000000   clock clk (rise edge)
                                  0.000000    0.000000   clock source latency
     1    0.027776    0.000000    0.000000    0.000000 ^ clk (in)
                                                         clk (net)
                      0.004784    0.002392    0.002392 ^ clkbuf_0_clk/A (sg13g2_buf_16)
     2    0.043504    0.023528    0.056986    0.059378 ^ clkbuf_0_clk/X (sg13g2_buf_16)
                                                         clknet_0_clk (net)
                      0.023607    0.002077    0.061455 ^ clkbuf_1_1__f_clk/A (sg13g2_buf_16)
     5    0.026939    0.020747    0.063287    0.124743 ^ clkbuf_1_1__f_clk/X (sg13g2_buf_16)
                                                         clknet_1_1__leaf_clk (net)
                      0.020773    0.001395    0.126137 ^ _305_/CLK (sg13g2_dfrbpq_1)
     3    0.023833    0.102473    0.223039    0.349176 ^ _305_/Q (sg13g2_dfrbpq_1)
                                                         DPATH.SUM.fa_1.A (net)
                      0.102476    0.000740    0.349916 ^ fanout38/A (sg13g2_buf_1)
     8    0.054228    0.225300    0.236067    0.585983 ^ fanout38/X (sg13g2_buf_1)
                                                         net38 (net)
                      0.225302    0.000544    0.586527 ^ fanout37/A (sg13g2_buf_1)
     8    0.036546    0.155113    0.217068    0.803595 ^ fanout37/X (sg13g2_buf_1)
                                                         net37 (net)
                      0.155119    0.001145    0.804740 ^ _154_/B (sg13g2_nor2_1)
     4    0.022910    0.108933    0.142717    0.947457 v _154_/Y (sg13g2_nor2_1)
                                                         _112_ (net)
                      0.108946    0.001184    0.948641 v _156_/B (sg13g2_nor2_1)
     3    0.020497    0.190552    0.188903    1.137544 ^ _156_/Y (sg13g2_nor2_1)
                                                         _114_ (net)
                      0.190552    0.000356    1.137900 ^ _159_/A1 (sg13g2_a21oi_1)
     1    0.003608    0.069943    0.104669    1.242569 v _159_/Y (sg13g2_a21oi_1)
                                                         net5 (net)
                      0.069943    0.000072    1.242641 v output5/A (sg13g2_buf_1)
     1    0.012367    0.047745    0.102599    1.345240 v output5/X (sg13g2_buf_1)
                                                         sine_out[10] (net)
                      0.047746    0.000275    1.345515 v sine_out[10] (out)
                                              1.345515   data arrival time

                                  5.000000    5.000000   clock clk (rise edge)
                                  0.000000    5.000000   clock network delay (propagated)
                                 -0.150000    4.850000   clock uncertainty
                                  0.000000    4.850000   clock reconvergence pessimism
                                 -1.000000    3.850000   output external delay
                                              3.850000   data required time
---------------------------------------------------------------------------------------------
                                              3.850000   data required time
                                             -1.345515   data arrival time
---------------------------------------------------------------------------------------------
                                              2.504486   slack (MET)


Startpoint: _305_ (rising edge-triggered flip-flop clocked by clk)
Endpoint: sine_out[4] (output port clocked by clk)
Path Group: clk
Path Type: max

Fanout         Cap        Slew       Delay        Time   Description
---------------------------------------------------------------------------------------------
                                  0.000000    0.000000   clock clk (rise edge)
                                  0.000000    0.000000   clock source latency
     1    0.027776    0.000000    0.000000    0.000000 ^ clk (in)
                                                         clk (net)
                      0.004784    0.002392    0.002392 ^ clkbuf_0_clk/A (sg13g2_buf_16)
     2    0.043504    0.023528    0.056986    0.059378 ^ clkbuf_0_clk/X (sg13g2_buf_16)
                                                         clknet_0_clk (net)
                      0.023607    0.002077    0.061455 ^ clkbuf_1_1__f_clk/A (sg13g2_buf_16)
     5    0.026939    0.020747    0.063287    0.124743 ^ clkbuf_1_1__f_clk/X (sg13g2_buf_16)
                                                         clknet_1_1__leaf_clk (net)
                      0.020773    0.001395    0.126137 ^ _305_/CLK (sg13g2_dfrbpq_1)
     3    0.023471    0.077757    0.209443    0.335581 v _305_/Q (sg13g2_dfrbpq_1)
                                                         DPATH.SUM.fa_1.A (net)
                      0.077762    0.000728    0.336309 v fanout38/A (sg13g2_buf_1)
     8    0.053562    0.169961    0.200335    0.536644 v fanout38/X (sg13g2_buf_1)
                                                         net38 (net)
                      0.169961    0.000539    0.537183 v fanout37/A (sg13g2_buf_1)
     8    0.035668    0.116990    0.188944    0.726127 v fanout37/X (sg13g2_buf_1)
                                                         net37 (net)
                      0.116999    0.001112    0.727239 v _154_/B (sg13g2_nor2_1)
     4    0.023472    0.209245    0.211684    0.938923 ^ _154_/Y (sg13g2_nor2_1)
                                                         _112_ (net)
                      0.209256    0.001223    0.940146 ^ _156_/B (sg13g2_nor2_1)
     3    0.020305    0.117056    0.150398    1.090544 v _156_/Y (sg13g2_nor2_1)
                                                         _114_ (net)
                      0.117062    0.000789    1.091334 v _290_/C (sg13g2_nor3_1)
     1    0.004717    0.109051    0.118936    1.210269 ^ _290_/Y (sg13g2_nor3_1)
                                                         net16 (net)
                      0.109051    0.000141    1.210410 ^ output16/A (sg13g2_buf_1)
     1    0.013053    0.062988    0.121771    1.332181 ^ output16/X (sg13g2_buf_1)
                                                         sine_out[4] (net)
                      0.062990    0.000470    1.332651 ^ sine_out[4] (out)
                                              1.332651   data arrival time

                                  5.000000    5.000000   clock clk (rise edge)
                                  0.000000    5.000000   clock network delay (propagated)
                                 -0.150000    4.850000   clock uncertainty
                                  0.000000    4.850000   clock reconvergence pessimism
                                 -1.000000    3.850000   output external delay
                                              3.850000   data required time
---------------------------------------------------------------------------------------------
                                              3.850000   data required time
                                             -1.332651   data arrival time
---------------------------------------------------------------------------------------------
                                              2.517349   slack (MET)


Startpoint: _307_ (rising edge-triggered flip-flop clocked by clk)
Endpoint: sine_out[6] (output port clocked by clk)
Path Group: clk
Path Type: max

Fanout         Cap        Slew       Delay        Time   Description
---------------------------------------------------------------------------------------------
                                  0.000000    0.000000   clock clk (rise edge)
                                  0.000000    0.000000   clock source latency
     1    0.027776    0.000000    0.000000    0.000000 ^ clk (in)
                                                         clk (net)
                      0.004784    0.002392    0.002392 ^ clkbuf_0_clk/A (sg13g2_buf_16)
     2    0.043504    0.023528    0.056986    0.059378 ^ clkbuf_0_clk/X (sg13g2_buf_16)
                                                         clknet_0_clk (net)
                      0.023607    0.002077    0.061455 ^ clkbuf_1_1__f_clk/A (sg13g2_buf_16)
     5    0.026939    0.020747    0.063287    0.124743 ^ clkbuf_1_1__f_clk/X (sg13g2_buf_16)
                                                         clknet_1_1__leaf_clk (net)
                      0.020771    0.001326    0.126068 ^ _307_/CLK (sg13g2_dfrbpq_1)
     2    0.011285    0.043142    0.180227    0.306295 v _307_/Q (sg13g2_dfrbpq_1)
                                                         DPATH.SUM.fa_3.A (net)
                      0.043147    0.000468    0.306764 v fanout34/A (sg13g2_buf_1)
     8    0.043042    0.137968    0.161678    0.468442 v fanout34/X (sg13g2_buf_1)
                                                         net34 (net)
                      0.138017    0.001164    0.469606 v _138_/A (sg13g2_inv_1)
     4    0.029547    0.139624    0.163381    0.632988 ^ _138_/Y (sg13g2_inv_1)
                                                         _100_ (net)
                      0.139627    0.000531    0.633519 ^ fanout22/A (sg13g2_buf_1)
     8    0.044827    0.187773    0.219929    0.853448 ^ fanout22/X (sg13g2_buf_1)
                                                         net22 (net)
                      0.187793    0.001607    0.855055 ^ _177_/A (sg13g2_nand2_1)
     3    0.014310    0.120354    0.149462    1.004517 v _177_/Y (sg13g2_nand2_1)
                                                         _128_ (net)
                      0.120354    0.000430    1.004948 v _293_/A2 (sg13g2_a21oi_1)
     1    0.003396    0.071236    0.103291    1.108239 ^ _293_/Y (sg13g2_a21oi_1)
                                                         net18 (net)
                      0.071236    0.000059    1.108297 ^ output18/A (sg13g2_buf_1)
     1    0.012316    0.059299    0.105339    1.213636 ^ output18/X (sg13g2_buf_1)
                                                         sine_out[6] (net)
                      0.059300    0.000315    1.213951 ^ sine_out[6] (out)
                                              1.213951   data arrival time

                                  5.000000    5.000000   clock clk (rise edge)
                                  0.000000    5.000000   clock network delay (propagated)
                                 -0.150000    4.850000   clock uncertainty
                                  0.000000    4.850000   clock reconvergence pessimism
                                 -1.000000    3.850000   output external delay
                                              3.850000   data required time
---------------------------------------------------------------------------------------------
                                              3.850000   data required time
                                             -1.213951   data arrival time
---------------------------------------------------------------------------------------------
                                              2.636049   slack (MET)


Startpoint: _304_ (rising edge-triggered flip-flop clocked by clk)
Endpoint: _310_ (rising edge-triggered flip-flop clocked by clk)
Path Group: clk
Path Type: max

Fanout         Cap        Slew       Delay        Time   Description
---------------------------------------------------------------------------------------------
                                  0.000000    0.000000   clock clk (rise edge)
                                  0.000000    0.000000   clock source latency
     1    0.027776    0.000000    0.000000    0.000000 ^ clk (in)
                                                         clk (net)
                      0.004784    0.002392    0.002392 ^ clkbuf_0_clk/A (sg13g2_buf_16)
     2    0.043504    0.023528    0.056986    0.059378 ^ clkbuf_0_clk/X (sg13g2_buf_16)
                                                         clknet_0_clk (net)
                      0.023607    0.002077    0.061455 ^ clkbuf_1_1__f_clk/A (sg13g2_buf_16)
     5    0.026939    0.020747    0.063287    0.124743 ^ clkbuf_1_1__f_clk/X (sg13g2_buf_16)
                                                         clknet_1_1__leaf_clk (net)
                      0.020780    0.001551    0.126294 ^ _304_/CLK (sg13g2_dfrbpq_1)
     1    0.004886    0.031025    0.168642    0.294935 ^ _304_/Q (sg13g2_dfrbpq_1)
                                                         DPATH.SUM.Cout0 (net)
                      0.031025    0.000137    0.295072 ^ fanout41/A (sg13g2_buf_1)
     6    0.038187    0.160449    0.160367    0.455439 ^ fanout41/X (sg13g2_buf_1)
                                                         net41 (net)
                      0.160450    0.000354    0.455793 ^ fanout40/A (sg13g2_buf_1)
     4    0.023041    0.101352    0.165500    0.621293 ^ fanout40/X (sg13g2_buf_1)
                                                         net40 (net)
                      0.101352    0.000292    0.621585 ^ fanout39/A (sg13g2_buf_1)
     8    0.041857    0.175758    0.200521    0.822106 ^ fanout39/X (sg13g2_buf_1)
                                                         net39 (net)
                      0.175847    0.003271    0.825377 ^ _141_/A (sg13g2_inv_1)
     6    0.033295    0.135570    0.179597    1.004974 v _141_/Y (sg13g2_inv_1)
                                                         DPATH.SUM.ha_0.S (net)
                      0.135572    0.000809    1.005784 v _183_/A1 (sg13g2_o21ai_1)
     2    0.012116    0.156437    0.186509    1.192293 ^ _183_/Y (sg13g2_o21ai_1)
                                                         _132_ (net)
                      0.156438    0.000387    1.192680 ^ _187_/A1 (sg13g2_a21oi_1)
     2    0.013342    0.113221    0.149735    1.342415 v _187_/Y (sg13g2_a21oi_1)
                                                         _135_ (net)
                      0.113221    0.000488    1.342903 v _193_/A1 (sg13g2_o21ai_1)
     2    0.015770    0.188949    0.206171    1.549073 ^ _193_/Y (sg13g2_o21ai_1)
                                                         _011_ (net)
                      0.188955    0.000853    1.549926 ^ _197_/A2 (sg13g2_a21oi_1)
     2    0.010000    0.097192    0.141737    1.691663 v _197_/Y (sg13g2_a21oi_1)
                                                         _014_ (net)
                      0.097192    0.000180    1.691842 v _199_/A2 (sg13g2_o21ai_1)
     1    0.007809    0.116928    0.137873    1.829715 ^ _199_/Y (sg13g2_o21ai_1)
                                                         _015_ (net)
                      0.116928    0.000244    1.829959 ^ _201_/A (sg13g2_xnor2_1)
     1    0.002511    0.064583    0.114142    1.944101 ^ _201_/Y (sg13g2_xnor2_1)
                                                         DPATH.SUM.fa_6.S (net)
                      0.064583    0.000041    1.944142 ^ _310_/D (sg13g2_dfrbpq_1)
                                              1.944142   data arrival time

                                  5.000000    5.000000   clock clk (rise edge)
                                  0.000000    5.000000   clock source latency
     1    0.027776    0.000000    0.000000    5.000000 ^ clk (in)
                                                         clk (net)
                      0.004784    0.002392    5.002392 ^ clkbuf_0_clk/A (sg13g2_buf_16)
     2    0.043504    0.023528    0.056986    5.059378 ^ clkbuf_0_clk/X (sg13g2_buf_16)
                                                         clknet_0_clk (net)
                      0.023755    0.002871    5.062249 ^ clkbuf_1_0__f_clk/A (sg13g2_buf_16)
     5    0.031198    0.021714    0.064114    5.126363 ^ clkbuf_1_0__f_clk/X (sg13g2_buf_16)
                                                         clknet_1_0__leaf_clk (net)
                      0.021747    0.001577    5.127940 ^ _310_/CLK (sg13g2_dfrbpq_1)
                                 -0.150000    4.977940   clock uncertainty
                                  0.000000    4.977940   clock reconvergence pessimism
                                 -0.126961    4.850978   library setup time
                                              4.850978   data required time
---------------------------------------------------------------------------------------------
                                              4.850978   data required time
                                             -1.944142   data arrival time
---------------------------------------------------------------------------------------------
                                              2.906837   slack (MET)


Startpoint: _311_ (rising edge-triggered flip-flop clocked by clk)
Endpoint: signB (output port clocked by clk)
Path Group: clk
Path Type: max

Fanout         Cap        Slew       Delay        Time   Description
---------------------------------------------------------------------------------------------
                                  0.000000    0.000000   clock clk (rise edge)
                                  0.000000    0.000000   clock source latency
     1    0.027776    0.000000    0.000000    0.000000 ^ clk (in)
                                                         clk (net)
                      0.004784    0.002392    0.002392 ^ clkbuf_0_clk/A (sg13g2_buf_16)
     2    0.043504    0.023528    0.056986    0.059378 ^ clkbuf_0_clk/X (sg13g2_buf_16)
                                                         clknet_0_clk (net)
                      0.023755    0.002871    0.062249 ^ clkbuf_1_0__f_clk/A (sg13g2_buf_16)
     5    0.031198    0.021714    0.064114    0.126363 ^ clkbuf_1_0__f_clk/X (sg13g2_buf_16)
                                                         clknet_1_0__leaf_clk (net)
                      0.021740    0.001407    0.127770 ^ _311_/CLK (sg13g2_dfrbpq_1)
     2    0.006432    0.029017    0.169044    0.296814 v _311_/Q (sg13g2_dfrbpq_1)
                                                         net2 (net)
                      0.029017    0.000087    0.296901 v hold43/A (sg13g2_dlygate4sd3_1)
     1    0.008107    0.051265    0.389313    0.686213 v hold43/X (sg13g2_dlygate4sd3_1)
                                                         net43 (net)
                      0.051265    0.000430    0.686644 v _142_/A (sg13g2_inv_1)
     2    0.012217    0.061339    0.065460    0.752104 ^ _142_/Y (sg13g2_inv_1)
                                                         net3 (net)
                      0.061344    0.000437    0.752541 ^ output3/A (sg13g2_buf_1)
     1    0.035764    0.151399    0.166714    0.919256 ^ output3/X (sg13g2_buf_1)
                                                         signB (net)
                      0.151469    0.002690    0.921946 ^ signB (out)
                                              0.921946   data arrival time

                                  5.000000    5.000000   clock clk (rise edge)
                                  0.000000    5.000000   clock network delay (propagated)
                                 -0.150000    4.850000   clock uncertainty
                                  0.000000    4.850000   clock reconvergence pessimism
                                 -1.000000    3.850000   output external delay
                                              3.850000   data required time
---------------------------------------------------------------------------------------------
                                              3.850000   data required time
                                             -0.921946   data arrival time
---------------------------------------------------------------------------------------------
                                              2.928054   slack (MET)


Startpoint: _304_ (rising edge-triggered flip-flop clocked by clk)
Endpoint: _309_ (rising edge-triggered flip-flop clocked by clk)
Path Group: clk
Path Type: max

Fanout         Cap        Slew       Delay        Time   Description
---------------------------------------------------------------------------------------------
                                  0.000000    0.000000   clock clk (rise edge)
                                  0.000000    0.000000   clock source latency
     1    0.027776    0.000000    0.000000    0.000000 ^ clk (in)
                                                         clk (net)
                      0.004784    0.002392    0.002392 ^ clkbuf_0_clk/A (sg13g2_buf_16)
     2    0.043504    0.023528    0.056986    0.059378 ^ clkbuf_0_clk/X (sg13g2_buf_16)
                                                         clknet_0_clk (net)
                      0.023607    0.002077    0.061455 ^ clkbuf_1_1__f_clk/A (sg13g2_buf_16)
     5    0.026939    0.020747    0.063287    0.124743 ^ clkbuf_1_1__f_clk/X (sg13g2_buf_16)
                                                         clknet_1_1__leaf_clk (net)
                      0.020780    0.001551    0.126294 ^ _304_/CLK (sg13g2_dfrbpq_1)
     1    0.004886    0.031025    0.168642    0.294935 ^ _304_/Q (sg13g2_dfrbpq_1)
                                                         DPATH.SUM.Cout0 (net)
                      0.031025    0.000137    0.295072 ^ fanout41/A (sg13g2_buf_1)
     6    0.038187    0.160449    0.160367    0.455439 ^ fanout41/X (sg13g2_buf_1)
                                                         net41 (net)
                      0.160450    0.000354    0.455793 ^ fanout40/A (sg13g2_buf_1)
     4    0.023041    0.101352    0.165500    0.621293 ^ fanout40/X (sg13g2_buf_1)
                                                         net40 (net)
                      0.101352    0.000292    0.621585 ^ fanout39/A (sg13g2_buf_1)
     8    0.041857    0.175758    0.200521    0.822106 ^ fanout39/X (sg13g2_buf_1)
                                                         net39 (net)
                      0.175847    0.003271    0.825377 ^ _141_/A (sg13g2_inv_1)
     6    0.033295    0.135570    0.179597    1.004974 v _141_/Y (sg13g2_inv_1)
                                                         DPATH.SUM.ha_0.S (net)
                      0.135572    0.000809    1.005784 v _183_/A1 (sg13g2_o21ai_1)
     2    0.012116    0.156437    0.186509    1.192293 ^ _183_/Y (sg13g2_o21ai_1)
                                                         _132_ (net)
                      0.156438    0.000387    1.192680 ^ _187_/A1 (sg13g2_a21oi_1)
     2    0.013342    0.113221    0.149735    1.342415 v _187_/Y (sg13g2_a21oi_1)
                                                         _135_ (net)
                      0.113221    0.000488    1.342903 v _193_/A1 (sg13g2_o21ai_1)
     2    0.015770    0.188949    0.206171    1.549073 ^ _193_/Y (sg13g2_o21ai_1)
                                                         _011_ (net)
                      0.188955    0.000853    1.549926 ^ _197_/A2 (sg13g2_a21oi_1)
     2    0.010000    0.097192    0.141737    1.691663 v _197_/Y (sg13g2_a21oi_1)
                                                         _014_ (net)
                      0.097192    0.000170    1.691832 v _198_/B (sg13g2_xor2_1)
     1    0.005478    0.066561    0.124757    1.816589 v _198_/X (sg13g2_xor2_1)
                                                         DPATH.SUM.fa_5.S (net)
                      0.066561    0.000204    1.816793 v _309_/D (sg13g2_dfrbpq_1)
                                              1.816793   data arrival time

                                  5.000000    5.000000   clock clk (rise edge)
                                  0.000000    5.000000   clock source latency
     1    0.027776    0.000000    0.000000    5.000000 ^ clk (in)
                                                         clk (net)
                      0.004784    0.002392    5.002392 ^ clkbuf_0_clk/A (sg13g2_buf_16)
     2    0.043504    0.023528    0.056986    5.059378 ^ clkbuf_0_clk/X (sg13g2_buf_16)
                                                         clknet_0_clk (net)
                      0.023755    0.002871    5.062249 ^ clkbuf_1_0__f_clk/A (sg13g2_buf_16)
     5    0.031198    0.021714    0.064114    5.126363 ^ clkbuf_1_0__f_clk/X (sg13g2_buf_16)
                                                         clknet_1_0__leaf_clk (net)
                      0.021761    0.001769    5.128132 ^ _309_/CLK (sg13g2_dfrbpq_1)
                                 -0.150000    4.978132   clock uncertainty
                                  0.000000    4.978132   clock reconvergence pessimism
                                 -0.128948    4.849184   library setup time
                                              4.849184   data required time
---------------------------------------------------------------------------------------------
                                              4.849184   data required time
                                             -1.816793   data arrival time
---------------------------------------------------------------------------------------------
                                              3.032391   slack (MET)


Startpoint: _304_ (rising edge-triggered flip-flop clocked by clk)
Endpoint: _308_ (rising edge-triggered flip-flop clocked by clk)
Path Group: clk
Path Type: max

Fanout         Cap        Slew       Delay        Time   Description
---------------------------------------------------------------------------------------------
                                  0.000000    0.000000   clock clk (rise edge)
                                  0.000000    0.000000   clock source latency
     1    0.027776    0.000000    0.000000    0.000000 ^ clk (in)
                                                         clk (net)
                      0.004784    0.002392    0.002392 ^ clkbuf_0_clk/A (sg13g2_buf_16)
     2    0.043504    0.023528    0.056986    0.059378 ^ clkbuf_0_clk/X (sg13g2_buf_16)
                                                         clknet_0_clk (net)
                      0.023607    0.002077    0.061455 ^ clkbuf_1_1__f_clk/A (sg13g2_buf_16)
     5    0.026939    0.020747    0.063287    0.124743 ^ clkbuf_1_1__f_clk/X (sg13g2_buf_16)
                                                         clknet_1_1__leaf_clk (net)
                      0.020780    0.001551    0.126294 ^ _304_/CLK (sg13g2_dfrbpq_1)
     1    0.004886    0.031025    0.168642    0.294935 ^ _304_/Q (sg13g2_dfrbpq_1)
                                                         DPATH.SUM.Cout0 (net)
                      0.031025    0.000137    0.295072 ^ fanout41/A (sg13g2_buf_1)
     6    0.038187    0.160449    0.160367    0.455439 ^ fanout41/X (sg13g2_buf_1)
                                                         net41 (net)
                      0.160450    0.000354    0.455793 ^ fanout40/A (sg13g2_buf_1)
     4    0.023041    0.101352    0.165500    0.621293 ^ fanout40/X (sg13g2_buf_1)
                                                         net40 (net)
                      0.101352    0.000292    0.621585 ^ fanout39/A (sg13g2_buf_1)
     8    0.041857    0.175758    0.200521    0.822106 ^ fanout39/X (sg13g2_buf_1)
                                                         net39 (net)
                      0.175847    0.003271    0.825377 ^ _141_/A (sg13g2_inv_1)
     6    0.033295    0.135570    0.179597    1.004974 v _141_/Y (sg13g2_inv_1)
                                                         DPATH.SUM.ha_0.S (net)
                      0.135572    0.000809    1.005784 v _183_/A1 (sg13g2_o21ai_1)
     2    0.012116    0.156437    0.186509    1.192293 ^ _183_/Y (sg13g2_o21ai_1)
                                                         _132_ (net)
                      0.156438    0.000387    1.192680 ^ _187_/A1 (sg13g2_a21oi_1)
     2    0.013342    0.113221    0.149735    1.342415 v _187_/Y (sg13g2_a21oi_1)
                                                         _135_ (net)
                      0.113221    0.000488    1.342903 v _193_/A1 (sg13g2_o21ai_1)
     2    0.015770    0.188949    0.206171    1.549073 ^ _193_/Y (sg13g2_o21ai_1)
                                                         _011_ (net)
                      0.188953    0.000709    1.549783 ^ _194_/B (sg13g2_xor2_1)
     1    0.002379    0.060420    0.138535    1.688317 ^ _194_/X (sg13g2_xor2_1)
                                                         DPATH.SUM.fa_4.S (net)
                      0.060420    0.000035    1.688352 ^ _308_/D (sg13g2_dfrbpq_1)
                                              1.688352   data arrival time

                                  5.000000    5.000000   clock clk (rise edge)
                                  0.000000    5.000000   clock source latency
     1    0.027776    0.000000    0.000000    5.000000 ^ clk (in)
                                                         clk (net)
                      0.004784    0.002392    5.002392 ^ clkbuf_0_clk/A (sg13g2_buf_16)
     2    0.043504    0.023528    0.056986    5.059378 ^ clkbuf_0_clk/X (sg13g2_buf_16)
                                                         clknet_0_clk (net)
                      0.023755    0.002871    5.062249 ^ clkbuf_1_0__f_clk/A (sg13g2_buf_16)
     5    0.031198    0.021714    0.064114    5.126363 ^ clkbuf_1_0__f_clk/X (sg13g2_buf_16)
                                                         clknet_1_0__leaf_clk (net)
                      0.021768    0.001867    5.128230 ^ _308_/CLK (sg13g2_dfrbpq_1)
                                 -0.150000    4.978230   clock uncertainty
                                  0.000000    4.978230   clock reconvergence pessimism
                                 -0.125605    4.852624   library setup time
                                              4.852624   data required time
---------------------------------------------------------------------------------------------
                                              4.852624   data required time
                                             -1.688352   data arrival time
---------------------------------------------------------------------------------------------
                                              3.164272   slack (MET)


Startpoint: _305_ (rising edge-triggered flip-flop clocked by clk)
Endpoint: _312_ (rising edge-triggered flip-flop clocked by clk)
Path Group: clk
Path Type: max

Fanout         Cap        Slew       Delay        Time   Description
---------------------------------------------------------------------------------------------
                                  0.000000    0.000000   clock clk (rise edge)
                                  0.000000    0.000000   clock source latency
     1    0.027776    0.000000    0.000000    0.000000 ^ clk (in)
                                                         clk (net)
                      0.004784    0.002392    0.002392 ^ clkbuf_0_clk/A (sg13g2_buf_16)
     2    0.043504    0.023528    0.056986    0.059378 ^ clkbuf_0_clk/X (sg13g2_buf_16)
                                                         clknet_0_clk (net)
                      0.023607    0.002077    0.061455 ^ clkbuf_1_1__f_clk/A (sg13g2_buf_16)
     5    0.026939    0.020747    0.063287    0.124743 ^ clkbuf_1_1__f_clk/X (sg13g2_buf_16)
                                                         clknet_1_1__leaf_clk (net)
                      0.020773    0.001395    0.126137 ^ _305_/CLK (sg13g2_dfrbpq_1)
     3    0.023833    0.102473    0.223039    0.349176 ^ _305_/Q (sg13g2_dfrbpq_1)
                                                         DPATH.SUM.fa_1.A (net)
                      0.102476    0.000740    0.349916 ^ fanout38/A (sg13g2_buf_1)
     8    0.054228    0.225300    0.236067    0.585983 ^ fanout38/X (sg13g2_buf_1)
                                                         net38 (net)
                      0.225302    0.000544    0.586527 ^ fanout37/A (sg13g2_buf_1)
     8    0.036546    0.155113    0.217068    0.803595 ^ fanout37/X (sg13g2_buf_1)
                                                         net37 (net)
                      0.155123    0.001387    0.804982 ^ _164_/B (sg13g2_and2_1)
     4    0.020951    0.096846    0.180170    0.985152 ^ _164_/X (sg13g2_and2_1)
                                                         _120_ (net)
                      0.096849    0.000640    0.985792 ^ _169_/B (sg13g2_nand2_1)
     3    0.013695    0.112630    0.119328    1.105120 v _169_/Y (sg13g2_nand2_1)
                                                         _124_ (net)
                      0.112630    0.000248    1.105368 v _205_/C (sg13g2_nor3_1)
     2    0.014742    0.222455    0.210752    1.316119 ^ _205_/Y (sg13g2_nor3_1)
                                                         _019_ (net)
                      0.222461    0.000936    1.317055 ^ _206_/A2 (sg13g2_a21oi_1)
     1    0.005296    0.077648    0.123577    1.440632 v _206_/Y (sg13g2_a21oi_1)
                                                         _020_ (net)
                      0.077648    0.000147    1.440779 v _207_/B (sg13g2_nor2_1)
     1    0.002805    0.052624    0.064178    1.504958 ^ _207_/Y (sg13g2_nor2_1)
                                                         CTRL.P0 (net)
                      0.052624    0.000053    1.505010 ^ _312_/D (sg13g2_dfrbpq_1)
                                              1.505010   data arrival time

                                  5.000000    5.000000   clock clk (rise edge)
                                  0.000000    5.000000   clock source latency
     1    0.027776    0.000000    0.000000    5.000000 ^ clk (in)
                                                         clk (net)
                      0.004784    0.002392    5.002392 ^ clkbuf_0_clk/A (sg13g2_buf_16)
     2    0.043504    0.023528    0.056986    5.059378 ^ clkbuf_0_clk/X (sg13g2_buf_16)
                                                         clknet_0_clk (net)
                      0.023755    0.002871    5.062249 ^ clkbuf_1_0__f_clk/A (sg13g2_buf_16)
     5    0.031198    0.021714    0.064114    5.126363 ^ clkbuf_1_0__f_clk/X (sg13g2_buf_16)
                                                         clknet_1_0__leaf_clk (net)
                      0.021741    0.001427    5.127790 ^ _312_/CLK (sg13g2_dfrbpq_1)
                                 -0.150000    4.977790   clock uncertainty
                                  0.000000    4.977790   clock reconvergence pessimism
                                 -0.123077    4.854713   library setup time
                                              4.854713   data required time
---------------------------------------------------------------------------------------------
                                              4.854713   data required time
                                             -1.505010   data arrival time
---------------------------------------------------------------------------------------------
                                              3.349703   slack (MET)


Startpoint: _308_ (rising edge-triggered flip-flop clocked by clk)
Endpoint: _311_ (rising edge-triggered flip-flop clocked by clk)
Path Group: clk
Path Type: max

Fanout         Cap        Slew       Delay        Time   Description
---------------------------------------------------------------------------------------------
                                  0.000000    0.000000   clock clk (rise edge)
                                  0.000000    0.000000   clock source latency
     1    0.027776    0.000000    0.000000    0.000000 ^ clk (in)
                                                         clk (net)
                      0.004784    0.002392    0.002392 ^ clkbuf_0_clk/A (sg13g2_buf_16)
     2    0.043504    0.023528    0.056986    0.059378 ^ clkbuf_0_clk/X (sg13g2_buf_16)
                                                         clknet_0_clk (net)
                      0.023755    0.002871    0.062249 ^ clkbuf_1_0__f_clk/A (sg13g2_buf_16)
     5    0.031198    0.021714    0.064114    0.126363 ^ clkbuf_1_0__f_clk/X (sg13g2_buf_16)
                                                         clknet_1_0__leaf_clk (net)
                      0.021768    0.001867    0.128230 ^ _308_/CLK (sg13g2_dfrbpq_1)
     3    0.023938    0.079111    0.210989    0.339219 v _308_/Q (sg13g2_dfrbpq_1)
                                                         DPATH.SUM.fa_4.A (net)
                      0.079111    0.000442    0.339661 v fanout32/A (sg13g2_buf_1)
     8    0.047182    0.150791    0.186595    0.526255 v fanout32/X (sg13g2_buf_1)
                                                         net32 (net)
                      0.150795    0.000929    0.527184 v fanout31/A (sg13g2_buf_1)
     8    0.043261    0.139522    0.200407    0.727591 v fanout31/X (sg13g2_buf_1)
                                                         net31 (net)
                      0.139522    0.000452    0.728043 v fanout30/A (sg13g2_buf_1)
     8    0.040183    0.130085    0.190560    0.918603 v fanout30/X (sg13g2_buf_1)
                                                         net30 (net)
                      0.130107    0.001664    0.920267 v _145_/B (sg13g2_nor2_1)
     2    0.008835    0.103770    0.117425    1.037692 ^ _145_/Y (sg13g2_nor2_1)
                                                         _104_ (net)
                      0.103770    0.000090    1.037782 ^ _178_/B (sg13g2_nand2_1)
     2    0.010576    0.090162    0.106614    1.144396 v _178_/Y (sg13g2_nand2_1)
                                                         _129_ (net)
                      0.090162    0.000201    1.144597 v _203_/B (sg13g2_nor3_1)
     2    0.012129    0.186385    0.194688    1.339285 ^ _203_/Y (sg13g2_nor3_1)
                                                         _018_ (net)
                      0.186385    0.000199    1.339484 ^ _204_/B (sg13g2_xnor2_1)
     1    0.003594    0.086295    0.132104    1.471588 ^ _204_/Y (sg13g2_xnor2_1)
                                                         CTRL.P1 (net)
                      0.086295    0.000093    1.471681 ^ _311_/D (sg13g2_dfrbpq_1)
                                              1.471681   data arrival time

                                  5.000000    5.000000   clock clk (rise edge)
                                  0.000000    5.000000   clock source latency
     1    0.027776    0.000000    0.000000    5.000000 ^ clk (in)
                                                         clk (net)
                      0.004784    0.002392    5.002392 ^ clkbuf_0_clk/A (sg13g2_buf_16)
     2    0.043504    0.023528    0.056986    5.059378 ^ clkbuf_0_clk/X (sg13g2_buf_16)
                                                         clknet_0_clk (net)
                      0.023755    0.002871    5.062249 ^ clkbuf_1_0__f_clk/A (sg13g2_buf_16)
     5    0.031198    0.021714    0.064114    5.126363 ^ clkbuf_1_0__f_clk/X (sg13g2_buf_16)
                                                         clknet_1_0__leaf_clk (net)
                      0.021740    0.001407    5.127770 ^ _311_/CLK (sg13g2_dfrbpq_1)
                                 -0.150000    4.977770   clock uncertainty
                                  0.000000    4.977770   clock reconvergence pessimism
                                 -0.134016    4.843754   library setup time
                                              4.843754   data required time
---------------------------------------------------------------------------------------------
                                              4.843754   data required time
                                             -1.471681   data arrival time
---------------------------------------------------------------------------------------------
                                              3.372073   slack (MET)


Startpoint: _304_ (rising edge-triggered flip-flop clocked by clk)
Endpoint: _307_ (rising edge-triggered flip-flop clocked by clk)
Path Group: clk
Path Type: max

Fanout         Cap        Slew       Delay        Time   Description
---------------------------------------------------------------------------------------------
                                  0.000000    0.000000   clock clk (rise edge)
                                  0.000000    0.000000   clock source latency
     1    0.027776    0.000000    0.000000    0.000000 ^ clk (in)
                                                         clk (net)
                      0.004784    0.002392    0.002392 ^ clkbuf_0_clk/A (sg13g2_buf_16)
     2    0.043504    0.023528    0.056986    0.059378 ^ clkbuf_0_clk/X (sg13g2_buf_16)
                                                         clknet_0_clk (net)
                      0.023607    0.002077    0.061455 ^ clkbuf_1_1__f_clk/A (sg13g2_buf_16)
     5    0.026939    0.020747    0.063287    0.124743 ^ clkbuf_1_1__f_clk/X (sg13g2_buf_16)
                                                         clknet_1_1__leaf_clk (net)
                      0.020780    0.001551    0.126294 ^ _304_/CLK (sg13g2_dfrbpq_1)
     1    0.004886    0.031025    0.168642    0.294935 ^ _304_/Q (sg13g2_dfrbpq_1)
                                                         DPATH.SUM.Cout0 (net)
                      0.031025    0.000137    0.295072 ^ fanout41/A (sg13g2_buf_1)
     6    0.038187    0.160449    0.160367    0.455439 ^ fanout41/X (sg13g2_buf_1)
                                                         net41 (net)
                      0.160450    0.000354    0.455793 ^ fanout40/A (sg13g2_buf_1)
     4    0.023041    0.101352    0.165500    0.621293 ^ fanout40/X (sg13g2_buf_1)
                                                         net40 (net)
                      0.101352    0.000292    0.621585 ^ fanout39/A (sg13g2_buf_1)
     8    0.041857    0.175758    0.200521    0.822106 ^ fanout39/X (sg13g2_buf_1)
                                                         net39 (net)
                      0.175847    0.003271    0.825377 ^ _141_/A (sg13g2_inv_1)
     6    0.033295    0.135570    0.179597    1.004974 v _141_/Y (sg13g2_inv_1)
                                                         DPATH.SUM.ha_0.S (net)
                      0.135572    0.000809    1.005784 v _183_/A1 (sg13g2_o21ai_1)
     2    0.012116    0.156437    0.186509    1.192293 ^ _183_/Y (sg13g2_o21ai_1)
                                                         _132_ (net)
                      0.156438    0.000387    1.192680 ^ _187_/A1 (sg13g2_a21oi_1)
     2    0.013342    0.113221    0.149735    1.342415 v _187_/Y (sg13g2_a21oi_1)
                                                         _135_ (net)
                      0.113221    0.000455    1.342870 v _190_/A (sg13g2_xor2_1)
     1    0.003718    0.064239    0.128371    1.471241 v _190_/X (sg13g2_xor2_1)
                                                         DPATH.SUM.fa_3.S (net)
                      0.064239    0.000098    1.471339 v _307_/D (sg13g2_dfrbpq_1)
                                              1.471339   data arrival time

                                  5.000000    5.000000   clock clk (rise edge)
                                  0.000000    5.000000   clock source latency
     1    0.027776    0.000000    0.000000    5.000000 ^ clk (in)
                                                         clk (net)
                      0.004784    0.002392    5.002392 ^ clkbuf_0_clk/A (sg13g2_buf_16)
     2    0.043504    0.023528    0.056986    5.059378 ^ clkbuf_0_clk/X (sg13g2_buf_16)
                                                         clknet_0_clk (net)
                      0.023607    0.002077    5.061455 ^ clkbuf_1_1__f_clk/A (sg13g2_buf_16)
     5    0.026939    0.020747    0.063287    5.124743 ^ clkbuf_1_1__f_clk/X (sg13g2_buf_16)
                                                         clknet_1_1__leaf_clk (net)
                      0.020771    0.001326    5.126068 ^ _307_/CLK (sg13g2_dfrbpq_1)
                                 -0.150000    4.976068   clock uncertainty
                                  0.000000    4.976068   clock reconvergence pessimism
                                 -0.128364    4.847704   library setup time
                                              4.847704   data required time
---------------------------------------------------------------------------------------------
                                              4.847704   data required time
                                             -1.471339   data arrival time
---------------------------------------------------------------------------------------------
                                              3.376365   slack (MET)


Startpoint: _311_ (rising edge-triggered flip-flop clocked by clk)
Endpoint: sign (output port clocked by clk)
Path Group: clk
Path Type: max

Fanout         Cap        Slew       Delay        Time   Description
---------------------------------------------------------------------------------------------
                                  0.000000    0.000000   clock clk (rise edge)
                                  0.000000    0.000000   clock source latency
     1    0.027776    0.000000    0.000000    0.000000 ^ clk (in)
                                                         clk (net)
                      0.004784    0.002392    0.002392 ^ clkbuf_0_clk/A (sg13g2_buf_16)
     2    0.043504    0.023528    0.056986    0.059378 ^ clkbuf_0_clk/X (sg13g2_buf_16)
                                                         clknet_0_clk (net)
                      0.023755    0.002871    0.062249 ^ clkbuf_1_0__f_clk/A (sg13g2_buf_16)
     5    0.031198    0.021714    0.064114    0.126363 ^ clkbuf_1_0__f_clk/X (sg13g2_buf_16)
                                                         clknet_1_0__leaf_clk (net)
                      0.021740    0.001407    0.127770 ^ _311_/CLK (sg13g2_dfrbpq_1)
     2    0.006454    0.036703    0.173666    0.301436 ^ _311_/Q (sg13g2_dfrbpq_1)
                                                         net2 (net)
                      0.036725    0.000147    0.301583 ^ output2/A (sg13g2_buf_1)
     1    0.034770    0.146834    0.153687    0.455270 ^ output2/X (sg13g2_buf_1)
                                                         sign (net)
                      0.146876    0.002052    0.457323 ^ sign (out)
                                              0.457323   data arrival time

                                  5.000000    5.000000   clock clk (rise edge)
                                  0.000000    5.000000   clock network delay (propagated)
                                 -0.150000    4.850000   clock uncertainty
                                  0.000000    4.850000   clock reconvergence pessimism
                                 -1.000000    3.850000   output external delay
                                              3.850000   data required time
---------------------------------------------------------------------------------------------
                                              3.850000   data required time
                                             -0.457323   data arrival time
---------------------------------------------------------------------------------------------
                                              3.392677   slack (MET)


Startpoint: _304_ (rising edge-triggered flip-flop clocked by clk)
Endpoint: _306_ (rising edge-triggered flip-flop clocked by clk)
Path Group: clk
Path Type: max

Fanout         Cap        Slew       Delay        Time   Description
---------------------------------------------------------------------------------------------
                                  0.000000    0.000000   clock clk (rise edge)
                                  0.000000    0.000000   clock source latency
     1    0.027776    0.000000    0.000000    0.000000 ^ clk (in)
                                                         clk (net)
                      0.004784    0.002392    0.002392 ^ clkbuf_0_clk/A (sg13g2_buf_16)
     2    0.043504    0.023528    0.056986    0.059378 ^ clkbuf_0_clk/X (sg13g2_buf_16)
                                                         clknet_0_clk (net)
                      0.023607    0.002077    0.061455 ^ clkbuf_1_1__f_clk/A (sg13g2_buf_16)
     5    0.026939    0.020747    0.063287    0.124743 ^ clkbuf_1_1__f_clk/X (sg13g2_buf_16)
                                                         clknet_1_1__leaf_clk (net)
                      0.020780    0.001551    0.126294 ^ _304_/CLK (sg13g2_dfrbpq_1)
     1    0.004886    0.031025    0.168642    0.294935 ^ _304_/Q (sg13g2_dfrbpq_1)
                                                         DPATH.SUM.Cout0 (net)
                      0.031025    0.000137    0.295072 ^ fanout41/A (sg13g2_buf_1)
     6    0.038187    0.160449    0.160367    0.455439 ^ fanout41/X (sg13g2_buf_1)
                                                         net41 (net)
                      0.160450    0.000354    0.455793 ^ fanout40/A (sg13g2_buf_1)
     4    0.023041    0.101352    0.165500    0.621293 ^ fanout40/X (sg13g2_buf_1)
                                                         net40 (net)
                      0.101352    0.000292    0.621585 ^ fanout39/A (sg13g2_buf_1)
     8    0.041857    0.175758    0.200521    0.822106 ^ fanout39/X (sg13g2_buf_1)
                                                         net39 (net)
                      0.175847    0.003271    0.825377 ^ _141_/A (sg13g2_inv_1)
     6    0.033295    0.135570    0.179597    1.004974 v _141_/Y (sg13g2_inv_1)
                                                         DPATH.SUM.ha_0.S (net)
                      0.135572    0.000809    1.005784 v _183_/A1 (sg13g2_o21ai_1)
     2    0.012116    0.156437    0.186509    1.192293 ^ _183_/Y (sg13g2_o21ai_1)
                                                         _132_ (net)
                      0.156439    0.000431    1.192723 ^ _186_/A (sg13g2_xor2_1)
     1    0.005436    0.081181    0.154163    1.346886 ^ _186_/X (sg13g2_xor2_1)
                                                         DPATH.SUM.fa_2.S (net)
                      0.081181    0.000220    1.347106 ^ _306_/D (sg13g2_dfrbpq_1)
                                              1.347106   data arrival time

                                  5.000000    5.000000   clock clk (rise edge)
                                  0.000000    5.000000   clock source latency
     1    0.027776    0.000000    0.000000    5.000000 ^ clk (in)
                                                         clk (net)
                      0.004784    0.002392    5.002392 ^ clkbuf_0_clk/A (sg13g2_buf_16)
     2    0.043504    0.023528    0.056986    5.059378 ^ clkbuf_0_clk/X (sg13g2_buf_16)
                                                         clknet_0_clk (net)
                      0.023607    0.002077    5.061455 ^ clkbuf_1_1__f_clk/A (sg13g2_buf_16)
     5    0.026939    0.020747    0.063287    5.124743 ^ clkbuf_1_1__f_clk/X (sg13g2_buf_16)
                                                         clknet_1_1__leaf_clk (net)
                      0.020781    0.001557    5.126299 ^ _306_/CLK (sg13g2_dfrbpq_1)
                                 -0.150000    4.976299   clock uncertainty
                                  0.000000    4.976299   clock reconvergence pessimism
                                 -0.132498    4.843802   library setup time
                                              4.843802   data required time
---------------------------------------------------------------------------------------------
                                              4.843802   data required time
                                             -1.347106   data arrival time
---------------------------------------------------------------------------------------------
                                              3.496696   slack (MET)


Startpoint: _304_ (rising edge-triggered flip-flop clocked by clk)
Endpoint: _304_ (rising edge-triggered flip-flop clocked by clk)
Path Group: clk
Path Type: max

Fanout         Cap        Slew       Delay        Time   Description
---------------------------------------------------------------------------------------------
                                  0.000000    0.000000   clock clk (rise edge)
                                  0.000000    0.000000   clock source latency
     1    0.027776    0.000000    0.000000    0.000000 ^ clk (in)
                                                         clk (net)
                      0.004784    0.002392    0.002392 ^ clkbuf_0_clk/A (sg13g2_buf_16)
     2    0.043504    0.023528    0.056986    0.059378 ^ clkbuf_0_clk/X (sg13g2_buf_16)
                                                         clknet_0_clk (net)
                      0.023607    0.002077    0.061455 ^ clkbuf_1_1__f_clk/A (sg13g2_buf_16)
     5    0.026939    0.020747    0.063287    0.124743 ^ clkbuf_1_1__f_clk/X (sg13g2_buf_16)
                                                         clknet_1_1__leaf_clk (net)
                      0.020780    0.001551    0.126294 ^ _304_/CLK (sg13g2_dfrbpq_1)
     1    0.004886    0.031025    0.168642    0.294935 ^ _304_/Q (sg13g2_dfrbpq_1)
                                                         DPATH.SUM.Cout0 (net)
                      0.031025    0.000137    0.295072 ^ fanout41/A (sg13g2_buf_1)
     6    0.038187    0.160449    0.160367    0.455439 ^ fanout41/X (sg13g2_buf_1)
                                                         net41 (net)
                      0.160450    0.000354    0.455793 ^ fanout40/A (sg13g2_buf_1)
     4    0.023041    0.101352    0.165500    0.621293 ^ fanout40/X (sg13g2_buf_1)
                                                         net40 (net)
                      0.101352    0.000292    0.621585 ^ fanout39/A (sg13g2_buf_1)
     8    0.041857    0.175758    0.200521    0.822106 ^ fanout39/X (sg13g2_buf_1)
                                                         net39 (net)
                      0.175847    0.003271    0.825377 ^ _141_/A (sg13g2_inv_1)
     6    0.033295    0.135570    0.179597    1.004974 v _141_/Y (sg13g2_inv_1)
                                                         DPATH.SUM.ha_0.S (net)
                      0.135572    0.000782    1.005756 v _304_/D (sg13g2_dfrbpq_1)
                                              1.005756   data arrival time

                                  5.000000    5.000000   clock clk (rise edge)
                                  0.000000    5.000000   clock source latency
     1    0.027776    0.000000    0.000000    5.000000 ^ clk (in)
                                                         clk (net)
                      0.004784    0.002392    5.002392 ^ clkbuf_0_clk/A (sg13g2_buf_16)
     2    0.043504    0.023528    0.056986    5.059378 ^ clkbuf_0_clk/X (sg13g2_buf_16)
                                                         clknet_0_clk (net)
                      0.023607    0.002077    5.061455 ^ clkbuf_1_1__f_clk/A (sg13g2_buf_16)
     5    0.026939    0.020747    0.063287    5.124743 ^ clkbuf_1_1__f_clk/X (sg13g2_buf_16)
                                                         clknet_1_1__leaf_clk (net)
                      0.020780    0.001551    5.126294 ^ _304_/CLK (sg13g2_dfrbpq_1)
                                 -0.150000    4.976294   clock uncertainty
                                  0.000000    4.976294   clock reconvergence pessimism
                                 -0.154057    4.822237   library setup time
                                              4.822237   data required time
---------------------------------------------------------------------------------------------
                                              4.822237   data required time
                                             -1.005756   data arrival time
---------------------------------------------------------------------------------------------
                                              3.816480   slack (MET)


Startpoint: _312_ (rising edge-triggered flip-flop clocked by clk)
Endpoint: _305_ (rising edge-triggered flip-flop clocked by clk)
Path Group: clk
Path Type: max

Fanout         Cap        Slew       Delay        Time   Description
---------------------------------------------------------------------------------------------
                                  0.000000    0.000000   clock clk (rise edge)
                                  0.000000    0.000000   clock source latency
     1    0.027776    0.000000    0.000000    0.000000 ^ clk (in)
                                                         clk (net)
                      0.004784    0.002392    0.002392 ^ clkbuf_0_clk/A (sg13g2_buf_16)
     2    0.043504    0.023528    0.056986    0.059378 ^ clkbuf_0_clk/X (sg13g2_buf_16)
                                                         clknet_0_clk (net)
                      0.023755    0.002871    0.062249 ^ clkbuf_1_0__f_clk/A (sg13g2_buf_16)
     5    0.031198    0.021714    0.064114    0.126363 ^ clkbuf_1_0__f_clk/X (sg13g2_buf_16)
                                                         clknet_1_0__leaf_clk (net)
                      0.021741    0.001427    0.127790 ^ _312_/CLK (sg13g2_dfrbpq_1)
     1    0.006098    0.035388    0.172597    0.300388 ^ _312_/Q (sg13g2_dfrbpq_1)
                                                         CTRL.S0 (net)
                      0.035388    0.000240    0.300628 ^ fanout24/A (sg13g2_buf_1)
     6    0.040461    0.170088    0.169047    0.469675 ^ fanout24/X (sg13g2_buf_1)
                                                         net24 (net)
                      0.170104    0.001381    0.471057 ^ fanout23/A (sg13g2_buf_1)
     8    0.049542    0.206835    0.241245    0.712302 ^ fanout23/X (sg13g2_buf_1)
                                                         net23 (net)
                      0.206895    0.002929    0.715230 ^ _181_/B (sg13g2_xnor2_1)
     2    0.012647    0.153727    0.183815    0.899045 ^ _181_/Y (sg13g2_xnor2_1)
                                                         _131_ (net)
                      0.153727    0.000411    0.899456 ^ _182_/B (sg13g2_xnor2_1)
     1    0.003198    0.078197    0.122845    1.022301 ^ _182_/Y (sg13g2_xnor2_1)
                                                         DPATH.SUM.fa_1.S (net)
                      0.078197    0.000071    1.022372 ^ _305_/D (sg13g2_dfrbpq_1)
                                              1.022372   data arrival time

                                  5.000000    5.000000   clock clk (rise edge)
                                  0.000000    5.000000   clock source latency
     1    0.027776    0.000000    0.000000    5.000000 ^ clk (in)
                                                         clk (net)
                      0.004784    0.002392    5.002392 ^ clkbuf_0_clk/A (sg13g2_buf_16)
     2    0.043504    0.023528    0.056986    5.059378 ^ clkbuf_0_clk/X (sg13g2_buf_16)
                                                         clknet_0_clk (net)
                      0.023607    0.002077    5.061455 ^ clkbuf_1_1__f_clk/A (sg13g2_buf_16)
     5    0.026939    0.020747    0.063287    5.124743 ^ clkbuf_1_1__f_clk/X (sg13g2_buf_16)
                                                         clknet_1_1__leaf_clk (net)
                      0.020773    0.001395    5.126137 ^ _305_/CLK (sg13g2_dfrbpq_1)
                                 -0.150000    4.976138   clock uncertainty
                                  0.000000    4.976138   clock reconvergence pessimism
                                 -0.131529    4.844608   library setup time
                                              4.844608   data required time
---------------------------------------------------------------------------------------------
                                              4.844608   data required time
                                             -1.022372   data arrival time
---------------------------------------------------------------------------------------------
                                              3.822236   slack (MET)



%OL_END_REPORT
%OL_CREATE_REPORT checks.rpt

===========================================================================
report_checks -unconstrained
===========================================================================
======================= nom_typ_1p20V_25C Corner ===================================

Startpoint: _305_ (rising edge-triggered flip-flop clocked by clk)
Endpoint: sine_out[1] (output port clocked by clk)
Path Group: clk
Path Type: max

Fanout         Cap        Slew       Delay        Time   Description
---------------------------------------------------------------------------------------------
                                  0.000000    0.000000   clock clk (rise edge)
                                  0.000000    0.000000   clock source latency
     1    0.027776    0.000000    0.000000    0.000000 ^ clk (in)
                                                         clk (net)
                      0.004784    0.002392    0.002392 ^ clkbuf_0_clk/A (sg13g2_buf_16)
     2    0.043504    0.023528    0.056986    0.059378 ^ clkbuf_0_clk/X (sg13g2_buf_16)
                                                         clknet_0_clk (net)
                      0.023607    0.002077    0.061455 ^ clkbuf_1_1__f_clk/A (sg13g2_buf_16)
     5    0.026939    0.020747    0.063287    0.124743 ^ clkbuf_1_1__f_clk/X (sg13g2_buf_16)
                                                         clknet_1_1__leaf_clk (net)
                      0.020773    0.001395    0.126137 ^ _305_/CLK (sg13g2_dfrbpq_1)
     3    0.023471    0.077757    0.209443    0.335581 v _305_/Q (sg13g2_dfrbpq_1)
                                                         DPATH.SUM.fa_1.A (net)
                      0.077762    0.000728    0.336309 v fanout38/A (sg13g2_buf_1)
     8    0.053562    0.169961    0.200335    0.536644 v fanout38/X (sg13g2_buf_1)
                                                         net38 (net)
                      0.169961    0.000539    0.537183 v fanout37/A (sg13g2_buf_1)
     8    0.035668    0.116990    0.188944    0.726127 v fanout37/X (sg13g2_buf_1)
                                                         net37 (net)
                      0.116999    0.001112    0.727239 v _154_/B (sg13g2_nor2_1)
     4    0.023472    0.209245    0.211684    0.938923 ^ _154_/Y (sg13g2_nor2_1)
                                                         _112_ (net)
                      0.209252    0.000952    0.939875 ^ _211_/B (sg13g2_nand2_1)
     3    0.012178    0.105044    0.142710    1.082585 v _211_/Y (sg13g2_nand2_1)
                                                         _024_ (net)
                      0.105044    0.000297    1.082883 v _214_/B (sg13g2_and3_1)
     3    0.014003    0.054620    0.138977    1.221859 v _214_/X (sg13g2_and3_1)
                                                         _027_ (net)
                      0.054625    0.000559    1.222418 v _249_/A2 (sg13g2_a221oi_1)
     1    0.005366    0.134576    0.171586    1.394004 ^ _249_/Y (sg13g2_a221oi_1)
                                                         _061_ (net)
                      0.134576    0.000166    1.394169 ^ _250_/B (sg13g2_nor2_1)
     1    0.006962    0.050446    0.072032    1.466201 v _250_/Y (sg13g2_nor2_1)
                                                         _062_ (net)
                      0.050448    0.000295    1.466496 v _256_/B (sg13g2_nor4_1)
     1    0.008256    0.193269    0.207645    1.674141 ^ _256_/Y (sg13g2_nor4_1)
                                                         _068_ (net)
                      0.193271    0.000469    1.674610 ^ _267_/B1 (sg13g2_a21oi_1)
     1    0.008004    0.074772    0.089854    1.764464 v _267_/Y (sg13g2_a21oi_1)
                                                         net13 (net)
                      0.074774    0.000435    1.764899 v output13/A (sg13g2_buf_1)
     1    0.015239    0.056531    0.111549    1.876447 v output13/X (sg13g2_buf_1)
                                                         sine_out[1] (net)
                      0.056543    0.000808    1.877255 v sine_out[1] (out)
                                              1.877255   data arrival time

                                  5.000000    5.000000   clock clk (rise edge)
                                  0.000000    5.000000   clock network delay (propagated)
                                 -0.150000    4.850000   clock uncertainty
                                  0.000000    4.850000   clock reconvergence pessimism
                                 -1.000000    3.850000   output external delay
                                              3.850000   data required time
---------------------------------------------------------------------------------------------
                                              3.850000   data required time
                                             -1.877255   data arrival time
---------------------------------------------------------------------------------------------
                                              1.972745   slack (MET)




===========================================================================
report_checks --slack_max -0.01
============================================================================
======================= nom_typ_1p20V_25C Corner ===================================

No paths found.


===========================================================================
 report_check_types -max_slew -max_cap -max_fanout -violators
============================================================================
======================= nom_typ_1p20V_25C Corner ===================================



===========================================================================
report_parasitic_annotation -report_unannotated
============================================================================
Found 1 unannotated drivers.
 clkload0/Y
Found 0 partially unannotated drivers.

===========================================================================
max slew violation count 0
Writing metric design__max_slew_violation__count__corner:nom_typ_1p20V_25C: 0
max fanout violation count 0
Writing metric design__max_fanout_violation__count__corner:nom_typ_1p20V_25C: 0
max cap violation count 0
Writing metric design__max_cap_violation__count__corner:nom_typ_1p20V_25C: 0
============================================================================

===========================================================================
check_setup -verbose -unconstrained_endpoints -multiple_clock -no_clock -no_input_delay -loops -generated_clocks
===========================================================================
%OL_END_REPORT
%OL_CREATE_REPORT power.rpt

===========================================================================
 report_power
============================================================================
======================= nom_typ_1p20V_25C Corner ===================================

Group                    Internal    Switching      Leakage        Total
                            Power        Power        Power        Power (Watts)
------------------------------------------------------------------------
Sequential           9.425699e-05 0.000000e+00 4.413533e-09 9.426141e-05  44.1%
Combinational        5.375662e-07 1.872026e-06 2.368109e-08 2.433273e-06   1.1%
Clock                8.787096e-05 2.927248e-05 4.219166e-09 1.171477e-04  54.8%
Macro                0.000000e+00 0.000000e+00 0.000000e+00 0.000000e+00   0.0%
Pad                  0.000000e+00 0.000000e+00 0.000000e+00 0.000000e+00   0.0%
------------------------------------------------------------------------
Total                1.826655e-04 3.114451e-05 3.231379e-08 2.138423e-04 100.0%
                            85.4%        14.6%         0.0%
Writing metric power__internal__total: 0.00018266550614498556
Writing metric power__switching__total: 3.114450737484731e-5
Writing metric power__leakage__total: 3.231378897794457e-8
Writing metric power__total: 0.00021384232968557626

%OL_END_REPORT
%OL_CREATE_REPORT skew.min.rpt

===========================================================================
Clock Skew (Hold)
============================================================================
Writing metric clock__skew__worst_hold__corner:nom_typ_1p20V_25C: -0.15216131563208496
======================= nom_typ_1p20V_25C Corner ===================================

Clock clk
0.126068 source latency _307_/CLK ^
-0.128230 target latency _308_/CLK ^
-0.150000 clock uncertainty
0.000000 CRPR
--------------
-0.152161 hold skew

%OL_END_REPORT
%OL_CREATE_REPORT skew.max.rpt

===========================================================================
Clock Skew (Setup)
============================================================================
Writing metric clock__skew__worst_setup__corner:nom_typ_1p20V_25C: 0.1517218754687223
======================= nom_typ_1p20V_25C Corner ===================================

Clock clk
0.127790 source latency _312_/CLK ^
-0.126068 target latency _307_/CLK ^
0.150000 clock uncertainty
0.000000 CRPR
--------------
0.151722 setup skew

%OL_END_REPORT
%OL_CREATE_REPORT ws.min.rpt

===========================================================================
Worst Slack (Hold)
============================================================================
Writing metric timing__hold__ws__corner:nom_typ_1p20V_25C: 0.28544989402365817
nom_typ_1p20V_25C: 0.28544989402365817
%OL_END_REPORT
%OL_CREATE_REPORT ws.max.rpt

===========================================================================
Worst Slack (Setup)
============================================================================
Writing metric timing__setup__ws__corner:nom_typ_1p20V_25C: 1.9727451341976567
nom_typ_1p20V_25C: 1.9727451341976567
%OL_END_REPORT
%OL_CREATE_REPORT tns.min.rpt

===========================================================================
Total Negative Slack (Hold)
============================================================================
Writing metric timing__hold__tns__corner:nom_typ_1p20V_25C: 0.0
nom_typ_1p20V_25C: 0.0
%OL_END_REPORT
%OL_CREATE_REPORT tns.max.rpt

===========================================================================
Total Negative Slack (Setup)
============================================================================
Writing metric timing__setup__tns__corner:nom_typ_1p20V_25C: 0.0
nom_typ_1p20V_25C: 0.0
%OL_END_REPORT
%OL_CREATE_REPORT wns.min.rpt

===========================================================================
Worst Negative Slack (Hold)
============================================================================
Writing metric timing__hold__wns__corner:nom_typ_1p20V_25C: 0
nom_typ_1p20V_25C: 0
%OL_END_REPORT
%OL_CREATE_REPORT wns.max.rpt

===========================================================================
Worst Negative Slack (Setup)
============================================================================
Writing metric timing__setup__wns__corner:nom_typ_1p20V_25C: 0.0
nom_typ_1p20V_25C: 0.0
%OL_END_REPORT
%OL_CREATE_REPORT violator_list.rpt

===========================================================================
Violator List
============================================================================
Writing metric timing__hold_vio__count__corner:nom_typ_1p20V_25C: 0
Writing metric timing__hold_r2r__ws__corner:nom_typ_1p20V_25C: 0.322202
Writing metric timing__hold_r2r_vio__count__corner:nom_typ_1p20V_25C: 0
Writing metric timing__setup_vio__count__corner:nom_typ_1p20V_25C: 0
Writing metric timing__setup_r2r__ws__corner:nom_typ_1p20V_25C: 2.906837
Writing metric timing__setup_r2r_vio__count__corner:nom_typ_1p20V_25C: 0
%OL_END_REPORT
%OL_CREATE_REPORT unpropagated.rpt
%OL_END_REPORT
%OL_CREATE_REPORT clock.rpt
Clock: clk
Sources: clk 
Generated: no
Virtual: yes
Propagated: no
Period: 5.000000

===========================================================================
report_clock_properties
============================================================================
Clock                   Period          Waveform
----------------------------------------------------
clk                   5.000000    0.000000  2.500000

===========================================================================
report_clock_latency
============================================================================
Clock clk
rise -> rise
    min     max
0.000000 0.000000 source latency
0.126068         network latency _307_/CLK
        0.128230 network latency _308_/CLK
---------------
0.126068 0.128230 latency
        0.002161 skew

fall -> fall
    min     max
0.000000 0.000000 source latency
0.138221         network latency _307_/CLK
        0.140171 network latency _308_/CLK
---------------
0.138221 0.140171 latency
        0.001950 skew



===========================================================================
report_clock_min_period
============================================================================
clk period_min = 2.09 fmax = 477.75
%OL_END_REPORT
