+ define_corners nom_slow_1p08V_125C
Reading timing models for corner nom_slow_1p08V_125C…
Reading cell library for the 'nom_slow_1p08V_125C' corner at '/opt/pdks/ciel/ihp-sg13g2/versions/c4b8b4e5e7a05f375cca3815d51b3a37721fbf5c/ihp-sg13g2/libs.ref/sg13g2_stdcell/lib/sg13g2_stdcell_slow_1p08V_125C.lib'…
Reading cell library for the 'nom_slow_1p08V_125C' corner at '/opt/pdks/ciel/ihp-sg13g2/versions/c4b8b4e5e7a05f375cca3815d51b3a37721fbf5c/ihp-sg13g2/libs.ref/sg13g2_io/lib/sg13g2_io_slow_1p08V_3p0V_125C.lib'…
Reading top-level netlist at '/home/designer/shared/BASIC/current_generator/digital/DigitalSine/runs/RUN_2026-03-28_21-39-37/06-yosys-synthesis/DigitalSine.nl.v'…
Linking design 'DigitalSine' from netlist…
Reading design constraints file at '/home/designer/shared/BASIC/current_generator/digital/DigitalSine/cons.sdc'…
Warning: /home/designer/shared/BASIC/current_generator/digital/DigitalSine/cons.sdc line 22, 'rst' is not a valid endpoint.
Warning: cons.sdc line 34, set_input_delay relative to a clock defined on the same port/pin not allowed.
Warning: cons.sdc line 35, set_input_delay relative to a clock defined on the same port/pin not allowed.
Warning: cons.sdc line 38, set_input_delay relative to a clock defined on the same port/pin not allowed.
Warning: cons.sdc line 39, set_input_delay relative to a clock defined on the same port/pin not allowed.
[INFO] No information on clock propagation in input SDC file-- unpropagating all clocks.
%OL_CREATE_REPORT min.rpt

===========================================================================
report_checks -path_delay min (Hold)
============================================================================
======================= nom_slow_1p08V_125C Corner ===================================

Startpoint: _311_ (rising edge-triggered flip-flop clocked by clk)
Endpoint: sign (output port clocked by clk)
Path Group: clk
Path Type: min

Fanout         Cap        Slew       Delay        Time   Description
---------------------------------------------------------------------------------------------
                      0.100000    0.000000    0.000000   clock clk (rise edge)
                                  0.000000    0.000000   clock network delay (ideal)
                      0.100000    0.000000    0.000000 ^ _311_/CLK (sg13g2_dfrbpq_1)
     2    0.032646    0.175120    0.410787    0.410787 v _311_/Q (sg13g2_dfrbpq_1)
                                                         sign (net)
                      0.175120    0.000000    0.410787 v sign (out)
                                              0.410787   data arrival time

                      0.100000    0.000000    0.000000   clock clk (rise edge)
                                  0.000000    0.000000   clock network delay (ideal)
                                  0.150000    0.150000   clock uncertainty
                                  0.000000    0.150000   clock reconvergence pessimism
                                  0.000000    0.150000   output external delay
                                              0.150000   data required time
---------------------------------------------------------------------------------------------
                                              0.150000   data required time
                                             -0.410787   data arrival time
---------------------------------------------------------------------------------------------
                                              0.260787   slack (MET)


Startpoint: _310_ (rising edge-triggered flip-flop clocked by clk)
Endpoint: sine_out[16] (output port clocked by clk)
Path Group: clk
Path Type: min

Fanout         Cap        Slew       Delay        Time   Description
---------------------------------------------------------------------------------------------
                      0.100000    0.000000    0.000000   clock clk (rise edge)
                                  0.000000    0.000000   clock network delay (ideal)
                      0.100000    0.000000    0.000000 ^ _310_/CLK (sg13g2_dfrbpq_1)
    17    0.047591    0.248852    0.466030    0.466030 v _310_/Q (sg13g2_dfrbpq_1)
                                                         DPATH.SUM.fa_6.A (net)
                      0.248852    0.000000    0.466030 v _176_/A (sg13g2_nand3_1)
     1    0.010000    0.095649    0.164306    0.630336 ^ _176_/Y (sg13g2_nand3_1)
                                                         sine_out[16] (net)
                      0.095649    0.000000    0.630336 ^ sine_out[16] (out)
                                              0.630336   data arrival time

                      0.100000    0.000000    0.000000   clock clk (rise edge)
                                  0.000000    0.000000   clock network delay (ideal)
                                  0.150000    0.150000   clock uncertainty
                                  0.000000    0.150000   clock reconvergence pessimism
                                  0.000000    0.150000   output external delay
                                              0.150000   data required time
---------------------------------------------------------------------------------------------
                                              0.150000   data required time
                                             -0.630336   data arrival time
---------------------------------------------------------------------------------------------
                                              0.480336   slack (MET)


Startpoint: _310_ (rising edge-triggered flip-flop clocked by clk)
Endpoint: sine_out[14] (output port clocked by clk)
Path Group: clk
Path Type: min

Fanout         Cap        Slew       Delay        Time   Description
---------------------------------------------------------------------------------------------
                      0.100000    0.000000    0.000000   clock clk (rise edge)
                                  0.000000    0.000000   clock network delay (ideal)
                      0.100000    0.000000    0.000000 ^ _310_/CLK (sg13g2_dfrbpq_1)
    17    0.047591    0.248852    0.466030    0.466030 v _310_/Q (sg13g2_dfrbpq_1)
                                                         DPATH.SUM.fa_6.A (net)
                      0.248852    0.000000    0.466030 v _171_/B1 (sg13g2_o21ai_1)
     1    0.010000    0.129578    0.171388    0.637417 ^ _171_/Y (sg13g2_o21ai_1)
                                                         sine_out[14] (net)
                      0.129578    0.000000    0.637417 ^ sine_out[14] (out)
                                              0.637417   data arrival time

                      0.100000    0.000000    0.000000   clock clk (rise edge)
                                  0.000000    0.000000   clock network delay (ideal)
                                  0.150000    0.150000   clock uncertainty
                                  0.000000    0.150000   clock reconvergence pessimism
                                  0.000000    0.150000   output external delay
                                              0.150000   data required time
---------------------------------------------------------------------------------------------
                                              0.150000   data required time
                                             -0.637417   data arrival time
---------------------------------------------------------------------------------------------
                                              0.487417   slack (MET)


Startpoint: _310_ (rising edge-triggered flip-flop clocked by clk)
Endpoint: sine_out[15] (output port clocked by clk)
Path Group: clk
Path Type: min

Fanout         Cap        Slew       Delay        Time   Description
---------------------------------------------------------------------------------------------
                      0.100000    0.000000    0.000000   clock clk (rise edge)
                                  0.000000    0.000000   clock network delay (ideal)
                      0.100000    0.000000    0.000000 ^ _310_/CLK (sg13g2_dfrbpq_1)
    17    0.047591    0.248852    0.466030    0.466030 v _310_/Q (sg13g2_dfrbpq_1)
                                                         DPATH.SUM.fa_6.A (net)
                      0.248852    0.000000    0.466030 v _173_/B1 (sg13g2_o21ai_1)
     1    0.010000    0.129578    0.171388    0.637417 ^ _173_/Y (sg13g2_o21ai_1)
                                                         sine_out[15] (net)
                      0.129578    0.000000    0.637417 ^ sine_out[15] (out)
                                              0.637417   data arrival time

                      0.100000    0.000000    0.000000   clock clk (rise edge)
                                  0.000000    0.000000   clock network delay (ideal)
                                  0.150000    0.150000   clock uncertainty
                                  0.000000    0.150000   clock reconvergence pessimism
                                  0.000000    0.150000   output external delay
                                              0.150000   data required time
---------------------------------------------------------------------------------------------
                                              0.150000   data required time
                                             -0.637417   data arrival time
---------------------------------------------------------------------------------------------
                                              0.487417   slack (MET)


Startpoint: _310_ (rising edge-triggered flip-flop clocked by clk)
Endpoint: sine_out[17] (output port clocked by clk)
Path Group: clk
Path Type: min

Fanout         Cap        Slew       Delay        Time   Description
---------------------------------------------------------------------------------------------
                      0.100000    0.000000    0.000000   clock clk (rise edge)
                                  0.000000    0.000000   clock network delay (ideal)
                      0.100000    0.000000    0.000000 ^ _310_/CLK (sg13g2_dfrbpq_1)
    17    0.047591    0.248852    0.466030    0.466030 v _310_/Q (sg13g2_dfrbpq_1)
                                                         DPATH.SUM.fa_6.A (net)
                      0.248852    0.000000    0.466030 v _179_/B (sg13g2_nand3_1)
     1    0.010000    0.098857    0.176443    0.642473 ^ _179_/Y (sg13g2_nand3_1)
                                                         sine_out[17] (net)
                      0.098857    0.000000    0.642473 ^ sine_out[17] (out)
                                              0.642473   data arrival time

                      0.100000    0.000000    0.000000   clock clk (rise edge)
                                  0.000000    0.000000   clock network delay (ideal)
                                  0.150000    0.150000   clock uncertainty
                                  0.000000    0.150000   clock reconvergence pessimism
                                  0.000000    0.150000   output external delay
                                              0.150000   data required time
---------------------------------------------------------------------------------------------
                                              0.150000   data required time
                                             -0.642473   data arrival time
---------------------------------------------------------------------------------------------
                                              0.492473   slack (MET)


Startpoint: _310_ (rising edge-triggered flip-flop clocked by clk)
Endpoint: sine_out[13] (output port clocked by clk)
Path Group: clk
Path Type: min

Fanout         Cap        Slew       Delay        Time   Description
---------------------------------------------------------------------------------------------
                      0.100000    0.000000    0.000000   clock clk (rise edge)
                                  0.000000    0.000000   clock network delay (ideal)
                      0.100000    0.000000    0.000000 ^ _310_/CLK (sg13g2_dfrbpq_1)
    17    0.047591    0.248852    0.466030    0.466030 v _310_/Q (sg13g2_dfrbpq_1)
                                                         DPATH.SUM.fa_6.A (net)
                      0.248852    0.000000    0.466030 v _170_/B1 (sg13g2_a21oi_1)
     1    0.010000    0.152453    0.185536    0.651566 ^ _170_/Y (sg13g2_a21oi_1)
                                                         sine_out[13] (net)
                      0.152453    0.000000    0.651566 ^ sine_out[13] (out)
                                              0.651566   data arrival time

                      0.100000    0.000000    0.000000   clock clk (rise edge)
                                  0.000000    0.000000   clock network delay (ideal)
                                  0.150000    0.150000   clock uncertainty
                                  0.000000    0.150000   clock reconvergence pessimism
                                  0.000000    0.150000   output external delay
                                              0.150000   data required time
---------------------------------------------------------------------------------------------
                                              0.150000   data required time
                                             -0.651566   data arrival time
---------------------------------------------------------------------------------------------
                                              0.501566   slack (MET)


Startpoint: _310_ (rising edge-triggered flip-flop clocked by clk)
Endpoint: sine_out[9] (output port clocked by clk)
Path Group: clk
Path Type: min

Fanout         Cap        Slew       Delay        Time   Description
---------------------------------------------------------------------------------------------
                      0.100000    0.000000    0.000000   clock clk (rise edge)
                                  0.000000    0.000000   clock network delay (ideal)
                      0.100000    0.000000    0.000000 ^ _310_/CLK (sg13g2_dfrbpq_1)
    17    0.047591    0.248852    0.466030    0.466030 v _310_/Q (sg13g2_dfrbpq_1)
                                                         DPATH.SUM.fa_6.A (net)
                      0.248852    0.000000    0.466030 v _150_/B1 (sg13g2_a21oi_1)
     1    0.010000    0.152453    0.185536    0.651566 ^ _150_/Y (sg13g2_a21oi_1)
                                                         sine_out[9] (net)
                      0.152453    0.000000    0.651566 ^ sine_out[9] (out)
                                              0.651566   data arrival time

                      0.100000    0.000000    0.000000   clock clk (rise edge)
                                  0.000000    0.000000   clock network delay (ideal)
                                  0.150000    0.150000   clock uncertainty
                                  0.000000    0.150000   clock reconvergence pessimism
                                  0.000000    0.150000   output external delay
                                              0.150000   data required time
---------------------------------------------------------------------------------------------
                                              0.150000   data required time
                                             -0.651566   data arrival time
---------------------------------------------------------------------------------------------
                                              0.501566   slack (MET)


Startpoint: _304_ (rising edge-triggered flip-flop clocked by clk)
Endpoint: _305_ (rising edge-triggered flip-flop clocked by clk)
Path Group: clk
Path Type: min

Fanout         Cap        Slew       Delay        Time   Description
---------------------------------------------------------------------------------------------
                      0.100000    0.000000    0.000000   clock clk (rise edge)
                                  0.000000    0.000000   clock network delay (ideal)
                      0.100000    0.000000    0.000000 ^ _304_/CLK (sg13g2_dfrbpq_1)
    16    0.047938    0.250571    0.467310    0.467310 v _304_/Q (sg13g2_dfrbpq_1)
                                                         DPATH.SUM.Cout0 (net)
                      0.250571    0.000000    0.467310 v _182_/A (sg13g2_xnor2_1)
     1    0.001355    0.041799    0.159000    0.626309 v _182_/Y (sg13g2_xnor2_1)
                                                         DPATH.SUM.fa_1.S (net)
                      0.041799    0.000000    0.626309 v _305_/D (sg13g2_dfrbpq_1)
                                              0.626309   data arrival time

                      0.100000    0.000000    0.000000   clock clk (rise edge)
                                  0.000000    0.000000   clock network delay (ideal)
                                  0.150000    0.150000   clock uncertainty
                                  0.000000    0.150000   clock reconvergence pessimism
                                              0.150000 ^ _305_/CLK (sg13g2_dfrbpq_1)
                                 -0.034787    0.115213   library hold time
                                              0.115213   data required time
---------------------------------------------------------------------------------------------
                                              0.115213   data required time
                                             -0.626309   data arrival time
---------------------------------------------------------------------------------------------
                                              0.511096   slack (MET)


Startpoint: _312_ (rising edge-triggered flip-flop clocked by clk)
Endpoint: _312_ (rising edge-triggered flip-flop clocked by clk)
Path Group: clk
Path Type: min

Fanout         Cap        Slew       Delay        Time   Description
---------------------------------------------------------------------------------------------
                      0.100000    0.000000    0.000000   clock clk (rise edge)
                                  0.000000    0.000000   clock network delay (ideal)
                      0.100000    0.000000    0.000000 ^ _312_/CLK (sg13g2_dfrbpq_1)
    13    0.047030    0.246080    0.463965    0.463965 v _312_/Q (sg13g2_dfrbpq_1)
                                                         CTRL.S0 (net)
                      0.246080    0.000000    0.463965 v _206_/B1 (sg13g2_a21oi_1)
     1    0.002825    0.078718    0.118697    0.582662 ^ _206_/Y (sg13g2_a21oi_1)
                                                         _020_ (net)
                      0.078718    0.000000    0.582662 ^ _207_/B (sg13g2_nor2_1)
     1    0.001355    0.031217    0.054374    0.637036 v _207_/Y (sg13g2_nor2_1)
                                                         CTRL.P0 (net)
                      0.031217    0.000000    0.637036 v _312_/D (sg13g2_dfrbpq_1)
                                              0.637036   data arrival time

                      0.100000    0.000000    0.000000   clock clk (rise edge)
                                  0.000000    0.000000   clock network delay (ideal)
                                  0.150000    0.150000   clock uncertainty
                                  0.000000    0.150000   clock reconvergence pessimism
                                              0.150000 ^ _312_/CLK (sg13g2_dfrbpq_1)
                                 -0.030522    0.119478   library hold time
                                              0.119478   data required time
---------------------------------------------------------------------------------------------
                                              0.119478   data required time
                                             -0.637036   data arrival time
---------------------------------------------------------------------------------------------
                                              0.517558   slack (MET)


Startpoint: _311_ (rising edge-triggered flip-flop clocked by clk)
Endpoint: signB (output port clocked by clk)
Path Group: clk
Path Type: min

Fanout         Cap        Slew       Delay        Time   Description
---------------------------------------------------------------------------------------------
                      0.100000    0.000000    0.000000   clock clk (rise edge)
                                  0.000000    0.000000   clock network delay (ideal)
                      0.100000    0.000000    0.000000 ^ _311_/CLK (sg13g2_dfrbpq_1)
     2    0.032646    0.175120    0.410787    0.410787 v _311_/Q (sg13g2_dfrbpq_1)
                                                         sign (net)
                      0.175120    0.000000    0.410787 v _142_/A (sg13g2_inv_1)
     2    0.035247    0.240872    0.269737    0.680524 ^ _142_/Y (sg13g2_inv_1)
                                                         signB (net)
                      0.240872    0.000000    0.680524 ^ signB (out)
                                              0.680524   data arrival time

                      0.100000    0.000000    0.000000   clock clk (rise edge)
                                  0.000000    0.000000   clock network delay (ideal)
                                  0.150000    0.150000   clock uncertainty
                                  0.000000    0.150000   clock reconvergence pessimism
                                  0.000000    0.150000   output external delay
                                              0.150000   data required time
---------------------------------------------------------------------------------------------
                                              0.150000   data required time
                                             -0.680524   data arrival time
---------------------------------------------------------------------------------------------
                                              0.530524   slack (MET)


Startpoint: _306_ (rising edge-triggered flip-flop clocked by clk)
Endpoint: _306_ (rising edge-triggered flip-flop clocked by clk)
Path Group: clk
Path Type: min

Fanout         Cap        Slew       Delay        Time   Description
---------------------------------------------------------------------------------------------
                      0.100000    0.000000    0.000000   clock clk (rise edge)
                                  0.000000    0.000000   clock network delay (ideal)
                      0.100000    0.000000    0.000000 ^ _306_/CLK (sg13g2_dfrbpq_1)
    11    0.033806    0.180819    0.415092    0.415092 v _306_/Q (sg13g2_dfrbpq_1)
                                                         DPATH.SUM.fa_2.A (net)
                      0.180819    0.000000    0.415092 v _185_/A (sg13g2_xor2_1)
     2    0.007525    0.067333    0.181748    0.596840 v _185_/X (sg13g2_xor2_1)
                                                         _134_ (net)
                      0.067333    0.000000    0.596840 v _186_/B (sg13g2_xor2_1)
     1    0.001355    0.036674    0.083338    0.680178 v _186_/X (sg13g2_xor2_1)
                                                         DPATH.SUM.fa_2.S (net)
                      0.036674    0.000000    0.680178 v _306_/D (sg13g2_dfrbpq_1)
                                              0.680178   data arrival time

                      0.100000    0.000000    0.000000   clock clk (rise edge)
                                  0.000000    0.000000   clock network delay (ideal)
                                  0.150000    0.150000   clock uncertainty
                                  0.000000    0.150000   clock reconvergence pessimism
                                              0.150000 ^ _306_/CLK (sg13g2_dfrbpq_1)
                                 -0.032722    0.117278   library hold time
                                              0.117278   data required time
---------------------------------------------------------------------------------------------
                                              0.117278   data required time
                                             -0.680178   data arrival time
---------------------------------------------------------------------------------------------
                                              0.562899   slack (MET)


Startpoint: _310_ (rising edge-triggered flip-flop clocked by clk)
Endpoint: sine_out[0] (output port clocked by clk)
Path Group: clk
Path Type: min

Fanout         Cap        Slew       Delay        Time   Description
---------------------------------------------------------------------------------------------
                      0.100000    0.000000    0.000000   clock clk (rise edge)
                                  0.000000    0.000000   clock network delay (ideal)
                      0.100000    0.000000    0.000000 ^ _310_/CLK (sg13g2_dfrbpq_1)
    17    0.047591    0.248852    0.466030    0.466030 v _310_/Q (sg13g2_dfrbpq_1)
                                                         DPATH.SUM.fa_6.A (net)
                      0.248852    0.000000    0.466030 v _247_/A1 (sg13g2_a22oi_1)
     1    0.010000    0.168484    0.251452    0.717482 ^ _247_/Y (sg13g2_a22oi_1)
                                                         sine_out[0] (net)
                      0.168484    0.000000    0.717482 ^ sine_out[0] (out)
                                              0.717482   data arrival time

                      0.100000    0.000000    0.000000   clock clk (rise edge)
                                  0.000000    0.000000   clock network delay (ideal)
                                  0.150000    0.150000   clock uncertainty
                                  0.000000    0.150000   clock reconvergence pessimism
                                  0.000000    0.150000   output external delay
                                              0.150000   data required time
---------------------------------------------------------------------------------------------
                                              0.150000   data required time
                                             -0.717482   data arrival time
---------------------------------------------------------------------------------------------
                                              0.567482   slack (MET)


Startpoint: _310_ (rising edge-triggered flip-flop clocked by clk)
Endpoint: sine_out[2] (output port clocked by clk)
Path Group: clk
Path Type: min

Fanout         Cap        Slew       Delay        Time   Description
---------------------------------------------------------------------------------------------
                      0.100000    0.000000    0.000000   clock clk (rise edge)
                                  0.000000    0.000000   clock network delay (ideal)
                      0.100000    0.000000    0.000000 ^ _310_/CLK (sg13g2_dfrbpq_1)
    17    0.047591    0.248852    0.466030    0.466030 v _310_/Q (sg13g2_dfrbpq_1)
                                                         DPATH.SUM.fa_6.A (net)
                      0.248852    0.000000    0.466030 v _286_/B1 (sg13g2_o21ai_1)
     1    0.002783    0.082005    0.113672    0.579702 ^ _286_/Y (sg13g2_o21ai_1)
                                                         _097_ (net)
                      0.082005    0.000000    0.579702 ^ _287_/B1 (sg13g2_a21oi_1)
     1    0.002653    0.037987    0.061245    0.640947 v _287_/Y (sg13g2_a21oi_1)
                                                         _098_ (net)
                      0.037987    0.000000    0.640947 v _288_/B1 (sg13g2_a21oi_1)
     1    0.010000    0.117518    0.110965    0.751912 ^ _288_/Y (sg13g2_a21oi_1)
                                                         sine_out[2] (net)
                      0.117518    0.000000    0.751912 ^ sine_out[2] (out)
                                              0.751912   data arrival time

                      0.100000    0.000000    0.000000   clock clk (rise edge)
                                  0.000000    0.000000   clock network delay (ideal)
                                  0.150000    0.150000   clock uncertainty
                                  0.000000    0.150000   clock reconvergence pessimism
                                  0.000000    0.150000   output external delay
                                              0.150000   data required time
---------------------------------------------------------------------------------------------
                                              0.150000   data required time
                                             -0.751912   data arrival time
---------------------------------------------------------------------------------------------
                                              0.601912   slack (MET)


Startpoint: _310_ (rising edge-triggered flip-flop clocked by clk)
Endpoint: _310_ (rising edge-triggered flip-flop clocked by clk)
Path Group: clk
Path Type: min

Fanout         Cap        Slew       Delay        Time   Description
---------------------------------------------------------------------------------------------
                      0.100000    0.000000    0.000000   clock clk (rise edge)
                                  0.000000    0.000000   clock network delay (ideal)
                      0.100000    0.000000    0.000000 ^ _310_/CLK (sg13g2_dfrbpq_1)
    17    0.047591    0.248852    0.466030    0.466030 v _310_/Q (sg13g2_dfrbpq_1)
                                                         DPATH.SUM.fa_6.A (net)
                      0.248852    0.000000    0.466030 v _200_/B (sg13g2_xnor2_1)
     1    0.004766    0.075285    0.169374    0.635404 v _200_/Y (sg13g2_xnor2_1)
                                                         _016_ (net)
                      0.075285    0.000000    0.635404 v _201_/B (sg13g2_xnor2_1)
     1    0.001355    0.040626    0.089764    0.725168 v _201_/Y (sg13g2_xnor2_1)
                                                         DPATH.SUM.fa_6.S (net)
                      0.040626    0.000000    0.725168 v _310_/D (sg13g2_dfrbpq_1)
                                              0.725168   data arrival time

                      0.100000    0.000000    0.000000   clock clk (rise edge)
                                  0.000000    0.000000   clock network delay (ideal)
                                  0.150000    0.150000   clock uncertainty
                                  0.000000    0.150000   clock reconvergence pessimism
                                              0.150000 ^ _310_/CLK (sg13g2_dfrbpq_1)
                                 -0.034314    0.115686   library hold time
                                              0.115686   data required time
---------------------------------------------------------------------------------------------
                                              0.115686   data required time
                                             -0.725168   data arrival time
---------------------------------------------------------------------------------------------
                                              0.609482   slack (MET)


Startpoint: _310_ (rising edge-triggered flip-flop clocked by clk)
Endpoint: sine_out[1] (output port clocked by clk)
Path Group: clk
Path Type: min

Fanout         Cap        Slew       Delay        Time   Description
---------------------------------------------------------------------------------------------
                      0.100000    0.000000    0.000000   clock clk (rise edge)
                                  0.000000    0.000000   clock network delay (ideal)
                      0.100000    0.000000    0.000000 ^ _310_/CLK (sg13g2_dfrbpq_1)
    17    0.049238    0.319259    0.501817    0.501817 ^ _310_/Q (sg13g2_dfrbpq_1)
                                                         DPATH.SUM.fa_6.A (net)
                      0.319259    0.000000    0.501817 ^ _256_/A (sg13g2_nor4_1)
     1    0.002653    0.035761    0.166944    0.668761 v _256_/Y (sg13g2_nor4_1)
                                                         _068_ (net)
                      0.035761    0.000000    0.668761 v _267_/B1 (sg13g2_a21oi_1)
     1    0.010000    0.117246    0.110020    0.778781 ^ _267_/Y (sg13g2_a21oi_1)
                                                         sine_out[1] (net)
                      0.117246    0.000000    0.778781 ^ sine_out[1] (out)
                                              0.778781   data arrival time

                      0.100000    0.000000    0.000000   clock clk (rise edge)
                                  0.000000    0.000000   clock network delay (ideal)
                                  0.150000    0.150000   clock uncertainty
                                  0.000000    0.150000   clock reconvergence pessimism
                                  0.000000    0.150000   output external delay
                                              0.150000   data required time
---------------------------------------------------------------------------------------------
                                              0.150000   data required time
                                             -0.778781   data arrival time
---------------------------------------------------------------------------------------------
                                              0.628781   slack (MET)


Startpoint: _304_ (rising edge-triggered flip-flop clocked by clk)
Endpoint: _311_ (rising edge-triggered flip-flop clocked by clk)
Path Group: clk
Path Type: min

Fanout         Cap        Slew       Delay        Time   Description
---------------------------------------------------------------------------------------------
                      0.100000    0.000000    0.000000   clock clk (rise edge)
                                  0.000000    0.000000   clock network delay (ideal)
                      0.100000    0.000000    0.000000 ^ _304_/CLK (sg13g2_dfrbpq_1)
    16    0.047938    0.250571    0.467310    0.467310 v _304_/Q (sg13g2_dfrbpq_1)
                                                         DPATH.SUM.Cout0 (net)
                      0.250571    0.000000    0.467310 v _202_/B (sg13g2_nand3b_1)
     1    0.002803    0.054283    0.129998    0.597308 ^ _202_/Y (sg13g2_nand3b_1)
                                                         _017_ (net)
                      0.054283    0.000000    0.597308 ^ _203_/C (sg13g2_nor3_1)
     2    0.007593    0.057211    0.074064    0.671372 v _203_/Y (sg13g2_nor3_1)
                                                         _018_ (net)
                      0.057211    0.000000    0.671372 v _204_/B (sg13g2_xnor2_1)
     1    0.001355    0.040343    0.082106    0.753478 v _204_/Y (sg13g2_xnor2_1)
                                                         CTRL.P1 (net)
                      0.040343    0.000000    0.753478 v _311_/D (sg13g2_dfrbpq_1)
                                              0.753478   data arrival time

                      0.100000    0.000000    0.000000   clock clk (rise edge)
                                  0.000000    0.000000   clock network delay (ideal)
                                  0.150000    0.150000   clock uncertainty
                                  0.000000    0.150000   clock reconvergence pessimism
                                              0.150000 ^ _311_/CLK (sg13g2_dfrbpq_1)
                                 -0.034200    0.115800   library hold time
                                              0.115800   data required time
---------------------------------------------------------------------------------------------
                                              0.115800   data required time
                                             -0.753478   data arrival time
---------------------------------------------------------------------------------------------
                                              0.637679   slack (MET)


Startpoint: _312_ (rising edge-triggered flip-flop clocked by clk)
Endpoint: _307_ (rising edge-triggered flip-flop clocked by clk)
Path Group: clk
Path Type: min

Fanout         Cap        Slew       Delay        Time   Description
---------------------------------------------------------------------------------------------
                      0.100000    0.000000    0.000000   clock clk (rise edge)
                                  0.000000    0.000000   clock network delay (ideal)
                      0.100000    0.000000    0.000000 ^ _312_/CLK (sg13g2_dfrbpq_1)
    13    0.047030    0.246080    0.463965    0.463965 v _312_/Q (sg13g2_dfrbpq_1)
                                                         CTRL.S0 (net)
                      0.246080    0.000000    0.463965 v _189_/B (sg13g2_xnor2_1)
     2    0.007735    0.101674    0.194054    0.658019 v _189_/Y (sg13g2_xnor2_1)
                                                         _137_ (net)
                      0.101674    0.000000    0.658019 v _190_/B (sg13g2_xor2_1)
     1    0.001355    0.036461    0.098166    0.756185 v _190_/X (sg13g2_xor2_1)
                                                         DPATH.SUM.fa_3.S (net)
                      0.036461    0.000000    0.756185 v _307_/D (sg13g2_dfrbpq_1)
                                              0.756185   data arrival time

                      0.100000    0.000000    0.000000   clock clk (rise edge)
                                  0.000000    0.000000   clock network delay (ideal)
                                  0.150000    0.150000   clock uncertainty
                                  0.000000    0.150000   clock reconvergence pessimism
                                              0.150000 ^ _307_/CLK (sg13g2_dfrbpq_1)
                                 -0.032636    0.117364   library hold time
                                              0.117364   data required time
---------------------------------------------------------------------------------------------
                                              0.117364   data required time
                                             -0.756185   data arrival time
---------------------------------------------------------------------------------------------
                                              0.638821   slack (MET)


Startpoint: _312_ (rising edge-triggered flip-flop clocked by clk)
Endpoint: _308_ (rising edge-triggered flip-flop clocked by clk)
Path Group: clk
Path Type: min

Fanout         Cap        Slew       Delay        Time   Description
---------------------------------------------------------------------------------------------
                      0.100000    0.000000    0.000000   clock clk (rise edge)
                                  0.000000    0.000000   clock network delay (ideal)
                      0.100000    0.000000    0.000000 ^ _312_/CLK (sg13g2_dfrbpq_1)
    13    0.047030    0.246080    0.463965    0.463965 v _312_/Q (sg13g2_dfrbpq_1)
                                                         CTRL.S0 (net)
                      0.246080    0.000000    0.463965 v _192_/B (sg13g2_xor2_1)
     2    0.008030    0.073293    0.199155    0.663120 v _192_/X (sg13g2_xor2_1)
                                                         _010_ (net)
                      0.073293    0.000000    0.663120 v _194_/A (sg13g2_xor2_1)
     1    0.001355    0.036511    0.094394    0.757514 v _194_/X (sg13g2_xor2_1)
                                                         DPATH.SUM.fa_4.S (net)
                      0.036511    0.000000    0.757514 v _308_/D (sg13g2_dfrbpq_1)
                                              0.757514   data arrival time

                      0.100000    0.000000    0.000000   clock clk (rise edge)
                                  0.000000    0.000000   clock network delay (ideal)
                                  0.150000    0.150000   clock uncertainty
                                  0.000000    0.150000   clock reconvergence pessimism
                                              0.150000 ^ _308_/CLK (sg13g2_dfrbpq_1)
                                 -0.032656    0.117344   library hold time
                                              0.117344   data required time
---------------------------------------------------------------------------------------------
                                              0.117344   data required time
                                             -0.757514   data arrival time
---------------------------------------------------------------------------------------------
                                              0.640170   slack (MET)


Startpoint: _308_ (rising edge-triggered flip-flop clocked by clk)
Endpoint: sine_out[6] (output port clocked by clk)
Path Group: clk
Path Type: min

Fanout         Cap        Slew       Delay        Time   Description
---------------------------------------------------------------------------------------------
                      0.100000    0.000000    0.000000   clock clk (rise edge)
                                  0.000000    0.000000   clock network delay (ideal)
                      0.100000    0.000000    0.000000 ^ _308_/CLK (sg13g2_dfrbpq_1)
    24    0.065683    0.338393    0.532716    0.532716 v _308_/Q (sg13g2_dfrbpq_1)
                                                         DPATH.SUM.fa_4.A (net)
                      0.338393    0.000000    0.532716 v _293_/A1 (sg13g2_a21oi_1)
     1    0.010000    0.129512    0.260594    0.793311 ^ _293_/Y (sg13g2_a21oi_1)
                                                         sine_out[6] (net)
                      0.129512    0.000000    0.793311 ^ sine_out[6] (out)
                                              0.793311   data arrival time

                      0.100000    0.000000    0.000000   clock clk (rise edge)
                                  0.000000    0.000000   clock network delay (ideal)
                                  0.150000    0.150000   clock uncertainty
                                  0.000000    0.150000   clock reconvergence pessimism
                                  0.000000    0.150000   output external delay
                                              0.150000   data required time
---------------------------------------------------------------------------------------------
                                              0.150000   data required time
                                             -0.793311   data arrival time
---------------------------------------------------------------------------------------------
                                              0.643311   slack (MET)


Startpoint: _308_ (rising edge-triggered flip-flop clocked by clk)
Endpoint: sine_out[7] (output port clocked by clk)
Path Group: clk
Path Type: min

Fanout         Cap        Slew       Delay        Time   Description
---------------------------------------------------------------------------------------------
                      0.100000    0.000000    0.000000   clock clk (rise edge)
                                  0.000000    0.000000   clock network delay (ideal)
                      0.100000    0.000000    0.000000 ^ _308_/CLK (sg13g2_dfrbpq_1)
    24    0.065683    0.338393    0.532716    0.532716 v _308_/Q (sg13g2_dfrbpq_1)
                                                         DPATH.SUM.fa_4.A (net)
                      0.338393    0.000000    0.532716 v _294_/A1 (sg13g2_a21oi_1)
     1    0.010000    0.129512    0.260594    0.793311 ^ _294_/Y (sg13g2_a21oi_1)
                                                         sine_out[7] (net)
                      0.129512    0.000000    0.793311 ^ sine_out[7] (out)
                                              0.793311   data arrival time

                      0.100000    0.000000    0.000000   clock clk (rise edge)
                                  0.000000    0.000000   clock network delay (ideal)
                                  0.150000    0.150000   clock uncertainty
                                  0.000000    0.150000   clock reconvergence pessimism
                                  0.000000    0.150000   output external delay
                                              0.150000   data required time
---------------------------------------------------------------------------------------------
                                              0.150000   data required time
                                             -0.793311   data arrival time
---------------------------------------------------------------------------------------------
                                              0.643311   slack (MET)


Startpoint: _308_ (rising edge-triggered flip-flop clocked by clk)
Endpoint: sine_out[8] (output port clocked by clk)
Path Group: clk
Path Type: min

Fanout         Cap        Slew       Delay        Time   Description
---------------------------------------------------------------------------------------------
                      0.100000    0.000000    0.000000   clock clk (rise edge)
                                  0.000000    0.000000   clock network delay (ideal)
                      0.100000    0.000000    0.000000 ^ _308_/CLK (sg13g2_dfrbpq_1)
    24    0.065683    0.338393    0.532716    0.532716 v _308_/Q (sg13g2_dfrbpq_1)
                                                         DPATH.SUM.fa_4.A (net)
                      0.338393    0.000000    0.532716 v _295_/A1 (sg13g2_a21oi_1)
     1    0.010000    0.129512    0.260594    0.793311 ^ _295_/Y (sg13g2_a21oi_1)
                                                         sine_out[8] (net)
                      0.129512    0.000000    0.793311 ^ sine_out[8] (out)
                                              0.793311   data arrival time

                      0.100000    0.000000    0.000000   clock clk (rise edge)
                                  0.000000    0.000000   clock network delay (ideal)
                                  0.150000    0.150000   clock uncertainty
                                  0.000000    0.150000   clock reconvergence pessimism
                                  0.000000    0.150000   output external delay
                                              0.150000   data required time
---------------------------------------------------------------------------------------------
                                              0.150000   data required time
                                             -0.793311   data arrival time
---------------------------------------------------------------------------------------------
                                              0.643311   slack (MET)


Startpoint: _304_ (rising edge-triggered flip-flop clocked by clk)
Endpoint: _304_ (rising edge-triggered flip-flop clocked by clk)
Path Group: clk
Path Type: min

Fanout         Cap        Slew       Delay        Time   Description
---------------------------------------------------------------------------------------------
                      0.100000    0.000000    0.000000   clock clk (rise edge)
                                  0.000000    0.000000   clock network delay (ideal)
                      0.100000    0.000000    0.000000 ^ _304_/CLK (sg13g2_dfrbpq_1)
    16    0.050195    0.325184    0.505967    0.505967 ^ _304_/Q (sg13g2_dfrbpq_1)
                                                         DPATH.SUM.Cout0 (net)
                      0.325184    0.000000    0.505967 ^ _141_/A (sg13g2_inv_1)
     6    0.015757    0.147947    0.212457    0.718423 v _141_/Y (sg13g2_inv_1)
                                                         DPATH.SUM.ha_0.S (net)
                      0.147947    0.000000    0.718423 v _304_/D (sg13g2_dfrbpq_1)
                                              0.718423   data arrival time

                      0.100000    0.000000    0.000000   clock clk (rise edge)
                                  0.000000    0.000000   clock network delay (ideal)
                                  0.150000    0.150000   clock uncertainty
                                  0.000000    0.150000   clock reconvergence pessimism
                                              0.150000 ^ _304_/CLK (sg13g2_dfrbpq_1)
                                 -0.077568    0.072432   library hold time
                                              0.072432   data required time
---------------------------------------------------------------------------------------------
                                              0.072432   data required time
                                             -0.718423   data arrival time
---------------------------------------------------------------------------------------------
                                              0.645991   slack (MET)


Startpoint: _312_ (rising edge-triggered flip-flop clocked by clk)
Endpoint: _309_ (rising edge-triggered flip-flop clocked by clk)
Path Group: clk
Path Type: min

Fanout         Cap        Slew       Delay        Time   Description
---------------------------------------------------------------------------------------------
                      0.100000    0.000000    0.000000   clock clk (rise edge)
                                  0.000000    0.000000   clock network delay (ideal)
                      0.100000    0.000000    0.000000 ^ _312_/CLK (sg13g2_dfrbpq_1)
    13    0.047030    0.246080    0.463965    0.463965 v _312_/Q (sg13g2_dfrbpq_1)
                                                         CTRL.S0 (net)
                      0.246080    0.000000    0.463965 v _196_/B (sg13g2_xnor2_1)
     2    0.008256    0.106186    0.198514    0.662480 v _196_/Y (sg13g2_xnor2_1)
                                                         _013_ (net)
                      0.106186    0.000000    0.662480 v _198_/A (sg13g2_xor2_1)
     1    0.001355    0.036813    0.108444    0.770923 v _198_/X (sg13g2_xor2_1)
                                                         DPATH.SUM.fa_5.S (net)
                      0.036813    0.000000    0.770923 v _309_/D (sg13g2_dfrbpq_1)
                                              0.770923   data arrival time

                      0.100000    0.000000    0.000000   clock clk (rise edge)
                                  0.000000    0.000000   clock network delay (ideal)
                                  0.150000    0.150000   clock uncertainty
                                  0.000000    0.150000   clock reconvergence pessimism
                                              0.150000 ^ _309_/CLK (sg13g2_dfrbpq_1)
                                 -0.032777    0.117223   library hold time
                                              0.117223   data required time
---------------------------------------------------------------------------------------------
                                              0.117223   data required time
                                             -0.770923   data arrival time
---------------------------------------------------------------------------------------------
                                              0.653701   slack (MET)


Startpoint: _308_ (rising edge-triggered flip-flop clocked by clk)
Endpoint: sine_out[4] (output port clocked by clk)
Path Group: clk
Path Type: min

Fanout         Cap        Slew       Delay        Time   Description
---------------------------------------------------------------------------------------------
                      0.100000    0.000000    0.000000   clock clk (rise edge)
                                  0.000000    0.000000   clock network delay (ideal)
                      0.100000    0.000000    0.000000 ^ _308_/CLK (sg13g2_dfrbpq_1)
    24    0.067541    0.432585    0.581166    0.581166 ^ _308_/Q (sg13g2_dfrbpq_1)
                                                         DPATH.SUM.fa_4.A (net)
                      0.432585    0.000000    0.581166 ^ _290_/A (sg13g2_nor3_1)
     1    0.010000    0.085374    0.228899    0.810065 v _290_/Y (sg13g2_nor3_1)
                                                         sine_out[4] (net)
                      0.085374    0.000000    0.810065 v sine_out[4] (out)
                                              0.810065   data arrival time

                      0.100000    0.000000    0.000000   clock clk (rise edge)
                                  0.000000    0.000000   clock network delay (ideal)
                                  0.150000    0.150000   clock uncertainty
                                  0.000000    0.150000   clock reconvergence pessimism
                                  0.000000    0.150000   output external delay
                                              0.150000   data required time
---------------------------------------------------------------------------------------------
                                              0.150000   data required time
                                             -0.810065   data arrival time
---------------------------------------------------------------------------------------------
                                              0.660065   slack (MET)


Startpoint: _308_ (rising edge-triggered flip-flop clocked by clk)
Endpoint: sine_out[5] (output port clocked by clk)
Path Group: clk
Path Type: min

Fanout         Cap        Slew       Delay        Time   Description
---------------------------------------------------------------------------------------------
                      0.100000    0.000000    0.000000   clock clk (rise edge)
                                  0.000000    0.000000   clock network delay (ideal)
                      0.100000    0.000000    0.000000 ^ _308_/CLK (sg13g2_dfrbpq_1)
    24    0.067541    0.432585    0.581166    0.581166 ^ _308_/Q (sg13g2_dfrbpq_1)
                                                         DPATH.SUM.fa_4.A (net)
                      0.432585    0.000000    0.581166 ^ _292_/A (sg13g2_nor3_1)
     1    0.010000    0.077961    0.228899    0.810065 v _292_/Y (sg13g2_nor3_1)
                                                         sine_out[5] (net)
                      0.077961    0.000000    0.810065 v sine_out[5] (out)
                                              0.810065   data arrival time

                      0.100000    0.000000    0.000000   clock clk (rise edge)
                                  0.000000    0.000000   clock network delay (ideal)
                                  0.150000    0.150000   clock uncertainty
                                  0.000000    0.150000   clock reconvergence pessimism
                                  0.000000    0.150000   output external delay
                                              0.150000   data required time
---------------------------------------------------------------------------------------------
                                              0.150000   data required time
                                             -0.810065   data arrival time
---------------------------------------------------------------------------------------------
                                              0.660065   slack (MET)


Startpoint: _310_ (rising edge-triggered flip-flop clocked by clk)
Endpoint: sine_out[11] (output port clocked by clk)
Path Group: clk
Path Type: min

Fanout         Cap        Slew       Delay        Time   Description
---------------------------------------------------------------------------------------------
                      0.100000    0.000000    0.000000   clock clk (rise edge)
                                  0.000000    0.000000   clock network delay (ideal)
                      0.100000    0.000000    0.000000 ^ _310_/CLK (sg13g2_dfrbpq_1)
    17    0.047591    0.248852    0.466030    0.466030 v _310_/Q (sg13g2_dfrbpq_1)
                                                         DPATH.SUM.fa_6.A (net)
                      0.248852    0.000000    0.466030 v _153_/A_N (sg13g2_nand2b_1)
     3    0.008527    0.108131    0.235788    0.701817 v _153_/Y (sg13g2_nand2b_1)
                                                         _111_ (net)
                      0.108131    0.000000    0.701817 v _162_/B1 (sg13g2_o21ai_1)
     1    0.010000    0.102168    0.123941    0.825758 ^ _162_/Y (sg13g2_o21ai_1)
                                                         sine_out[11] (net)
                      0.102168    0.000000    0.825758 ^ sine_out[11] (out)
                                              0.825758   data arrival time

                      0.100000    0.000000    0.000000   clock clk (rise edge)
                                  0.000000    0.000000   clock network delay (ideal)
                                  0.150000    0.150000   clock uncertainty
                                  0.000000    0.150000   clock reconvergence pessimism
                                  0.000000    0.150000   output external delay
                                              0.150000   data required time
---------------------------------------------------------------------------------------------
                                              0.150000   data required time
                                             -0.825758   data arrival time
---------------------------------------------------------------------------------------------
                                              0.675758   slack (MET)


Startpoint: _310_ (rising edge-triggered flip-flop clocked by clk)
Endpoint: sine_out[12] (output port clocked by clk)
Path Group: clk
Path Type: min

Fanout         Cap        Slew       Delay        Time   Description
---------------------------------------------------------------------------------------------
                      0.100000    0.000000    0.000000   clock clk (rise edge)
                                  0.000000    0.000000   clock network delay (ideal)
                      0.100000    0.000000    0.000000 ^ _310_/CLK (sg13g2_dfrbpq_1)
    17    0.047591    0.248852    0.466030    0.466030 v _310_/Q (sg13g2_dfrbpq_1)
                                                         DPATH.SUM.fa_6.A (net)
                      0.248852    0.000000    0.466030 v _153_/A_N (sg13g2_nand2b_1)
     3    0.008527    0.108131    0.235788    0.701817 v _153_/Y (sg13g2_nand2b_1)
                                                         _111_ (net)
                      0.108131    0.000000    0.701817 v _167_/B1 (sg13g2_o21ai_1)
     1    0.010000    0.102168    0.123941    0.825758 ^ _167_/Y (sg13g2_o21ai_1)
                                                         sine_out[12] (net)
                      0.102168    0.000000    0.825758 ^ sine_out[12] (out)
                                              0.825758   data arrival time

                      0.100000    0.000000    0.000000   clock clk (rise edge)
                                  0.000000    0.000000   clock network delay (ideal)
                                  0.150000    0.150000   clock uncertainty
                                  0.000000    0.150000   clock reconvergence pessimism
                                  0.000000    0.150000   output external delay
                                              0.150000   data required time
---------------------------------------------------------------------------------------------
                                              0.150000   data required time
                                             -0.825758   data arrival time
---------------------------------------------------------------------------------------------
                                              0.675758   slack (MET)


Startpoint: _310_ (rising edge-triggered flip-flop clocked by clk)
Endpoint: sine_out[10] (output port clocked by clk)
Path Group: clk
Path Type: min

Fanout         Cap        Slew       Delay        Time   Description
---------------------------------------------------------------------------------------------
                      0.100000    0.000000    0.000000   clock clk (rise edge)
                                  0.000000    0.000000   clock network delay (ideal)
                      0.100000    0.000000    0.000000 ^ _310_/CLK (sg13g2_dfrbpq_1)
    17    0.049238    0.319259    0.501817    0.501817 ^ _310_/Q (sg13g2_dfrbpq_1)
                                                         DPATH.SUM.fa_6.A (net)
                      0.319259    0.000000    0.501817 ^ _153_/A_N (sg13g2_nand2b_1)
     3    0.009014    0.084217    0.228492    0.730309 ^ _153_/Y (sg13g2_nand2b_1)
                                                         _111_ (net)
                      0.084217    0.000000    0.730309 ^ _159_/B1 (sg13g2_a21oi_1)
     1    0.010000    0.071845    0.095733    0.826043 v _159_/Y (sg13g2_a21oi_1)
                                                         sine_out[10] (net)
                      0.071845    0.000000    0.826043 v sine_out[10] (out)
                                              0.826043   data arrival time

                      0.100000    0.000000    0.000000   clock clk (rise edge)
                                  0.000000    0.000000   clock network delay (ideal)
                                  0.150000    0.150000   clock uncertainty
                                  0.000000    0.150000   clock reconvergence pessimism
                                  0.000000    0.150000   output external delay
                                              0.150000   data required time
---------------------------------------------------------------------------------------------
                                              0.150000   data required time
                                             -0.826043   data arrival time
---------------------------------------------------------------------------------------------
                                              0.676043   slack (MET)


Startpoint: _306_ (rising edge-triggered flip-flop clocked by clk)
Endpoint: sine_out[3] (output port clocked by clk)
Path Group: clk
Path Type: min

Fanout         Cap        Slew       Delay        Time   Description
---------------------------------------------------------------------------------------------
                      0.100000    0.000000    0.000000   clock clk (rise edge)
                                  0.000000    0.000000   clock network delay (ideal)
                      0.100000    0.000000    0.000000 ^ _306_/CLK (sg13g2_dfrbpq_1)
    11    0.034830    0.230092    0.439232    0.439232 ^ _306_/Q (sg13g2_dfrbpq_1)
                                                         DPATH.SUM.fa_2.A (net)
                      0.230092    0.000000    0.439232 ^ _148_/B1 (sg13g2_o21ai_1)
     4    0.011009    0.155778    0.191632    0.630864 v _148_/Y (sg13g2_o21ai_1)
                                                         _107_ (net)
                      0.155778    0.000000    0.630864 v _149_/B (sg13g2_nand2_1)
     3    0.008993    0.083616    0.132381    0.763245 ^ _149_/Y (sg13g2_nand2_1)
                                                         _108_ (net)
                      0.083616    0.000000    0.763245 ^ _289_/B (sg13g2_nor2_1)
     1    0.010000    0.071455    0.095627    0.858872 v _289_/Y (sg13g2_nor2_1)
                                                         sine_out[3] (net)
                      0.071455    0.000000    0.858872 v sine_out[3] (out)
                                              0.858872   data arrival time

                      0.100000    0.000000    0.000000   clock clk (rise edge)
                                  0.000000    0.000000   clock network delay (ideal)
                                  0.150000    0.150000   clock uncertainty
                                  0.000000    0.150000   clock reconvergence pessimism
                                  0.000000    0.150000   output external delay
                                              0.150000   data required time
---------------------------------------------------------------------------------------------
                                              0.150000   data required time
                                             -0.858872   data arrival time
---------------------------------------------------------------------------------------------
                                              0.708872   slack (MET)



%OL_END_REPORT
%OL_CREATE_REPORT max.rpt

===========================================================================
report_checks -path_delay max (Setup)
============================================================================
======================= nom_slow_1p08V_125C Corner ===================================

Startpoint: _305_ (rising edge-triggered flip-flop clocked by clk)
Endpoint: sine_out[1] (output port clocked by clk)
Path Group: clk
Path Type: max

Fanout         Cap        Slew       Delay        Time   Description
---------------------------------------------------------------------------------------------
                      0.100000    0.000000    0.000000   clock clk (rise edge)
                                  0.000000    0.000000   clock network delay (ideal)
                      0.100000    0.000000    0.000000 ^ _305_/CLK (sg13g2_dfrbpq_1)
    17    0.053866    0.347909    0.521883    0.521883 ^ _305_/Q (sg13g2_dfrbpq_1)
                                                         DPATH.SUM.fa_1.A (net)
                      0.347909    0.000000    0.521883 ^ _212_/A (sg13g2_xor2_1)
     3    0.007579    0.153560    0.234568    0.756451 v _212_/X (sg13g2_xor2_1)
                                                         _025_ (net)
                      0.153560    0.000000    0.756451 v _213_/B (sg13g2_or2_1)
     4    0.010818    0.083317    0.235007    0.991458 v _213_/X (sg13g2_or2_1)
                                                         _026_ (net)
                      0.083317    0.000000    0.991458 v _214_/C (sg13g2_and3_1)
     3    0.008519    0.067542    0.170946    1.162404 v _214_/X (sg13g2_and3_1)
                                                         _027_ (net)
                      0.067542    0.000000    1.162404 v _249_/A2 (sg13g2_a221oi_1)
     1    0.002825    0.160036    0.227034    1.389438 ^ _249_/Y (sg13g2_a221oi_1)
                                                         _061_ (net)
                      0.160036    0.000000    1.389438 ^ _250_/B (sg13g2_nor2_1)
     1    0.002787    0.058739    0.084008    1.473445 v _250_/Y (sg13g2_nor2_1)
                                                         _062_ (net)
                      0.058739    0.000000    1.473445 v _256_/B (sg13g2_nor4_1)
     1    0.002783    0.177985    0.217678    1.691123 ^ _256_/Y (sg13g2_nor4_1)
                                                         _068_ (net)
                      0.177985    0.000000    1.691123 ^ _267_/B1 (sg13g2_a21oi_1)
     1    0.010000    0.134535    0.131774    1.822897 v _267_/Y (sg13g2_a21oi_1)
                                                         sine_out[1] (net)
                      0.134535    0.000000    1.822897 v sine_out[1] (out)
                                              1.822897   data arrival time

                      0.100000    5.000000    5.000000   clock clk (rise edge)
                                  0.000000    5.000000   clock network delay (ideal)
                                 -0.150000    4.850000   clock uncertainty
                                  0.000000    4.850000   clock reconvergence pessimism
                                 -1.000000    3.850000   output external delay
                                              3.850000   data required time
---------------------------------------------------------------------------------------------
                                              3.850000   data required time
                                             -1.822897   data arrival time
---------------------------------------------------------------------------------------------
                                              2.027103   slack (MET)


Startpoint: _305_ (rising edge-triggered flip-flop clocked by clk)
Endpoint: sine_out[0] (output port clocked by clk)
Path Group: clk
Path Type: max

Fanout         Cap        Slew       Delay        Time   Description
---------------------------------------------------------------------------------------------
                      0.100000    0.000000    0.000000   clock clk (rise edge)
                                  0.000000    0.000000   clock network delay (ideal)
                      0.100000    0.000000    0.000000 ^ _305_/CLK (sg13g2_dfrbpq_1)
    17    0.053866    0.347909    0.521883    0.521883 ^ _305_/Q (sg13g2_dfrbpq_1)
                                                         DPATH.SUM.fa_1.A (net)
                      0.347909    0.000000    0.521883 ^ _212_/A (sg13g2_xor2_1)
     3    0.007957    0.168548    0.308469    0.830352 ^ _212_/X (sg13g2_xor2_1)
                                                         _025_ (net)
                      0.168548    0.000000    0.830352 ^ _213_/B (sg13g2_or2_1)
     4    0.011407    0.090051    0.196162    1.026513 ^ _213_/X (sg13g2_or2_1)
                                                         _026_ (net)
                      0.090051    0.000000    1.026513 ^ _214_/C (sg13g2_and3_1)
     3    0.008935    0.093450    0.237337    1.263851 ^ _214_/X (sg13g2_and3_1)
                                                         _027_ (net)
                      0.093450    0.000000    1.263851 ^ _215_/A2 (sg13g2_o21ai_1)
     1    0.002812    0.116224    0.101811    1.365662 v _215_/Y (sg13g2_o21ai_1)
                                                         _028_ (net)
                      0.116224    0.000000    1.365662 v _220_/A1 (sg13g2_a21oi_1)
     1    0.002767    0.118161    0.124672    1.490334 ^ _220_/Y (sg13g2_a21oi_1)
                                                         _033_ (net)
                      0.118161    0.000000    1.490334 ^ _232_/C1 (sg13g2_a221oi_1)
     1    0.002822    0.121721    0.083119    1.573453 v _232_/Y (sg13g2_a221oi_1)
                                                         _045_ (net)
                      0.121721    0.000000    1.573453 v _247_/A2 (sg13g2_a22oi_1)
     1    0.010000    0.190122    0.220778    1.794231 ^ _247_/Y (sg13g2_a22oi_1)
                                                         sine_out[0] (net)
                      0.190122    0.000000    1.794231 ^ sine_out[0] (out)
                                              1.794231   data arrival time

                      0.100000    5.000000    5.000000   clock clk (rise edge)
                                  0.000000    5.000000   clock network delay (ideal)
                                 -0.150000    4.850000   clock uncertainty
                                  0.000000    4.850000   clock reconvergence pessimism
                                 -1.000000    3.850000   output external delay
                                              3.850000   data required time
---------------------------------------------------------------------------------------------
                                              3.850000   data required time
                                             -1.794231   data arrival time
---------------------------------------------------------------------------------------------
                                              2.055768   slack (MET)


Startpoint: _305_ (rising edge-triggered flip-flop clocked by clk)
Endpoint: sine_out[2] (output port clocked by clk)
Path Group: clk
Path Type: max

Fanout         Cap        Slew       Delay        Time   Description
---------------------------------------------------------------------------------------------
                      0.100000    0.000000    0.000000   clock clk (rise edge)
                                  0.000000    0.000000   clock network delay (ideal)
                      0.100000    0.000000    0.000000 ^ _305_/CLK (sg13g2_dfrbpq_1)
    17    0.051940    0.270378    0.482061    0.482061 v _305_/Q (sg13g2_dfrbpq_1)
                                                         DPATH.SUM.fa_1.A (net)
                      0.270378    0.000000    0.482061 v _148_/A1 (sg13g2_o21ai_1)
     4    0.011374    0.246653    0.303211    0.785272 ^ _148_/Y (sg13g2_o21ai_1)
                                                         _107_ (net)
                      0.246653    0.000000    0.785272 ^ _272_/A1 (sg13g2_a21oi_1)
     1    0.002111    0.104192    0.147166    0.932438 v _272_/Y (sg13g2_a21oi_1)
                                                         _083_ (net)
                      0.104192    0.000000    0.932438 v _273_/B (sg13g2_or2_1)
     2    0.005730    0.063371    0.190944    1.123382 v _273_/X (sg13g2_or2_1)
                                                         _084_ (net)
                      0.063371    0.000000    1.123382 v _277_/A1 (sg13g2_o21ai_1)
     1    0.002783    0.098900    0.135702    1.259084 ^ _277_/Y (sg13g2_o21ai_1)
                                                         _088_ (net)
                      0.098900    0.000000    1.259084 ^ _278_/B1 (sg13g2_a21oi_1)
     1    0.002692    0.126631    0.068694    1.327779 v _278_/Y (sg13g2_a21oi_1)
                                                         _089_ (net)
                      0.126631    0.000000    1.327779 v _279_/B (sg13g2_nor2_1)
     1    0.002881    0.091259    0.107017    1.434796 ^ _279_/Y (sg13g2_nor2_1)
                                                         _090_ (net)
                      0.091259    0.000000    1.434796 ^ _288_/A2 (sg13g2_a21oi_1)
     1    0.010000    0.135589    0.163937    1.598732 v _288_/Y (sg13g2_a21oi_1)
                                                         sine_out[2] (net)
                      0.135589    0.000000    1.598732 v sine_out[2] (out)
                                              1.598732   data arrival time

                      0.100000    5.000000    5.000000   clock clk (rise edge)
                                  0.000000    5.000000   clock network delay (ideal)
                                 -0.150000    4.850000   clock uncertainty
                                  0.000000    4.850000   clock reconvergence pessimism
                                 -1.000000    3.850000   output external delay
                                              3.850000   data required time
---------------------------------------------------------------------------------------------
                                              3.850000   data required time
                                             -1.598732   data arrival time
---------------------------------------------------------------------------------------------
                                              2.251268   slack (MET)


Startpoint: _305_ (rising edge-triggered flip-flop clocked by clk)
Endpoint: sine_out[8] (output port clocked by clk)
Path Group: clk
Path Type: max

Fanout         Cap        Slew       Delay        Time   Description
---------------------------------------------------------------------------------------------
                      0.100000    0.000000    0.000000   clock clk (rise edge)
                                  0.000000    0.000000   clock network delay (ideal)
                      0.100000    0.000000    0.000000 ^ _305_/CLK (sg13g2_dfrbpq_1)
    17    0.053866    0.347909    0.521883    0.521883 ^ _305_/Q (sg13g2_dfrbpq_1)
                                                         DPATH.SUM.fa_1.A (net)
                      0.347909    0.000000    0.521883 ^ _164_/B (sg13g2_and2_1)
     4    0.011319    0.096982    0.278223    0.800106 ^ _164_/X (sg13g2_and2_1)
                                                         _120_ (net)
                      0.096982    0.000000    0.800106 ^ _169_/B (sg13g2_nand2_1)
     3    0.008096    0.150422    0.135468    0.935575 v _169_/Y (sg13g2_nand2_1)
                                                         _124_ (net)
                      0.150422    0.000000    0.935575 v _291_/B (sg13g2_nor2_1)
     2    0.005684    0.121398    0.141890    1.077465 ^ _291_/Y (sg13g2_nor2_1)
                                                         _099_ (net)
                      0.121398    0.000000    1.077465 ^ _295_/A2 (sg13g2_a21oi_1)
     1    0.010000    0.192414    0.176476    1.253941 v _295_/Y (sg13g2_a21oi_1)
                                                         sine_out[8] (net)
                      0.192414    0.000000    1.253941 v sine_out[8] (out)
                                              1.253941   data arrival time

                      0.100000    5.000000    5.000000   clock clk (rise edge)
                                  0.000000    5.000000   clock network delay (ideal)
                                 -0.150000    4.850000   clock uncertainty
                                  0.000000    4.850000   clock reconvergence pessimism
                                 -1.000000    3.850000   output external delay
                                              3.850000   data required time
---------------------------------------------------------------------------------------------
                                              3.850000   data required time
                                             -1.253941   data arrival time
---------------------------------------------------------------------------------------------
                                              2.596059   slack (MET)


Startpoint: _305_ (rising edge-triggered flip-flop clocked by clk)
Endpoint: sine_out[16] (output port clocked by clk)
Path Group: clk
Path Type: max

Fanout         Cap        Slew       Delay        Time   Description
---------------------------------------------------------------------------------------------
                      0.100000    0.000000    0.000000   clock clk (rise edge)
                                  0.000000    0.000000   clock network delay (ideal)
                      0.100000    0.000000    0.000000 ^ _305_/CLK (sg13g2_dfrbpq_1)
    17    0.053866    0.347909    0.521883    0.521883 ^ _305_/Q (sg13g2_dfrbpq_1)
                                                         DPATH.SUM.fa_1.A (net)
                      0.347909    0.000000    0.521883 ^ _164_/B (sg13g2_and2_1)
     4    0.011319    0.096982    0.278223    0.800106 ^ _164_/X (sg13g2_and2_1)
                                                         _120_ (net)
                      0.096982    0.000000    0.800106 ^ _165_/A (sg13g2_inv_1)
     4    0.011273    0.077504    0.104174    0.904280 v _165_/Y (sg13g2_inv_1)
                                                         _121_ (net)
                      0.077504    0.000000    0.904280 v _175_/A2 (sg13g2_o21ai_1)
     1    0.002883    0.106800    0.130246    1.034526 ^ _175_/Y (sg13g2_o21ai_1)
                                                         _127_ (net)
                      0.106800    0.000000    1.034526 ^ _176_/C (sg13g2_nand3_1)
     1    0.010000    0.216865    0.215894    1.250421 v _176_/Y (sg13g2_nand3_1)
                                                         sine_out[16] (net)
                      0.216865    0.000000    1.250421 v sine_out[16] (out)
                                              1.250421   data arrival time

                      0.100000    5.000000    5.000000   clock clk (rise edge)
                                  0.000000    5.000000   clock network delay (ideal)
                                 -0.150000    4.850000   clock uncertainty
                                  0.000000    4.850000   clock reconvergence pessimism
                                 -1.000000    3.850000   output external delay
                                              3.850000   data required time
---------------------------------------------------------------------------------------------
                                              3.850000   data required time
                                             -1.250421   data arrival time
---------------------------------------------------------------------------------------------
                                              2.599579   slack (MET)


Startpoint: _307_ (rising edge-triggered flip-flop clocked by clk)
Endpoint: sine_out[7] (output port clocked by clk)
Path Group: clk
Path Type: max

Fanout         Cap        Slew       Delay        Time   Description
---------------------------------------------------------------------------------------------
                      0.100000    0.000000    0.000000   clock clk (rise edge)
                                  0.000000    0.000000   clock network delay (ideal)
                      0.100000    0.000000    0.000000 ^ _307_/CLK (sg13g2_dfrbpq_1)
    19    0.054587    0.352370    0.525008    0.525008 ^ _307_/Q (sg13g2_dfrbpq_1)
                                                         DPATH.SUM.fa_3.A (net)
                      0.352370    0.000000    0.525008 ^ _138_/A (sg13g2_inv_1)
    11    0.030559    0.226322    0.318922    0.843931 v _138_/Y (sg13g2_inv_1)
                                                         _100_ (net)
                      0.226322    0.000000    0.843931 v _156_/A (sg13g2_nor2_1)
     3    0.008517    0.154531    0.201284    1.045215 ^ _156_/Y (sg13g2_nor2_1)
                                                         _114_ (net)
                      0.154531    0.000000    1.045215 ^ _294_/A2 (sg13g2_a21oi_1)
     1    0.010000    0.192414    0.189797    1.235012 v _294_/Y (sg13g2_a21oi_1)
                                                         sine_out[7] (net)
                      0.192414    0.000000    1.235012 v sine_out[7] (out)
                                              1.235012   data arrival time

                      0.100000    5.000000    5.000000   clock clk (rise edge)
                                  0.000000    5.000000   clock network delay (ideal)
                                 -0.150000    4.850000   clock uncertainty
                                  0.000000    4.850000   clock reconvergence pessimism
                                 -1.000000    3.850000   output external delay
                                              3.850000   data required time
---------------------------------------------------------------------------------------------
                                              3.850000   data required time
                                             -1.235012   data arrival time
---------------------------------------------------------------------------------------------
                                              2.614988   slack (MET)


Startpoint: _307_ (rising edge-triggered flip-flop clocked by clk)
Endpoint: sine_out[10] (output port clocked by clk)
Path Group: clk
Path Type: max

Fanout         Cap        Slew       Delay        Time   Description
---------------------------------------------------------------------------------------------
                      0.100000    0.000000    0.000000   clock clk (rise edge)
                                  0.000000    0.000000   clock network delay (ideal)
                      0.100000    0.000000    0.000000 ^ _307_/CLK (sg13g2_dfrbpq_1)
    19    0.054587    0.352370    0.525008    0.525008 ^ _307_/Q (sg13g2_dfrbpq_1)
                                                         DPATH.SUM.fa_3.A (net)
                      0.352370    0.000000    0.525008 ^ _138_/A (sg13g2_inv_1)
    11    0.030559    0.226322    0.318922    0.843931 v _138_/Y (sg13g2_inv_1)
                                                         _100_ (net)
                      0.226322    0.000000    0.843931 v _156_/A (sg13g2_nor2_1)
     3    0.008517    0.154531    0.201284    1.045215 ^ _156_/Y (sg13g2_nor2_1)
                                                         _114_ (net)
                      0.154531    0.000000    1.045215 ^ _159_/A1 (sg13g2_a21oi_1)
     1    0.010000    0.141956    0.183890    1.229105 v _159_/Y (sg13g2_a21oi_1)
                                                         sine_out[10] (net)
                      0.141956    0.000000    1.229105 v sine_out[10] (out)
                                              1.229105   data arrival time

                      0.100000    5.000000    5.000000   clock clk (rise edge)
                                  0.000000    5.000000   clock network delay (ideal)
                                 -0.150000    4.850000   clock uncertainty
                                  0.000000    4.850000   clock reconvergence pessimism
                                 -1.000000    3.850000   output external delay
                                              3.850000   data required time
---------------------------------------------------------------------------------------------
                                              3.850000   data required time
                                             -1.229105   data arrival time
---------------------------------------------------------------------------------------------
                                              2.620895   slack (MET)


Startpoint: _305_ (rising edge-triggered flip-flop clocked by clk)
Endpoint: sine_out[15] (output port clocked by clk)
Path Group: clk
Path Type: max

Fanout         Cap        Slew       Delay        Time   Description
---------------------------------------------------------------------------------------------
                      0.100000    0.000000    0.000000   clock clk (rise edge)
                                  0.000000    0.000000   clock network delay (ideal)
                      0.100000    0.000000    0.000000 ^ _305_/CLK (sg13g2_dfrbpq_1)
    17    0.053866    0.347909    0.521883    0.521883 ^ _305_/Q (sg13g2_dfrbpq_1)
                                                         DPATH.SUM.fa_1.A (net)
                      0.347909    0.000000    0.521883 ^ _164_/B (sg13g2_and2_1)
     4    0.011319    0.096982    0.278223    0.800106 ^ _164_/X (sg13g2_and2_1)
                                                         _120_ (net)
                      0.096982    0.000000    0.800106 ^ _165_/A (sg13g2_inv_1)
     4    0.011273    0.077504    0.104174    0.904280 v _165_/Y (sg13g2_inv_1)
                                                         _121_ (net)
                      0.077504    0.000000    0.904280 v _168_/B (sg13g2_nor2_1)
     2    0.006109    0.126253    0.122284    1.026564 ^ _168_/Y (sg13g2_nor2_1)
                                                         _123_ (net)
                      0.126253    0.000000    1.026564 ^ _173_/A1 (sg13g2_o21ai_1)
     1    0.010000    0.163476    0.181023    1.207587 v _173_/Y (sg13g2_o21ai_1)
                                                         sine_out[15] (net)
                      0.163476    0.000000    1.207587 v sine_out[15] (out)
                                              1.207587   data arrival time

                      0.100000    5.000000    5.000000   clock clk (rise edge)
                                  0.000000    5.000000   clock network delay (ideal)
                                 -0.150000    4.850000   clock uncertainty
                                  0.000000    4.850000   clock reconvergence pessimism
                                 -1.000000    3.850000   output external delay
                                              3.850000   data required time
---------------------------------------------------------------------------------------------
                                              3.850000   data required time
                                             -1.207587   data arrival time
---------------------------------------------------------------------------------------------
                                              2.642413   slack (MET)


Startpoint: _305_ (rising edge-triggered flip-flop clocked by clk)
Endpoint: sine_out[13] (output port clocked by clk)
Path Group: clk
Path Type: max

Fanout         Cap        Slew       Delay        Time   Description
---------------------------------------------------------------------------------------------
                      0.100000    0.000000    0.000000   clock clk (rise edge)
                                  0.000000    0.000000   clock network delay (ideal)
                      0.100000    0.000000    0.000000 ^ _305_/CLK (sg13g2_dfrbpq_1)
    17    0.053866    0.347909    0.521883    0.521883 ^ _305_/Q (sg13g2_dfrbpq_1)
                                                         DPATH.SUM.fa_1.A (net)
                      0.347909    0.000000    0.521883 ^ _164_/B (sg13g2_and2_1)
     4    0.011319    0.096982    0.278223    0.800106 ^ _164_/X (sg13g2_and2_1)
                                                         _120_ (net)
                      0.096982    0.000000    0.800106 ^ _165_/A (sg13g2_inv_1)
     4    0.011273    0.077504    0.104174    0.904280 v _165_/Y (sg13g2_inv_1)
                                                         _121_ (net)
                      0.077504    0.000000    0.904280 v _168_/B (sg13g2_nor2_1)
     2    0.006109    0.126253    0.122284    1.026564 ^ _168_/Y (sg13g2_nor2_1)
                                                         _123_ (net)
                      0.126253    0.000000    1.026564 ^ _170_/A2 (sg13g2_a21oi_1)
     1    0.010000    0.135214    0.178428    1.204993 v _170_/Y (sg13g2_a21oi_1)
                                                         sine_out[13] (net)
                      0.135214    0.000000    1.204993 v sine_out[13] (out)
                                              1.204993   data arrival time

                      0.100000    5.000000    5.000000   clock clk (rise edge)
                                  0.000000    5.000000   clock network delay (ideal)
                                 -0.150000    4.850000   clock uncertainty
                                  0.000000    4.850000   clock reconvergence pessimism
                                 -1.000000    3.850000   output external delay
                                              3.850000   data required time
---------------------------------------------------------------------------------------------
                                              3.850000   data required time
                                             -1.204993   data arrival time
---------------------------------------------------------------------------------------------
                                              2.645007   slack (MET)


Startpoint: _305_ (rising edge-triggered flip-flop clocked by clk)
Endpoint: sine_out[14] (output port clocked by clk)
Path Group: clk
Path Type: max

Fanout         Cap        Slew       Delay        Time   Description
---------------------------------------------------------------------------------------------
                      0.100000    0.000000    0.000000   clock clk (rise edge)
                                  0.000000    0.000000   clock network delay (ideal)
                      0.100000    0.000000    0.000000 ^ _305_/CLK (sg13g2_dfrbpq_1)
    17    0.051940    0.270378    0.482061    0.482061 v _305_/Q (sg13g2_dfrbpq_1)
                                                         DPATH.SUM.fa_1.A (net)
                      0.270378    0.000000    0.482061 v _148_/A1 (sg13g2_o21ai_1)
     4    0.011374    0.246653    0.303211    0.785272 ^ _148_/Y (sg13g2_o21ai_1)
                                                         _107_ (net)
                      0.246653    0.000000    0.785272 ^ _149_/B (sg13g2_nand2_1)
     3    0.008454    0.121621    0.185963    0.971235 v _149_/Y (sg13g2_nand2_1)
                                                         _108_ (net)
                      0.121621    0.000000    0.971235 v _171_/A2 (sg13g2_o21ai_1)
     1    0.010000    0.220719    0.226152    1.197387 ^ _171_/Y (sg13g2_o21ai_1)
                                                         sine_out[14] (net)
                      0.220719    0.000000    1.197387 ^ sine_out[14] (out)
                                              1.197387   data arrival time

                      0.100000    5.000000    5.000000   clock clk (rise edge)
                                  0.000000    5.000000   clock network delay (ideal)
                                 -0.150000    4.850000   clock uncertainty
                                  0.000000    4.850000   clock reconvergence pessimism
                                 -1.000000    3.850000   output external delay
                                              3.850000   data required time
---------------------------------------------------------------------------------------------
                                              3.850000   data required time
                                             -1.197387   data arrival time
---------------------------------------------------------------------------------------------
                                              2.652613   slack (MET)


Startpoint: _305_ (rising edge-triggered flip-flop clocked by clk)
Endpoint: sine_out[5] (output port clocked by clk)
Path Group: clk
Path Type: max

Fanout         Cap        Slew       Delay        Time   Description
---------------------------------------------------------------------------------------------
                      0.100000    0.000000    0.000000   clock clk (rise edge)
                                  0.000000    0.000000   clock network delay (ideal)
                      0.100000    0.000000    0.000000 ^ _305_/CLK (sg13g2_dfrbpq_1)
    17    0.053866    0.347909    0.521883    0.521883 ^ _305_/Q (sg13g2_dfrbpq_1)
                                                         DPATH.SUM.fa_1.A (net)
                      0.347909    0.000000    0.521883 ^ _164_/B (sg13g2_and2_1)
     4    0.011319    0.096982    0.278223    0.800106 ^ _164_/X (sg13g2_and2_1)
                                                         _120_ (net)
                      0.096982    0.000000    0.800106 ^ _169_/B (sg13g2_nand2_1)
     3    0.008096    0.150422    0.135468    0.935575 v _169_/Y (sg13g2_nand2_1)
                                                         _124_ (net)
                      0.150422    0.000000    0.935575 v _291_/B (sg13g2_nor2_1)
     2    0.005684    0.121398    0.141890    1.077465 ^ _291_/Y (sg13g2_nor2_1)
                                                         _099_ (net)
                      0.121398    0.000000    1.077465 ^ _292_/C (sg13g2_nor3_1)
     1    0.010000    0.150521    0.114116    1.191581 v _292_/Y (sg13g2_nor3_1)
                                                         sine_out[5] (net)
                      0.150521    0.000000    1.191581 v sine_out[5] (out)
                                              1.191581   data arrival time

                      0.100000    5.000000    5.000000   clock clk (rise edge)
                                  0.000000    5.000000   clock network delay (ideal)
                                 -0.150000    4.850000   clock uncertainty
                                  0.000000    4.850000   clock reconvergence pessimism
                                 -1.000000    3.850000   output external delay
                                              3.850000   data required time
---------------------------------------------------------------------------------------------
                                              3.850000   data required time
                                             -1.191581   data arrival time
---------------------------------------------------------------------------------------------
                                              2.658419   slack (MET)


Startpoint: _305_ (rising edge-triggered flip-flop clocked by clk)
Endpoint: sine_out[12] (output port clocked by clk)
Path Group: clk
Path Type: max

Fanout         Cap        Slew       Delay        Time   Description
---------------------------------------------------------------------------------------------
                      0.100000    0.000000    0.000000   clock clk (rise edge)
                                  0.000000    0.000000   clock network delay (ideal)
                      0.100000    0.000000    0.000000 ^ _305_/CLK (sg13g2_dfrbpq_1)
    17    0.053866    0.347909    0.521883    0.521883 ^ _305_/Q (sg13g2_dfrbpq_1)
                                                         DPATH.SUM.fa_1.A (net)
                      0.347909    0.000000    0.521883 ^ _164_/B (sg13g2_and2_1)
     4    0.011319    0.096982    0.278223    0.800106 ^ _164_/X (sg13g2_and2_1)
                                                         _120_ (net)
                      0.096982    0.000000    0.800106 ^ _165_/A (sg13g2_inv_1)
     4    0.011273    0.077504    0.104174    0.904280 v _165_/Y (sg13g2_inv_1)
                                                         _121_ (net)
                      0.077504    0.000000    0.904280 v _166_/B (sg13g2_nor2_1)
     2    0.006054    0.116061    0.121763    1.026043 ^ _166_/Y (sg13g2_nor2_1)
                                                         _122_ (net)
                      0.116061    0.000000    1.026043 ^ _167_/A2 (sg13g2_o21ai_1)
     1    0.010000    0.129717    0.162776    1.188819 v _167_/Y (sg13g2_o21ai_1)
                                                         sine_out[12] (net)
                      0.129717    0.000000    1.188819 v sine_out[12] (out)
                                              1.188819   data arrival time

                      0.100000    5.000000    5.000000   clock clk (rise edge)
                                  0.000000    5.000000   clock network delay (ideal)
                                 -0.150000    4.850000   clock uncertainty
                                  0.000000    4.850000   clock reconvergence pessimism
                                 -1.000000    3.850000   output external delay
                                              3.850000   data required time
---------------------------------------------------------------------------------------------
                                              3.850000   data required time
                                             -1.188819   data arrival time
---------------------------------------------------------------------------------------------
                                              2.661181   slack (MET)


Startpoint: _305_ (rising edge-triggered flip-flop clocked by clk)
Endpoint: sine_out[9] (output port clocked by clk)
Path Group: clk
Path Type: max

Fanout         Cap        Slew       Delay        Time   Description
---------------------------------------------------------------------------------------------
                      0.100000    0.000000    0.000000   clock clk (rise edge)
                                  0.000000    0.000000   clock network delay (ideal)
                      0.100000    0.000000    0.000000 ^ _305_/CLK (sg13g2_dfrbpq_1)
    17    0.051940    0.270378    0.482061    0.482061 v _305_/Q (sg13g2_dfrbpq_1)
                                                         DPATH.SUM.fa_1.A (net)
                      0.270378    0.000000    0.482061 v _148_/A1 (sg13g2_o21ai_1)
     4    0.011374    0.246653    0.303211    0.785272 ^ _148_/Y (sg13g2_o21ai_1)
                                                         _107_ (net)
                      0.246653    0.000000    0.785272 ^ _149_/B (sg13g2_nand2_1)
     3    0.008454    0.121621    0.185963    0.971235 v _149_/Y (sg13g2_nand2_1)
                                                         _108_ (net)
                      0.121621    0.000000    0.971235 v _150_/A2 (sg13g2_a21oi_1)
     1    0.010000    0.196492    0.208813    1.180048 ^ _150_/Y (sg13g2_a21oi_1)
                                                         sine_out[9] (net)
                      0.196492    0.000000    1.180048 ^ sine_out[9] (out)
                                              1.180048   data arrival time

                      0.100000    5.000000    5.000000   clock clk (rise edge)
                                  0.000000    5.000000   clock network delay (ideal)
                                 -0.150000    4.850000   clock uncertainty
                                  0.000000    4.850000   clock reconvergence pessimism
                                 -1.000000    3.850000   output external delay
                                              3.850000   data required time
---------------------------------------------------------------------------------------------
                                              3.850000   data required time
                                             -1.180048   data arrival time
---------------------------------------------------------------------------------------------
                                              2.669952   slack (MET)


Startpoint: _307_ (rising edge-triggered flip-flop clocked by clk)
Endpoint: sine_out[4] (output port clocked by clk)
Path Group: clk
Path Type: max

Fanout         Cap        Slew       Delay        Time   Description
---------------------------------------------------------------------------------------------
                      0.100000    0.000000    0.000000   clock clk (rise edge)
                                  0.000000    0.000000   clock network delay (ideal)
                      0.100000    0.000000    0.000000 ^ _307_/CLK (sg13g2_dfrbpq_1)
    19    0.053187    0.276551    0.486658    0.486658 v _307_/Q (sg13g2_dfrbpq_1)
                                                         DPATH.SUM.fa_3.A (net)
                      0.276551    0.000000    0.486658 v _138_/A (sg13g2_inv_1)
    11    0.031425    0.242484    0.302467    0.789125 ^ _138_/Y (sg13g2_inv_1)
                                                         _100_ (net)
                      0.242484    0.000000    0.789125 ^ _156_/A (sg13g2_nor2_1)
     3    0.008260    0.098986    0.151311    0.940436 v _156_/Y (sg13g2_nor2_1)
                                                         _114_ (net)
                      0.098986    0.000000    0.940436 v _290_/C (sg13g2_nor3_1)
     1    0.010000    0.267660    0.239572    1.180008 ^ _290_/Y (sg13g2_nor3_1)
                                                         sine_out[4] (net)
                      0.267660    0.000000    1.180008 ^ sine_out[4] (out)
                                              1.180008   data arrival time

                      0.100000    5.000000    5.000000   clock clk (rise edge)
                                  0.000000    5.000000   clock network delay (ideal)
                                 -0.150000    4.850000   clock uncertainty
                                  0.000000    4.850000   clock reconvergence pessimism
                                 -1.000000    3.850000   output external delay
                                              3.850000   data required time
---------------------------------------------------------------------------------------------
                                              3.850000   data required time
                                             -1.180008   data arrival time
---------------------------------------------------------------------------------------------
                                              2.669992   slack (MET)


Startpoint: _307_ (rising edge-triggered flip-flop clocked by clk)
Endpoint: sine_out[6] (output port clocked by clk)
Path Group: clk
Path Type: max

Fanout         Cap        Slew       Delay        Time   Description
---------------------------------------------------------------------------------------------
                      0.100000    0.000000    0.000000   clock clk (rise edge)
                                  0.000000    0.000000   clock network delay (ideal)
                      0.100000    0.000000    0.000000 ^ _307_/CLK (sg13g2_dfrbpq_1)
    19    0.053187    0.276551    0.486658    0.486658 v _307_/Q (sg13g2_dfrbpq_1)
                                                         DPATH.SUM.fa_3.A (net)
                      0.276551    0.000000    0.486658 v _138_/A (sg13g2_inv_1)
    11    0.031425    0.242484    0.302467    0.789125 ^ _138_/Y (sg13g2_inv_1)
                                                         _100_ (net)
                      0.242484    0.000000    0.789125 ^ _177_/A (sg13g2_nand2_1)
     3    0.008139    0.131220    0.171790    0.960915 v _177_/Y (sg13g2_nand2_1)
                                                         _128_ (net)
                      0.131220    0.000000    0.960915 v _293_/A2 (sg13g2_a21oi_1)
     1    0.010000    0.183915    0.212425    1.173339 ^ _293_/Y (sg13g2_a21oi_1)
                                                         sine_out[6] (net)
                      0.183915    0.000000    1.173339 ^ sine_out[6] (out)
                                              1.173339   data arrival time

                      0.100000    5.000000    5.000000   clock clk (rise edge)
                                  0.000000    5.000000   clock network delay (ideal)
                                 -0.150000    4.850000   clock uncertainty
                                  0.000000    4.850000   clock reconvergence pessimism
                                 -1.000000    3.850000   output external delay
                                              3.850000   data required time
---------------------------------------------------------------------------------------------
                                              3.850000   data required time
                                             -1.173339   data arrival time
---------------------------------------------------------------------------------------------
                                              2.676661   slack (MET)


Startpoint: _308_ (rising edge-triggered flip-flop clocked by clk)
Endpoint: sine_out[11] (output port clocked by clk)
Path Group: clk
Path Type: max

Fanout         Cap        Slew       Delay        Time   Description
---------------------------------------------------------------------------------------------
                      0.100000    0.000000    0.000000   clock clk (rise edge)
                                  0.000000    0.000000   clock network delay (ideal)
                      0.100000    0.000000    0.000000 ^ _308_/CLK (sg13g2_dfrbpq_1)
    24    0.067541    0.432585    0.581166    0.581166 ^ _308_/Q (sg13g2_dfrbpq_1)
                                                         DPATH.SUM.fa_4.A (net)
                      0.432585    0.000000    0.581166 ^ _151_/B (sg13g2_nand2_1)
     5    0.013827    0.200942    0.286923    0.868089 v _151_/Y (sg13g2_nand2_1)
                                                         _109_ (net)
                      0.200942    0.000000    0.868089 v _153_/B (sg13g2_nand2b_1)
     3    0.009014    0.108665    0.148130    1.016219 ^ _153_/Y (sg13g2_nand2b_1)
                                                         _111_ (net)
                      0.108665    0.000000    1.016219 ^ _162_/B1 (sg13g2_o21ai_1)
     1    0.010000    0.130951    0.144949    1.161169 v _162_/Y (sg13g2_o21ai_1)
                                                         sine_out[11] (net)
                      0.130951    0.000000    1.161169 v sine_out[11] (out)
                                              1.161169   data arrival time

                      0.100000    5.000000    5.000000   clock clk (rise edge)
                                  0.000000    5.000000   clock network delay (ideal)
                                 -0.150000    4.850000   clock uncertainty
                                  0.000000    4.850000   clock reconvergence pessimism
                                 -1.000000    3.850000   output external delay
                                              3.850000   data required time
---------------------------------------------------------------------------------------------
                                              3.850000   data required time
                                             -1.161169   data arrival time
---------------------------------------------------------------------------------------------
                                              2.688832   slack (MET)


Startpoint: _305_ (rising edge-triggered flip-flop clocked by clk)
Endpoint: sine_out[3] (output port clocked by clk)
Path Group: clk
Path Type: max

Fanout         Cap        Slew       Delay        Time   Description
---------------------------------------------------------------------------------------------
                      0.100000    0.000000    0.000000   clock clk (rise edge)
                                  0.000000    0.000000   clock network delay (ideal)
                      0.100000    0.000000    0.000000 ^ _305_/CLK (sg13g2_dfrbpq_1)
    17    0.051940    0.270378    0.482061    0.482061 v _305_/Q (sg13g2_dfrbpq_1)
                                                         DPATH.SUM.fa_1.A (net)
                      0.270378    0.000000    0.482061 v _148_/A1 (sg13g2_o21ai_1)
     4    0.011374    0.246653    0.303211    0.785272 ^ _148_/Y (sg13g2_o21ai_1)
                                                         _107_ (net)
                      0.246653    0.000000    0.785272 ^ _149_/B (sg13g2_nand2_1)
     3    0.008454    0.121621    0.185963    0.971235 v _149_/Y (sg13g2_nand2_1)
                                                         _108_ (net)
                      0.121621    0.000000    0.971235 v _289_/B (sg13g2_nor2_1)
     1    0.010000    0.166369    0.175408    1.146643 ^ _289_/Y (sg13g2_nor2_1)
                                                         sine_out[3] (net)
                      0.166369    0.000000    1.146643 ^ sine_out[3] (out)
                                              1.146643   data arrival time

                      0.100000    5.000000    5.000000   clock clk (rise edge)
                                  0.000000    5.000000   clock network delay (ideal)
                                 -0.150000    4.850000   clock uncertainty
                                  0.000000    4.850000   clock reconvergence pessimism
                                 -1.000000    3.850000   output external delay
                                              3.850000   data required time
---------------------------------------------------------------------------------------------
                                              3.850000   data required time
                                             -1.146643   data arrival time
---------------------------------------------------------------------------------------------
                                              2.703357   slack (MET)


Startpoint: _305_ (rising edge-triggered flip-flop clocked by clk)
Endpoint: _310_ (rising edge-triggered flip-flop clocked by clk)
Path Group: clk
Path Type: max

Fanout         Cap        Slew       Delay        Time   Description
---------------------------------------------------------------------------------------------
                      0.100000    0.000000    0.000000   clock clk (rise edge)
                                  0.000000    0.000000   clock network delay (ideal)
                      0.100000    0.000000    0.000000 ^ _305_/CLK (sg13g2_dfrbpq_1)
    17    0.053866    0.347909    0.521883    0.521883 ^ _305_/Q (sg13g2_dfrbpq_1)
                                                         DPATH.SUM.fa_1.A (net)
                      0.347909    0.000000    0.521883 ^ _181_/A (sg13g2_xnor2_1)
     2    0.007753    0.136994    0.241806    0.763689 v _181_/Y (sg13g2_xnor2_1)
                                                         _131_ (net)
                      0.136994    0.000000    0.763689 v _183_/A2 (sg13g2_o21ai_1)
     2    0.008246    0.187008    0.212766    0.976456 ^ _183_/Y (sg13g2_o21ai_1)
                                                         _132_ (net)
                      0.187008    0.000000    0.976456 ^ _187_/A1 (sg13g2_a21oi_1)
     2    0.008256    0.132999    0.182102    1.158558 v _187_/Y (sg13g2_a21oi_1)
                                                         _135_ (net)
                      0.132999    0.000000    1.158558 v _193_/A1 (sg13g2_o21ai_1)
     2    0.007810    0.180990    0.217785    1.376343 ^ _193_/Y (sg13g2_o21ai_1)
                                                         _011_ (net)
                      0.180990    0.000000    1.376343 ^ _197_/A2 (sg13g2_a21oi_1)
     2    0.007735    0.127738    0.182433    1.558776 v _197_/Y (sg13g2_a21oi_1)
                                                         _014_ (net)
                      0.127738    0.000000    1.558776 v _199_/A2 (sg13g2_o21ai_1)
     1    0.005247    0.143653    0.175643    1.734419 ^ _199_/Y (sg13g2_o21ai_1)
                                                         _015_ (net)
                      0.143653    0.000000    1.734419 ^ _201_/A (sg13g2_xnor2_1)
     1    0.001335    0.084007    0.169303    1.903722 ^ _201_/Y (sg13g2_xnor2_1)
                                                         DPATH.SUM.fa_6.S (net)
                      0.084007    0.000000    1.903722 ^ _310_/D (sg13g2_dfrbpq_1)
                                              1.903722   data arrival time

                      0.100000    5.000000    5.000000   clock clk (rise edge)
                                  0.000000    5.000000   clock network delay (ideal)
                                 -0.150000    4.850000   clock uncertainty
                                  0.000000    4.850000   clock reconvergence pessimism
                                              4.850000 ^ _310_/CLK (sg13g2_dfrbpq_1)
                                 -0.201089    4.648911   library setup time
                                              4.648911   data required time
---------------------------------------------------------------------------------------------
                                              4.648911   data required time
                                             -1.903722   data arrival time
---------------------------------------------------------------------------------------------
                                              2.745189   slack (MET)


Startpoint: _308_ (rising edge-triggered flip-flop clocked by clk)
Endpoint: sine_out[17] (output port clocked by clk)
Path Group: clk
Path Type: max

Fanout         Cap        Slew       Delay        Time   Description
---------------------------------------------------------------------------------------------
                      0.100000    0.000000    0.000000   clock clk (rise edge)
                                  0.000000    0.000000   clock network delay (ideal)
                      0.100000    0.000000    0.000000 ^ _308_/CLK (sg13g2_dfrbpq_1)
    24    0.067541    0.432585    0.581166    0.581166 ^ _308_/Q (sg13g2_dfrbpq_1)
                                                         DPATH.SUM.fa_4.A (net)
                      0.432585    0.000000    0.581166 ^ _145_/B (sg13g2_nor2_1)
     2    0.005363    0.111718    0.152385    0.733551 v _145_/Y (sg13g2_nor2_1)
                                                         _104_ (net)
                      0.111718    0.000000    0.733551 v _178_/B (sg13g2_nand2_1)
     2    0.005727    0.070691    0.098620    0.832171 ^ _178_/Y (sg13g2_nand2_1)
                                                         _129_ (net)
                      0.070691    0.000000    0.832171 ^ _179_/C (sg13g2_nand3_1)
     1    0.010000    0.223586    0.201186    1.033357 v _179_/Y (sg13g2_nand3_1)
                                                         sine_out[17] (net)
                      0.223586    0.000000    1.033357 v sine_out[17] (out)
                                              1.033357   data arrival time

                      0.100000    5.000000    5.000000   clock clk (rise edge)
                                  0.000000    5.000000   clock network delay (ideal)
                                 -0.150000    4.850000   clock uncertainty
                                  0.000000    4.850000   clock reconvergence pessimism
                                 -1.000000    3.850000   output external delay
                                              3.850000   data required time
---------------------------------------------------------------------------------------------
                                              3.850000   data required time
                                             -1.033357   data arrival time
---------------------------------------------------------------------------------------------
                                              2.816643   slack (MET)


Startpoint: _305_ (rising edge-triggered flip-flop clocked by clk)
Endpoint: _309_ (rising edge-triggered flip-flop clocked by clk)
Path Group: clk
Path Type: max

Fanout         Cap        Slew       Delay        Time   Description
---------------------------------------------------------------------------------------------
                      0.100000    0.000000    0.000000   clock clk (rise edge)
                                  0.000000    0.000000   clock network delay (ideal)
                      0.100000    0.000000    0.000000 ^ _305_/CLK (sg13g2_dfrbpq_1)
    17    0.053866    0.347909    0.521883    0.521883 ^ _305_/Q (sg13g2_dfrbpq_1)
                                                         DPATH.SUM.fa_1.A (net)
                      0.347909    0.000000    0.521883 ^ _181_/A (sg13g2_xnor2_1)
     2    0.007753    0.136994    0.241806    0.763689 v _181_/Y (sg13g2_xnor2_1)
                                                         _131_ (net)
                      0.136994    0.000000    0.763689 v _183_/A2 (sg13g2_o21ai_1)
     2    0.008246    0.187008    0.212766    0.976456 ^ _183_/Y (sg13g2_o21ai_1)
                                                         _132_ (net)
                      0.187008    0.000000    0.976456 ^ _187_/A1 (sg13g2_a21oi_1)
     2    0.008256    0.132999    0.182102    1.158558 v _187_/Y (sg13g2_a21oi_1)
                                                         _135_ (net)
                      0.132999    0.000000    1.158558 v _193_/A1 (sg13g2_o21ai_1)
     2    0.007810    0.180990    0.217785    1.376343 ^ _193_/Y (sg13g2_o21ai_1)
                                                         _011_ (net)
                      0.180990    0.000000    1.376343 ^ _197_/A2 (sg13g2_a21oi_1)
     2    0.007735    0.127738    0.182433    1.558776 v _197_/Y (sg13g2_a21oi_1)
                                                         _014_ (net)
                      0.127738    0.000000    1.558776 v _198_/B (sg13g2_xor2_1)
     1    0.001355    0.069531    0.171728    1.730504 v _198_/X (sg13g2_xor2_1)
                                                         DPATH.SUM.fa_5.S (net)
                      0.069531    0.000000    1.730504 v _309_/D (sg13g2_dfrbpq_1)
                                              1.730504   data arrival time

                      0.100000    5.000000    5.000000   clock clk (rise edge)
                                  0.000000    5.000000   clock network delay (ideal)
                                 -0.150000    4.850000   clock uncertainty
                                  0.000000    4.850000   clock reconvergence pessimism
                                              4.850000 ^ _309_/CLK (sg13g2_dfrbpq_1)
                                 -0.173671    4.676330   library setup time
                                              4.676330   data required time
---------------------------------------------------------------------------------------------
                                              4.676330   data required time
                                             -1.730504   data arrival time
---------------------------------------------------------------------------------------------
                                              2.945826   slack (MET)


Startpoint: _305_ (rising edge-triggered flip-flop clocked by clk)
Endpoint: _308_ (rising edge-triggered flip-flop clocked by clk)
Path Group: clk
Path Type: max

Fanout         Cap        Slew       Delay        Time   Description
---------------------------------------------------------------------------------------------
                      0.100000    0.000000    0.000000   clock clk (rise edge)
                                  0.000000    0.000000   clock network delay (ideal)
                      0.100000    0.000000    0.000000 ^ _305_/CLK (sg13g2_dfrbpq_1)
    17    0.053866    0.347909    0.521883    0.521883 ^ _305_/Q (sg13g2_dfrbpq_1)
                                                         DPATH.SUM.fa_1.A (net)
                      0.347909    0.000000    0.521883 ^ _181_/A (sg13g2_xnor2_1)
     2    0.007753    0.136994    0.241806    0.763689 v _181_/Y (sg13g2_xnor2_1)
                                                         _131_ (net)
                      0.136994    0.000000    0.763689 v _183_/A2 (sg13g2_o21ai_1)
     2    0.008246    0.187008    0.212766    0.976456 ^ _183_/Y (sg13g2_o21ai_1)
                                                         _132_ (net)
                      0.187008    0.000000    0.976456 ^ _187_/A1 (sg13g2_a21oi_1)
     2    0.008256    0.132999    0.182102    1.158558 v _187_/Y (sg13g2_a21oi_1)
                                                         _135_ (net)
                      0.132999    0.000000    1.158558 v _193_/A1 (sg13g2_o21ai_1)
     2    0.007810    0.180990    0.217785    1.376343 ^ _193_/Y (sg13g2_o21ai_1)
                                                         _011_ (net)
                      0.180990    0.000000    1.376343 ^ _194_/B (sg13g2_xor2_1)
     1    0.001335    0.071437    0.185632    1.561975 ^ _194_/X (sg13g2_xor2_1)
                                                         DPATH.SUM.fa_4.S (net)
                      0.071437    0.000000    1.561975 ^ _308_/D (sg13g2_dfrbpq_1)
                                              1.561975   data arrival time

                      0.100000    5.000000    5.000000   clock clk (rise edge)
                                  0.000000    5.000000   clock network delay (ideal)
                                 -0.150000    4.850000   clock uncertainty
                                  0.000000    4.850000   clock reconvergence pessimism
                                              4.850000 ^ _308_/CLK (sg13g2_dfrbpq_1)
                                 -0.195934    4.654066   library setup time
                                              4.654066   data required time
---------------------------------------------------------------------------------------------
                                              4.654066   data required time
                                             -1.561975   data arrival time
---------------------------------------------------------------------------------------------
                                              3.092091   slack (MET)


Startpoint: _311_ (rising edge-triggered flip-flop clocked by clk)
Endpoint: signB (output port clocked by clk)
Path Group: clk
Path Type: max

Fanout         Cap        Slew       Delay        Time   Description
---------------------------------------------------------------------------------------------
                      0.100000    0.000000    0.000000   clock clk (rise edge)
                                  0.000000    0.000000   clock network delay (ideal)
                      0.100000    0.000000    0.000000 ^ _311_/CLK (sg13g2_dfrbpq_1)
     2    0.032759    0.217293    0.430202    0.430202 ^ _311_/Q (sg13g2_dfrbpq_1)
                                                         sign (net)
                      0.217293    0.000000    0.430202 ^ _142_/A (sg13g2_inv_1)
     2    0.035146    0.212069    0.274981    0.705183 v _142_/Y (sg13g2_inv_1)
                                                         signB (net)
                      0.212069    0.000000    0.705183 v signB (out)
                                              0.705183   data arrival time

                      0.100000    5.000000    5.000000   clock clk (rise edge)
                                  0.000000    5.000000   clock network delay (ideal)
                                 -0.150000    4.850000   clock uncertainty
                                  0.000000    4.850000   clock reconvergence pessimism
                                 -1.000000    3.850000   output external delay
                                              3.850000   data required time
---------------------------------------------------------------------------------------------
                                              3.850000   data required time
                                             -0.705183   data arrival time
---------------------------------------------------------------------------------------------
                                              3.144817   slack (MET)


Startpoint: _305_ (rising edge-triggered flip-flop clocked by clk)
Endpoint: _312_ (rising edge-triggered flip-flop clocked by clk)
Path Group: clk
Path Type: max

Fanout         Cap        Slew       Delay        Time   Description
---------------------------------------------------------------------------------------------
                      0.100000    0.000000    0.000000   clock clk (rise edge)
                                  0.000000    0.000000   clock network delay (ideal)
                      0.100000    0.000000    0.000000 ^ _305_/CLK (sg13g2_dfrbpq_1)
    17    0.053866    0.347909    0.521883    0.521883 ^ _305_/Q (sg13g2_dfrbpq_1)
                                                         DPATH.SUM.fa_1.A (net)
                      0.347909    0.000000    0.521883 ^ _164_/B (sg13g2_and2_1)
     4    0.011319    0.096982    0.278223    0.800106 ^ _164_/X (sg13g2_and2_1)
                                                         _120_ (net)
                      0.096982    0.000000    0.800106 ^ _169_/B (sg13g2_nand2_1)
     3    0.008096    0.150422    0.135468    0.935575 v _169_/Y (sg13g2_nand2_1)
                                                         _124_ (net)
                      0.150422    0.000000    0.935575 v _205_/C (sg13g2_nor3_1)
     2    0.005710    0.185818    0.196109    1.131683 ^ _205_/Y (sg13g2_nor3_1)
                                                         _019_ (net)
                      0.185818    0.000000    1.131683 ^ _206_/A2 (sg13g2_a21oi_1)
     1    0.002692    0.109856    0.144641    1.276324 v _206_/Y (sg13g2_a21oi_1)
                                                         _020_ (net)
                      0.109856    0.000000    1.276324 v _207_/B (sg13g2_nor2_1)
     1    0.001335    0.062776    0.087433    1.363757 ^ _207_/Y (sg13g2_nor2_1)
                                                         CTRL.P0 (net)
                      0.062776    0.000000    1.363757 ^ _312_/D (sg13g2_dfrbpq_1)
                                              1.363757   data arrival time

                      0.100000    5.000000    5.000000   clock clk (rise edge)
                                  0.000000    5.000000   clock network delay (ideal)
                                 -0.150000    4.850000   clock uncertainty
                                  0.000000    4.850000   clock reconvergence pessimism
                                              4.850000 ^ _312_/CLK (sg13g2_dfrbpq_1)
                                 -0.192383    4.657617   library setup time
                                              4.657617   data required time
---------------------------------------------------------------------------------------------
                                              4.657617   data required time
                                             -1.363757   data arrival time
---------------------------------------------------------------------------------------------
                                              3.293860   slack (MET)


Startpoint: _305_ (rising edge-triggered flip-flop clocked by clk)
Endpoint: _307_ (rising edge-triggered flip-flop clocked by clk)
Path Group: clk
Path Type: max

Fanout         Cap        Slew       Delay        Time   Description
---------------------------------------------------------------------------------------------
                      0.100000    0.000000    0.000000   clock clk (rise edge)
                                  0.000000    0.000000   clock network delay (ideal)
                      0.100000    0.000000    0.000000 ^ _305_/CLK (sg13g2_dfrbpq_1)
    17    0.053866    0.347909    0.521883    0.521883 ^ _305_/Q (sg13g2_dfrbpq_1)
                                                         DPATH.SUM.fa_1.A (net)
                      0.347909    0.000000    0.521883 ^ _181_/A (sg13g2_xnor2_1)
     2    0.007753    0.136994    0.241806    0.763689 v _181_/Y (sg13g2_xnor2_1)
                                                         _131_ (net)
                      0.136994    0.000000    0.763689 v _183_/A2 (sg13g2_o21ai_1)
     2    0.008246    0.187008    0.212766    0.976456 ^ _183_/Y (sg13g2_o21ai_1)
                                                         _132_ (net)
                      0.187008    0.000000    0.976456 ^ _187_/A1 (sg13g2_a21oi_1)
     2    0.008256    0.132999    0.182102    1.158558 v _187_/Y (sg13g2_a21oi_1)
                                                         _135_ (net)
                      0.132999    0.000000    1.158558 v _190_/A (sg13g2_xor2_1)
     1    0.001355    0.077289    0.182418    1.340976 v _190_/X (sg13g2_xor2_1)
                                                         DPATH.SUM.fa_3.S (net)
                      0.077289    0.000000    1.340976 v _307_/D (sg13g2_dfrbpq_1)
                                              1.340976   data arrival time

                      0.100000    5.000000    5.000000   clock clk (rise edge)
                                  0.000000    5.000000   clock network delay (ideal)
                                 -0.150000    4.850000   clock uncertainty
                                  0.000000    4.850000   clock reconvergence pessimism
                                              4.850000 ^ _307_/CLK (sg13g2_dfrbpq_1)
                                 -0.177189    4.672811   library setup time
                                              4.672811   data required time
---------------------------------------------------------------------------------------------
                                              4.672811   data required time
                                             -1.340976   data arrival time
---------------------------------------------------------------------------------------------
                                              3.331835   slack (MET)


Startpoint: _308_ (rising edge-triggered flip-flop clocked by clk)
Endpoint: _311_ (rising edge-triggered flip-flop clocked by clk)
Path Group: clk
Path Type: max

Fanout         Cap        Slew       Delay        Time   Description
---------------------------------------------------------------------------------------------
                      0.100000    0.000000    0.000000   clock clk (rise edge)
                                  0.000000    0.000000   clock network delay (ideal)
                      0.100000    0.000000    0.000000 ^ _308_/CLK (sg13g2_dfrbpq_1)
    24    0.065683    0.338393    0.532716    0.532716 v _308_/Q (sg13g2_dfrbpq_1)
                                                         DPATH.SUM.fa_4.A (net)
                      0.338393    0.000000    0.532716 v _145_/B (sg13g2_nor2_1)
     2    0.005657    0.153645    0.187142    0.719858 ^ _145_/Y (sg13g2_nor2_1)
                                                         _104_ (net)
                      0.153645    0.000000    0.719858 ^ _178_/B (sg13g2_nand2_1)
     2    0.005501    0.090473    0.135104    0.854962 v _178_/Y (sg13g2_nand2_1)
                                                         _129_ (net)
                      0.090473    0.000000    0.854962 v _203_/B (sg13g2_nor3_1)
     2    0.007671    0.216145    0.229259    1.084222 ^ _203_/Y (sg13g2_nor3_1)
                                                         _018_ (net)
                      0.216145    0.000000    1.084222 ^ _204_/B (sg13g2_xnor2_1)
     1    0.001335    0.095639    0.185532    1.269754 ^ _204_/Y (sg13g2_xnor2_1)
                                                         CTRL.P1 (net)
                      0.095639    0.000000    1.269754 ^ _311_/D (sg13g2_dfrbpq_1)
                                              1.269754   data arrival time

                      0.100000    5.000000    5.000000   clock clk (rise edge)
                                  0.000000    5.000000   clock network delay (ideal)
                                 -0.150000    4.850000   clock uncertainty
                                  0.000000    4.850000   clock reconvergence pessimism
                                              4.850000 ^ _311_/CLK (sg13g2_dfrbpq_1)
                                 -0.205858    4.644142   library setup time
                                              4.644142   data required time
---------------------------------------------------------------------------------------------
                                              4.644142   data required time
                                             -1.269754   data arrival time
---------------------------------------------------------------------------------------------
                                              3.374388   slack (MET)


Startpoint: _311_ (rising edge-triggered flip-flop clocked by clk)
Endpoint: sign (output port clocked by clk)
Path Group: clk
Path Type: max

Fanout         Cap        Slew       Delay        Time   Description
---------------------------------------------------------------------------------------------
                      0.100000    0.000000    0.000000   clock clk (rise edge)
                                  0.000000    0.000000   clock network delay (ideal)
                      0.100000    0.000000    0.000000 ^ _311_/CLK (sg13g2_dfrbpq_1)
     2    0.032759    0.217293    0.430202    0.430202 ^ _311_/Q (sg13g2_dfrbpq_1)
                                                         sign (net)
                      0.217293    0.000000    0.430202 ^ sign (out)
                                              0.430202   data arrival time

                      0.100000    5.000000    5.000000   clock clk (rise edge)
                                  0.000000    5.000000   clock network delay (ideal)
                                 -0.150000    4.850000   clock uncertainty
                                  0.000000    4.850000   clock reconvergence pessimism
                                 -1.000000    3.850000   output external delay
                                              3.850000   data required time
---------------------------------------------------------------------------------------------
                                              3.850000   data required time
                                             -0.430202   data arrival time
---------------------------------------------------------------------------------------------
                                              3.419798   slack (MET)


Startpoint: _305_ (rising edge-triggered flip-flop clocked by clk)
Endpoint: _306_ (rising edge-triggered flip-flop clocked by clk)
Path Group: clk
Path Type: max

Fanout         Cap        Slew       Delay        Time   Description
---------------------------------------------------------------------------------------------
                      0.100000    0.000000    0.000000   clock clk (rise edge)
                                  0.000000    0.000000   clock network delay (ideal)
                      0.100000    0.000000    0.000000 ^ _305_/CLK (sg13g2_dfrbpq_1)
    17    0.053866    0.347909    0.521883    0.521883 ^ _305_/Q (sg13g2_dfrbpq_1)
                                                         DPATH.SUM.fa_1.A (net)
                      0.347909    0.000000    0.521883 ^ _181_/A (sg13g2_xnor2_1)
     2    0.007753    0.136994    0.241806    0.763689 v _181_/Y (sg13g2_xnor2_1)
                                                         _131_ (net)
                      0.136994    0.000000    0.763689 v _183_/A2 (sg13g2_o21ai_1)
     2    0.008246    0.187008    0.212766    0.976456 ^ _183_/Y (sg13g2_o21ai_1)
                                                         _132_ (net)
                      0.187008    0.000000    0.976456 ^ _186_/A (sg13g2_xor2_1)
     1    0.001335    0.071951    0.193916    1.170371 ^ _186_/X (sg13g2_xor2_1)
                                                         DPATH.SUM.fa_2.S (net)
                      0.071951    0.000000    1.170371 ^ _306_/D (sg13g2_dfrbpq_1)
                                              1.170371   data arrival time

                      0.100000    5.000000    5.000000   clock clk (rise edge)
                                  0.000000    5.000000   clock network delay (ideal)
                                 -0.150000    4.850000   clock uncertainty
                                  0.000000    4.850000   clock reconvergence pessimism
                                              4.850000 ^ _306_/CLK (sg13g2_dfrbpq_1)
                                 -0.196145    4.653855   library setup time
                                              4.653855   data required time
---------------------------------------------------------------------------------------------
                                              4.653855   data required time
                                             -1.170371   data arrival time
---------------------------------------------------------------------------------------------
                                              3.483484   slack (MET)


Startpoint: _305_ (rising edge-triggered flip-flop clocked by clk)
Endpoint: _305_ (rising edge-triggered flip-flop clocked by clk)
Path Group: clk
Path Type: max

Fanout         Cap        Slew       Delay        Time   Description
---------------------------------------------------------------------------------------------
                      0.100000    0.000000    0.000000   clock clk (rise edge)
                                  0.000000    0.000000   clock network delay (ideal)
                      0.100000    0.000000    0.000000 ^ _305_/CLK (sg13g2_dfrbpq_1)
    17    0.053866    0.347909    0.521883    0.521883 ^ _305_/Q (sg13g2_dfrbpq_1)
                                                         DPATH.SUM.fa_1.A (net)
                      0.347909    0.000000    0.521883 ^ _181_/A (sg13g2_xnor2_1)
     2    0.008105    0.190425    0.264879    0.786762 ^ _181_/Y (sg13g2_xnor2_1)
                                                         _131_ (net)
                      0.190425    0.000000    0.786762 ^ _182_/B (sg13g2_xnor2_1)
     1    0.001335    0.094871    0.177984    0.964746 ^ _182_/Y (sg13g2_xnor2_1)
                                                         DPATH.SUM.fa_1.S (net)
                      0.094871    0.000000    0.964746 ^ _305_/D (sg13g2_dfrbpq_1)
                                              0.964746   data arrival time

                      0.100000    5.000000    5.000000   clock clk (rise edge)
                                  0.000000    5.000000   clock network delay (ideal)
                                 -0.150000    4.850000   clock uncertainty
                                  0.000000    4.850000   clock reconvergence pessimism
                                              4.850000 ^ _305_/CLK (sg13g2_dfrbpq_1)
                                 -0.205544    4.644456   library setup time
                                              4.644456   data required time
---------------------------------------------------------------------------------------------
                                              4.644456   data required time
                                             -0.964746   data arrival time
---------------------------------------------------------------------------------------------
                                              3.679710   slack (MET)


Startpoint: _304_ (rising edge-triggered flip-flop clocked by clk)
Endpoint: _304_ (rising edge-triggered flip-flop clocked by clk)
Path Group: clk
Path Type: max

Fanout         Cap        Slew       Delay        Time   Description
---------------------------------------------------------------------------------------------
                      0.100000    0.000000    0.000000   clock clk (rise edge)
                                  0.000000    0.000000   clock network delay (ideal)
                      0.100000    0.000000    0.000000 ^ _304_/CLK (sg13g2_dfrbpq_1)
    16    0.050195    0.325184    0.505967    0.505967 ^ _304_/Q (sg13g2_dfrbpq_1)
                                                         DPATH.SUM.Cout0 (net)
                      0.325184    0.000000    0.505967 ^ _141_/A (sg13g2_inv_1)
     6    0.015757    0.147947    0.212457    0.718423 v _141_/Y (sg13g2_inv_1)
                                                         DPATH.SUM.ha_0.S (net)
                      0.147947    0.000000    0.718423 v _304_/D (sg13g2_dfrbpq_1)
                                              0.718423   data arrival time

                      0.100000    5.000000    5.000000   clock clk (rise edge)
                                  0.000000    5.000000   clock network delay (ideal)
                                 -0.150000    4.850000   clock uncertainty
                                  0.000000    4.850000   clock reconvergence pessimism
                                              4.850000 ^ _304_/CLK (sg13g2_dfrbpq_1)
                                 -0.209233    4.640768   library setup time
                                              4.640768   data required time
---------------------------------------------------------------------------------------------
                                              4.640768   data required time
                                             -0.718423   data arrival time
---------------------------------------------------------------------------------------------
                                              3.922344   slack (MET)



%OL_END_REPORT
%OL_CREATE_REPORT checks.rpt

===========================================================================
report_checks -unconstrained
===========================================================================
======================= nom_slow_1p08V_125C Corner ===================================

Startpoint: _305_ (rising edge-triggered flip-flop clocked by clk)
Endpoint: sine_out[1] (output port clocked by clk)
Path Group: clk
Path Type: max

Fanout         Cap        Slew       Delay        Time   Description
---------------------------------------------------------------------------------------------
                      0.100000    0.000000    0.000000   clock clk (rise edge)
                                  0.000000    0.000000   clock network delay (ideal)
                      0.100000    0.000000    0.000000 ^ _305_/CLK (sg13g2_dfrbpq_1)
    17    0.053866    0.347909    0.521883    0.521883 ^ _305_/Q (sg13g2_dfrbpq_1)
                                                         DPATH.SUM.fa_1.A (net)
                      0.347909    0.000000    0.521883 ^ _212_/A (sg13g2_xor2_1)
     3    0.007579    0.153560    0.234568    0.756451 v _212_/X (sg13g2_xor2_1)
                                                         _025_ (net)
                      0.153560    0.000000    0.756451 v _213_/B (sg13g2_or2_1)
     4    0.010818    0.083317    0.235007    0.991458 v _213_/X (sg13g2_or2_1)
                                                         _026_ (net)
                      0.083317    0.000000    0.991458 v _214_/C (sg13g2_and3_1)
     3    0.008519    0.067542    0.170946    1.162404 v _214_/X (sg13g2_and3_1)
                                                         _027_ (net)
                      0.067542    0.000000    1.162404 v _249_/A2 (sg13g2_a221oi_1)
     1    0.002825    0.160036    0.227034    1.389438 ^ _249_/Y (sg13g2_a221oi_1)
                                                         _061_ (net)
                      0.160036    0.000000    1.389438 ^ _250_/B (sg13g2_nor2_1)
     1    0.002787    0.058739    0.084008    1.473445 v _250_/Y (sg13g2_nor2_1)
                                                         _062_ (net)
                      0.058739    0.000000    1.473445 v _256_/B (sg13g2_nor4_1)
     1    0.002783    0.177985    0.217678    1.691123 ^ _256_/Y (sg13g2_nor4_1)
                                                         _068_ (net)
                      0.177985    0.000000    1.691123 ^ _267_/B1 (sg13g2_a21oi_1)
     1    0.010000    0.134535    0.131774    1.822897 v _267_/Y (sg13g2_a21oi_1)
                                                         sine_out[1] (net)
                      0.134535    0.000000    1.822897 v sine_out[1] (out)
                                              1.822897   data arrival time

                      0.100000    5.000000    5.000000   clock clk (rise edge)
                                  0.000000    5.000000   clock network delay (ideal)
                                 -0.150000    4.850000   clock uncertainty
                                  0.000000    4.850000   clock reconvergence pessimism
                                 -1.000000    3.850000   output external delay
                                              3.850000   data required time
---------------------------------------------------------------------------------------------
                                              3.850000   data required time
                                             -1.822897   data arrival time
---------------------------------------------------------------------------------------------
                                              2.027103   slack (MET)




===========================================================================
report_checks --slack_max -0.01
============================================================================
======================= nom_slow_1p08V_125C Corner ===================================

No paths found.


===========================================================================
 report_check_types -max_slew -max_cap -max_fanout -violators
============================================================================
======================= nom_slow_1p08V_125C Corner ===================================

max fanout

Pin                                   Limit Fanout  Slack
---------------------------------------------------------
_308_/Q                                   8     24    -16 (VIOLATED)
_307_/Q                                   8     19    -11 (VIOLATED)
_309_/Q                                   8     19    -11 (VIOLATED)
_305_/Q                                   8     17     -9 (VIOLATED)
_310_/Q                                   8     17     -9 (VIOLATED)
_304_/Q                                   8     16     -8 (VIOLATED)
_312_/Q                                   8     13     -5 (VIOLATED)
_138_/Y                                   8     11     -3 (VIOLATED)
_306_/Q                                   8     11     -3 (VIOLATED)



===========================================================================
report_parasitic_annotation -report_unannotated
============================================================================
Found 177 unannotated drivers.
 clk
 rst
 _138_/Y
 _139_/Y
 _140_/Y
 _141_/Y
 _142_/Y
 _143_/Y
 _144_/X
 _145_/Y
 _146_/Y
 _147_/Y
 _148_/Y
 _149_/Y
 _150_/Y
 _151_/Y
 _152_/Y
 _153_/Y
 _154_/Y
 _155_/X
 _156_/Y
 _157_/X
 _158_/X
 _159_/Y
 _160_/Y
 _161_/X
 _162_/Y
 _163_/Y
 _164_/X
 _165_/Y
 _166_/Y
 _167_/Y
 _168_/Y
 _169_/Y
 _170_/Y
 _171_/Y
 _172_/X
 _173_/Y
 _174_/Y
 _175_/Y
 _176_/Y
 _177_/Y
 _178_/Y
 _179_/Y
 _180_/Y
 _181_/Y
 _182_/Y
 _183_/Y
 _184_/X
 _185_/X
 _186_/X
 _187_/Y
 _188_/Y
 _189_/Y
 _190_/X
 _191_/X
 _192_/X
 _193_/Y
 _194_/X
 _195_/Y
 _196_/Y
 _197_/Y
 _198_/X
 _199_/Y
 _200_/Y
 _201_/Y
 _202_/Y
 _203_/Y
 _204_/Y
 _205_/Y
 _206_/Y
 _207_/Y
 _208_/X
 _209_/Y
 _210_/Y
 _211_/Y
 _212_/X
 _213_/X
 _214_/X
 _215_/Y
 _216_/Y
 _217_/Y
 _218_/Y
 _219_/Y
 _220_/Y
 _221_/Y
 _222_/Y
 _223_/Y
 _224_/Y
 _225_/Y
 _226_/Y
 _227_/X
 _228_/Y
 _229_/Y
 _230_/Y
 _231_/Y
 _232_/Y
 _233_/Y
 _234_/Y
 _235_/Y
 _236_/Y
 _237_/Y
 _238_/Y
 _239_/Y
 _240_/X
 _241_/Y
 _242_/Y
 _243_/Y
 _244_/Y
 _245_/Y
 _246_/Y
 _247_/Y
 _248_/Y
 _249_/Y
 _250_/Y
 _251_/Y
 _252_/Y
 _253_/Y
 _254_/Y
 _255_/Y
 _256_/Y
 _257_/Y
 _258_/Y
 _259_/Y
 _260_/Y
 _261_/Y
 _262_/Y
 _263_/Y
 _264_/Y
 _265_/Y
 _266_/Y
 _267_/Y
 _268_/X
 _269_/Y
 _270_/Y
 _271_/Y
 _272_/Y
 _273_/X
 _274_/X
 _275_/Y
 _276_/Y
 _277_/Y
 _278_/Y
 _279_/Y
 _280_/Y
 _281_/X
 _282_/Y
 _283_/Y
 _284_/Y
 _285_/Y
 _286_/Y
 _287_/Y
 _288_/Y
 _289_/Y
 _290_/Y
 _291_/Y
 _292_/Y
 _293_/Y
 _294_/Y
 _295_/Y
 _296_/Y
 _297_/Y
 _298_/Y
 _299_/Y
 _300_/Y
 _301_/Y
 _302_/Y
 _303_/Y
 _304_/Q
 _305_/Q
 _306_/Q
 _307_/Q
 _308_/Q
 _309_/Q
 _310_/Q
 _311_/Q
 _312_/Q
Found 0 partially unannotated drivers.

===========================================================================
max slew violation count 0
%OL_METRIC_I design__max_slew_violation__count__corner:nom_slow_1p08V_125C 0
max fanout violation count 9
%OL_METRIC_I design__max_fanout_violation__count__corner:nom_slow_1p08V_125C 9
max cap violation count 0
%OL_METRIC_I design__max_cap_violation__count__corner:nom_slow_1p08V_125C 0
============================================================================

===========================================================================
check_setup -verbose -unconstrained_endpoints -multiple_clock -no_clock -no_input_delay -loops -generated_clocks
===========================================================================
%OL_END_REPORT
%OL_CREATE_REPORT power.rpt

===========================================================================
 report_power
============================================================================
======================= nom_slow_1p08V_125C Corner ===================================

Group                    Internal    Switching      Leakage        Total
                            Power        Power        Power        Power (Watts)
------------------------------------------------------------------------
Sequential           7.510995e-05 0.000000e+00 2.058249e-08 7.513053e-05  98.9%
Combinational        2.578912e-07 5.049682e-07 8.244592e-08 8.453053e-07   1.1%
Clock                0.000000e+00 0.000000e+00 0.000000e+00 0.000000e+00   0.0%
Macro                0.000000e+00 0.000000e+00 0.000000e+00 0.000000e+00   0.0%
Pad                  0.000000e+00 0.000000e+00 0.000000e+00 0.000000e+00   0.0%
------------------------------------------------------------------------
Total                7.536784e-05 5.049682e-07 1.030284e-07 7.597583e-05 100.0%
                            99.2%         0.7%         0.1%
%OL_METRIC_F power__internal__total 7.536783959949389e-5
%OL_METRIC_F power__switching__total 5.049681703894748e-7
%OL_METRIC_F power__leakage__total 1.0302841246812022e-7
%OL_METRIC_F power__total 7.597583316965029e-5

%OL_END_REPORT
%OL_CREATE_REPORT skew.min.rpt

===========================================================================
Clock Skew (Hold)
============================================================================
%OL_METRIC_F clock__skew__worst_hold__corner:nom_slow_1p08V_125C -0.15000000277555764
======================= nom_slow_1p08V_125C Corner ===================================

Clock clk
0.000000 source latency _304_/CLK ^
0.000000 target latency _304_/CLK ^
-0.150000 clock uncertainty
0.000000 CRPR
--------------
-0.150000 hold skew

%OL_END_REPORT
%OL_CREATE_REPORT skew.max.rpt

===========================================================================
Clock Skew (Setup)
============================================================================
%OL_METRIC_F clock__skew__worst_setup__corner:nom_slow_1p08V_125C 0.15000000277555764
======================= nom_slow_1p08V_125C Corner ===================================

Clock clk
0.000000 source latency _304_/CLK ^
0.000000 target latency _304_/CLK ^
0.150000 clock uncertainty
0.000000 CRPR
--------------
0.150000 setup skew

%OL_END_REPORT
%OL_CREATE_REPORT ws.min.rpt

===========================================================================
Worst Slack (Hold)
============================================================================
%OL_METRIC_F timing__hold__ws__corner:nom_slow_1p08V_125C 0.26078678843445113
nom_slow_1p08V_125C: 0.26078678843445113
%OL_END_REPORT
%OL_CREATE_REPORT ws.max.rpt

===========================================================================
Worst Slack (Setup)
============================================================================
%OL_METRIC_F timing__setup__ws__corner:nom_slow_1p08V_125C 2.0271034313775016
nom_slow_1p08V_125C: 2.0271034313775016
%OL_END_REPORT
%OL_CREATE_REPORT tns.min.rpt

===========================================================================
Total Negative Slack (Hold)
============================================================================
%OL_METRIC_F timing__hold__tns__corner:nom_slow_1p08V_125C 0.0
nom_slow_1p08V_125C: 0.0
%OL_END_REPORT
%OL_CREATE_REPORT tns.max.rpt

===========================================================================
Total Negative Slack (Setup)
============================================================================
%OL_METRIC_F timing__setup__tns__corner:nom_slow_1p08V_125C 0.0
nom_slow_1p08V_125C: 0.0
%OL_END_REPORT
%OL_CREATE_REPORT wns.min.rpt

===========================================================================
Worst Negative Slack (Hold)
============================================================================
%OL_METRIC_F timing__hold__wns__corner:nom_slow_1p08V_125C 0
nom_slow_1p08V_125C: 0
%OL_END_REPORT
%OL_CREATE_REPORT wns.max.rpt

===========================================================================
Worst Negative Slack (Setup)
============================================================================
%OL_METRIC_F timing__setup__wns__corner:nom_slow_1p08V_125C 0.0
nom_slow_1p08V_125C: 0.0
%OL_END_REPORT
%OL_CREATE_REPORT violator_list.rpt

===========================================================================
Violator List
============================================================================
%OL_METRIC_I timing__hold_vio__count__corner:nom_slow_1p08V_125C 0
%OL_METRIC_F timing__hold_r2r__ws__corner:nom_slow_1p08V_125C 0.511096
%OL_METRIC_I timing__hold_r2r_vio__count__corner:nom_slow_1p08V_125C 0
%OL_METRIC_I timing__setup_vio__count__corner:nom_slow_1p08V_125C 0
%OL_METRIC_F timing__setup_r2r__ws__corner:nom_slow_1p08V_125C 2.745189
%OL_METRIC_I timing__setup_r2r_vio__count__corner:nom_slow_1p08V_125C 0
%OL_END_REPORT
%OL_CREATE_REPORT unpropagated.rpt
clk
%OL_END_REPORT
%OL_CREATE_REPORT clock.rpt
Clock: clk
Sources: clk 
Generated: no
Virtual: no
Propagated: no
Period: 5.000000

===========================================================================
report_clock_properties
============================================================================
Clock                   Period          Waveform
----------------------------------------------------
clk                   5.000000    0.000000  2.500000

===========================================================================
report_clock_latency
============================================================================
Clock clk
rise -> rise
    min     max
0.000000 0.000000 source latency
0.000000         network latency _304_/CLK
        0.000000 network latency _304_/CLK
---------------
0.000000 0.000000 latency
        0.000000 skew

fall -> fall
    min     max
0.000000 0.000000 source latency
0.000000         network latency _304_/CLK
        0.000000 network latency _304_/CLK
---------------
0.000000 0.000000 latency
        0.000000 skew



===========================================================================
report_clock_min_period
============================================================================
clk period_min = 2.25 fmax = 443.50
%OL_END_REPORT
Writing SDF files for all corners…
