{
   "creator": "Yosys 0.54 (git sha1 db72ec3bde296a9512b2d1e6fabf81cfb07c2c1b, clang++ 19.1.7 -fPIC -O3)",
   "invocation": "stat -json -liberty /home/designer/shared/BASIC/current_generator/digital/DigitalSine/runs/RUN_2026-02-26_20-53-18/tmp/1d57dd6a986a4a978431c5d3bf7d8004.lib ",
   "modules": {
      "\\DigitalSine": {
         "num_wires":         150,
         "num_wire_bits":     167,
         "num_pub_wires":     22,
         "num_pub_wire_bits": 39,
         "num_ports":         5,
         "num_port_bits":     22,
         "num_memories":      0,
         "num_memory_bits":   0,
         "num_processes":     0,
         "num_cells":         165,
         "area":              1908.559800,
         "num_cells_by_type": {
            "sg13g2_a21o_1": 2,
            "sg13g2_a21oi_1": 22,
            "sg13g2_a221oi_1": 3,
            "sg13g2_a22oi_1": 5,
            "sg13g2_and2_1": 7,
            "sg13g2_and3_1": 2,
            "sg13g2_dfrbpq_1": 9,
            "sg13g2_inv_1": 16,
            "sg13g2_mux2_1": 1,
            "sg13g2_nand2_1": 17,
            "sg13g2_nand2b_1": 6,
            "sg13g2_nand3_1": 3,
            "sg13g2_nand3b_1": 2,
            "sg13g2_nand4_1": 1,
            "sg13g2_nor2_1": 15,
            "sg13g2_nor2b_1": 5,
            "sg13g2_nor3_1": 9,
            "sg13g2_nor4_1": 1,
            "sg13g2_o21ai_1": 17,
            "sg13g2_or2_1": 2,
            "sg13g2_xnor2_1": 11,
            "sg13g2_xor2_1": 9
         }
      }
   },
      "design": {
         "num_wires":         150,
         "num_wire_bits":     167,
         "num_pub_wires":     22,
         "num_pub_wire_bits": 39,
         "num_ports":         5,
         "num_port_bits":     22,
         "num_memories":      0,
         "num_memory_bits":   0,
         "num_processes":     0,
         "num_cells":         165,
         "area":              1908.559800,
         "num_cells_by_type": {
            "sg13g2_a21o_1": 2,
            "sg13g2_a21oi_1": 22,
            "sg13g2_a221oi_1": 3,
            "sg13g2_a22oi_1": 5,
            "sg13g2_and2_1": 7,
            "sg13g2_and3_1": 2,
            "sg13g2_dfrbpq_1": 9,
            "sg13g2_inv_1": 16,
            "sg13g2_mux2_1": 1,
            "sg13g2_nand2_1": 17,
            "sg13g2_nand2b_1": 6,
            "sg13g2_nand3_1": 3,
            "sg13g2_nand3b_1": 2,
            "sg13g2_nand4_1": 1,
            "sg13g2_nor2_1": 15,
            "sg13g2_nor2b_1": 5,
            "sg13g2_nor3_1": 9,
            "sg13g2_nor4_1": 1,
            "sg13g2_o21ai_1": 17,
            "sg13g2_or2_1": 2,
            "sg13g2_xnor2_1": 11,
            "sg13g2_xor2_1": 9
         }
      }
}

