+ define_corners nom_fast_1p32V_m40C
Reading timing models for corner nom_fast_1p32V_m40C…
Reading cell library for the 'nom_fast_1p32V_m40C' corner at '/opt/pdks/ciel/ihp-sg13g2/versions/c4b8b4e5e7a05f375cca3815d51b3a37721fbf5c/ihp-sg13g2/libs.ref/sg13g2_stdcell/lib/sg13g2_stdcell_fast_1p32V_m40C.lib'…
Reading cell library for the 'nom_fast_1p32V_m40C' corner at '/opt/pdks/ciel/ihp-sg13g2/versions/c4b8b4e5e7a05f375cca3815d51b3a37721fbf5c/ihp-sg13g2/libs.ref/sg13g2_io/lib/sg13g2_io_fast_1p32V_3p6V_m40C.lib'…
Reading top-level netlist at '/home/designer/shared/BASIC/current_generator/digital/DigitalSine/runs/RUN_2026-03-28_21-39-37/52-openroad-fillinsertion/DigitalSine.nl.v'…
Linking design 'DigitalSine' from netlist…
Reading design constraints file at '/home/designer/shared/BASIC/current_generator/digital/DigitalSine/cons.sdc'…
Warning: /home/designer/shared/BASIC/current_generator/digital/DigitalSine/cons.sdc line 22, 'rst' is not a valid endpoint.
Warning: cons.sdc line 34, set_input_delay relative to a clock defined on the same port/pin not allowed.
Warning: cons.sdc line 35, set_input_delay relative to a clock defined on the same port/pin not allowed.
Warning: cons.sdc line 38, set_input_delay relative to a clock defined on the same port/pin not allowed.
Warning: cons.sdc line 39, set_input_delay relative to a clock defined on the same port/pin not allowed.
[INFO] No information on clock propagation in input SDC file-- propagating all clocks.
Reading top-level design parasitics for the 'nom_fast_1p32V_m40C' corner at '/home/designer/shared/BASIC/current_generator/digital/DigitalSine/runs/RUN_2026-03-28_21-39-37/54-openroad-rcx/nom/DigitalSine.nom.spef'…
%OL_CREATE_REPORT min.rpt

===========================================================================
report_checks -path_delay min (Hold)
============================================================================
======================= nom_fast_1p32V_m40C Corner ===================================

Startpoint: _312_ (rising edge-triggered flip-flop clocked by clk)
Endpoint: _312_ (rising edge-triggered flip-flop clocked by clk)
Path Group: clk
Path Type: min

Fanout         Cap        Slew       Delay        Time   Description
---------------------------------------------------------------------------------------------
                                  0.000000    0.000000   clock clk (rise edge)
                                  0.000000    0.000000   clock source latency
     1    0.023323    0.000000    0.000000    0.000000 ^ clk (in)
                                                         clk (net)
                      0.003632    0.001816    0.001816 ^ clkbuf_0_clk/A (sg13g2_buf_16)
     2    0.040741    0.015516    0.039786    0.041602 ^ clkbuf_0_clk/X (sg13g2_buf_16)
                                                         clknet_0_clk (net)
                      0.016198    0.003284    0.044886 ^ clkbuf_1_0__f_clk/A (sg13g2_buf_16)
     5    0.027201    0.014253    0.043338    0.088225 ^ clkbuf_1_0__f_clk/X (sg13g2_buf_16)
                                                         clknet_1_0__leaf_clk (net)
                      0.014294    0.001345    0.089570 ^ _312_/CLK (sg13g2_dfrbpq_1)
     1    0.004446    0.016266    0.110000    0.199570 v _312_/Q (sg13g2_dfrbpq_1)
                                                         CTRL.S0 (net)
                      0.016266    0.000271    0.199840 v fanout24/A (sg13g2_buf_1)
     6    0.035100    0.078111    0.089362    0.289202 v fanout24/X (sg13g2_buf_1)
                                                         net24 (net)
                      0.078148    0.001426    0.290628 v _206_/B1 (sg13g2_a21oi_1)
     1    0.004181    0.036660    0.042886    0.333514 ^ _206_/Y (sg13g2_a21oi_1)
                                                         _020_ (net)
                      0.036660    0.000296    0.333811 ^ _207_/B (sg13g2_nor2_1)
     1    0.001938    0.013900    0.021505    0.355315 v _207_/Y (sg13g2_nor2_1)
                                                         CTRL.P0 (net)
                      0.013900    0.000073    0.355388 v _312_/D (sg13g2_dfrbpq_1)
                                              0.355388   data arrival time

                                  0.000000    0.000000   clock clk (rise edge)
                                  0.000000    0.000000   clock source latency
     1    0.023323    0.000000    0.000000    0.000000 ^ clk (in)
                                                         clk (net)
                      0.003632    0.001816    0.001816 ^ clkbuf_0_clk/A (sg13g2_buf_16)
     2    0.040741    0.015516    0.039786    0.041602 ^ clkbuf_0_clk/X (sg13g2_buf_16)
                                                         clknet_0_clk (net)
                      0.016198    0.003284    0.044886 ^ clkbuf_1_0__f_clk/A (sg13g2_buf_16)
     5    0.027201    0.014253    0.043338    0.088225 ^ clkbuf_1_0__f_clk/X (sg13g2_buf_16)
                                                         clknet_1_0__leaf_clk (net)
                      0.014294    0.001345    0.089570 ^ _312_/CLK (sg13g2_dfrbpq_1)
                                  0.150000    0.239570   clock uncertainty
                                  0.000000    0.239570   clock reconvergence pessimism
                                 -0.021606    0.217964   library hold time
                                              0.217964   data required time
---------------------------------------------------------------------------------------------
                                              0.217964   data required time
                                             -0.355388   data arrival time
---------------------------------------------------------------------------------------------
                                              0.137425   slack (MET)


Startpoint: _311_ (rising edge-triggered flip-flop clocked by clk)
Endpoint: sign (output port clocked by clk)
Path Group: clk
Path Type: min

Fanout         Cap        Slew       Delay        Time   Description
---------------------------------------------------------------------------------------------
                                  0.000000    0.000000   clock clk (rise edge)
                                  0.000000    0.000000   clock source latency
     1    0.023323    0.000000    0.000000    0.000000 ^ clk (in)
                                                         clk (net)
                      0.003632    0.001816    0.001816 ^ clkbuf_0_clk/A (sg13g2_buf_16)
     2    0.040741    0.015516    0.039786    0.041602 ^ clkbuf_0_clk/X (sg13g2_buf_16)
                                                         clknet_0_clk (net)
                      0.016198    0.003284    0.044886 ^ clkbuf_1_0__f_clk/A (sg13g2_buf_16)
     5    0.027201    0.014253    0.043338    0.088225 ^ clkbuf_1_0__f_clk/X (sg13g2_buf_16)
                                                         clknet_1_0__leaf_clk (net)
                      0.014301    0.001448    0.089673 ^ _311_/CLK (sg13g2_dfrbpq_1)
     2    0.005420    0.018047    0.111621    0.201294 v _311_/Q (sg13g2_dfrbpq_1)
                                                         net2 (net)
                      0.018047    0.000184    0.201478 v output2/A (sg13g2_buf_1)
     1    0.032356    0.071986    0.086392    0.287870 v output2/X (sg13g2_buf_1)
                                                         sign (net)
                      0.072041    0.001644    0.289514 v sign (out)
                                              0.289514   data arrival time

                                  0.000000    0.000000   clock clk (rise edge)
                                  0.000000    0.000000   clock network delay (propagated)
                                  0.150000    0.150000   clock uncertainty
                                  0.000000    0.150000   clock reconvergence pessimism
                                  0.000000    0.150000   output external delay
                                              0.150000   data required time
---------------------------------------------------------------------------------------------
                                              0.150000   data required time
                                             -0.289514   data arrival time
---------------------------------------------------------------------------------------------
                                              0.139514   slack (MET)


Startpoint: _304_ (rising edge-triggered flip-flop clocked by clk)
Endpoint: _311_ (rising edge-triggered flip-flop clocked by clk)
Path Group: clk
Path Type: min

Fanout         Cap        Slew       Delay        Time   Description
---------------------------------------------------------------------------------------------
                                  0.000000    0.000000   clock clk (rise edge)
                                  0.000000    0.000000   clock source latency
     1    0.023323    0.000000    0.000000    0.000000 ^ clk (in)
                                                         clk (net)
                      0.003632    0.001816    0.001816 ^ clkbuf_0_clk/A (sg13g2_buf_16)
     2    0.040741    0.015516    0.039786    0.041602 ^ clkbuf_0_clk/X (sg13g2_buf_16)
                                                         clknet_0_clk (net)
                      0.016165    0.003221    0.044823 ^ clkbuf_1_1__f_clk/A (sg13g2_buf_16)
     5    0.021265    0.013375    0.042613    0.087436 ^ clkbuf_1_1__f_clk/X (sg13g2_buf_16)
                                                         clknet_1_1__leaf_clk (net)
                      0.013424    0.001433    0.088869 ^ _304_/CLK (sg13g2_dfrbpq_1)
     1    0.002560    0.012886    0.106612    0.195481 v _304_/Q (sg13g2_dfrbpq_1)
                                                         DPATH.SUM.Cout0 (net)
                      0.012886    0.000102    0.195583 v fanout41/A (sg13g2_buf_1)
     6    0.033815    0.075550    0.085598    0.281180 v fanout41/X (sg13g2_buf_1)
                                                         net41 (net)
                      0.075864    0.003984    0.285164 v _202_/B (sg13g2_nand3b_1)
     1    0.003434    0.023322    0.041064    0.326227 ^ _202_/Y (sg13g2_nand3b_1)
                                                         _017_ (net)
                      0.023322    0.000137    0.326364 ^ _203_/C (sg13g2_nor3_1)
     2    0.011258    0.029703    0.035119    0.361483 v _203_/Y (sg13g2_nor3_1)
                                                         _018_ (net)
                      0.029714    0.000462    0.361945 v _204_/B (sg13g2_xnor2_1)
     1    0.002824    0.022475    0.038008    0.399953 v _204_/Y (sg13g2_xnor2_1)
                                                         CTRL.P1 (net)
                      0.022475    0.000100    0.400052 v _311_/D (sg13g2_dfrbpq_1)
                                              0.400052   data arrival time

                                  0.000000    0.000000   clock clk (rise edge)
                                  0.000000    0.000000   clock source latency
     1    0.023323    0.000000    0.000000    0.000000 ^ clk (in)
                                                         clk (net)
                      0.003632    0.001816    0.001816 ^ clkbuf_0_clk/A (sg13g2_buf_16)
     2    0.040741    0.015516    0.039786    0.041602 ^ clkbuf_0_clk/X (sg13g2_buf_16)
                                                         clknet_0_clk (net)
                      0.016198    0.003284    0.044886 ^ clkbuf_1_0__f_clk/A (sg13g2_buf_16)
     5    0.027201    0.014253    0.043338    0.088225 ^ clkbuf_1_0__f_clk/X (sg13g2_buf_16)
                                                         clknet_1_0__leaf_clk (net)
                      0.014301    0.001448    0.089673 ^ _311_/CLK (sg13g2_dfrbpq_1)
                                  0.150000    0.239673   clock uncertainty
                                  0.000000    0.239673   clock reconvergence pessimism
                                 -0.023585    0.216088   library hold time
                                              0.216088   data required time
---------------------------------------------------------------------------------------------
                                              0.216088   data required time
                                             -0.400052   data arrival time
---------------------------------------------------------------------------------------------
                                              0.183965   slack (MET)


Startpoint: _308_ (rising edge-triggered flip-flop clocked by clk)
Endpoint: sine_out[8] (output port clocked by clk)
Path Group: clk
Path Type: min

Fanout         Cap        Slew       Delay        Time   Description
---------------------------------------------------------------------------------------------
                                  0.000000    0.000000   clock clk (rise edge)
                                  0.000000    0.000000   clock source latency
     1    0.023323    0.000000    0.000000    0.000000 ^ clk (in)
                                                         clk (net)
                      0.003632    0.001816    0.001816 ^ clkbuf_0_clk/A (sg13g2_buf_16)
     2    0.040741    0.015516    0.039786    0.041602 ^ clkbuf_0_clk/X (sg13g2_buf_16)
                                                         clknet_0_clk (net)
                      0.016198    0.003284    0.044886 ^ clkbuf_1_0__f_clk/A (sg13g2_buf_16)
     5    0.027201    0.014253    0.043338    0.088225 ^ clkbuf_1_0__f_clk/X (sg13g2_buf_16)
                                                         clknet_1_0__leaf_clk (net)
                      0.014311    0.001529    0.089754 ^ _308_/CLK (sg13g2_dfrbpq_1)
     3    0.022005    0.051759    0.137782    0.227537 v _308_/Q (sg13g2_dfrbpq_1)
                                                         DPATH.SUM.fa_4.A (net)
                      0.051884    0.002211    0.229747 v _295_/A1 (sg13g2_a21oi_1)
     1    0.003498    0.033074    0.048855    0.278602 ^ _295_/Y (sg13g2_a21oi_1)
                                                         net20 (net)
                      0.033074    0.000137    0.278739 ^ output20/A (sg13g2_buf_1)
     1    0.010758    0.034223    0.058542    0.337281 ^ output20/X (sg13g2_buf_1)
                                                         sine_out[8] (net)
                      0.034229    0.000460    0.337741 ^ sine_out[8] (out)
                                              0.337741   data arrival time

                                  0.000000    0.000000   clock clk (rise edge)
                                  0.000000    0.000000   clock network delay (propagated)
                                  0.150000    0.150000   clock uncertainty
                                  0.000000    0.150000   clock reconvergence pessimism
                                  0.000000    0.150000   output external delay
                                              0.150000   data required time
---------------------------------------------------------------------------------------------
                                              0.150000   data required time
                                             -0.337741   data arrival time
---------------------------------------------------------------------------------------------
                                              0.187741   slack (MET)


Startpoint: _308_ (rising edge-triggered flip-flop clocked by clk)
Endpoint: sine_out[7] (output port clocked by clk)
Path Group: clk
Path Type: min

Fanout         Cap        Slew       Delay        Time   Description
---------------------------------------------------------------------------------------------
                                  0.000000    0.000000   clock clk (rise edge)
                                  0.000000    0.000000   clock source latency
     1    0.023323    0.000000    0.000000    0.000000 ^ clk (in)
                                                         clk (net)
                      0.003632    0.001816    0.001816 ^ clkbuf_0_clk/A (sg13g2_buf_16)
     2    0.040741    0.015516    0.039786    0.041602 ^ clkbuf_0_clk/X (sg13g2_buf_16)
                                                         clknet_0_clk (net)
                      0.016198    0.003284    0.044886 ^ clkbuf_1_0__f_clk/A (sg13g2_buf_16)
     5    0.027201    0.014253    0.043338    0.088225 ^ clkbuf_1_0__f_clk/X (sg13g2_buf_16)
                                                         clknet_1_0__leaf_clk (net)
                      0.014311    0.001529    0.089754 ^ _308_/CLK (sg13g2_dfrbpq_1)
     3    0.022005    0.051759    0.137782    0.227537 v _308_/Q (sg13g2_dfrbpq_1)
                                                         DPATH.SUM.fa_4.A (net)
                      0.051880    0.002183    0.229719 v _294_/A1 (sg13g2_a21oi_1)
     1    0.004296    0.035732    0.051927    0.281646 ^ _294_/Y (sg13g2_a21oi_1)
                                                         net19 (net)
                      0.035733    0.000314    0.281960 ^ output19/A (sg13g2_buf_1)
     1    0.011496    0.036130    0.060755    0.342716 ^ output19/X (sg13g2_buf_1)
                                                         sine_out[7] (net)
                      0.036138    0.000528    0.343243 ^ sine_out[7] (out)
                                              0.343243   data arrival time

                                  0.000000    0.000000   clock clk (rise edge)
                                  0.000000    0.000000   clock network delay (propagated)
                                  0.150000    0.150000   clock uncertainty
                                  0.000000    0.150000   clock reconvergence pessimism
                                  0.000000    0.150000   output external delay
                                              0.150000   data required time
---------------------------------------------------------------------------------------------
                                              0.150000   data required time
                                             -0.343243   data arrival time
---------------------------------------------------------------------------------------------
                                              0.193243   slack (MET)


Startpoint: _312_ (rising edge-triggered flip-flop clocked by clk)
Endpoint: _307_ (rising edge-triggered flip-flop clocked by clk)
Path Group: clk
Path Type: min

Fanout         Cap        Slew       Delay        Time   Description
---------------------------------------------------------------------------------------------
                                  0.000000    0.000000   clock clk (rise edge)
                                  0.000000    0.000000   clock source latency
     1    0.023323    0.000000    0.000000    0.000000 ^ clk (in)
                                                         clk (net)
                      0.003632    0.001816    0.001816 ^ clkbuf_0_clk/A (sg13g2_buf_16)
     2    0.040741    0.015516    0.039786    0.041602 ^ clkbuf_0_clk/X (sg13g2_buf_16)
                                                         clknet_0_clk (net)
                      0.016198    0.003284    0.044886 ^ clkbuf_1_0__f_clk/A (sg13g2_buf_16)
     5    0.027201    0.014253    0.043338    0.088225 ^ clkbuf_1_0__f_clk/X (sg13g2_buf_16)
                                                         clknet_1_0__leaf_clk (net)
                      0.014294    0.001345    0.089570 ^ _312_/CLK (sg13g2_dfrbpq_1)
     1    0.004446    0.016266    0.110000    0.199570 v _312_/Q (sg13g2_dfrbpq_1)
                                                         CTRL.S0 (net)
                      0.016266    0.000271    0.199840 v fanout24/A (sg13g2_buf_1)
     6    0.035100    0.078111    0.089362    0.289202 v fanout24/X (sg13g2_buf_1)
                                                         net24 (net)
                      0.078301    0.003160    0.292363 v _189_/B (sg13g2_xnor2_1)
     2    0.011024    0.053706    0.076824    0.369187 v _189_/Y (sg13g2_xnor2_1)
                                                         _137_ (net)
                      0.053707    0.000359    0.369546 v _190_/B (sg13g2_xor2_1)
     1    0.002444    0.017515    0.043878    0.413424 v _190_/X (sg13g2_xor2_1)
                                                         DPATH.SUM.fa_3.S (net)
                      0.017515    0.000093    0.413517 v _307_/D (sg13g2_dfrbpq_1)
                                              0.413517   data arrival time

                                  0.000000    0.000000   clock clk (rise edge)
                                  0.000000    0.000000   clock source latency
     1    0.023323    0.000000    0.000000    0.000000 ^ clk (in)
                                                         clk (net)
                      0.003632    0.001816    0.001816 ^ clkbuf_0_clk/A (sg13g2_buf_16)
     2    0.040741    0.015516    0.039786    0.041602 ^ clkbuf_0_clk/X (sg13g2_buf_16)
                                                         clknet_0_clk (net)
                      0.016165    0.003221    0.044823 ^ clkbuf_1_1__f_clk/A (sg13g2_buf_16)
     5    0.021265    0.013375    0.042613    0.087436 ^ clkbuf_1_1__f_clk/X (sg13g2_buf_16)
                                                         clknet_1_1__leaf_clk (net)
                      0.013422    0.001413    0.088849 ^ _307_/CLK (sg13g2_dfrbpq_1)
                                  0.150000    0.238849   clock uncertainty
                                  0.000000    0.238849   clock reconvergence pessimism
                                 -0.022580    0.216269   library hold time
                                              0.216269   data required time
---------------------------------------------------------------------------------------------
                                              0.216269   data required time
                                             -0.413517   data arrival time
---------------------------------------------------------------------------------------------
                                              0.197248   slack (MET)


Startpoint: _312_ (rising edge-triggered flip-flop clocked by clk)
Endpoint: _306_ (rising edge-triggered flip-flop clocked by clk)
Path Group: clk
Path Type: min

Fanout         Cap        Slew       Delay        Time   Description
---------------------------------------------------------------------------------------------
                                  0.000000    0.000000   clock clk (rise edge)
                                  0.000000    0.000000   clock source latency
     1    0.023323    0.000000    0.000000    0.000000 ^ clk (in)
                                                         clk (net)
                      0.003632    0.001816    0.001816 ^ clkbuf_0_clk/A (sg13g2_buf_16)
     2    0.040741    0.015516    0.039786    0.041602 ^ clkbuf_0_clk/X (sg13g2_buf_16)
                                                         clknet_0_clk (net)
                      0.016198    0.003284    0.044886 ^ clkbuf_1_0__f_clk/A (sg13g2_buf_16)
     5    0.027201    0.014253    0.043338    0.088225 ^ clkbuf_1_0__f_clk/X (sg13g2_buf_16)
                                                         clknet_1_0__leaf_clk (net)
                      0.014294    0.001345    0.089570 ^ _312_/CLK (sg13g2_dfrbpq_1)
     1    0.004446    0.016266    0.110000    0.199570 v _312_/Q (sg13g2_dfrbpq_1)
                                                         CTRL.S0 (net)
                      0.016266    0.000271    0.199840 v fanout24/A (sg13g2_buf_1)
     6    0.035100    0.078111    0.089362    0.289202 v fanout24/X (sg13g2_buf_1)
                                                         net24 (net)
                      0.078309    0.003224    0.292426 v _185_/B (sg13g2_xor2_1)
     2    0.010618    0.033718    0.079233    0.371659 v _185_/X (sg13g2_xor2_1)
                                                         _134_ (net)
                      0.033734    0.000674    0.372333 v _186_/B (sg13g2_xor2_1)
     1    0.004117    0.020757    0.043036    0.415370 v _186_/X (sg13g2_xor2_1)
                                                         DPATH.SUM.fa_2.S (net)
                      0.020757    0.000323    0.415693 v _306_/D (sg13g2_dfrbpq_1)
                                              0.415693   data arrival time

                                  0.000000    0.000000   clock clk (rise edge)
                                  0.000000    0.000000   clock source latency
     1    0.023323    0.000000    0.000000    0.000000 ^ clk (in)
                                                         clk (net)
                      0.003632    0.001816    0.001816 ^ clkbuf_0_clk/A (sg13g2_buf_16)
     2    0.040741    0.015516    0.039786    0.041602 ^ clkbuf_0_clk/X (sg13g2_buf_16)
                                                         clknet_0_clk (net)
                      0.016165    0.003221    0.044823 ^ clkbuf_1_1__f_clk/A (sg13g2_buf_16)
     5    0.021265    0.013375    0.042613    0.087436 ^ clkbuf_1_1__f_clk/X (sg13g2_buf_16)
                                                         clknet_1_1__leaf_clk (net)
                      0.013423    0.001422    0.088858 ^ _306_/CLK (sg13g2_dfrbpq_1)
                                  0.150000    0.238858   clock uncertainty
                                  0.000000    0.238858   clock reconvergence pessimism
                                 -0.023328    0.215530   library hold time
                                              0.215530   data required time
---------------------------------------------------------------------------------------------
                                              0.215530   data required time
                                             -0.415693   data arrival time
---------------------------------------------------------------------------------------------
                                              0.200163   slack (MET)


Startpoint: _309_ (rising edge-triggered flip-flop clocked by clk)
Endpoint: _310_ (rising edge-triggered flip-flop clocked by clk)
Path Group: clk
Path Type: min

Fanout         Cap        Slew       Delay        Time   Description
---------------------------------------------------------------------------------------------
                                  0.000000    0.000000   clock clk (rise edge)
                                  0.000000    0.000000   clock source latency
     1    0.023323    0.000000    0.000000    0.000000 ^ clk (in)
                                                         clk (net)
                      0.003632    0.001816    0.001816 ^ clkbuf_0_clk/A (sg13g2_buf_16)
     2    0.040741    0.015516    0.039786    0.041602 ^ clkbuf_0_clk/X (sg13g2_buf_16)
                                                         clknet_0_clk (net)
                      0.016198    0.003284    0.044886 ^ clkbuf_1_0__f_clk/A (sg13g2_buf_16)
     5    0.027201    0.014253    0.043338    0.088225 ^ clkbuf_1_0__f_clk/X (sg13g2_buf_16)
                                                         clknet_1_0__leaf_clk (net)
                      0.014304    0.001485    0.089710 ^ _309_/CLK (sg13g2_dfrbpq_1)
     1    0.003178    0.013997    0.107952    0.197662 v _309_/Q (sg13g2_dfrbpq_1)
                                                         DPATH.SUM.fa_5.A (net)
                      0.013997    0.000124    0.197785 v fanout29/A (sg13g2_buf_1)
     8    0.043548    0.095547    0.101172    0.298958 v fanout29/X (sg13g2_buf_1)
                                                         net29 (net)
                      0.095561    0.000980    0.299937 v _195_/A (sg13g2_nand2_1)
     1    0.004385    0.032961    0.039285    0.339223 ^ _195_/Y (sg13g2_nand2_1)
                                                         _012_ (net)
                      0.032961    0.000173    0.339396 ^ _199_/B1 (sg13g2_o21ai_1)
     1    0.007503    0.040395    0.045111    0.384507 v _199_/Y (sg13g2_o21ai_1)
                                                         _015_ (net)
                      0.040408    0.000587    0.385094 v _201_/A (sg13g2_xnor2_1)
     1    0.002116    0.019763    0.044374    0.429468 v _201_/Y (sg13g2_xnor2_1)
                                                         DPATH.SUM.fa_6.S (net)
                      0.019763    0.000078    0.429546 v _310_/D (sg13g2_dfrbpq_1)
                                              0.429546   data arrival time

                                  0.000000    0.000000   clock clk (rise edge)
                                  0.000000    0.000000   clock source latency
     1    0.023323    0.000000    0.000000    0.000000 ^ clk (in)
                                                         clk (net)
                      0.003632    0.001816    0.001816 ^ clkbuf_0_clk/A (sg13g2_buf_16)
     2    0.040741    0.015516    0.039786    0.041602 ^ clkbuf_0_clk/X (sg13g2_buf_16)
                                                         clknet_0_clk (net)
                      0.016198    0.003284    0.044886 ^ clkbuf_1_0__f_clk/A (sg13g2_buf_16)
     5    0.027201    0.014253    0.043338    0.088225 ^ clkbuf_1_0__f_clk/X (sg13g2_buf_16)
                                                         clknet_1_0__leaf_clk (net)
                      0.014300    0.001428    0.089652 ^ _310_/CLK (sg13g2_dfrbpq_1)
                                  0.150000    0.239652   clock uncertainty
                                  0.000000    0.239652   clock reconvergence pessimism
                                 -0.022959    0.216693   library hold time
                                              0.216693   data required time
---------------------------------------------------------------------------------------------
                                              0.216693   data required time
                                             -0.429546   data arrival time
---------------------------------------------------------------------------------------------
                                              0.212853   slack (MET)


Startpoint: _312_ (rising edge-triggered flip-flop clocked by clk)
Endpoint: _308_ (rising edge-triggered flip-flop clocked by clk)
Path Group: clk
Path Type: min

Fanout         Cap        Slew       Delay        Time   Description
---------------------------------------------------------------------------------------------
                                  0.000000    0.000000   clock clk (rise edge)
                                  0.000000    0.000000   clock source latency
     1    0.023323    0.000000    0.000000    0.000000 ^ clk (in)
                                                         clk (net)
                      0.003632    0.001816    0.001816 ^ clkbuf_0_clk/A (sg13g2_buf_16)
     2    0.040741    0.015516    0.039786    0.041602 ^ clkbuf_0_clk/X (sg13g2_buf_16)
                                                         clknet_0_clk (net)
                      0.016198    0.003284    0.044886 ^ clkbuf_1_0__f_clk/A (sg13g2_buf_16)
     5    0.027201    0.014253    0.043338    0.088225 ^ clkbuf_1_0__f_clk/X (sg13g2_buf_16)
                                                         clknet_1_0__leaf_clk (net)
                      0.014294    0.001345    0.089570 ^ _312_/CLK (sg13g2_dfrbpq_1)
     1    0.004446    0.016266    0.110000    0.199570 v _312_/Q (sg13g2_dfrbpq_1)
                                                         CTRL.S0 (net)
                      0.016266    0.000271    0.199840 v fanout24/A (sg13g2_buf_1)
     6    0.035100    0.078111    0.089362    0.289202 v fanout24/X (sg13g2_buf_1)
                                                         net24 (net)
                      0.078318    0.003297    0.292499 v _188_/B (sg13g2_nand2_1)
     1    0.005352    0.032955    0.043571    0.336069 ^ _188_/Y (sg13g2_nand2_1)
                                                         _136_ (net)
                      0.032956    0.000389    0.336459 ^ _193_/B1 (sg13g2_o21ai_1)
     2    0.010642    0.051780    0.054753    0.391212 v _193_/Y (sg13g2_o21ai_1)
                                                         _011_ (net)
                      0.051793    0.000671    0.391883 v _194_/B (sg13g2_xor2_1)
     1    0.001657    0.016095    0.040775    0.432658 v _194_/X (sg13g2_xor2_1)
                                                         DPATH.SUM.fa_4.S (net)
                      0.016096    0.000065    0.432723 v _308_/D (sg13g2_dfrbpq_1)
                                              0.432723   data arrival time

                                  0.000000    0.000000   clock clk (rise edge)
                                  0.000000    0.000000   clock source latency
     1    0.023323    0.000000    0.000000    0.000000 ^ clk (in)
                                                         clk (net)
                      0.003632    0.001816    0.001816 ^ clkbuf_0_clk/A (sg13g2_buf_16)
     2    0.040741    0.015516    0.039786    0.041602 ^ clkbuf_0_clk/X (sg13g2_buf_16)
                                                         clknet_0_clk (net)
                      0.016198    0.003284    0.044886 ^ clkbuf_1_0__f_clk/A (sg13g2_buf_16)
     5    0.027201    0.014253    0.043338    0.088225 ^ clkbuf_1_0__f_clk/X (sg13g2_buf_16)
                                                         clknet_1_0__leaf_clk (net)
                      0.014311    0.001529    0.089754 ^ _308_/CLK (sg13g2_dfrbpq_1)
                                  0.150000    0.239754   clock uncertainty
                                  0.000000    0.239754   clock reconvergence pessimism
                                 -0.022110    0.217644   library hold time
                                              0.217644   data required time
---------------------------------------------------------------------------------------------
                                              0.217644   data required time
                                             -0.432723   data arrival time
---------------------------------------------------------------------------------------------
                                              0.215079   slack (MET)


Startpoint: _309_ (rising edge-triggered flip-flop clocked by clk)
Endpoint: _309_ (rising edge-triggered flip-flop clocked by clk)
Path Group: clk
Path Type: min

Fanout         Cap        Slew       Delay        Time   Description
---------------------------------------------------------------------------------------------
                                  0.000000    0.000000   clock clk (rise edge)
                                  0.000000    0.000000   clock source latency
     1    0.023323    0.000000    0.000000    0.000000 ^ clk (in)
                                                         clk (net)
                      0.003632    0.001816    0.001816 ^ clkbuf_0_clk/A (sg13g2_buf_16)
     2    0.040741    0.015516    0.039786    0.041602 ^ clkbuf_0_clk/X (sg13g2_buf_16)
                                                         clknet_0_clk (net)
                      0.016198    0.003284    0.044886 ^ clkbuf_1_0__f_clk/A (sg13g2_buf_16)
     5    0.027201    0.014253    0.043338    0.088225 ^ clkbuf_1_0__f_clk/X (sg13g2_buf_16)
                                                         clknet_1_0__leaf_clk (net)
                      0.014304    0.001485    0.089710 ^ _309_/CLK (sg13g2_dfrbpq_1)
     1    0.003178    0.013997    0.107952    0.197662 v _309_/Q (sg13g2_dfrbpq_1)
                                                         DPATH.SUM.fa_5.A (net)
                      0.013997    0.000124    0.197785 v fanout29/A (sg13g2_buf_1)
     8    0.043548    0.095547    0.101172    0.298958 v fanout29/X (sg13g2_buf_1)
                                                         net29 (net)
                      0.095573    0.001317    0.300275 v _196_/A (sg13g2_xnor2_1)
     2    0.010756    0.052872    0.088060    0.388335 v _196_/Y (sg13g2_xnor2_1)
                                                         _013_ (net)
                      0.052873    0.000377    0.388712 v _198_/A (sg13g2_xor2_1)
     1    0.002010    0.016685    0.044870    0.433582 v _198_/X (sg13g2_xor2_1)
                                                         DPATH.SUM.fa_5.S (net)
                      0.016686    0.000146    0.433727 v _309_/D (sg13g2_dfrbpq_1)
                                              0.433727   data arrival time

                                  0.000000    0.000000   clock clk (rise edge)
                                  0.000000    0.000000   clock source latency
     1    0.023323    0.000000    0.000000    0.000000 ^ clk (in)
                                                         clk (net)
                      0.003632    0.001816    0.001816 ^ clkbuf_0_clk/A (sg13g2_buf_16)
     2    0.040741    0.015516    0.039786    0.041602 ^ clkbuf_0_clk/X (sg13g2_buf_16)
                                                         clknet_0_clk (net)
                      0.016198    0.003284    0.044886 ^ clkbuf_1_0__f_clk/A (sg13g2_buf_16)
     5    0.027201    0.014253    0.043338    0.088225 ^ clkbuf_1_0__f_clk/X (sg13g2_buf_16)
                                                         clknet_1_0__leaf_clk (net)
                      0.014304    0.001485    0.089710 ^ _309_/CLK (sg13g2_dfrbpq_1)
                                  0.150000    0.239710   clock uncertainty
                                  0.000000    0.239710   clock reconvergence pessimism
                                 -0.022248    0.217462   library hold time
                                              0.217462   data required time
---------------------------------------------------------------------------------------------
                                              0.217462   data required time
                                             -0.433727   data arrival time
---------------------------------------------------------------------------------------------
                                              0.216265   slack (MET)


Startpoint: _310_ (rising edge-triggered flip-flop clocked by clk)
Endpoint: sine_out[1] (output port clocked by clk)
Path Group: clk
Path Type: min

Fanout         Cap        Slew       Delay        Time   Description
---------------------------------------------------------------------------------------------
                                  0.000000    0.000000   clock clk (rise edge)
                                  0.000000    0.000000   clock source latency
     1    0.023323    0.000000    0.000000    0.000000 ^ clk (in)
                                                         clk (net)
                      0.003632    0.001816    0.001816 ^ clkbuf_0_clk/A (sg13g2_buf_16)
     2    0.040741    0.015516    0.039786    0.041602 ^ clkbuf_0_clk/X (sg13g2_buf_16)
                                                         clknet_0_clk (net)
                      0.016198    0.003284    0.044886 ^ clkbuf_1_0__f_clk/A (sg13g2_buf_16)
     5    0.027201    0.014253    0.043338    0.088225 ^ clkbuf_1_0__f_clk/X (sg13g2_buf_16)
                                                         clknet_1_0__leaf_clk (net)
                      0.014300    0.001428    0.089652 ^ _310_/CLK (sg13g2_dfrbpq_1)
     3    0.017553    0.051328    0.134412    0.224064 ^ _310_/Q (sg13g2_dfrbpq_1)
                                                         DPATH.SUM.fa_6.A (net)
                      0.051431    0.002007    0.226071 ^ _256_/A (sg13g2_nor4_1)
     1    0.006888    0.023116    0.044919    0.270990 v _256_/Y (sg13g2_nor4_1)
                                                         _068_ (net)
                      0.023119    0.000244    0.271234 v _267_/B1 (sg13g2_a21oi_1)
     1    0.005833    0.032719    0.035091    0.306325 ^ _267_/Y (sg13g2_a21oi_1)
                                                         net13 (net)
                      0.032728    0.000419    0.306744 ^ output13/A (sg13g2_buf_1)
     1    0.012715    0.039099    0.062034    0.368777 ^ output13/X (sg13g2_buf_1)
                                                         sine_out[1] (net)
                      0.039130    0.000628    0.369406 ^ sine_out[1] (out)
                                              0.369406   data arrival time

                                  0.000000    0.000000   clock clk (rise edge)
                                  0.000000    0.000000   clock network delay (propagated)
                                  0.150000    0.150000   clock uncertainty
                                  0.000000    0.150000   clock reconvergence pessimism
                                  0.000000    0.150000   output external delay
                                              0.150000   data required time
---------------------------------------------------------------------------------------------
                                              0.150000   data required time
                                             -0.369406   data arrival time
---------------------------------------------------------------------------------------------
                                              0.219406   slack (MET)


Startpoint: _305_ (rising edge-triggered flip-flop clocked by clk)
Endpoint: _305_ (rising edge-triggered flip-flop clocked by clk)
Path Group: clk
Path Type: min

Fanout         Cap        Slew       Delay        Time   Description
---------------------------------------------------------------------------------------------
                                  0.000000    0.000000   clock clk (rise edge)
                                  0.000000    0.000000   clock source latency
     1    0.023323    0.000000    0.000000    0.000000 ^ clk (in)
                                                         clk (net)
                      0.003632    0.001816    0.001816 ^ clkbuf_0_clk/A (sg13g2_buf_16)
     2    0.040741    0.015516    0.039786    0.041602 ^ clkbuf_0_clk/X (sg13g2_buf_16)
                                                         clknet_0_clk (net)
                      0.016165    0.003221    0.044823 ^ clkbuf_1_1__f_clk/A (sg13g2_buf_16)
     5    0.021265    0.013375    0.042613    0.087436 ^ clkbuf_1_1__f_clk/X (sg13g2_buf_16)
                                                         clknet_1_1__leaf_clk (net)
                      0.013422    0.001406    0.088842 ^ _305_/CLK (sg13g2_dfrbpq_1)
     3    0.019514    0.046624    0.133426    0.222268 v _305_/Q (sg13g2_dfrbpq_1)
                                                         DPATH.SUM.fa_1.A (net)
                      0.046646    0.000974    0.223242 v fanout38/A (sg13g2_buf_1)
     8    0.048260    0.105802    0.117516    0.340757 v fanout38/X (sg13g2_buf_1)
                                                         net38 (net)
                      0.106070    0.004397    0.345154 v _181_/A (sg13g2_xnor2_1)
     2    0.009931    0.049927    0.087606    0.432760 v _181_/Y (sg13g2_xnor2_1)
                                                         _131_ (net)
                      0.049935    0.000649    0.433410 v _182_/B (sg13g2_xnor2_1)
     1    0.002345    0.021606    0.041192    0.474602 v _182_/Y (sg13g2_xnor2_1)
                                                         DPATH.SUM.fa_1.S (net)
                      0.021607    0.000086    0.474688 v _305_/D (sg13g2_dfrbpq_1)
                                              0.474688   data arrival time

                                  0.000000    0.000000   clock clk (rise edge)
                                  0.000000    0.000000   clock source latency
     1    0.023323    0.000000    0.000000    0.000000 ^ clk (in)
                                                         clk (net)
                      0.003632    0.001816    0.001816 ^ clkbuf_0_clk/A (sg13g2_buf_16)
     2    0.040741    0.015516    0.039786    0.041602 ^ clkbuf_0_clk/X (sg13g2_buf_16)
                                                         clknet_0_clk (net)
                      0.016165    0.003221    0.044823 ^ clkbuf_1_1__f_clk/A (sg13g2_buf_16)
     5    0.021265    0.013375    0.042613    0.087436 ^ clkbuf_1_1__f_clk/X (sg13g2_buf_16)
                                                         clknet_1_1__leaf_clk (net)
                      0.013422    0.001406    0.088842 ^ _305_/CLK (sg13g2_dfrbpq_1)
                                  0.150000    0.238842   clock uncertainty
                                  0.000000    0.238842   clock reconvergence pessimism
                                 -0.023525    0.215318   library hold time
                                              0.215318   data required time
---------------------------------------------------------------------------------------------
                                              0.215318   data required time
                                             -0.474688   data arrival time
---------------------------------------------------------------------------------------------
                                              0.259371   slack (MET)


Startpoint: _310_ (rising edge-triggered flip-flop clocked by clk)
Endpoint: sine_out[16] (output port clocked by clk)
Path Group: clk
Path Type: min

Fanout         Cap        Slew       Delay        Time   Description
---------------------------------------------------------------------------------------------
                                  0.000000    0.000000   clock clk (rise edge)
                                  0.000000    0.000000   clock source latency
     1    0.023323    0.000000    0.000000    0.000000 ^ clk (in)
                                                         clk (net)
                      0.003632    0.001816    0.001816 ^ clkbuf_0_clk/A (sg13g2_buf_16)
     2    0.040741    0.015516    0.039786    0.041602 ^ clkbuf_0_clk/X (sg13g2_buf_16)
                                                         clknet_0_clk (net)
                      0.016198    0.003284    0.044886 ^ clkbuf_1_0__f_clk/A (sg13g2_buf_16)
     5    0.027201    0.014253    0.043338    0.088225 ^ clkbuf_1_0__f_clk/X (sg13g2_buf_16)
                                                         clknet_1_0__leaf_clk (net)
                      0.014300    0.001428    0.089652 ^ _310_/CLK (sg13g2_dfrbpq_1)
     3    0.017655    0.042827    0.130706    0.220358 v _310_/Q (sg13g2_dfrbpq_1)
                                                         DPATH.SUM.fa_6.A (net)
                      0.042938    0.001897    0.222255 v fanout25/A (sg13g2_buf_1)
     8    0.033982    0.076124    0.096236    0.318491 v fanout25/X (sg13g2_buf_1)
                                                         net25 (net)
                      0.076173    0.001606    0.320098 v _176_/A (sg13g2_nand3_1)
     1    0.004017    0.026402    0.037423    0.357521 ^ _176_/Y (sg13g2_nand3_1)
                                                         net11 (net)
                      0.026402    0.000263    0.357784 ^ output11/A (sg13g2_buf_1)
     1    0.010607    0.033664    0.056141    0.413925 ^ output11/X (sg13g2_buf_1)
                                                         sine_out[16] (net)
                      0.033670    0.000448    0.414372 ^ sine_out[16] (out)
                                              0.414372   data arrival time

                                  0.000000    0.000000   clock clk (rise edge)
                                  0.000000    0.000000   clock network delay (propagated)
                                  0.150000    0.150000   clock uncertainty
                                  0.000000    0.150000   clock reconvergence pessimism
                                  0.000000    0.150000   output external delay
                                              0.150000   data required time
---------------------------------------------------------------------------------------------
                                              0.150000   data required time
                                             -0.414372   data arrival time
---------------------------------------------------------------------------------------------
                                              0.264372   slack (MET)


Startpoint: _310_ (rising edge-triggered flip-flop clocked by clk)
Endpoint: sine_out[13] (output port clocked by clk)
Path Group: clk
Path Type: min

Fanout         Cap        Slew       Delay        Time   Description
---------------------------------------------------------------------------------------------
                                  0.000000    0.000000   clock clk (rise edge)
                                  0.000000    0.000000   clock source latency
     1    0.023323    0.000000    0.000000    0.000000 ^ clk (in)
                                                         clk (net)
                      0.003632    0.001816    0.001816 ^ clkbuf_0_clk/A (sg13g2_buf_16)
     2    0.040741    0.015516    0.039786    0.041602 ^ clkbuf_0_clk/X (sg13g2_buf_16)
                                                         clknet_0_clk (net)
                      0.016198    0.003284    0.044886 ^ clkbuf_1_0__f_clk/A (sg13g2_buf_16)
     5    0.027201    0.014253    0.043338    0.088225 ^ clkbuf_1_0__f_clk/X (sg13g2_buf_16)
                                                         clknet_1_0__leaf_clk (net)
                      0.014300    0.001428    0.089652 ^ _310_/CLK (sg13g2_dfrbpq_1)
     3    0.017655    0.042827    0.130706    0.220358 v _310_/Q (sg13g2_dfrbpq_1)
                                                         DPATH.SUM.fa_6.A (net)
                      0.042938    0.001897    0.222255 v fanout25/A (sg13g2_buf_1)
     8    0.033982    0.076124    0.096236    0.318491 v fanout25/X (sg13g2_buf_1)
                                                         net25 (net)
                      0.076371    0.003539    0.322031 v _170_/B1 (sg13g2_a21oi_1)
     1    0.002694    0.027180    0.037358    0.359389 ^ _170_/Y (sg13g2_a21oi_1)
                                                         net8 (net)
                      0.027180    0.000107    0.359496 ^ output8/A (sg13g2_buf_1)
     1    0.010669    0.033840    0.056501    0.415997 ^ output8/X (sg13g2_buf_1)
                                                         sine_out[13] (net)
                      0.033846    0.000456    0.416453 ^ sine_out[13] (out)
                                              0.416453   data arrival time

                                  0.000000    0.000000   clock clk (rise edge)
                                  0.000000    0.000000   clock network delay (propagated)
                                  0.150000    0.150000   clock uncertainty
                                  0.000000    0.150000   clock reconvergence pessimism
                                  0.000000    0.150000   output external delay
                                              0.150000   data required time
---------------------------------------------------------------------------------------------
                                              0.150000   data required time
                                             -0.416453   data arrival time
---------------------------------------------------------------------------------------------
                                              0.266453   slack (MET)


Startpoint: _310_ (rising edge-triggered flip-flop clocked by clk)
Endpoint: sine_out[14] (output port clocked by clk)
Path Group: clk
Path Type: min

Fanout         Cap        Slew       Delay        Time   Description
---------------------------------------------------------------------------------------------
                                  0.000000    0.000000   clock clk (rise edge)
                                  0.000000    0.000000   clock source latency
     1    0.023323    0.000000    0.000000    0.000000 ^ clk (in)
                                                         clk (net)
                      0.003632    0.001816    0.001816 ^ clkbuf_0_clk/A (sg13g2_buf_16)
     2    0.040741    0.015516    0.039786    0.041602 ^ clkbuf_0_clk/X (sg13g2_buf_16)
                                                         clknet_0_clk (net)
                      0.016198    0.003284    0.044886 ^ clkbuf_1_0__f_clk/A (sg13g2_buf_16)
     5    0.027201    0.014253    0.043338    0.088225 ^ clkbuf_1_0__f_clk/X (sg13g2_buf_16)
                                                         clknet_1_0__leaf_clk (net)
                      0.014300    0.001428    0.089652 ^ _310_/CLK (sg13g2_dfrbpq_1)
     3    0.017655    0.042827    0.130706    0.220358 v _310_/Q (sg13g2_dfrbpq_1)
                                                         DPATH.SUM.fa_6.A (net)
                      0.042938    0.001897    0.222255 v fanout25/A (sg13g2_buf_1)
     8    0.033982    0.076124    0.096236    0.318491 v fanout25/X (sg13g2_buf_1)
                                                         net25 (net)
                      0.076263    0.002684    0.321175 v _171_/B1 (sg13g2_o21ai_1)
     1    0.003234    0.029361    0.038059    0.359234 ^ _171_/Y (sg13g2_o21ai_1)
                                                         net9 (net)
                      0.029362    0.000233    0.359467 ^ output9/A (sg13g2_buf_1)
     1    0.010600    0.033728    0.057069    0.416536 ^ output9/X (sg13g2_buf_1)
                                                         sine_out[14] (net)
                      0.033734    0.000448    0.416984 ^ sine_out[14] (out)
                                              0.416984   data arrival time

                                  0.000000    0.000000   clock clk (rise edge)
                                  0.000000    0.000000   clock network delay (propagated)
                                  0.150000    0.150000   clock uncertainty
                                  0.000000    0.150000   clock reconvergence pessimism
                                  0.000000    0.150000   output external delay
                                              0.150000   data required time
---------------------------------------------------------------------------------------------
                                              0.150000   data required time
                                             -0.416984   data arrival time
---------------------------------------------------------------------------------------------
                                              0.266984   slack (MET)


Startpoint: _310_ (rising edge-triggered flip-flop clocked by clk)
Endpoint: sine_out[15] (output port clocked by clk)
Path Group: clk
Path Type: min

Fanout         Cap        Slew       Delay        Time   Description
---------------------------------------------------------------------------------------------
                                  0.000000    0.000000   clock clk (rise edge)
                                  0.000000    0.000000   clock source latency
     1    0.023323    0.000000    0.000000    0.000000 ^ clk (in)
                                                         clk (net)
                      0.003632    0.001816    0.001816 ^ clkbuf_0_clk/A (sg13g2_buf_16)
     2    0.040741    0.015516    0.039786    0.041602 ^ clkbuf_0_clk/X (sg13g2_buf_16)
                                                         clknet_0_clk (net)
                      0.016198    0.003284    0.044886 ^ clkbuf_1_0__f_clk/A (sg13g2_buf_16)
     5    0.027201    0.014253    0.043338    0.088225 ^ clkbuf_1_0__f_clk/X (sg13g2_buf_16)
                                                         clknet_1_0__leaf_clk (net)
                      0.014300    0.001428    0.089652 ^ _310_/CLK (sg13g2_dfrbpq_1)
     3    0.017655    0.042827    0.130706    0.220358 v _310_/Q (sg13g2_dfrbpq_1)
                                                         DPATH.SUM.fa_6.A (net)
                      0.042938    0.001897    0.222255 v fanout25/A (sg13g2_buf_1)
     8    0.033982    0.076124    0.096236    0.318491 v fanout25/X (sg13g2_buf_1)
                                                         net25 (net)
                      0.076210    0.002124    0.320615 v _173_/B1 (sg13g2_o21ai_1)
     1    0.004729    0.033372    0.042610    0.363225 ^ _173_/Y (sg13g2_o21ai_1)
                                                         net10 (net)
                      0.033372    0.000189    0.363414 ^ output10/A (sg13g2_buf_1)
     1    0.010886    0.034551    0.058880    0.422294 ^ output10/X (sg13g2_buf_1)
                                                         sine_out[15] (net)
                      0.034557    0.000463    0.422757 ^ sine_out[15] (out)
                                              0.422757   data arrival time

                                  0.000000    0.000000   clock clk (rise edge)
                                  0.000000    0.000000   clock network delay (propagated)
                                  0.150000    0.150000   clock uncertainty
                                  0.000000    0.150000   clock reconvergence pessimism
                                  0.000000    0.150000   output external delay
                                              0.150000   data required time
---------------------------------------------------------------------------------------------
                                              0.150000   data required time
                                             -0.422757   data arrival time
---------------------------------------------------------------------------------------------
                                              0.272757   slack (MET)


Startpoint: _310_ (rising edge-triggered flip-flop clocked by clk)
Endpoint: sine_out[9] (output port clocked by clk)
Path Group: clk
Path Type: min

Fanout         Cap        Slew       Delay        Time   Description
---------------------------------------------------------------------------------------------
                                  0.000000    0.000000   clock clk (rise edge)
                                  0.000000    0.000000   clock source latency
     1    0.023323    0.000000    0.000000    0.000000 ^ clk (in)
                                                         clk (net)
                      0.003632    0.001816    0.001816 ^ clkbuf_0_clk/A (sg13g2_buf_16)
     2    0.040741    0.015516    0.039786    0.041602 ^ clkbuf_0_clk/X (sg13g2_buf_16)
                                                         clknet_0_clk (net)
                      0.016198    0.003284    0.044886 ^ clkbuf_1_0__f_clk/A (sg13g2_buf_16)
     5    0.027201    0.014253    0.043338    0.088225 ^ clkbuf_1_0__f_clk/X (sg13g2_buf_16)
                                                         clknet_1_0__leaf_clk (net)
                      0.014300    0.001428    0.089652 ^ _310_/CLK (sg13g2_dfrbpq_1)
     3    0.017655    0.042827    0.130706    0.220358 v _310_/Q (sg13g2_dfrbpq_1)
                                                         DPATH.SUM.fa_6.A (net)
                      0.042938    0.001897    0.222255 v fanout25/A (sg13g2_buf_1)
     8    0.033982    0.076124    0.096236    0.318491 v fanout25/X (sg13g2_buf_1)
                                                         net25 (net)
                      0.076296    0.002970    0.321462 v _150_/B1 (sg13g2_a21oi_1)
     1    0.004820    0.038446    0.044689    0.366150 ^ _150_/Y (sg13g2_a21oi_1)
                                                         net21 (net)
                      0.038447    0.000322    0.366473 ^ output21/A (sg13g2_buf_1)
     1    0.012563    0.038859    0.063567    0.430040 ^ output21/X (sg13g2_buf_1)
                                                         sine_out[9] (net)
                      0.038892    0.000653    0.430693 ^ sine_out[9] (out)
                                              0.430693   data arrival time

                                  0.000000    0.000000   clock clk (rise edge)
                                  0.000000    0.000000   clock network delay (propagated)
                                  0.150000    0.150000   clock uncertainty
                                  0.000000    0.150000   clock reconvergence pessimism
                                  0.000000    0.150000   output external delay
                                              0.150000   data required time
---------------------------------------------------------------------------------------------
                                              0.150000   data required time
                                             -0.430693   data arrival time
---------------------------------------------------------------------------------------------
                                              0.280693   slack (MET)


Startpoint: _310_ (rising edge-triggered flip-flop clocked by clk)
Endpoint: sine_out[17] (output port clocked by clk)
Path Group: clk
Path Type: min

Fanout         Cap        Slew       Delay        Time   Description
---------------------------------------------------------------------------------------------
                                  0.000000    0.000000   clock clk (rise edge)
                                  0.000000    0.000000   clock source latency
     1    0.023323    0.000000    0.000000    0.000000 ^ clk (in)
                                                         clk (net)
                      0.003632    0.001816    0.001816 ^ clkbuf_0_clk/A (sg13g2_buf_16)
     2    0.040741    0.015516    0.039786    0.041602 ^ clkbuf_0_clk/X (sg13g2_buf_16)
                                                         clknet_0_clk (net)
                      0.016198    0.003284    0.044886 ^ clkbuf_1_0__f_clk/A (sg13g2_buf_16)
     5    0.027201    0.014253    0.043338    0.088225 ^ clkbuf_1_0__f_clk/X (sg13g2_buf_16)
                                                         clknet_1_0__leaf_clk (net)
                      0.014300    0.001428    0.089652 ^ _310_/CLK (sg13g2_dfrbpq_1)
     3    0.017655    0.042827    0.130706    0.220358 v _310_/Q (sg13g2_dfrbpq_1)
                                                         DPATH.SUM.fa_6.A (net)
                      0.042863    0.001135    0.221494 v fanout26/A (sg13g2_buf_1)
     8    0.043128    0.094820    0.110136    0.331630 v fanout26/X (sg13g2_buf_1)
                                                         net26 (net)
                      0.095010    0.003487    0.335117 v _179_/B (sg13g2_nand3_1)
     1    0.003993    0.029948    0.047663    0.382780 ^ _179_/Y (sg13g2_nand3_1)
                                                         net12 (net)
                      0.029948    0.000161    0.382941 ^ output12/A (sg13g2_buf_1)
     1    0.010801    0.034245    0.057629    0.440570 ^ output12/X (sg13g2_buf_1)
                                                         sine_out[17] (net)
                      0.034251    0.000458    0.441028 ^ sine_out[17] (out)
                                              0.441028   data arrival time

                                  0.000000    0.000000   clock clk (rise edge)
                                  0.000000    0.000000   clock network delay (propagated)
                                  0.150000    0.150000   clock uncertainty
                                  0.000000    0.150000   clock reconvergence pessimism
                                  0.000000    0.150000   output external delay
                                              0.150000   data required time
---------------------------------------------------------------------------------------------
                                              0.150000   data required time
                                             -0.441028   data arrival time
---------------------------------------------------------------------------------------------
                                              0.291028   slack (MET)


Startpoint: _305_ (rising edge-triggered flip-flop clocked by clk)
Endpoint: sine_out[0] (output port clocked by clk)
Path Group: clk
Path Type: min

Fanout         Cap        Slew       Delay        Time   Description
---------------------------------------------------------------------------------------------
                                  0.000000    0.000000   clock clk (rise edge)
                                  0.000000    0.000000   clock source latency
     1    0.023323    0.000000    0.000000    0.000000 ^ clk (in)
                                                         clk (net)
                      0.003632    0.001816    0.001816 ^ clkbuf_0_clk/A (sg13g2_buf_16)
     2    0.040741    0.015516    0.039786    0.041602 ^ clkbuf_0_clk/X (sg13g2_buf_16)
                                                         clknet_0_clk (net)
                      0.016165    0.003221    0.044823 ^ clkbuf_1_1__f_clk/A (sg13g2_buf_16)
     5    0.021265    0.013375    0.042613    0.087436 ^ clkbuf_1_1__f_clk/X (sg13g2_buf_16)
                                                         clknet_1_1__leaf_clk (net)
                      0.013422    0.001406    0.088842 ^ _305_/CLK (sg13g2_dfrbpq_1)
     3    0.019514    0.046624    0.133426    0.222268 v _305_/Q (sg13g2_dfrbpq_1)
                                                         DPATH.SUM.fa_1.A (net)
                      0.046790    0.002402    0.224670 v _235_/A2 (sg13g2_a21oi_1)
     1    0.004349    0.037683    0.057368    0.282038 ^ _235_/Y (sg13g2_a21oi_1)
                                                         _048_ (net)
                      0.037683    0.000175    0.282213 ^ _236_/A2 (sg13g2_o21ai_1)
     1    0.003672    0.024985    0.040214    0.322428 v _236_/Y (sg13g2_o21ai_1)
                                                         _049_ (net)
                      0.024985    0.000144    0.322572 v _238_/A (sg13g2_nand2_1)
     1    0.003948    0.018862    0.023467    0.346039 ^ _238_/Y (sg13g2_nand2_1)
                                                         _051_ (net)
                      0.018863    0.000157    0.346196 ^ _247_/B1 (sg13g2_a22oi_1)
     1    0.006763    0.036497    0.044896    0.391092 v _247_/Y (sg13g2_a22oi_1)
                                                         net4 (net)
                      0.036507    0.000448    0.391540 v output4/A (sg13g2_buf_1)
     1    0.011868    0.031248    0.060458    0.451998 v output4/X (sg13g2_buf_1)
                                                         sine_out[0] (net)
                      0.031259    0.000543    0.452541 v sine_out[0] (out)
                                              0.452541   data arrival time

                                  0.000000    0.000000   clock clk (rise edge)
                                  0.000000    0.000000   clock network delay (propagated)
                                  0.150000    0.150000   clock uncertainty
                                  0.000000    0.150000   clock reconvergence pessimism
                                  0.000000    0.150000   output external delay
                                              0.150000   data required time
---------------------------------------------------------------------------------------------
                                              0.150000   data required time
                                             -0.452541   data arrival time
---------------------------------------------------------------------------------------------
                                              0.302541   slack (MET)


Startpoint: _309_ (rising edge-triggered flip-flop clocked by clk)
Endpoint: sine_out[2] (output port clocked by clk)
Path Group: clk
Path Type: min

Fanout         Cap        Slew       Delay        Time   Description
---------------------------------------------------------------------------------------------
                                  0.000000    0.000000   clock clk (rise edge)
                                  0.000000    0.000000   clock source latency
     1    0.023323    0.000000    0.000000    0.000000 ^ clk (in)
                                                         clk (net)
                      0.003632    0.001816    0.001816 ^ clkbuf_0_clk/A (sg13g2_buf_16)
     2    0.040741    0.015516    0.039786    0.041602 ^ clkbuf_0_clk/X (sg13g2_buf_16)
                                                         clknet_0_clk (net)
                      0.016198    0.003284    0.044886 ^ clkbuf_1_0__f_clk/A (sg13g2_buf_16)
     5    0.027201    0.014253    0.043338    0.088225 ^ clkbuf_1_0__f_clk/X (sg13g2_buf_16)
                                                         clknet_1_0__leaf_clk (net)
                      0.014304    0.001485    0.089710 ^ _309_/CLK (sg13g2_dfrbpq_1)
     1    0.003221    0.016649    0.108376    0.198085 ^ _309_/Q (sg13g2_dfrbpq_1)
                                                         DPATH.SUM.fa_5.A (net)
                      0.016649    0.000126    0.198211 ^ fanout29/A (sg13g2_buf_1)
     8    0.044341    0.119448    0.112995    0.311206 ^ fanout29/X (sg13g2_buf_1)
                                                         net29 (net)
                      0.119497    0.001996    0.313202 ^ _270_/B1 (sg13g2_a21oi_1)
     1    0.003638    0.031004    0.040804    0.354006 v _270_/Y (sg13g2_a21oi_1)
                                                         _081_ (net)
                      0.031004    0.000145    0.354152 v _271_/B1 (sg13g2_o21ai_1)
     1    0.004663    0.025030    0.030951    0.385103 ^ _271_/Y (sg13g2_o21ai_1)
                                                         _082_ (net)
                      0.025032    0.000337    0.385440 ^ _288_/A1 (sg13g2_a21oi_1)
     1    0.006529    0.022028    0.047781    0.433221 v _288_/Y (sg13g2_a21oi_1)
                                                         net14 (net)
                      0.022047    0.000497    0.433718 v output14/A (sg13g2_buf_1)
     1    0.013024    0.033421    0.057472    0.491190 v output14/X (sg13g2_buf_1)
                                                         sine_out[2] (net)
                      0.033490    0.001090    0.492280 v sine_out[2] (out)
                                              0.492280   data arrival time

                                  0.000000    0.000000   clock clk (rise edge)
                                  0.000000    0.000000   clock network delay (propagated)
                                  0.150000    0.150000   clock uncertainty
                                  0.000000    0.150000   clock reconvergence pessimism
                                  0.000000    0.150000   output external delay
                                              0.150000   data required time
---------------------------------------------------------------------------------------------
                                              0.150000   data required time
                                             -0.492280   data arrival time
---------------------------------------------------------------------------------------------
                                              0.342280   slack (MET)


Startpoint: _310_ (rising edge-triggered flip-flop clocked by clk)
Endpoint: sine_out[10] (output port clocked by clk)
Path Group: clk
Path Type: min

Fanout         Cap        Slew       Delay        Time   Description
---------------------------------------------------------------------------------------------
                                  0.000000    0.000000   clock clk (rise edge)
                                  0.000000    0.000000   clock source latency
     1    0.023323    0.000000    0.000000    0.000000 ^ clk (in)
                                                         clk (net)
                      0.003632    0.001816    0.001816 ^ clkbuf_0_clk/A (sg13g2_buf_16)
     2    0.040741    0.015516    0.039786    0.041602 ^ clkbuf_0_clk/X (sg13g2_buf_16)
                                                         clknet_0_clk (net)
                      0.016198    0.003284    0.044886 ^ clkbuf_1_0__f_clk/A (sg13g2_buf_16)
     5    0.027201    0.014253    0.043338    0.088225 ^ clkbuf_1_0__f_clk/X (sg13g2_buf_16)
                                                         clknet_1_0__leaf_clk (net)
                      0.014300    0.001428    0.089652 ^ _310_/CLK (sg13g2_dfrbpq_1)
     3    0.017553    0.051328    0.134412    0.224064 ^ _310_/Q (sg13g2_dfrbpq_1)
                                                         DPATH.SUM.fa_6.A (net)
                      0.051418    0.001887    0.225951 ^ fanout25/A (sg13g2_buf_1)
     8    0.034646    0.094771    0.107012    0.332963 ^ fanout25/X (sg13g2_buf_1)
                                                         net25 (net)
                      0.094961    0.003457    0.336420 ^ _153_/A_N (sg13g2_nand2b_1)
     3    0.012176    0.040529    0.082655    0.419075 ^ _153_/Y (sg13g2_nand2b_1)
                                                         _111_ (net)
                      0.040531    0.000337    0.419412 ^ _159_/B1 (sg13g2_a21oi_1)
     1    0.003774    0.018029    0.025668    0.445079 v _159_/Y (sg13g2_a21oi_1)
                                                         net5 (net)
                      0.018030    0.000272    0.445351 v output5/A (sg13g2_buf_1)
     1    0.010584    0.028127    0.052564    0.497915 v output5/X (sg13g2_buf_1)
                                                         sine_out[10] (net)
                      0.028135    0.000447    0.498362 v sine_out[10] (out)
                                              0.498362   data arrival time

                                  0.000000    0.000000   clock clk (rise edge)
                                  0.000000    0.000000   clock network delay (propagated)
                                  0.150000    0.150000   clock uncertainty
                                  0.000000    0.150000   clock reconvergence pessimism
                                  0.000000    0.150000   output external delay
                                              0.150000   data required time
---------------------------------------------------------------------------------------------
                                              0.150000   data required time
                                             -0.498362   data arrival time
---------------------------------------------------------------------------------------------
                                              0.348362   slack (MET)


Startpoint: _310_ (rising edge-triggered flip-flop clocked by clk)
Endpoint: sine_out[12] (output port clocked by clk)
Path Group: clk
Path Type: min

Fanout         Cap        Slew       Delay        Time   Description
---------------------------------------------------------------------------------------------
                                  0.000000    0.000000   clock clk (rise edge)
                                  0.000000    0.000000   clock source latency
     1    0.023323    0.000000    0.000000    0.000000 ^ clk (in)
                                                         clk (net)
                      0.003632    0.001816    0.001816 ^ clkbuf_0_clk/A (sg13g2_buf_16)
     2    0.040741    0.015516    0.039786    0.041602 ^ clkbuf_0_clk/X (sg13g2_buf_16)
                                                         clknet_0_clk (net)
                      0.016198    0.003284    0.044886 ^ clkbuf_1_0__f_clk/A (sg13g2_buf_16)
     5    0.027201    0.014253    0.043338    0.088225 ^ clkbuf_1_0__f_clk/X (sg13g2_buf_16)
                                                         clknet_1_0__leaf_clk (net)
                      0.014300    0.001428    0.089652 ^ _310_/CLK (sg13g2_dfrbpq_1)
     3    0.017655    0.042827    0.130706    0.220358 v _310_/Q (sg13g2_dfrbpq_1)
                                                         DPATH.SUM.fa_6.A (net)
                      0.042938    0.001897    0.222255 v fanout25/A (sg13g2_buf_1)
     8    0.033982    0.076124    0.096236    0.318491 v fanout25/X (sg13g2_buf_1)
                                                         net25 (net)
                      0.076345    0.003360    0.321851 v _153_/A_N (sg13g2_nand2b_1)
     3    0.011694    0.055994    0.093122    0.414973 v _153_/Y (sg13g2_nand2b_1)
                                                         _111_ (net)
                      0.055995    0.000352    0.415325 v _167_/B1 (sg13g2_o21ai_1)
     1    0.004256    0.028438    0.036106    0.451431 ^ _167_/Y (sg13g2_o21ai_1)
                                                         net7 (net)
                      0.028440    0.000432    0.451863 ^ output7/A (sg13g2_buf_1)
     1    0.010795    0.034189    0.057137    0.508999 ^ output7/X (sg13g2_buf_1)
                                                         sine_out[12] (net)
                      0.034195    0.000464    0.509463 ^ sine_out[12] (out)
                                              0.509463   data arrival time

                                  0.000000    0.000000   clock clk (rise edge)
                                  0.000000    0.000000   clock network delay (propagated)
                                  0.150000    0.150000   clock uncertainty
                                  0.000000    0.150000   clock reconvergence pessimism
                                  0.000000    0.150000   output external delay
                                              0.150000   data required time
---------------------------------------------------------------------------------------------
                                              0.150000   data required time
                                             -0.509463   data arrival time
---------------------------------------------------------------------------------------------
                                              0.359463   slack (MET)


Startpoint: _310_ (rising edge-triggered flip-flop clocked by clk)
Endpoint: sine_out[11] (output port clocked by clk)
Path Group: clk
Path Type: min

Fanout         Cap        Slew       Delay        Time   Description
---------------------------------------------------------------------------------------------
                                  0.000000    0.000000   clock clk (rise edge)
                                  0.000000    0.000000   clock source latency
     1    0.023323    0.000000    0.000000    0.000000 ^ clk (in)
                                                         clk (net)
                      0.003632    0.001816    0.001816 ^ clkbuf_0_clk/A (sg13g2_buf_16)
     2    0.040741    0.015516    0.039786    0.041602 ^ clkbuf_0_clk/X (sg13g2_buf_16)
                                                         clknet_0_clk (net)
                      0.016198    0.003284    0.044886 ^ clkbuf_1_0__f_clk/A (sg13g2_buf_16)
     5    0.027201    0.014253    0.043338    0.088225 ^ clkbuf_1_0__f_clk/X (sg13g2_buf_16)
                                                         clknet_1_0__leaf_clk (net)
                      0.014300    0.001428    0.089652 ^ _310_/CLK (sg13g2_dfrbpq_1)
     3    0.017655    0.042827    0.130706    0.220358 v _310_/Q (sg13g2_dfrbpq_1)
                                                         DPATH.SUM.fa_6.A (net)
                      0.042938    0.001897    0.222255 v fanout25/A (sg13g2_buf_1)
     8    0.033982    0.076124    0.096236    0.318491 v fanout25/X (sg13g2_buf_1)
                                                         net25 (net)
                      0.076345    0.003360    0.321851 v _153_/A_N (sg13g2_nand2b_1)
     3    0.011694    0.055994    0.093122    0.414973 v _153_/Y (sg13g2_nand2b_1)
                                                         _111_ (net)
                      0.055996    0.000455    0.415429 v _162_/B1 (sg13g2_o21ai_1)
     1    0.003853    0.027321    0.035043    0.450472 ^ _162_/Y (sg13g2_o21ai_1)
                                                         net6 (net)
                      0.027321    0.000258    0.450730 ^ output6/A (sg13g2_buf_1)
     1    0.012092    0.037401    0.059151    0.509881 ^ output6/X (sg13g2_buf_1)
                                                         sine_out[11] (net)
                      0.037432    0.000603    0.510484 ^ sine_out[11] (out)
                                              0.510484   data arrival time

                                  0.000000    0.000000   clock clk (rise edge)
                                  0.000000    0.000000   clock network delay (propagated)
                                  0.150000    0.150000   clock uncertainty
                                  0.000000    0.150000   clock reconvergence pessimism
                                  0.000000    0.150000   output external delay
                                              0.150000   data required time
---------------------------------------------------------------------------------------------
                                              0.150000   data required time
                                             -0.510484   data arrival time
---------------------------------------------------------------------------------------------
                                              0.360484   slack (MET)


Startpoint: _304_ (rising edge-triggered flip-flop clocked by clk)
Endpoint: _304_ (rising edge-triggered flip-flop clocked by clk)
Path Group: clk
Path Type: min

Fanout         Cap        Slew       Delay        Time   Description
---------------------------------------------------------------------------------------------
                                  0.000000    0.000000   clock clk (rise edge)
                                  0.000000    0.000000   clock source latency
     1    0.023323    0.000000    0.000000    0.000000 ^ clk (in)
                                                         clk (net)
                      0.003632    0.001816    0.001816 ^ clkbuf_0_clk/A (sg13g2_buf_16)
     2    0.040741    0.015516    0.039786    0.041602 ^ clkbuf_0_clk/X (sg13g2_buf_16)
                                                         clknet_0_clk (net)
                      0.016165    0.003221    0.044823 ^ clkbuf_1_1__f_clk/A (sg13g2_buf_16)
     5    0.021265    0.013375    0.042613    0.087436 ^ clkbuf_1_1__f_clk/X (sg13g2_buf_16)
                                                         clknet_1_1__leaf_clk (net)
                      0.013424    0.001433    0.088869 ^ _304_/CLK (sg13g2_dfrbpq_1)
     1    0.002560    0.012886    0.106612    0.195481 v _304_/Q (sg13g2_dfrbpq_1)
                                                         DPATH.SUM.Cout0 (net)
                      0.012886    0.000102    0.195583 v fanout41/A (sg13g2_buf_1)
     6    0.033815    0.075550    0.085598    0.281180 v fanout41/X (sg13g2_buf_1)
                                                         net41 (net)
                      0.075594    0.001542    0.282723 v fanout40/A (sg13g2_buf_1)
     4    0.020150    0.049075    0.086460    0.369182 v fanout40/X (sg13g2_buf_1)
                                                         net40 (net)
                      0.049082    0.000620    0.369802 v fanout39/A (sg13g2_buf_1)
     8    0.036240    0.080973    0.101153    0.470955 v fanout39/X (sg13g2_buf_1)
                                                         net39 (net)
                      0.081160    0.003211    0.474166 v _141_/A (sg13g2_inv_1)
     6    0.030394    0.092403    0.098759    0.572925 ^ _141_/Y (sg13g2_inv_1)
                                                         DPATH.SUM.ha_0.S (net)
                      0.092439    0.001508    0.574432 ^ _304_/D (sg13g2_dfrbpq_1)
                                              0.574432   data arrival time

                                  0.000000    0.000000   clock clk (rise edge)
                                  0.000000    0.000000   clock source latency
     1    0.023323    0.000000    0.000000    0.000000 ^ clk (in)
                                                         clk (net)
                      0.003632    0.001816    0.001816 ^ clkbuf_0_clk/A (sg13g2_buf_16)
     2    0.040741    0.015516    0.039786    0.041602 ^ clkbuf_0_clk/X (sg13g2_buf_16)
                                                         clknet_0_clk (net)
                      0.016165    0.003221    0.044823 ^ clkbuf_1_1__f_clk/A (sg13g2_buf_16)
     5    0.021265    0.013375    0.042613    0.087436 ^ clkbuf_1_1__f_clk/X (sg13g2_buf_16)
                                                         clknet_1_1__leaf_clk (net)
                      0.013424    0.001433    0.088869 ^ _304_/CLK (sg13g2_dfrbpq_1)
                                  0.150000    0.238869   clock uncertainty
                                  0.000000    0.238869   clock reconvergence pessimism
                                 -0.057271    0.181598   library hold time
                                              0.181598   data required time
---------------------------------------------------------------------------------------------
                                              0.181598   data required time
                                             -0.574432   data arrival time
---------------------------------------------------------------------------------------------
                                              0.392834   slack (MET)


Startpoint: _310_ (rising edge-triggered flip-flop clocked by clk)
Endpoint: sine_out[6] (output port clocked by clk)
Path Group: clk
Path Type: min

Fanout         Cap        Slew       Delay        Time   Description
---------------------------------------------------------------------------------------------
                                  0.000000    0.000000   clock clk (rise edge)
                                  0.000000    0.000000   clock source latency
     1    0.023323    0.000000    0.000000    0.000000 ^ clk (in)
                                                         clk (net)
                      0.003632    0.001816    0.001816 ^ clkbuf_0_clk/A (sg13g2_buf_16)
     2    0.040741    0.015516    0.039786    0.041602 ^ clkbuf_0_clk/X (sg13g2_buf_16)
                                                         clknet_0_clk (net)
                      0.016198    0.003284    0.044886 ^ clkbuf_1_0__f_clk/A (sg13g2_buf_16)
     5    0.027201    0.014253    0.043338    0.088225 ^ clkbuf_1_0__f_clk/X (sg13g2_buf_16)
                                                         clknet_1_0__leaf_clk (net)
                      0.014300    0.001428    0.089652 ^ _310_/CLK (sg13g2_dfrbpq_1)
     3    0.017553    0.051328    0.134412    0.224064 ^ _310_/Q (sg13g2_dfrbpq_1)
                                                         DPATH.SUM.fa_6.A (net)
                      0.051356    0.001131    0.225195 ^ fanout26/A (sg13g2_buf_1)
     8    0.043397    0.117148    0.122804    0.347999 ^ fanout26/X (sg13g2_buf_1)
                                                         net26 (net)
                      0.117253    0.002874    0.350873 ^ _144_/B (sg13g2_or2_1)
     7    0.029355    0.080826    0.119588    0.470461 ^ _144_/X (sg13g2_or2_1)
                                                         _103_ (net)
                      0.080886    0.001814    0.472275 ^ _293_/B1 (sg13g2_a21oi_1)
     1    0.003552    0.024742    0.034042    0.506317 v _293_/Y (sg13g2_a21oi_1)
                                                         net18 (net)
                      0.024743    0.000259    0.506576 v output18/A (sg13g2_buf_1)
     1    0.010913    0.028986    0.055208    0.561785 v output18/X (sg13g2_buf_1)
                                                         sine_out[6] (net)
                      0.028993    0.000464    0.562249 v sine_out[6] (out)
                                              0.562249   data arrival time

                                  0.000000    0.000000   clock clk (rise edge)
                                  0.000000    0.000000   clock network delay (propagated)
                                  0.150000    0.150000   clock uncertainty
                                  0.000000    0.150000   clock reconvergence pessimism
                                  0.000000    0.150000   output external delay
                                              0.150000   data required time
---------------------------------------------------------------------------------------------
                                              0.150000   data required time
                                             -0.562249   data arrival time
---------------------------------------------------------------------------------------------
                                              0.412249   slack (MET)


Startpoint: _310_ (rising edge-triggered flip-flop clocked by clk)
Endpoint: sine_out[3] (output port clocked by clk)
Path Group: clk
Path Type: min

Fanout         Cap        Slew       Delay        Time   Description
---------------------------------------------------------------------------------------------
                                  0.000000    0.000000   clock clk (rise edge)
                                  0.000000    0.000000   clock source latency
     1    0.023323    0.000000    0.000000    0.000000 ^ clk (in)
                                                         clk (net)
                      0.003632    0.001816    0.001816 ^ clkbuf_0_clk/A (sg13g2_buf_16)
     2    0.040741    0.015516    0.039786    0.041602 ^ clkbuf_0_clk/X (sg13g2_buf_16)
                                                         clknet_0_clk (net)
                      0.016198    0.003284    0.044886 ^ clkbuf_1_0__f_clk/A (sg13g2_buf_16)
     5    0.027201    0.014253    0.043338    0.088225 ^ clkbuf_1_0__f_clk/X (sg13g2_buf_16)
                                                         clknet_1_0__leaf_clk (net)
                      0.014300    0.001428    0.089652 ^ _310_/CLK (sg13g2_dfrbpq_1)
     3    0.017553    0.051328    0.134412    0.224064 ^ _310_/Q (sg13g2_dfrbpq_1)
                                                         DPATH.SUM.fa_6.A (net)
                      0.051356    0.001131    0.225195 ^ fanout26/A (sg13g2_buf_1)
     8    0.043397    0.117148    0.122804    0.347999 ^ fanout26/X (sg13g2_buf_1)
                                                         net26 (net)
                      0.117253    0.002874    0.350873 ^ _144_/B (sg13g2_or2_1)
     7    0.029355    0.080826    0.119588    0.470461 ^ _144_/X (sg13g2_or2_1)
                                                         _103_ (net)
                      0.080890    0.001866    0.472327 ^ _289_/A (sg13g2_nor2_1)
     1    0.002949    0.018259    0.038480    0.510808 v _289_/Y (sg13g2_nor2_1)
                                                         net15 (net)
                      0.018259    0.000115    0.510923 v output15/A (sg13g2_buf_1)
     1    0.010924    0.028827    0.053189    0.564111 v output15/X (sg13g2_buf_1)
                                                         sine_out[3] (net)
                      0.028835    0.000464    0.564575 v sine_out[3] (out)
                                              0.564575   data arrival time

                                  0.000000    0.000000   clock clk (rise edge)
                                  0.000000    0.000000   clock network delay (propagated)
                                  0.150000    0.150000   clock uncertainty
                                  0.000000    0.150000   clock reconvergence pessimism
                                  0.000000    0.150000   output external delay
                                              0.150000   data required time
---------------------------------------------------------------------------------------------
                                              0.150000   data required time
                                             -0.564575   data arrival time
---------------------------------------------------------------------------------------------
                                              0.414575   slack (MET)


Startpoint: _310_ (rising edge-triggered flip-flop clocked by clk)
Endpoint: sine_out[5] (output port clocked by clk)
Path Group: clk
Path Type: min

Fanout         Cap        Slew       Delay        Time   Description
---------------------------------------------------------------------------------------------
                                  0.000000    0.000000   clock clk (rise edge)
                                  0.000000    0.000000   clock source latency
     1    0.023323    0.000000    0.000000    0.000000 ^ clk (in)
                                                         clk (net)
                      0.003632    0.001816    0.001816 ^ clkbuf_0_clk/A (sg13g2_buf_16)
     2    0.040741    0.015516    0.039786    0.041602 ^ clkbuf_0_clk/X (sg13g2_buf_16)
                                                         clknet_0_clk (net)
                      0.016198    0.003284    0.044886 ^ clkbuf_1_0__f_clk/A (sg13g2_buf_16)
     5    0.027201    0.014253    0.043338    0.088225 ^ clkbuf_1_0__f_clk/X (sg13g2_buf_16)
                                                         clknet_1_0__leaf_clk (net)
                      0.014300    0.001428    0.089652 ^ _310_/CLK (sg13g2_dfrbpq_1)
     3    0.017553    0.051328    0.134412    0.224064 ^ _310_/Q (sg13g2_dfrbpq_1)
                                                         DPATH.SUM.fa_6.A (net)
                      0.051356    0.001131    0.225195 ^ fanout26/A (sg13g2_buf_1)
     8    0.043397    0.117148    0.122804    0.347999 ^ fanout26/X (sg13g2_buf_1)
                                                         net26 (net)
                      0.117253    0.002874    0.350873 ^ _144_/B (sg13g2_or2_1)
     7    0.029355    0.080826    0.119588    0.470461 ^ _144_/X (sg13g2_or2_1)
                                                         _103_ (net)
                      0.080958    0.002657    0.473118 ^ _292_/B (sg13g2_nor3_1)
     1    0.002843    0.022072    0.040626    0.513744 v _292_/Y (sg13g2_nor3_1)
                                                         net17 (net)
                      0.022073    0.000211    0.513955 v output17/A (sg13g2_buf_1)
     1    0.010552    0.028177    0.053782    0.567736 v output17/X (sg13g2_buf_1)
                                                         sine_out[5] (net)
                      0.028184    0.000443    0.568180 v sine_out[5] (out)
                                              0.568180   data arrival time

                                  0.000000    0.000000   clock clk (rise edge)
                                  0.000000    0.000000   clock network delay (propagated)
                                  0.150000    0.150000   clock uncertainty
                                  0.000000    0.150000   clock reconvergence pessimism
                                  0.000000    0.150000   output external delay
                                              0.150000   data required time
---------------------------------------------------------------------------------------------
                                              0.150000   data required time
                                             -0.568180   data arrival time
---------------------------------------------------------------------------------------------
                                              0.418180   slack (MET)


Startpoint: _310_ (rising edge-triggered flip-flop clocked by clk)
Endpoint: sine_out[4] (output port clocked by clk)
Path Group: clk
Path Type: min

Fanout         Cap        Slew       Delay        Time   Description
---------------------------------------------------------------------------------------------
                                  0.000000    0.000000   clock clk (rise edge)
                                  0.000000    0.000000   clock source latency
     1    0.023323    0.000000    0.000000    0.000000 ^ clk (in)
                                                         clk (net)
                      0.003632    0.001816    0.001816 ^ clkbuf_0_clk/A (sg13g2_buf_16)
     2    0.040741    0.015516    0.039786    0.041602 ^ clkbuf_0_clk/X (sg13g2_buf_16)
                                                         clknet_0_clk (net)
                      0.016198    0.003284    0.044886 ^ clkbuf_1_0__f_clk/A (sg13g2_buf_16)
     5    0.027201    0.014253    0.043338    0.088225 ^ clkbuf_1_0__f_clk/X (sg13g2_buf_16)
                                                         clknet_1_0__leaf_clk (net)
                      0.014300    0.001428    0.089652 ^ _310_/CLK (sg13g2_dfrbpq_1)
     3    0.017553    0.051328    0.134412    0.224064 ^ _310_/Q (sg13g2_dfrbpq_1)
                                                         DPATH.SUM.fa_6.A (net)
                      0.051356    0.001131    0.225195 ^ fanout26/A (sg13g2_buf_1)
     8    0.043397    0.117148    0.122804    0.347999 ^ fanout26/X (sg13g2_buf_1)
                                                         net26 (net)
                      0.117253    0.002874    0.350873 ^ _144_/B (sg13g2_or2_1)
     7    0.029355    0.080826    0.119588    0.470461 ^ _144_/X (sg13g2_or2_1)
                                                         _103_ (net)
                      0.080884    0.001776    0.472237 ^ _290_/B (sg13g2_nor3_1)
     1    0.003378    0.028686    0.041798    0.514035 v _290_/Y (sg13g2_nor3_1)
                                                         net16 (net)
                      0.028686    0.000133    0.514167 v output16/A (sg13g2_buf_1)
     1    0.011983    0.031270    0.058184    0.572351 v output16/X (sg13g2_buf_1)
                                                         sine_out[4] (net)
                      0.031280    0.000538    0.572889 v sine_out[4] (out)
                                              0.572889   data arrival time

                                  0.000000    0.000000   clock clk (rise edge)
                                  0.000000    0.000000   clock network delay (propagated)
                                  0.150000    0.150000   clock uncertainty
                                  0.000000    0.150000   clock reconvergence pessimism
                                  0.000000    0.150000   output external delay
                                              0.150000   data required time
---------------------------------------------------------------------------------------------
                                              0.150000   data required time
                                             -0.572889   data arrival time
---------------------------------------------------------------------------------------------
                                              0.422889   slack (MET)


Startpoint: _311_ (rising edge-triggered flip-flop clocked by clk)
Endpoint: signB (output port clocked by clk)
Path Group: clk
Path Type: min

Fanout         Cap        Slew       Delay        Time   Description
---------------------------------------------------------------------------------------------
                                  0.000000    0.000000   clock clk (rise edge)
                                  0.000000    0.000000   clock source latency
     1    0.023323    0.000000    0.000000    0.000000 ^ clk (in)
                                                         clk (net)
                      0.003632    0.001816    0.001816 ^ clkbuf_0_clk/A (sg13g2_buf_16)
     2    0.040741    0.015516    0.039786    0.041602 ^ clkbuf_0_clk/X (sg13g2_buf_16)
                                                         clknet_0_clk (net)
                      0.016198    0.003284    0.044886 ^ clkbuf_1_0__f_clk/A (sg13g2_buf_16)
     5    0.027201    0.014253    0.043338    0.088225 ^ clkbuf_1_0__f_clk/X (sg13g2_buf_16)
                                                         clknet_1_0__leaf_clk (net)
                      0.014301    0.001448    0.089673 ^ _311_/CLK (sg13g2_dfrbpq_1)
     2    0.005439    0.021668    0.112532    0.202205 ^ _311_/Q (sg13g2_dfrbpq_1)
                                                         net2 (net)
                      0.021670    0.000148    0.202354 ^ hold43/A (sg13g2_dlygate4sd3_1)
     1    0.006430    0.030496    0.253731    0.456084 ^ hold43/X (sg13g2_dlygate4sd3_1)
                                                         net43 (net)
                      0.030504    0.000449    0.456533 ^ _142_/A (sg13g2_inv_1)
     2    0.011309    0.030535    0.035081    0.491614 v _142_/Y (sg13g2_inv_1)
                                                         net3 (net)
                      0.030553    0.000611    0.492225 v output3/A (sg13g2_buf_1)
     1    0.032817    0.073073    0.091141    0.583366 v output3/X (sg13g2_buf_1)
                                                         signB (net)
                      0.073133    0.001726    0.585092 v signB (out)
                                              0.585092   data arrival time

                                  0.000000    0.000000   clock clk (rise edge)
                                  0.000000    0.000000   clock network delay (propagated)
                                  0.150000    0.150000   clock uncertainty
                                  0.000000    0.150000   clock reconvergence pessimism
                                  0.000000    0.150000   output external delay
                                              0.150000   data required time
---------------------------------------------------------------------------------------------
                                              0.150000   data required time
                                             -0.585092   data arrival time
---------------------------------------------------------------------------------------------
                                              0.435092   slack (MET)



%OL_END_REPORT
%OL_CREATE_REPORT max.rpt

===========================================================================
report_checks -path_delay max (Setup)
============================================================================
======================= nom_fast_1p32V_m40C Corner ===================================

Startpoint: _305_ (rising edge-triggered flip-flop clocked by clk)
Endpoint: sine_out[1] (output port clocked by clk)
Path Group: clk
Path Type: max

Fanout         Cap        Slew       Delay        Time   Description
---------------------------------------------------------------------------------------------
                                  0.000000    0.000000   clock clk (rise edge)
                                  0.000000    0.000000   clock source latency
     1    0.023323    0.000000    0.000000    0.000000 ^ clk (in)
                                                         clk (net)
                      0.003632    0.001816    0.001816 ^ clkbuf_0_clk/A (sg13g2_buf_16)
     2    0.040741    0.015516    0.039786    0.041602 ^ clkbuf_0_clk/X (sg13g2_buf_16)
                                                         clknet_0_clk (net)
                      0.016165    0.003221    0.044823 ^ clkbuf_1_1__f_clk/A (sg13g2_buf_16)
     5    0.021265    0.013375    0.042613    0.087436 ^ clkbuf_1_1__f_clk/X (sg13g2_buf_16)
                                                         clknet_1_1__leaf_clk (net)
                      0.013422    0.001406    0.088842 ^ _305_/CLK (sg13g2_dfrbpq_1)
     3    0.019514    0.046624    0.133426    0.222268 v _305_/Q (sg13g2_dfrbpq_1)
                                                         DPATH.SUM.fa_1.A (net)
                      0.046646    0.000974    0.223242 v fanout38/A (sg13g2_buf_1)
     8    0.048260    0.105802    0.117516    0.340757 v fanout38/X (sg13g2_buf_1)
                                                         net38 (net)
                      0.106003    0.003823    0.344580 v fanout37/A (sg13g2_buf_1)
     8    0.032153    0.072855    0.113284    0.457864 v fanout37/X (sg13g2_buf_1)
                                                         net37 (net)
                      0.072963    0.001997    0.459862 v _154_/B (sg13g2_nor2_1)
     4    0.020813    0.125676    0.119791    0.579652 ^ _154_/Y (sg13g2_nor2_1)
                                                         _112_ (net)
                      0.125690    0.001135    0.580787 ^ _211_/B (sg13g2_nand2_1)
     3    0.011102    0.064776    0.083039    0.663826 v _211_/Y (sg13g2_nand2_1)
                                                         _024_ (net)
                      0.064799    0.000424    0.664250 v _214_/B (sg13g2_and3_1)
     3    0.013218    0.035766    0.083297    0.747547 v _214_/X (sg13g2_and3_1)
                                                         _027_ (net)
                      0.035827    0.001300    0.748847 v _249_/A2 (sg13g2_a221oi_1)
     1    0.004233    0.080502    0.101010    0.849857 ^ _249_/Y (sg13g2_a221oi_1)
                                                         _061_ (net)
                      0.080502    0.000170    0.850026 ^ _250_/B (sg13g2_nor2_1)
     1    0.004326    0.028869    0.035819    0.885845 v _250_/Y (sg13g2_nor2_1)
                                                         _062_ (net)
                      0.028870    0.000310    0.886155 v _256_/B (sg13g2_nor4_1)
     1    0.007053    0.112091    0.119709    1.005864 ^ _256_/Y (sg13g2_nor4_1)
                                                         _068_ (net)
                      0.112091    0.000253    1.006117 ^ _267_/B1 (sg13g2_a21oi_1)
     1    0.005791    0.045157    0.046856    1.052973 v _267_/Y (sg13g2_a21oi_1)
                                                         net13 (net)
                      0.045158    0.000415    1.053388 v output13/A (sg13g2_buf_1)
     1    0.012715    0.033205    0.064531    1.117919 v output13/X (sg13g2_buf_1)
                                                         sine_out[1] (net)
                      0.033218    0.000628    1.118547 v sine_out[1] (out)
                                              1.118547   data arrival time

                                  5.000000    5.000000   clock clk (rise edge)
                                  0.000000    5.000000   clock network delay (propagated)
                                 -0.150000    4.850000   clock uncertainty
                                  0.000000    4.850000   clock reconvergence pessimism
                                 -1.000000    3.850000   output external delay
                                              3.850000   data required time
---------------------------------------------------------------------------------------------
                                              3.850000   data required time
                                             -1.118547   data arrival time
---------------------------------------------------------------------------------------------
                                              2.731452   slack (MET)


Startpoint: _304_ (rising edge-triggered flip-flop clocked by clk)
Endpoint: sine_out[0] (output port clocked by clk)
Path Group: clk
Path Type: max

Fanout         Cap        Slew       Delay        Time   Description
---------------------------------------------------------------------------------------------
                                  0.000000    0.000000   clock clk (rise edge)
                                  0.000000    0.000000   clock source latency
     1    0.023323    0.000000    0.000000    0.000000 ^ clk (in)
                                                         clk (net)
                      0.003632    0.001816    0.001816 ^ clkbuf_0_clk/A (sg13g2_buf_16)
     2    0.040741    0.015516    0.039786    0.041602 ^ clkbuf_0_clk/X (sg13g2_buf_16)
                                                         clknet_0_clk (net)
                      0.016165    0.003221    0.044823 ^ clkbuf_1_1__f_clk/A (sg13g2_buf_16)
     5    0.021265    0.013375    0.042613    0.087436 ^ clkbuf_1_1__f_clk/X (sg13g2_buf_16)
                                                         clknet_1_1__leaf_clk (net)
                      0.013424    0.001433    0.088869 ^ _304_/CLK (sg13g2_dfrbpq_1)
     1    0.002602    0.015246    0.106885    0.195754 ^ _304_/Q (sg13g2_dfrbpq_1)
                                                         DPATH.SUM.Cout0 (net)
                      0.015246    0.000104    0.195858 ^ fanout41/A (sg13g2_buf_1)
     6    0.034630    0.094587    0.094658    0.290516 ^ fanout41/X (sg13g2_buf_1)
                                                         net41 (net)
                      0.094624    0.001580    0.292096 ^ fanout40/A (sg13g2_buf_1)
     4    0.021073    0.061033    0.097555    0.389651 ^ fanout40/X (sg13g2_buf_1)
                                                         net40 (net)
                      0.061067    0.000643    0.390294 ^ fanout39/A (sg13g2_buf_1)
     8    0.036905    0.100710    0.113755    0.504049 ^ fanout39/X (sg13g2_buf_1)
                                                         net39 (net)
                      0.100924    0.003797    0.507846 ^ _163_/B (sg13g2_nand2_1)
     4    0.017142    0.084176    0.098314    0.606160 v _163_/Y (sg13g2_nand2_1)
                                                         _119_ (net)
                      0.084239    0.001614    0.607773 v _208_/B (sg13g2_and2_1)
     3    0.013726    0.036662    0.087669    0.695442 v _208_/X (sg13g2_and2_1)
                                                         _021_ (net)
                      0.036705    0.001108    0.696551 v _210_/B (sg13g2_nor2_1)
     3    0.013654    0.087152    0.077525    0.774076 ^ _210_/Y (sg13g2_nor2_1)
                                                         _023_ (net)
                      0.087166    0.000934    0.775010 ^ _219_/A1 (sg13g2_a21oi_1)
     1    0.003849    0.042937    0.058962    0.833971 v _219_/Y (sg13g2_a21oi_1)
                                                         _032_ (net)
                      0.042938    0.000292    0.834263 v _220_/A2 (sg13g2_a21oi_1)
     1    0.007763    0.068676    0.069262    0.903525 ^ _220_/Y (sg13g2_a21oi_1)
                                                         _033_ (net)
                      0.068683    0.000683    0.904208 ^ _232_/C1 (sg13g2_a221oi_1)
     1    0.004970    0.065739    0.038895    0.943104 v _232_/Y (sg13g2_a221oi_1)
                                                         _045_ (net)
                      0.065739    0.000336    0.943440 v _247_/A2 (sg13g2_a22oi_1)
     1    0.006806    0.063148    0.076512    1.019952 ^ _247_/Y (sg13g2_a22oi_1)
                                                         net4 (net)
                      0.063149    0.000452    1.020404 ^ output4/A (sg13g2_buf_1)
     1    0.011868    0.037768    0.070191    1.090595 ^ output4/X (sg13g2_buf_1)
                                                         sine_out[0] (net)
                      0.037776    0.000544    1.091138 ^ sine_out[0] (out)
                                              1.091138   data arrival time

                                  5.000000    5.000000   clock clk (rise edge)
                                  0.000000    5.000000   clock network delay (propagated)
                                 -0.150000    4.850000   clock uncertainty
                                  0.000000    4.850000   clock reconvergence pessimism
                                 -1.000000    3.850000   output external delay
                                              3.850000   data required time
---------------------------------------------------------------------------------------------
                                              3.850000   data required time
                                             -1.091138   data arrival time
---------------------------------------------------------------------------------------------
                                              2.758862   slack (MET)


Startpoint: _308_ (rising edge-triggered flip-flop clocked by clk)
Endpoint: sine_out[2] (output port clocked by clk)
Path Group: clk
Path Type: max

Fanout         Cap        Slew       Delay        Time   Description
---------------------------------------------------------------------------------------------
                                  0.000000    0.000000   clock clk (rise edge)
                                  0.000000    0.000000   clock source latency
     1    0.023323    0.000000    0.000000    0.000000 ^ clk (in)
                                                         clk (net)
                      0.003632    0.001816    0.001816 ^ clkbuf_0_clk/A (sg13g2_buf_16)
     2    0.040741    0.015516    0.039786    0.041602 ^ clkbuf_0_clk/X (sg13g2_buf_16)
                                                         clknet_0_clk (net)
                      0.016198    0.003284    0.044886 ^ clkbuf_1_0__f_clk/A (sg13g2_buf_16)
     5    0.027201    0.014253    0.043338    0.088225 ^ clkbuf_1_0__f_clk/X (sg13g2_buf_16)
                                                         clknet_1_0__leaf_clk (net)
                      0.014311    0.001529    0.089754 ^ _308_/CLK (sg13g2_dfrbpq_1)
     3    0.021720    0.061413    0.142201    0.231955 ^ _308_/Q (sg13g2_dfrbpq_1)
                                                         DPATH.SUM.fa_4.A (net)
                      0.061432    0.001047    0.233002 ^ fanout32/A (sg13g2_buf_1)
     8    0.043402    0.116772    0.126740    0.359742 ^ fanout32/X (sg13g2_buf_1)
                                                         net32 (net)
                      0.116790    0.001199    0.360941 ^ fanout31/A (sg13g2_buf_1)
     8    0.039816    0.108483    0.133958    0.494899 ^ fanout31/X (sg13g2_buf_1)
                                                         net31 (net)
                      0.108522    0.001719    0.496618 ^ fanout30/A (sg13g2_buf_1)
     8    0.036427    0.099587    0.127941    0.624559 ^ fanout30/X (sg13g2_buf_1)
                                                         net30 (net)
                      0.099643    0.001932    0.626491 ^ _229_/A (sg13g2_nand3_1)
     3    0.014601    0.109859    0.118221    0.744712 v _229_/Y (sg13g2_nand3_1)
                                                         _042_ (net)
                      0.109869    0.000873    0.745585 v _268_/B (sg13g2_and2_1)
     1    0.003646    0.018329    0.077828    0.823413 v _268_/X (sg13g2_and2_1)
                                                         _079_ (net)
                      0.018329    0.000146    0.823559 v _269_/B1 (sg13g2_o21ai_1)
     2    0.008900    0.085214    0.037402    0.860961 ^ _269_/Y (sg13g2_o21ai_1)
                                                         _080_ (net)
                      0.085214    0.000256    0.861217 ^ _270_/A2 (sg13g2_a21oi_1)
     1    0.003638    0.047151    0.058218    0.919436 v _270_/Y (sg13g2_a21oi_1)
                                                         _081_ (net)
                      0.047151    0.000145    0.919581 v _271_/B1 (sg13g2_o21ai_1)
     1    0.004663    0.061821    0.035026    0.954607 ^ _271_/Y (sg13g2_o21ai_1)
                                                         _082_ (net)
                      0.061821    0.000337    0.954944 ^ _288_/A1 (sg13g2_a21oi_1)
     1    0.006529    0.047539    0.059965    1.014909 v _288_/Y (sg13g2_a21oi_1)
                                                         net14 (net)
                      0.047541    0.000498    1.015406 v output14/A (sg13g2_buf_1)
     1    0.013024    0.033936    0.065526    1.080932 v output14/X (sg13g2_buf_1)
                                                         sine_out[2] (net)
                      0.034004    0.001090    1.082022 v sine_out[2] (out)
                                              1.082022   data arrival time

                                  5.000000    5.000000   clock clk (rise edge)
                                  0.000000    5.000000   clock network delay (propagated)
                                 -0.150000    4.850000   clock uncertainty
                                  0.000000    4.850000   clock reconvergence pessimism
                                 -1.000000    3.850000   output external delay
                                              3.850000   data required time
---------------------------------------------------------------------------------------------
                                              3.850000   data required time
                                             -1.082022   data arrival time
---------------------------------------------------------------------------------------------
                                              2.767978   slack (MET)


Startpoint: _308_ (rising edge-triggered flip-flop clocked by clk)
Endpoint: sine_out[14] (output port clocked by clk)
Path Group: clk
Path Type: max

Fanout         Cap        Slew       Delay        Time   Description
---------------------------------------------------------------------------------------------
                                  0.000000    0.000000   clock clk (rise edge)
                                  0.000000    0.000000   clock source latency
     1    0.023323    0.000000    0.000000    0.000000 ^ clk (in)
                                                         clk (net)
                      0.003632    0.001816    0.001816 ^ clkbuf_0_clk/A (sg13g2_buf_16)
     2    0.040741    0.015516    0.039786    0.041602 ^ clkbuf_0_clk/X (sg13g2_buf_16)
                                                         clknet_0_clk (net)
                      0.016198    0.003284    0.044886 ^ clkbuf_1_0__f_clk/A (sg13g2_buf_16)
     5    0.027201    0.014253    0.043338    0.088225 ^ clkbuf_1_0__f_clk/X (sg13g2_buf_16)
                                                         clknet_1_0__leaf_clk (net)
                      0.014311    0.001529    0.089754 ^ _308_/CLK (sg13g2_dfrbpq_1)
     3    0.022005    0.051759    0.137782    0.227537 v _308_/Q (sg13g2_dfrbpq_1)
                                                         DPATH.SUM.fa_4.A (net)
                      0.051784    0.001057    0.228593 v fanout32/A (sg13g2_buf_1)
     8    0.043675    0.095875    0.114454    0.343047 v fanout32/X (sg13g2_buf_1)
                                                         net32 (net)
                      0.095896    0.001201    0.344248 v fanout31/A (sg13g2_buf_1)
     8    0.039445    0.087895    0.120534    0.464782 v fanout31/X (sg13g2_buf_1)
                                                         net31 (net)
                      0.087941    0.001702    0.466483 v fanout30/A (sg13g2_buf_1)
     8    0.036248    0.080692    0.114909    0.581392 v fanout30/X (sg13g2_buf_1)
                                                         net30 (net)
                      0.080789    0.001991    0.583383 v _145_/B (sg13g2_nor2_1)
     2    0.007241    0.058414    0.064355    0.647737 ^ _145_/Y (sg13g2_nor2_1)
                                                         _104_ (net)
                      0.058414    0.000143    0.647880 ^ _149_/A (sg13g2_nand2_1)
     3    0.015484    0.084472    0.079170    0.727051 v _149_/Y (sg13g2_nand2_1)
                                                         _108_ (net)
                      0.084492    0.001229    0.728280 v _171_/A2 (sg13g2_o21ai_1)
     1    0.003234    0.056902    0.071689    0.799969 ^ _171_/Y (sg13g2_o21ai_1)
                                                         net9 (net)
                      0.056902    0.000233    0.800202 ^ output9/A (sg13g2_buf_1)
     1    0.010600    0.034495    0.065826    0.866028 ^ output9/X (sg13g2_buf_1)
                                                         sine_out[14] (net)
                      0.034501    0.000448    0.866475 ^ sine_out[14] (out)
                                              0.866475   data arrival time

                                  5.000000    5.000000   clock clk (rise edge)
                                  0.000000    5.000000   clock network delay (propagated)
                                 -0.150000    4.850000   clock uncertainty
                                  0.000000    4.850000   clock reconvergence pessimism
                                 -1.000000    3.850000   output external delay
                                              3.850000   data required time
---------------------------------------------------------------------------------------------
                                              3.850000   data required time
                                             -0.866475   data arrival time
---------------------------------------------------------------------------------------------
                                              2.983525   slack (MET)


Startpoint: _308_ (rising edge-triggered flip-flop clocked by clk)
Endpoint: sine_out[9] (output port clocked by clk)
Path Group: clk
Path Type: max

Fanout         Cap        Slew       Delay        Time   Description
---------------------------------------------------------------------------------------------
                                  0.000000    0.000000   clock clk (rise edge)
                                  0.000000    0.000000   clock source latency
     1    0.023323    0.000000    0.000000    0.000000 ^ clk (in)
                                                         clk (net)
                      0.003632    0.001816    0.001816 ^ clkbuf_0_clk/A (sg13g2_buf_16)
     2    0.040741    0.015516    0.039786    0.041602 ^ clkbuf_0_clk/X (sg13g2_buf_16)
                                                         clknet_0_clk (net)
                      0.016198    0.003284    0.044886 ^ clkbuf_1_0__f_clk/A (sg13g2_buf_16)
     5    0.027201    0.014253    0.043338    0.088225 ^ clkbuf_1_0__f_clk/X (sg13g2_buf_16)
                                                         clknet_1_0__leaf_clk (net)
                      0.014311    0.001529    0.089754 ^ _308_/CLK (sg13g2_dfrbpq_1)
     3    0.022005    0.051759    0.137782    0.227537 v _308_/Q (sg13g2_dfrbpq_1)
                                                         DPATH.SUM.fa_4.A (net)
                      0.051784    0.001057    0.228593 v fanout32/A (sg13g2_buf_1)
     8    0.043675    0.095875    0.114454    0.343047 v fanout32/X (sg13g2_buf_1)
                                                         net32 (net)
                      0.095896    0.001201    0.344248 v fanout31/A (sg13g2_buf_1)
     8    0.039445    0.087895    0.120534    0.464782 v fanout31/X (sg13g2_buf_1)
                                                         net31 (net)
                      0.087941    0.001702    0.466483 v fanout30/A (sg13g2_buf_1)
     8    0.036248    0.080692    0.114909    0.581392 v fanout30/X (sg13g2_buf_1)
                                                         net30 (net)
                      0.080789    0.001991    0.583383 v _145_/B (sg13g2_nor2_1)
     2    0.007241    0.058414    0.064355    0.647737 ^ _145_/Y (sg13g2_nor2_1)
                                                         _104_ (net)
                      0.058414    0.000143    0.647880 ^ _149_/A (sg13g2_nand2_1)
     3    0.015484    0.084472    0.079170    0.727051 v _149_/Y (sg13g2_nand2_1)
                                                         _108_ (net)
                      0.084487    0.001071    0.728121 v _150_/A2 (sg13g2_a21oi_1)
     1    0.004820    0.052397    0.069028    0.797149 ^ _150_/Y (sg13g2_a21oi_1)
                                                         net21 (net)
                      0.052398    0.000322    0.797472 ^ output21/A (sg13g2_buf_1)
     1    0.012563    0.039206    0.068019    0.865491 ^ output21/X (sg13g2_buf_1)
                                                         sine_out[9] (net)
                      0.039218    0.000653    0.866144 ^ sine_out[9] (out)
                                              0.866144   data arrival time

                                  5.000000    5.000000   clock clk (rise edge)
                                  0.000000    5.000000   clock network delay (propagated)
                                 -0.150000    4.850000   clock uncertainty
                                  0.000000    4.850000   clock reconvergence pessimism
                                 -1.000000    3.850000   output external delay
                                              3.850000   data required time
---------------------------------------------------------------------------------------------
                                              3.850000   data required time
                                             -0.866144   data arrival time
---------------------------------------------------------------------------------------------
                                              2.983856   slack (MET)


Startpoint: _305_ (rising edge-triggered flip-flop clocked by clk)
Endpoint: sine_out[15] (output port clocked by clk)
Path Group: clk
Path Type: max

Fanout         Cap        Slew       Delay        Time   Description
---------------------------------------------------------------------------------------------
                                  0.000000    0.000000   clock clk (rise edge)
                                  0.000000    0.000000   clock source latency
     1    0.023323    0.000000    0.000000    0.000000 ^ clk (in)
                                                         clk (net)
                      0.003632    0.001816    0.001816 ^ clkbuf_0_clk/A (sg13g2_buf_16)
     2    0.040741    0.015516    0.039786    0.041602 ^ clkbuf_0_clk/X (sg13g2_buf_16)
                                                         clknet_0_clk (net)
                      0.016165    0.003221    0.044823 ^ clkbuf_1_1__f_clk/A (sg13g2_buf_16)
     5    0.021265    0.013375    0.042613    0.087436 ^ clkbuf_1_1__f_clk/X (sg13g2_buf_16)
                                                         clknet_1_1__leaf_clk (net)
                      0.013422    0.001406    0.088842 ^ _305_/CLK (sg13g2_dfrbpq_1)
     3    0.019860    0.057069    0.138378    0.227221 ^ _305_/Q (sg13g2_dfrbpq_1)
                                                         DPATH.SUM.fa_1.A (net)
                      0.057086    0.000992    0.228212 ^ fanout38/A (sg13g2_buf_1)
     8    0.048698    0.131064    0.132666    0.360878 ^ fanout38/X (sg13g2_buf_1)
                                                         net38 (net)
                      0.131230    0.003852    0.364730 ^ fanout37/A (sg13g2_buf_1)
     8    0.032973    0.090833    0.126420    0.491150 ^ fanout37/X (sg13g2_buf_1)
                                                         net37 (net)
                      0.090906    0.002113    0.493263 ^ _164_/B (sg13g2_and2_1)
     4    0.019203    0.058650    0.107158    0.600421 ^ _164_/X (sg13g2_and2_1)
                                                         _120_ (net)
                      0.058698    0.001521    0.601942 ^ _165_/A (sg13g2_inv_1)
     4    0.018883    0.054068    0.059979    0.661920 v _165_/Y (sg13g2_inv_1)
                                                         _121_ (net)
                      0.054101    0.001187    0.663108 v _168_/B (sg13g2_nor2_1)
     2    0.012192    0.080887    0.077329    0.740437 ^ _168_/Y (sg13g2_nor2_1)
                                                         _123_ (net)
                      0.080898    0.000771    0.741208 ^ _173_/A1 (sg13g2_o21ai_1)
     1    0.004686    0.040085    0.060507    0.801714 v _173_/Y (sg13g2_o21ai_1)
                                                         net10 (net)
                      0.040085    0.000187    0.801902 v output10/A (sg13g2_buf_1)
     1    0.010886    0.029361    0.059986    0.861887 v output10/X (sg13g2_buf_1)
                                                         sine_out[15] (net)
                      0.029368    0.000463    0.862350 v sine_out[15] (out)
                                              0.862350   data arrival time

                                  5.000000    5.000000   clock clk (rise edge)
                                  0.000000    5.000000   clock network delay (propagated)
                                 -0.150000    4.850000   clock uncertainty
                                  0.000000    4.850000   clock reconvergence pessimism
                                 -1.000000    3.850000   output external delay
                                              3.850000   data required time
---------------------------------------------------------------------------------------------
                                              3.850000   data required time
                                             -0.862350   data arrival time
---------------------------------------------------------------------------------------------
                                              2.987650   slack (MET)


Startpoint: _305_ (rising edge-triggered flip-flop clocked by clk)
Endpoint: sine_out[8] (output port clocked by clk)
Path Group: clk
Path Type: max

Fanout         Cap        Slew       Delay        Time   Description
---------------------------------------------------------------------------------------------
                                  0.000000    0.000000   clock clk (rise edge)
                                  0.000000    0.000000   clock source latency
     1    0.023323    0.000000    0.000000    0.000000 ^ clk (in)
                                                         clk (net)
                      0.003632    0.001816    0.001816 ^ clkbuf_0_clk/A (sg13g2_buf_16)
     2    0.040741    0.015516    0.039786    0.041602 ^ clkbuf_0_clk/X (sg13g2_buf_16)
                                                         clknet_0_clk (net)
                      0.016165    0.003221    0.044823 ^ clkbuf_1_1__f_clk/A (sg13g2_buf_16)
     5    0.021265    0.013375    0.042613    0.087436 ^ clkbuf_1_1__f_clk/X (sg13g2_buf_16)
                                                         clknet_1_1__leaf_clk (net)
                      0.013422    0.001406    0.088842 ^ _305_/CLK (sg13g2_dfrbpq_1)
     3    0.019860    0.057069    0.138378    0.227221 ^ _305_/Q (sg13g2_dfrbpq_1)
                                                         DPATH.SUM.fa_1.A (net)
                      0.057086    0.000992    0.228212 ^ fanout38/A (sg13g2_buf_1)
     8    0.048698    0.131064    0.132666    0.360878 ^ fanout38/X (sg13g2_buf_1)
                                                         net38 (net)
                      0.131230    0.003852    0.364730 ^ fanout37/A (sg13g2_buf_1)
     8    0.032973    0.090833    0.126420    0.491150 ^ fanout37/X (sg13g2_buf_1)
                                                         net37 (net)
                      0.090906    0.002113    0.493263 ^ _164_/B (sg13g2_and2_1)
     4    0.019203    0.058650    0.107158    0.600421 ^ _164_/X (sg13g2_and2_1)
                                                         _120_ (net)
                      0.058697    0.001497    0.601918 ^ _169_/B (sg13g2_nand2_1)
     3    0.012876    0.072523    0.071684    0.673602 v _169_/Y (sg13g2_nand2_1)
                                                         _124_ (net)
                      0.072526    0.000529    0.674131 v _291_/B (sg13g2_nor2_1)
     2    0.009513    0.068247    0.071632    0.745763 ^ _291_/Y (sg13g2_nor2_1)
                                                         _099_ (net)
                      0.068258    0.000677    0.746440 ^ _295_/A2 (sg13g2_a21oi_1)
     1    0.003455    0.037118    0.052973    0.799412 v _295_/Y (sg13g2_a21oi_1)
                                                         net20 (net)
                      0.037119    0.000135    0.799548 v output20/A (sg13g2_buf_1)
     1    0.010758    0.029019    0.058840    0.858388 v output20/X (sg13g2_buf_1)
                                                         sine_out[8] (net)
                      0.029027    0.000460    0.858848 v sine_out[8] (out)
                                              0.858848   data arrival time

                                  5.000000    5.000000   clock clk (rise edge)
                                  0.000000    5.000000   clock network delay (propagated)
                                 -0.150000    4.850000   clock uncertainty
                                  0.000000    4.850000   clock reconvergence pessimism
                                 -1.000000    3.850000   output external delay
                                              3.850000   data required time
---------------------------------------------------------------------------------------------
                                              3.850000   data required time
                                             -0.858848   data arrival time
---------------------------------------------------------------------------------------------
                                              2.991152   slack (MET)


Startpoint: _305_ (rising edge-triggered flip-flop clocked by clk)
Endpoint: sine_out[16] (output port clocked by clk)
Path Group: clk
Path Type: max

Fanout         Cap        Slew       Delay        Time   Description
---------------------------------------------------------------------------------------------
                                  0.000000    0.000000   clock clk (rise edge)
                                  0.000000    0.000000   clock source latency
     1    0.023323    0.000000    0.000000    0.000000 ^ clk (in)
                                                         clk (net)
                      0.003632    0.001816    0.001816 ^ clkbuf_0_clk/A (sg13g2_buf_16)
     2    0.040741    0.015516    0.039786    0.041602 ^ clkbuf_0_clk/X (sg13g2_buf_16)
                                                         clknet_0_clk (net)
                      0.016165    0.003221    0.044823 ^ clkbuf_1_1__f_clk/A (sg13g2_buf_16)
     5    0.021265    0.013375    0.042613    0.087436 ^ clkbuf_1_1__f_clk/X (sg13g2_buf_16)
                                                         clknet_1_1__leaf_clk (net)
                      0.013422    0.001406    0.088842 ^ _305_/CLK (sg13g2_dfrbpq_1)
     3    0.019860    0.057069    0.138378    0.227221 ^ _305_/Q (sg13g2_dfrbpq_1)
                                                         DPATH.SUM.fa_1.A (net)
                      0.057086    0.000992    0.228212 ^ fanout38/A (sg13g2_buf_1)
     8    0.048698    0.131064    0.132666    0.360878 ^ fanout38/X (sg13g2_buf_1)
                                                         net38 (net)
                      0.131230    0.003852    0.364730 ^ fanout37/A (sg13g2_buf_1)
     8    0.032973    0.090833    0.126420    0.491150 ^ fanout37/X (sg13g2_buf_1)
                                                         net37 (net)
                      0.090906    0.002113    0.493263 ^ _164_/B (sg13g2_and2_1)
     4    0.019203    0.058650    0.107158    0.600421 ^ _164_/X (sg13g2_and2_1)
                                                         _120_ (net)
                      0.058698    0.001521    0.601942 ^ _165_/A (sg13g2_inv_1)
     4    0.018883    0.054068    0.059979    0.661920 v _165_/Y (sg13g2_inv_1)
                                                         _121_ (net)
                      0.054101    0.001197    0.663118 v _175_/A2 (sg13g2_o21ai_1)
     1    0.004210    0.057869    0.066651    0.729768 ^ _175_/Y (sg13g2_o21ai_1)
                                                         _127_ (net)
                      0.057869    0.000169    0.729937 ^ _176_/C (sg13g2_nand3_1)
     1    0.003974    0.052528    0.062528    0.792464 v _176_/Y (sg13g2_nand3_1)
                                                         net11 (net)
                      0.052528    0.000259    0.792724 v output11/A (sg13g2_buf_1)
     1    0.010607    0.029153    0.063432    0.856155 v output11/X (sg13g2_buf_1)
                                                         sine_out[16] (net)
                      0.029161    0.000448    0.856603 v sine_out[16] (out)
                                              0.856603   data arrival time

                                  5.000000    5.000000   clock clk (rise edge)
                                  0.000000    5.000000   clock network delay (propagated)
                                 -0.150000    4.850000   clock uncertainty
                                  0.000000    4.850000   clock reconvergence pessimism
                                 -1.000000    3.850000   output external delay
                                              3.850000   data required time
---------------------------------------------------------------------------------------------
                                              3.850000   data required time
                                             -0.856603   data arrival time
---------------------------------------------------------------------------------------------
                                              2.993397   slack (MET)


Startpoint: _305_ (rising edge-triggered flip-flop clocked by clk)
Endpoint: sine_out[13] (output port clocked by clk)
Path Group: clk
Path Type: max

Fanout         Cap        Slew       Delay        Time   Description
---------------------------------------------------------------------------------------------
                                  0.000000    0.000000   clock clk (rise edge)
                                  0.000000    0.000000   clock source latency
     1    0.023323    0.000000    0.000000    0.000000 ^ clk (in)
                                                         clk (net)
                      0.003632    0.001816    0.001816 ^ clkbuf_0_clk/A (sg13g2_buf_16)
     2    0.040741    0.015516    0.039786    0.041602 ^ clkbuf_0_clk/X (sg13g2_buf_16)
                                                         clknet_0_clk (net)
                      0.016165    0.003221    0.044823 ^ clkbuf_1_1__f_clk/A (sg13g2_buf_16)
     5    0.021265    0.013375    0.042613    0.087436 ^ clkbuf_1_1__f_clk/X (sg13g2_buf_16)
                                                         clknet_1_1__leaf_clk (net)
                      0.013422    0.001406    0.088842 ^ _305_/CLK (sg13g2_dfrbpq_1)
     3    0.019860    0.057069    0.138378    0.227221 ^ _305_/Q (sg13g2_dfrbpq_1)
                                                         DPATH.SUM.fa_1.A (net)
                      0.057086    0.000992    0.228212 ^ fanout38/A (sg13g2_buf_1)
     8    0.048698    0.131064    0.132666    0.360878 ^ fanout38/X (sg13g2_buf_1)
                                                         net38 (net)
                      0.131230    0.003852    0.364730 ^ fanout37/A (sg13g2_buf_1)
     8    0.032973    0.090833    0.126420    0.491150 ^ fanout37/X (sg13g2_buf_1)
                                                         net37 (net)
                      0.090906    0.002113    0.493263 ^ _164_/B (sg13g2_and2_1)
     4    0.019203    0.058650    0.107158    0.600421 ^ _164_/X (sg13g2_and2_1)
                                                         _120_ (net)
                      0.058698    0.001521    0.601942 ^ _165_/A (sg13g2_inv_1)
     4    0.018883    0.054068    0.059979    0.661920 v _165_/Y (sg13g2_inv_1)
                                                         _121_ (net)
                      0.054101    0.001187    0.663108 v _168_/B (sg13g2_nor2_1)
     2    0.012192    0.080887    0.077329    0.740437 ^ _168_/Y (sg13g2_nor2_1)
                                                         _123_ (net)
                      0.080892    0.000538    0.740975 ^ _170_/A2 (sg13g2_a21oi_1)
     1    0.002652    0.033658    0.053807    0.794782 v _170_/Y (sg13g2_a21oi_1)
                                                         net8 (net)
                      0.033658    0.000105    0.794887 v output8/A (sg13g2_buf_1)
     1    0.010669    0.028743    0.057607    0.852494 v output8/X (sg13g2_buf_1)
                                                         sine_out[13] (net)
                      0.028751    0.000456    0.852950 v sine_out[13] (out)
                                              0.852950   data arrival time

                                  5.000000    5.000000   clock clk (rise edge)
                                  0.000000    5.000000   clock network delay (propagated)
                                 -0.150000    4.850000   clock uncertainty
                                  0.000000    4.850000   clock reconvergence pessimism
                                 -1.000000    3.850000   output external delay
                                              3.850000   data required time
---------------------------------------------------------------------------------------------
                                              3.850000   data required time
                                             -0.852950   data arrival time
---------------------------------------------------------------------------------------------
                                              2.997050   slack (MET)


Startpoint: _308_ (rising edge-triggered flip-flop clocked by clk)
Endpoint: sine_out[17] (output port clocked by clk)
Path Group: clk
Path Type: max

Fanout         Cap        Slew       Delay        Time   Description
---------------------------------------------------------------------------------------------
                                  0.000000    0.000000   clock clk (rise edge)
                                  0.000000    0.000000   clock source latency
     1    0.023323    0.000000    0.000000    0.000000 ^ clk (in)
                                                         clk (net)
                      0.003632    0.001816    0.001816 ^ clkbuf_0_clk/A (sg13g2_buf_16)
     2    0.040741    0.015516    0.039786    0.041602 ^ clkbuf_0_clk/X (sg13g2_buf_16)
                                                         clknet_0_clk (net)
                      0.016198    0.003284    0.044886 ^ clkbuf_1_0__f_clk/A (sg13g2_buf_16)
     5    0.027201    0.014253    0.043338    0.088225 ^ clkbuf_1_0__f_clk/X (sg13g2_buf_16)
                                                         clknet_1_0__leaf_clk (net)
                      0.014311    0.001529    0.089754 ^ _308_/CLK (sg13g2_dfrbpq_1)
     3    0.021720    0.061413    0.142201    0.231955 ^ _308_/Q (sg13g2_dfrbpq_1)
                                                         DPATH.SUM.fa_4.A (net)
                      0.061432    0.001047    0.233002 ^ fanout32/A (sg13g2_buf_1)
     8    0.043402    0.116772    0.126740    0.359742 ^ fanout32/X (sg13g2_buf_1)
                                                         net32 (net)
                      0.116790    0.001199    0.360941 ^ fanout31/A (sg13g2_buf_1)
     8    0.039816    0.108483    0.133958    0.494899 ^ fanout31/X (sg13g2_buf_1)
                                                         net31 (net)
                      0.108522    0.001719    0.496618 ^ fanout30/A (sg13g2_buf_1)
     8    0.036427    0.099587    0.127941    0.624559 ^ fanout30/X (sg13g2_buf_1)
                                                         net30 (net)
                      0.099647    0.002012    0.626572 ^ _145_/B (sg13g2_nor2_1)
     2    0.006921    0.038054    0.046988    0.673560 v _145_/Y (sg13g2_nor2_1)
                                                         _104_ (net)
                      0.038054    0.000132    0.673692 v _178_/B (sg13g2_nand2_1)
     2    0.009174    0.040813    0.040448    0.714140 ^ _178_/Y (sg13g2_nand2_1)
                                                         _129_ (net)
                      0.040828    0.000628    0.714768 ^ _179_/C (sg13g2_nand3_1)
     1    0.003950    0.054058    0.058468    0.773235 v _179_/Y (sg13g2_nand3_1)
                                                         net12 (net)
                      0.054058    0.000159    0.773395 v output12/A (sg13g2_buf_1)
     1    0.010801    0.029584    0.064232    0.837626 v output12/X (sg13g2_buf_1)
                                                         sine_out[17] (net)
                      0.029591    0.000458    0.838084 v sine_out[17] (out)
                                              0.838084   data arrival time

                                  5.000000    5.000000   clock clk (rise edge)
                                  0.000000    5.000000   clock network delay (propagated)
                                 -0.150000    4.850000   clock uncertainty
                                  0.000000    4.850000   clock reconvergence pessimism
                                 -1.000000    3.850000   output external delay
                                              3.850000   data required time
---------------------------------------------------------------------------------------------
                                              3.850000   data required time
                                             -0.838084   data arrival time
---------------------------------------------------------------------------------------------
                                              3.011916   slack (MET)


Startpoint: _305_ (rising edge-triggered flip-flop clocked by clk)
Endpoint: sine_out[12] (output port clocked by clk)
Path Group: clk
Path Type: max

Fanout         Cap        Slew       Delay        Time   Description
---------------------------------------------------------------------------------------------
                                  0.000000    0.000000   clock clk (rise edge)
                                  0.000000    0.000000   clock source latency
     1    0.023323    0.000000    0.000000    0.000000 ^ clk (in)
                                                         clk (net)
                      0.003632    0.001816    0.001816 ^ clkbuf_0_clk/A (sg13g2_buf_16)
     2    0.040741    0.015516    0.039786    0.041602 ^ clkbuf_0_clk/X (sg13g2_buf_16)
                                                         clknet_0_clk (net)
                      0.016165    0.003221    0.044823 ^ clkbuf_1_1__f_clk/A (sg13g2_buf_16)
     5    0.021265    0.013375    0.042613    0.087436 ^ clkbuf_1_1__f_clk/X (sg13g2_buf_16)
                                                         clknet_1_1__leaf_clk (net)
                      0.013422    0.001406    0.088842 ^ _305_/CLK (sg13g2_dfrbpq_1)
     3    0.019860    0.057069    0.138378    0.227221 ^ _305_/Q (sg13g2_dfrbpq_1)
                                                         DPATH.SUM.fa_1.A (net)
                      0.057086    0.000992    0.228212 ^ fanout38/A (sg13g2_buf_1)
     8    0.048698    0.131064    0.132666    0.360878 ^ fanout38/X (sg13g2_buf_1)
                                                         net38 (net)
                      0.131230    0.003852    0.364730 ^ fanout37/A (sg13g2_buf_1)
     8    0.032973    0.090833    0.126420    0.491150 ^ fanout37/X (sg13g2_buf_1)
                                                         net37 (net)
                      0.090906    0.002113    0.493263 ^ _164_/B (sg13g2_and2_1)
     4    0.019203    0.058650    0.107158    0.600421 ^ _164_/X (sg13g2_and2_1)
                                                         _120_ (net)
                      0.058698    0.001521    0.601942 ^ _165_/A (sg13g2_inv_1)
     4    0.018883    0.054068    0.059979    0.661920 v _165_/Y (sg13g2_inv_1)
                                                         _121_ (net)
                      0.054113    0.001372    0.663292 v _166_/B (sg13g2_nor2_1)
     2    0.009648    0.066879    0.067024    0.730317 ^ _166_/Y (sg13g2_nor2_1)
                                                         _122_ (net)
                      0.066884    0.000474    0.730790 ^ _167_/A2 (sg13g2_o21ai_1)
     1    0.004213    0.033214    0.047991    0.778782 v _167_/Y (sg13g2_o21ai_1)
                                                         net7 (net)
                      0.033215    0.000426    0.779208 v output7/A (sg13g2_buf_1)
     1    0.010795    0.028985    0.057674    0.836882 v output7/X (sg13g2_buf_1)
                                                         sine_out[12] (net)
                      0.028992    0.000464    0.837346 v sine_out[12] (out)
                                              0.837346   data arrival time

                                  5.000000    5.000000   clock clk (rise edge)
                                  0.000000    5.000000   clock network delay (propagated)
                                 -0.150000    4.850000   clock uncertainty
                                  0.000000    4.850000   clock reconvergence pessimism
                                 -1.000000    3.850000   output external delay
                                              3.850000   data required time
---------------------------------------------------------------------------------------------
                                              3.850000   data required time
                                             -0.837346   data arrival time
---------------------------------------------------------------------------------------------
                                              3.012654   slack (MET)


Startpoint: _305_ (rising edge-triggered flip-flop clocked by clk)
Endpoint: sine_out[5] (output port clocked by clk)
Path Group: clk
Path Type: max

Fanout         Cap        Slew       Delay        Time   Description
---------------------------------------------------------------------------------------------
                                  0.000000    0.000000   clock clk (rise edge)
                                  0.000000    0.000000   clock source latency
     1    0.023323    0.000000    0.000000    0.000000 ^ clk (in)
                                                         clk (net)
                      0.003632    0.001816    0.001816 ^ clkbuf_0_clk/A (sg13g2_buf_16)
     2    0.040741    0.015516    0.039786    0.041602 ^ clkbuf_0_clk/X (sg13g2_buf_16)
                                                         clknet_0_clk (net)
                      0.016165    0.003221    0.044823 ^ clkbuf_1_1__f_clk/A (sg13g2_buf_16)
     5    0.021265    0.013375    0.042613    0.087436 ^ clkbuf_1_1__f_clk/X (sg13g2_buf_16)
                                                         clknet_1_1__leaf_clk (net)
                      0.013422    0.001406    0.088842 ^ _305_/CLK (sg13g2_dfrbpq_1)
     3    0.019860    0.057069    0.138378    0.227221 ^ _305_/Q (sg13g2_dfrbpq_1)
                                                         DPATH.SUM.fa_1.A (net)
                      0.057086    0.000992    0.228212 ^ fanout38/A (sg13g2_buf_1)
     8    0.048698    0.131064    0.132666    0.360878 ^ fanout38/X (sg13g2_buf_1)
                                                         net38 (net)
                      0.131230    0.003852    0.364730 ^ fanout37/A (sg13g2_buf_1)
     8    0.032973    0.090833    0.126420    0.491150 ^ fanout37/X (sg13g2_buf_1)
                                                         net37 (net)
                      0.090906    0.002113    0.493263 ^ _164_/B (sg13g2_and2_1)
     4    0.019203    0.058650    0.107158    0.600421 ^ _164_/X (sg13g2_and2_1)
                                                         _120_ (net)
                      0.058697    0.001497    0.601918 ^ _169_/B (sg13g2_nand2_1)
     3    0.012876    0.072523    0.071684    0.673602 v _169_/Y (sg13g2_nand2_1)
                                                         _124_ (net)
                      0.072526    0.000529    0.674131 v _291_/B (sg13g2_nor2_1)
     2    0.009513    0.068247    0.071632    0.745763 ^ _291_/Y (sg13g2_nor2_1)
                                                         _099_ (net)
                      0.068257    0.000646    0.746409 ^ _292_/C (sg13g2_nor3_1)
     1    0.002843    0.035385    0.032061    0.778470 v _292_/Y (sg13g2_nor3_1)
                                                         net17 (net)
                      0.035385    0.000211    0.778681 v output17/A (sg13g2_buf_1)
     1    0.010552    0.028555    0.057960    0.836640 v output17/X (sg13g2_buf_1)
                                                         sine_out[5] (net)
                      0.028562    0.000443    0.837084 v sine_out[5] (out)
                                              0.837084   data arrival time

                                  5.000000    5.000000   clock clk (rise edge)
                                  0.000000    5.000000   clock network delay (propagated)
                                 -0.150000    4.850000   clock uncertainty
                                  0.000000    4.850000   clock reconvergence pessimism
                                 -1.000000    3.850000   output external delay
                                              3.850000   data required time
---------------------------------------------------------------------------------------------
                                              3.850000   data required time
                                             -0.837084   data arrival time
---------------------------------------------------------------------------------------------
                                              3.012917   slack (MET)


Startpoint: _305_ (rising edge-triggered flip-flop clocked by clk)
Endpoint: sine_out[11] (output port clocked by clk)
Path Group: clk
Path Type: max

Fanout         Cap        Slew       Delay        Time   Description
---------------------------------------------------------------------------------------------
                                  0.000000    0.000000   clock clk (rise edge)
                                  0.000000    0.000000   clock source latency
     1    0.023323    0.000000    0.000000    0.000000 ^ clk (in)
                                                         clk (net)
                      0.003632    0.001816    0.001816 ^ clkbuf_0_clk/A (sg13g2_buf_16)
     2    0.040741    0.015516    0.039786    0.041602 ^ clkbuf_0_clk/X (sg13g2_buf_16)
                                                         clknet_0_clk (net)
                      0.016165    0.003221    0.044823 ^ clkbuf_1_1__f_clk/A (sg13g2_buf_16)
     5    0.021265    0.013375    0.042613    0.087436 ^ clkbuf_1_1__f_clk/X (sg13g2_buf_16)
                                                         clknet_1_1__leaf_clk (net)
                      0.013422    0.001406    0.088842 ^ _305_/CLK (sg13g2_dfrbpq_1)
     3    0.019514    0.046624    0.133426    0.222268 v _305_/Q (sg13g2_dfrbpq_1)
                                                         DPATH.SUM.fa_1.A (net)
                      0.046646    0.000974    0.223242 v fanout38/A (sg13g2_buf_1)
     8    0.048260    0.105802    0.117516    0.340757 v fanout38/X (sg13g2_buf_1)
                                                         net38 (net)
                      0.106003    0.003823    0.344580 v fanout37/A (sg13g2_buf_1)
     8    0.032153    0.072855    0.113284    0.457864 v fanout37/X (sg13g2_buf_1)
                                                         net37 (net)
                      0.072963    0.001997    0.459862 v _154_/B (sg13g2_nor2_1)
     4    0.020813    0.125676    0.119791    0.579652 ^ _154_/Y (sg13g2_nor2_1)
                                                         _112_ (net)
                      0.125691    0.001178    0.580830 ^ _160_/B (sg13g2_nand2_1)
     3    0.017562    0.089964    0.106371    0.687201 v _160_/Y (sg13g2_nand2_1)
                                                         _117_ (net)
                      0.089981    0.001188    0.688389 v _162_/A1 (sg13g2_o21ai_1)
     1    0.003853    0.056634    0.078649    0.767038 ^ _162_/Y (sg13g2_o21ai_1)
                                                         net6 (net)
                      0.056634    0.000258    0.767296 ^ output6/A (sg13g2_buf_1)
     1    0.012092    0.038151    0.068498    0.835794 ^ output6/X (sg13g2_buf_1)
                                                         sine_out[11] (net)
                      0.038161    0.000603    0.836396 ^ sine_out[11] (out)
                                              0.836396   data arrival time

                                  5.000000    5.000000   clock clk (rise edge)
                                  0.000000    5.000000   clock network delay (propagated)
                                 -0.150000    4.850000   clock uncertainty
                                  0.000000    4.850000   clock reconvergence pessimism
                                 -1.000000    3.850000   output external delay
                                              3.850000   data required time
---------------------------------------------------------------------------------------------
                                              3.850000   data required time
                                             -0.836396   data arrival time
---------------------------------------------------------------------------------------------
                                              3.013603   slack (MET)


Startpoint: _308_ (rising edge-triggered flip-flop clocked by clk)
Endpoint: sine_out[3] (output port clocked by clk)
Path Group: clk
Path Type: max

Fanout         Cap        Slew       Delay        Time   Description
---------------------------------------------------------------------------------------------
                                  0.000000    0.000000   clock clk (rise edge)
                                  0.000000    0.000000   clock source latency
     1    0.023323    0.000000    0.000000    0.000000 ^ clk (in)
                                                         clk (net)
                      0.003632    0.001816    0.001816 ^ clkbuf_0_clk/A (sg13g2_buf_16)
     2    0.040741    0.015516    0.039786    0.041602 ^ clkbuf_0_clk/X (sg13g2_buf_16)
                                                         clknet_0_clk (net)
                      0.016198    0.003284    0.044886 ^ clkbuf_1_0__f_clk/A (sg13g2_buf_16)
     5    0.027201    0.014253    0.043338    0.088225 ^ clkbuf_1_0__f_clk/X (sg13g2_buf_16)
                                                         clknet_1_0__leaf_clk (net)
                      0.014311    0.001529    0.089754 ^ _308_/CLK (sg13g2_dfrbpq_1)
     3    0.022005    0.051759    0.137782    0.227537 v _308_/Q (sg13g2_dfrbpq_1)
                                                         DPATH.SUM.fa_4.A (net)
                      0.051784    0.001057    0.228593 v fanout32/A (sg13g2_buf_1)
     8    0.043675    0.095875    0.114454    0.343047 v fanout32/X (sg13g2_buf_1)
                                                         net32 (net)
                      0.095896    0.001201    0.344248 v fanout31/A (sg13g2_buf_1)
     8    0.039445    0.087895    0.120534    0.464782 v fanout31/X (sg13g2_buf_1)
                                                         net31 (net)
                      0.087941    0.001702    0.466483 v fanout30/A (sg13g2_buf_1)
     8    0.036248    0.080692    0.114909    0.581392 v fanout30/X (sg13g2_buf_1)
                                                         net30 (net)
                      0.080789    0.001991    0.583383 v _145_/B (sg13g2_nor2_1)
     2    0.007241    0.058414    0.064355    0.647737 ^ _145_/Y (sg13g2_nor2_1)
                                                         _104_ (net)
                      0.058414    0.000143    0.647880 ^ _149_/A (sg13g2_nand2_1)
     3    0.015484    0.084472    0.079170    0.727051 v _149_/Y (sg13g2_nand2_1)
                                                         _108_ (net)
                      0.084479    0.000769    0.727819 v _289_/B (sg13g2_nor2_1)
     1    0.002992    0.040045    0.046614    0.774433 ^ _289_/Y (sg13g2_nor2_1)
                                                         net15 (net)
                      0.040045    0.000117    0.774550 ^ output15/A (sg13g2_buf_1)
     1    0.010924    0.034828    0.061072    0.835622 ^ output15/X (sg13g2_buf_1)
                                                         sine_out[3] (net)
                      0.034834    0.000464    0.836086 ^ sine_out[3] (out)
                                              0.836086   data arrival time

                                  5.000000    5.000000   clock clk (rise edge)
                                  0.000000    5.000000   clock network delay (propagated)
                                 -0.150000    4.850000   clock uncertainty
                                  0.000000    4.850000   clock reconvergence pessimism
                                 -1.000000    3.850000   output external delay
                                              3.850000   data required time
---------------------------------------------------------------------------------------------
                                              3.850000   data required time
                                             -0.836086   data arrival time
---------------------------------------------------------------------------------------------
                                              3.013914   slack (MET)


Startpoint: _305_ (rising edge-triggered flip-flop clocked by clk)
Endpoint: sine_out[7] (output port clocked by clk)
Path Group: clk
Path Type: max

Fanout         Cap        Slew       Delay        Time   Description
---------------------------------------------------------------------------------------------
                                  0.000000    0.000000   clock clk (rise edge)
                                  0.000000    0.000000   clock source latency
     1    0.023323    0.000000    0.000000    0.000000 ^ clk (in)
                                                         clk (net)
                      0.003632    0.001816    0.001816 ^ clkbuf_0_clk/A (sg13g2_buf_16)
     2    0.040741    0.015516    0.039786    0.041602 ^ clkbuf_0_clk/X (sg13g2_buf_16)
                                                         clknet_0_clk (net)
                      0.016165    0.003221    0.044823 ^ clkbuf_1_1__f_clk/A (sg13g2_buf_16)
     5    0.021265    0.013375    0.042613    0.087436 ^ clkbuf_1_1__f_clk/X (sg13g2_buf_16)
                                                         clknet_1_1__leaf_clk (net)
                      0.013422    0.001406    0.088842 ^ _305_/CLK (sg13g2_dfrbpq_1)
     3    0.019860    0.057069    0.138378    0.227221 ^ _305_/Q (sg13g2_dfrbpq_1)
                                                         DPATH.SUM.fa_1.A (net)
                      0.057086    0.000992    0.228212 ^ fanout38/A (sg13g2_buf_1)
     8    0.048698    0.131064    0.132666    0.360878 ^ fanout38/X (sg13g2_buf_1)
                                                         net38 (net)
                      0.131230    0.003852    0.364730 ^ fanout37/A (sg13g2_buf_1)
     8    0.032973    0.090833    0.126420    0.491150 ^ fanout37/X (sg13g2_buf_1)
                                                         net37 (net)
                      0.090903    0.002064    0.493214 ^ _154_/B (sg13g2_nor2_1)
     4    0.020217    0.068114    0.078798    0.572012 v _154_/Y (sg13g2_nor2_1)
                                                         _112_ (net)
                      0.068137    0.001153    0.573165 v _156_/B (sg13g2_nor2_1)
     3    0.017884    0.109753    0.105845    0.679010 ^ _156_/Y (sg13g2_nor2_1)
                                                         _114_ (net)
                      0.109757    0.000533    0.679543 ^ _294_/A2 (sg13g2_a21oi_1)
     1    0.004253    0.042573    0.065906    0.745449 v _294_/Y (sg13g2_a21oi_1)
                                                         net19 (net)
                      0.042574    0.000310    0.745759 v output19/A (sg13g2_buf_1)
     1    0.011496    0.030660    0.061754    0.807514 v output19/X (sg13g2_buf_1)
                                                         sine_out[7] (net)
                      0.030670    0.000528    0.808041 v sine_out[7] (out)
                                              0.808041   data arrival time

                                  5.000000    5.000000   clock clk (rise edge)
                                  0.000000    5.000000   clock network delay (propagated)
                                 -0.150000    4.850000   clock uncertainty
                                  0.000000    4.850000   clock reconvergence pessimism
                                 -1.000000    3.850000   output external delay
                                              3.850000   data required time
---------------------------------------------------------------------------------------------
                                              3.850000   data required time
                                             -0.808041   data arrival time
---------------------------------------------------------------------------------------------
                                              3.041959   slack (MET)


Startpoint: _305_ (rising edge-triggered flip-flop clocked by clk)
Endpoint: sine_out[10] (output port clocked by clk)
Path Group: clk
Path Type: max

Fanout         Cap        Slew       Delay        Time   Description
---------------------------------------------------------------------------------------------
                                  0.000000    0.000000   clock clk (rise edge)
                                  0.000000    0.000000   clock source latency
     1    0.023323    0.000000    0.000000    0.000000 ^ clk (in)
                                                         clk (net)
                      0.003632    0.001816    0.001816 ^ clkbuf_0_clk/A (sg13g2_buf_16)
     2    0.040741    0.015516    0.039786    0.041602 ^ clkbuf_0_clk/X (sg13g2_buf_16)
                                                         clknet_0_clk (net)
                      0.016165    0.003221    0.044823 ^ clkbuf_1_1__f_clk/A (sg13g2_buf_16)
     5    0.021265    0.013375    0.042613    0.087436 ^ clkbuf_1_1__f_clk/X (sg13g2_buf_16)
                                                         clknet_1_1__leaf_clk (net)
                      0.013422    0.001406    0.088842 ^ _305_/CLK (sg13g2_dfrbpq_1)
     3    0.019860    0.057069    0.138378    0.227221 ^ _305_/Q (sg13g2_dfrbpq_1)
                                                         DPATH.SUM.fa_1.A (net)
                      0.057086    0.000992    0.228212 ^ fanout38/A (sg13g2_buf_1)
     8    0.048698    0.131064    0.132666    0.360878 ^ fanout38/X (sg13g2_buf_1)
                                                         net38 (net)
                      0.131230    0.003852    0.364730 ^ fanout37/A (sg13g2_buf_1)
     8    0.032973    0.090833    0.126420    0.491150 ^ fanout37/X (sg13g2_buf_1)
                                                         net37 (net)
                      0.090903    0.002064    0.493214 ^ _154_/B (sg13g2_nor2_1)
     4    0.020217    0.068114    0.078798    0.572012 v _154_/Y (sg13g2_nor2_1)
                                                         _112_ (net)
                      0.068137    0.001153    0.573165 v _156_/B (sg13g2_nor2_1)
     3    0.017884    0.109753    0.105845    0.679010 ^ _156_/Y (sg13g2_nor2_1)
                                                         _114_ (net)
                      0.109759    0.000707    0.679716 ^ _159_/A1 (sg13g2_a21oi_1)
     1    0.003774    0.046357    0.064309    0.744025 v _159_/Y (sg13g2_a21oi_1)
                                                         net5 (net)
                      0.046357    0.000272    0.744297 v output5/A (sg13g2_buf_1)
     1    0.010584    0.028931    0.061455    0.805753 v output5/X (sg13g2_buf_1)
                                                         sine_out[10] (net)
                      0.028939    0.000447    0.806200 v sine_out[10] (out)
                                              0.806200   data arrival time

                                  5.000000    5.000000   clock clk (rise edge)
                                  0.000000    5.000000   clock network delay (propagated)
                                 -0.150000    4.850000   clock uncertainty
                                  0.000000    4.850000   clock reconvergence pessimism
                                 -1.000000    3.850000   output external delay
                                              3.850000   data required time
---------------------------------------------------------------------------------------------
                                              3.850000   data required time
                                             -0.806200   data arrival time
---------------------------------------------------------------------------------------------
                                              3.043800   slack (MET)


Startpoint: _305_ (rising edge-triggered flip-flop clocked by clk)
Endpoint: sine_out[4] (output port clocked by clk)
Path Group: clk
Path Type: max

Fanout         Cap        Slew       Delay        Time   Description
---------------------------------------------------------------------------------------------
                                  0.000000    0.000000   clock clk (rise edge)
                                  0.000000    0.000000   clock source latency
     1    0.023323    0.000000    0.000000    0.000000 ^ clk (in)
                                                         clk (net)
                      0.003632    0.001816    0.001816 ^ clkbuf_0_clk/A (sg13g2_buf_16)
     2    0.040741    0.015516    0.039786    0.041602 ^ clkbuf_0_clk/X (sg13g2_buf_16)
                                                         clknet_0_clk (net)
                      0.016165    0.003221    0.044823 ^ clkbuf_1_1__f_clk/A (sg13g2_buf_16)
     5    0.021265    0.013375    0.042613    0.087436 ^ clkbuf_1_1__f_clk/X (sg13g2_buf_16)
                                                         clknet_1_1__leaf_clk (net)
                      0.013422    0.001406    0.088842 ^ _305_/CLK (sg13g2_dfrbpq_1)
     3    0.019514    0.046624    0.133426    0.222268 v _305_/Q (sg13g2_dfrbpq_1)
                                                         DPATH.SUM.fa_1.A (net)
                      0.046646    0.000974    0.223242 v fanout38/A (sg13g2_buf_1)
     8    0.048260    0.105802    0.117516    0.340757 v fanout38/X (sg13g2_buf_1)
                                                         net38 (net)
                      0.106003    0.003823    0.344580 v fanout37/A (sg13g2_buf_1)
     8    0.032153    0.072855    0.113284    0.457864 v fanout37/X (sg13g2_buf_1)
                                                         net37 (net)
                      0.072963    0.001997    0.459862 v _154_/B (sg13g2_nor2_1)
     4    0.020813    0.125676    0.119791    0.579652 ^ _154_/Y (sg13g2_nor2_1)
                                                         _112_ (net)
                      0.125692    0.001195    0.580848 ^ _156_/B (sg13g2_nor2_1)
     3    0.017764    0.067560    0.083350    0.664197 v _156_/Y (sg13g2_nor2_1)
                                                         _114_ (net)
                      0.067569    0.000725    0.664923 v _290_/C (sg13g2_nor3_1)
     1    0.003421    0.059836    0.062882    0.727804 ^ _290_/Y (sg13g2_nor3_1)
                                                         net16 (net)
                      0.059837    0.000134    0.727939 ^ output16/A (sg13g2_buf_1)
     1    0.011983    0.037964    0.069353    0.797292 ^ output16/X (sg13g2_buf_1)
                                                         sine_out[4] (net)
                      0.037972    0.000538    0.797830 ^ sine_out[4] (out)
                                              0.797830   data arrival time

                                  5.000000    5.000000   clock clk (rise edge)
                                  0.000000    5.000000   clock network delay (propagated)
                                 -0.150000    4.850000   clock uncertainty
                                  0.000000    4.850000   clock reconvergence pessimism
                                 -1.000000    3.850000   output external delay
                                              3.850000   data required time
---------------------------------------------------------------------------------------------
                                              3.850000   data required time
                                             -0.797830   data arrival time
---------------------------------------------------------------------------------------------
                                              3.052170   slack (MET)


Startpoint: _307_ (rising edge-triggered flip-flop clocked by clk)
Endpoint: sine_out[6] (output port clocked by clk)
Path Group: clk
Path Type: max

Fanout         Cap        Slew       Delay        Time   Description
---------------------------------------------------------------------------------------------
                                  0.000000    0.000000   clock clk (rise edge)
                                  0.000000    0.000000   clock source latency
     1    0.023323    0.000000    0.000000    0.000000 ^ clk (in)
                                                         clk (net)
                      0.003632    0.001816    0.001816 ^ clkbuf_0_clk/A (sg13g2_buf_16)
     2    0.040741    0.015516    0.039786    0.041602 ^ clkbuf_0_clk/X (sg13g2_buf_16)
                                                         clknet_0_clk (net)
                      0.016165    0.003221    0.044823 ^ clkbuf_1_1__f_clk/A (sg13g2_buf_16)
     5    0.021265    0.013375    0.042613    0.087436 ^ clkbuf_1_1__f_clk/X (sg13g2_buf_16)
                                                         clknet_1_1__leaf_clk (net)
                      0.013422    0.001413    0.088849 ^ _307_/CLK (sg13g2_dfrbpq_1)
     2    0.009747    0.026451    0.118193    0.207041 v _307_/Q (sg13g2_dfrbpq_1)
                                                         DPATH.SUM.fa_3.A (net)
                      0.026462    0.000518    0.207559 v fanout34/A (sg13g2_buf_1)
     8    0.037785    0.083828    0.096564    0.304124 v fanout34/X (sg13g2_buf_1)
                                                         net34 (net)
                      0.083957    0.002714    0.306838 v _138_/A (sg13g2_inv_1)
     4    0.023477    0.076100    0.086946    0.393784 ^ _138_/Y (sg13g2_inv_1)
                                                         _100_ (net)
                      0.076131    0.001246    0.395029 ^ fanout22/A (sg13g2_buf_1)
     8    0.043525    0.117663    0.130425    0.525454 ^ fanout22/X (sg13g2_buf_1)
                                                         net22 (net)
                      0.117817    0.003505    0.528959 ^ _177_/A (sg13g2_nand2_1)
     3    0.013943    0.079576    0.093872    0.622831 v _177_/Y (sg13g2_nand2_1)
                                                         _128_ (net)
                      0.079579    0.000548    0.623379 v _293_/A2 (sg13g2_a21oi_1)
     1    0.003595    0.045996    0.062851    0.686230 ^ _293_/Y (sg13g2_a21oi_1)
                                                         net18 (net)
                      0.045996    0.000263    0.686493 ^ output18/A (sg13g2_buf_1)
     1    0.010913    0.034963    0.062945    0.749438 ^ output18/X (sg13g2_buf_1)
                                                         sine_out[6] (net)
                      0.034969    0.000464    0.749902 ^ sine_out[6] (out)
                                              0.749902   data arrival time

                                  5.000000    5.000000   clock clk (rise edge)
                                  0.000000    5.000000   clock network delay (propagated)
                                 -0.150000    4.850000   clock uncertainty
                                  0.000000    4.850000   clock reconvergence pessimism
                                 -1.000000    3.850000   output external delay
                                              3.850000   data required time
---------------------------------------------------------------------------------------------
                                              3.850000   data required time
                                             -0.749902   data arrival time
---------------------------------------------------------------------------------------------
                                              3.100098   slack (MET)


Startpoint: _311_ (rising edge-triggered flip-flop clocked by clk)
Endpoint: signB (output port clocked by clk)
Path Group: clk
Path Type: max

Fanout         Cap        Slew       Delay        Time   Description
---------------------------------------------------------------------------------------------
                                  0.000000    0.000000   clock clk (rise edge)
                                  0.000000    0.000000   clock source latency
     1    0.023323    0.000000    0.000000    0.000000 ^ clk (in)
                                                         clk (net)
                      0.003632    0.001816    0.001816 ^ clkbuf_0_clk/A (sg13g2_buf_16)
     2    0.040741    0.015516    0.039786    0.041602 ^ clkbuf_0_clk/X (sg13g2_buf_16)
                                                         clknet_0_clk (net)
                      0.016198    0.003284    0.044886 ^ clkbuf_1_0__f_clk/A (sg13g2_buf_16)
     5    0.027201    0.014253    0.043338    0.088225 ^ clkbuf_1_0__f_clk/X (sg13g2_buf_16)
                                                         clknet_1_0__leaf_clk (net)
                      0.014301    0.001448    0.089673 ^ _311_/CLK (sg13g2_dfrbpq_1)
     2    0.005420    0.018047    0.111621    0.201294 v _311_/Q (sg13g2_dfrbpq_1)
                                                         net2 (net)
                      0.018047    0.000148    0.201442 v hold43/A (sg13g2_dlygate4sd3_1)
     1    0.006344    0.031994    0.256227    0.457669 v hold43/X (sg13g2_dlygate4sd3_1)
                                                         net43 (net)
                      0.032001    0.000441    0.458110 v _142_/A (sg13g2_inv_1)
     2    0.011371    0.037101    0.038238    0.496348 ^ _142_/Y (sg13g2_inv_1)
                                                         net3 (net)
                      0.037117    0.000616    0.496964 ^ output3/A (sg13g2_buf_1)
     1    0.032817    0.089856    0.099781    0.596745 ^ output3/X (sg13g2_buf_1)
                                                         signB (net)
                      0.089905    0.001727    0.598472 ^ signB (out)
                                              0.598472   data arrival time

                                  5.000000    5.000000   clock clk (rise edge)
                                  0.000000    5.000000   clock network delay (propagated)
                                 -0.150000    4.850000   clock uncertainty
                                  0.000000    4.850000   clock reconvergence pessimism
                                 -1.000000    3.850000   output external delay
                                              3.850000   data required time
---------------------------------------------------------------------------------------------
                                              3.850000   data required time
                                             -0.598472   data arrival time
---------------------------------------------------------------------------------------------
                                              3.251528   slack (MET)


Startpoint: _311_ (rising edge-triggered flip-flop clocked by clk)
Endpoint: sign (output port clocked by clk)
Path Group: clk
Path Type: max

Fanout         Cap        Slew       Delay        Time   Description
---------------------------------------------------------------------------------------------
                                  0.000000    0.000000   clock clk (rise edge)
                                  0.000000    0.000000   clock source latency
     1    0.023323    0.000000    0.000000    0.000000 ^ clk (in)
                                                         clk (net)
                      0.003632    0.001816    0.001816 ^ clkbuf_0_clk/A (sg13g2_buf_16)
     2    0.040741    0.015516    0.039786    0.041602 ^ clkbuf_0_clk/X (sg13g2_buf_16)
                                                         clknet_0_clk (net)
                      0.016198    0.003284    0.044886 ^ clkbuf_1_0__f_clk/A (sg13g2_buf_16)
     5    0.027201    0.014253    0.043338    0.088225 ^ clkbuf_1_0__f_clk/X (sg13g2_buf_16)
                                                         clknet_1_0__leaf_clk (net)
                      0.014301    0.001448    0.089673 ^ _311_/CLK (sg13g2_dfrbpq_1)
     2    0.005439    0.021668    0.112532    0.202205 ^ _311_/Q (sg13g2_dfrbpq_1)
                                                         net2 (net)
                      0.021671    0.000185    0.202391 ^ output2/A (sg13g2_buf_1)
     1    0.032356    0.088579    0.093948    0.296339 ^ output2/X (sg13g2_buf_1)
                                                         sign (net)
                      0.088624    0.001645    0.297984 ^ sign (out)
                                              0.297984   data arrival time

                                  5.000000    5.000000   clock clk (rise edge)
                                  0.000000    5.000000   clock network delay (propagated)
                                 -0.150000    4.850000   clock uncertainty
                                  0.000000    4.850000   clock reconvergence pessimism
                                 -1.000000    3.850000   output external delay
                                              3.850000   data required time
---------------------------------------------------------------------------------------------
                                              3.850000   data required time
                                             -0.297984   data arrival time
---------------------------------------------------------------------------------------------
                                              3.552016   slack (MET)


Startpoint: _304_ (rising edge-triggered flip-flop clocked by clk)
Endpoint: _310_ (rising edge-triggered flip-flop clocked by clk)
Path Group: clk
Path Type: max

Fanout         Cap        Slew       Delay        Time   Description
---------------------------------------------------------------------------------------------
                                  0.000000    0.000000   clock clk (rise edge)
                                  0.000000    0.000000   clock source latency
     1    0.023323    0.000000    0.000000    0.000000 ^ clk (in)
                                                         clk (net)
                      0.003632    0.001816    0.001816 ^ clkbuf_0_clk/A (sg13g2_buf_16)
     2    0.040741    0.015516    0.039786    0.041602 ^ clkbuf_0_clk/X (sg13g2_buf_16)
                                                         clknet_0_clk (net)
                      0.016165    0.003221    0.044823 ^ clkbuf_1_1__f_clk/A (sg13g2_buf_16)
     5    0.021265    0.013375    0.042613    0.087436 ^ clkbuf_1_1__f_clk/X (sg13g2_buf_16)
                                                         clknet_1_1__leaf_clk (net)
                      0.013424    0.001433    0.088869 ^ _304_/CLK (sg13g2_dfrbpq_1)
     1    0.002602    0.015246    0.106885    0.195754 ^ _304_/Q (sg13g2_dfrbpq_1)
                                                         DPATH.SUM.Cout0 (net)
                      0.015246    0.000104    0.195858 ^ fanout41/A (sg13g2_buf_1)
     6    0.034630    0.094587    0.094658    0.290516 ^ fanout41/X (sg13g2_buf_1)
                                                         net41 (net)
                      0.094624    0.001580    0.292096 ^ fanout40/A (sg13g2_buf_1)
     4    0.021073    0.061033    0.097555    0.389651 ^ fanout40/X (sg13g2_buf_1)
                                                         net40 (net)
                      0.061067    0.000643    0.390294 ^ fanout39/A (sg13g2_buf_1)
     8    0.036905    0.100710    0.113755    0.504049 ^ fanout39/X (sg13g2_buf_1)
                                                         net39 (net)
                      0.100867    0.003269    0.507318 ^ _141_/A (sg13g2_inv_1)
     6    0.030350    0.082815    0.101761    0.609079 v _141_/Y (sg13g2_inv_1)
                                                         DPATH.SUM.ha_0.S (net)
                      0.082880    0.001935    0.611014 v _183_/A1 (sg13g2_o21ai_1)
     2    0.011602    0.100550    0.113380    0.724394 ^ _183_/Y (sg13g2_o21ai_1)
                                                         _132_ (net)
                      0.100556    0.000652    0.725046 ^ _187_/A1 (sg13g2_a21oi_1)
     2    0.013187    0.077956    0.096377    0.821423 v _187_/Y (sg13g2_a21oi_1)
                                                         _135_ (net)
                      0.077980    0.001126    0.822549 v _193_/A1 (sg13g2_o21ai_1)
     2    0.010841    0.096300    0.108308    0.930857 ^ _193_/Y (sg13g2_o21ai_1)
                                                         _011_ (net)
                      0.096307    0.000644    0.931501 ^ _197_/A2 (sg13g2_a21oi_1)
     2    0.009516    0.061101    0.080989    1.012489 v _197_/Y (sg13g2_a21oi_1)
                                                         _014_ (net)
                      0.061101    0.000268    1.012757 v _199_/A2 (sg13g2_o21ai_1)
     1    0.007522    0.076658    0.084682    1.097440 ^ _199_/Y (sg13g2_o21ai_1)
                                                         _015_ (net)
                      0.076669    0.000589    1.098029 ^ _201_/A (sg13g2_xnor2_1)
     1    0.002089    0.040341    0.070285    1.168314 ^ _201_/Y (sg13g2_xnor2_1)
                                                         DPATH.SUM.fa_6.S (net)
                      0.040341    0.000077    1.168391 ^ _310_/D (sg13g2_dfrbpq_1)
                                              1.168391   data arrival time

                                  5.000000    5.000000   clock clk (rise edge)
                                  0.000000    5.000000   clock source latency
     1    0.023323    0.000000    0.000000    5.000000 ^ clk (in)
                                                         clk (net)
                      0.003632    0.001816    5.001816 ^ clkbuf_0_clk/A (sg13g2_buf_16)
     2    0.040741    0.015516    0.039786    5.041603 ^ clkbuf_0_clk/X (sg13g2_buf_16)
                                                         clknet_0_clk (net)
                      0.016198    0.003284    5.044887 ^ clkbuf_1_0__f_clk/A (sg13g2_buf_16)
     5    0.027201    0.014253    0.043338    5.088225 ^ clkbuf_1_0__f_clk/X (sg13g2_buf_16)
                                                         clknet_1_0__leaf_clk (net)
                      0.014300    0.001428    5.089653 ^ _310_/CLK (sg13g2_dfrbpq_1)
                                 -0.150000    4.939652   clock uncertainty
                                  0.000000    4.939652   clock reconvergence pessimism
                                 -0.081576    4.858076   library setup time
                                              4.858076   data required time
---------------------------------------------------------------------------------------------
                                              4.858076   data required time
                                             -1.168391   data arrival time
---------------------------------------------------------------------------------------------
                                              3.689686   slack (MET)


Startpoint: _304_ (rising edge-triggered flip-flop clocked by clk)
Endpoint: _309_ (rising edge-triggered flip-flop clocked by clk)
Path Group: clk
Path Type: max

Fanout         Cap        Slew       Delay        Time   Description
---------------------------------------------------------------------------------------------
                                  0.000000    0.000000   clock clk (rise edge)
                                  0.000000    0.000000   clock source latency
     1    0.023323    0.000000    0.000000    0.000000 ^ clk (in)
                                                         clk (net)
                      0.003632    0.001816    0.001816 ^ clkbuf_0_clk/A (sg13g2_buf_16)
     2    0.040741    0.015516    0.039786    0.041602 ^ clkbuf_0_clk/X (sg13g2_buf_16)
                                                         clknet_0_clk (net)
                      0.016165    0.003221    0.044823 ^ clkbuf_1_1__f_clk/A (sg13g2_buf_16)
     5    0.021265    0.013375    0.042613    0.087436 ^ clkbuf_1_1__f_clk/X (sg13g2_buf_16)
                                                         clknet_1_1__leaf_clk (net)
                      0.013424    0.001433    0.088869 ^ _304_/CLK (sg13g2_dfrbpq_1)
     1    0.002602    0.015246    0.106885    0.195754 ^ _304_/Q (sg13g2_dfrbpq_1)
                                                         DPATH.SUM.Cout0 (net)
                      0.015246    0.000104    0.195858 ^ fanout41/A (sg13g2_buf_1)
     6    0.034630    0.094587    0.094658    0.290516 ^ fanout41/X (sg13g2_buf_1)
                                                         net41 (net)
                      0.094624    0.001580    0.292096 ^ fanout40/A (sg13g2_buf_1)
     4    0.021073    0.061033    0.097555    0.389651 ^ fanout40/X (sg13g2_buf_1)
                                                         net40 (net)
                      0.061067    0.000643    0.390294 ^ fanout39/A (sg13g2_buf_1)
     8    0.036905    0.100710    0.113755    0.504049 ^ fanout39/X (sg13g2_buf_1)
                                                         net39 (net)
                      0.100867    0.003269    0.507318 ^ _141_/A (sg13g2_inv_1)
     6    0.030350    0.082815    0.101761    0.609079 v _141_/Y (sg13g2_inv_1)
                                                         DPATH.SUM.ha_0.S (net)
                      0.082880    0.001935    0.611014 v _183_/A1 (sg13g2_o21ai_1)
     2    0.011602    0.100550    0.113380    0.724394 ^ _183_/Y (sg13g2_o21ai_1)
                                                         _132_ (net)
                      0.100556    0.000652    0.725046 ^ _187_/A1 (sg13g2_a21oi_1)
     2    0.013187    0.077956    0.096377    0.821423 v _187_/Y (sg13g2_a21oi_1)
                                                         _135_ (net)
                      0.077980    0.001126    0.822549 v _193_/A1 (sg13g2_o21ai_1)
     2    0.010841    0.096300    0.108308    0.930857 ^ _193_/Y (sg13g2_o21ai_1)
                                                         _011_ (net)
                      0.096307    0.000644    0.931501 ^ _197_/A2 (sg13g2_a21oi_1)
     2    0.009516    0.061101    0.080989    1.012489 v _197_/Y (sg13g2_a21oi_1)
                                                         _014_ (net)
                      0.061102    0.000325    1.012814 v _198_/B (sg13g2_xor2_1)
     1    0.002010    0.034621    0.069449    1.082263 v _198_/X (sg13g2_xor2_1)
                                                         DPATH.SUM.fa_5.S (net)
                      0.034621    0.000146    1.082409 v _309_/D (sg13g2_dfrbpq_1)
                                              1.082409   data arrival time

                                  5.000000    5.000000   clock clk (rise edge)
                                  0.000000    5.000000   clock source latency
     1    0.023323    0.000000    0.000000    5.000000 ^ clk (in)
                                                         clk (net)
                      0.003632    0.001816    5.001816 ^ clkbuf_0_clk/A (sg13g2_buf_16)
     2    0.040741    0.015516    0.039786    5.041603 ^ clkbuf_0_clk/X (sg13g2_buf_16)
                                                         clknet_0_clk (net)
                      0.016198    0.003284    5.044887 ^ clkbuf_1_0__f_clk/A (sg13g2_buf_16)
     5    0.027201    0.014253    0.043338    5.088225 ^ clkbuf_1_0__f_clk/X (sg13g2_buf_16)
                                                         clknet_1_0__leaf_clk (net)
                      0.014304    0.001485    5.089710 ^ _309_/CLK (sg13g2_dfrbpq_1)
                                 -0.150000    4.939710   clock uncertainty
                                  0.000000    4.939710   clock reconvergence pessimism
                                 -0.073565    4.866145   library setup time
                                              4.866145   data required time
---------------------------------------------------------------------------------------------
                                              4.866145   data required time
                                             -1.082409   data arrival time
---------------------------------------------------------------------------------------------
                                              3.783736   slack (MET)


Startpoint: _304_ (rising edge-triggered flip-flop clocked by clk)
Endpoint: _308_ (rising edge-triggered flip-flop clocked by clk)
Path Group: clk
Path Type: max

Fanout         Cap        Slew       Delay        Time   Description
---------------------------------------------------------------------------------------------
                                  0.000000    0.000000   clock clk (rise edge)
                                  0.000000    0.000000   clock source latency
     1    0.023323    0.000000    0.000000    0.000000 ^ clk (in)
                                                         clk (net)
                      0.003632    0.001816    0.001816 ^ clkbuf_0_clk/A (sg13g2_buf_16)
     2    0.040741    0.015516    0.039786    0.041602 ^ clkbuf_0_clk/X (sg13g2_buf_16)
                                                         clknet_0_clk (net)
                      0.016165    0.003221    0.044823 ^ clkbuf_1_1__f_clk/A (sg13g2_buf_16)
     5    0.021265    0.013375    0.042613    0.087436 ^ clkbuf_1_1__f_clk/X (sg13g2_buf_16)
                                                         clknet_1_1__leaf_clk (net)
                      0.013424    0.001433    0.088869 ^ _304_/CLK (sg13g2_dfrbpq_1)
     1    0.002602    0.015246    0.106885    0.195754 ^ _304_/Q (sg13g2_dfrbpq_1)
                                                         DPATH.SUM.Cout0 (net)
                      0.015246    0.000104    0.195858 ^ fanout41/A (sg13g2_buf_1)
     6    0.034630    0.094587    0.094658    0.290516 ^ fanout41/X (sg13g2_buf_1)
                                                         net41 (net)
                      0.094624    0.001580    0.292096 ^ fanout40/A (sg13g2_buf_1)
     4    0.021073    0.061033    0.097555    0.389651 ^ fanout40/X (sg13g2_buf_1)
                                                         net40 (net)
                      0.061067    0.000643    0.390294 ^ fanout39/A (sg13g2_buf_1)
     8    0.036905    0.100710    0.113755    0.504049 ^ fanout39/X (sg13g2_buf_1)
                                                         net39 (net)
                      0.100867    0.003269    0.507318 ^ _141_/A (sg13g2_inv_1)
     6    0.030350    0.082815    0.101761    0.609079 v _141_/Y (sg13g2_inv_1)
                                                         DPATH.SUM.ha_0.S (net)
                      0.082880    0.001935    0.611014 v _183_/A1 (sg13g2_o21ai_1)
     2    0.011602    0.100550    0.113380    0.724394 ^ _183_/Y (sg13g2_o21ai_1)
                                                         _132_ (net)
                      0.100556    0.000652    0.725046 ^ _187_/A1 (sg13g2_a21oi_1)
     2    0.013187    0.077956    0.096377    0.821423 v _187_/Y (sg13g2_a21oi_1)
                                                         _135_ (net)
                      0.077980    0.001126    0.822549 v _193_/A1 (sg13g2_o21ai_1)
     2    0.010841    0.096300    0.108308    0.930857 ^ _193_/Y (sg13g2_o21ai_1)
                                                         _011_ (net)
                      0.096308    0.000685    0.931542 ^ _194_/B (sg13g2_xor2_1)
     1    0.001630    0.034083    0.077692    1.009235 ^ _194_/X (sg13g2_xor2_1)
                                                         DPATH.SUM.fa_4.S (net)
                      0.034083    0.000064    1.009298 ^ _308_/D (sg13g2_dfrbpq_1)
                                              1.009298   data arrival time

                                  5.000000    5.000000   clock clk (rise edge)
                                  0.000000    5.000000   clock source latency
     1    0.023323    0.000000    0.000000    5.000000 ^ clk (in)
                                                         clk (net)
                      0.003632    0.001816    5.001816 ^ clkbuf_0_clk/A (sg13g2_buf_16)
     2    0.040741    0.015516    0.039786    5.041603 ^ clkbuf_0_clk/X (sg13g2_buf_16)
                                                         clknet_0_clk (net)
                      0.016198    0.003284    5.044887 ^ clkbuf_1_0__f_clk/A (sg13g2_buf_16)
     5    0.027201    0.014253    0.043338    5.088225 ^ clkbuf_1_0__f_clk/X (sg13g2_buf_16)
                                                         clknet_1_0__leaf_clk (net)
                      0.014311    0.001529    5.089754 ^ _308_/CLK (sg13g2_dfrbpq_1)
                                 -0.150000    4.939754   clock uncertainty
                                  0.000000    4.939754   clock reconvergence pessimism
                                 -0.080051    4.859704   library setup time
                                              4.859704   data required time
---------------------------------------------------------------------------------------------
                                              4.859704   data required time
                                             -1.009298   data arrival time
---------------------------------------------------------------------------------------------
                                              3.850405   slack (MET)


Startpoint: _308_ (rising edge-triggered flip-flop clocked by clk)
Endpoint: _311_ (rising edge-triggered flip-flop clocked by clk)
Path Group: clk
Path Type: max

Fanout         Cap        Slew       Delay        Time   Description
---------------------------------------------------------------------------------------------
                                  0.000000    0.000000   clock clk (rise edge)
                                  0.000000    0.000000   clock source latency
     1    0.023323    0.000000    0.000000    0.000000 ^ clk (in)
                                                         clk (net)
                      0.003632    0.001816    0.001816 ^ clkbuf_0_clk/A (sg13g2_buf_16)
     2    0.040741    0.015516    0.039786    0.041602 ^ clkbuf_0_clk/X (sg13g2_buf_16)
                                                         clknet_0_clk (net)
                      0.016198    0.003284    0.044886 ^ clkbuf_1_0__f_clk/A (sg13g2_buf_16)
     5    0.027201    0.014253    0.043338    0.088225 ^ clkbuf_1_0__f_clk/X (sg13g2_buf_16)
                                                         clknet_1_0__leaf_clk (net)
                      0.014311    0.001529    0.089754 ^ _308_/CLK (sg13g2_dfrbpq_1)
     3    0.022005    0.051759    0.137782    0.227537 v _308_/Q (sg13g2_dfrbpq_1)
                                                         DPATH.SUM.fa_4.A (net)
                      0.051784    0.001057    0.228593 v fanout32/A (sg13g2_buf_1)
     8    0.043675    0.095875    0.114454    0.343047 v fanout32/X (sg13g2_buf_1)
                                                         net32 (net)
                      0.095896    0.001201    0.344248 v fanout31/A (sg13g2_buf_1)
     8    0.039445    0.087895    0.120534    0.464782 v fanout31/X (sg13g2_buf_1)
                                                         net31 (net)
                      0.087941    0.001702    0.466483 v fanout30/A (sg13g2_buf_1)
     8    0.036248    0.080692    0.114909    0.581392 v fanout30/X (sg13g2_buf_1)
                                                         net30 (net)
                      0.080789    0.001991    0.583383 v _145_/B (sg13g2_nor2_1)
     2    0.007241    0.058414    0.064355    0.647737 ^ _145_/Y (sg13g2_nor2_1)
                                                         _104_ (net)
                      0.058414    0.000144    0.647882 ^ _178_/B (sg13g2_nand2_1)
     2    0.008941    0.053841    0.058906    0.706788 v _178_/Y (sg13g2_nand2_1)
                                                         _129_ (net)
                      0.053858    0.000774    0.707561 v _203_/B (sg13g2_nor3_1)
     2    0.011140    0.111682    0.112734    0.820296 ^ _203_/Y (sg13g2_nor3_1)
                                                         _018_ (net)
                      0.111684    0.000458    0.820754 ^ _204_/B (sg13g2_xnor2_1)
     1    0.002797    0.051562    0.080066    0.900819 ^ _204_/Y (sg13g2_xnor2_1)
                                                         CTRL.P1 (net)
                      0.051562    0.000098    0.900918 ^ _311_/D (sg13g2_dfrbpq_1)
                                              0.900918   data arrival time

                                  5.000000    5.000000   clock clk (rise edge)
                                  0.000000    5.000000   clock source latency
     1    0.023323    0.000000    0.000000    5.000000 ^ clk (in)
                                                         clk (net)
                      0.003632    0.001816    5.001816 ^ clkbuf_0_clk/A (sg13g2_buf_16)
     2    0.040741    0.015516    0.039786    5.041603 ^ clkbuf_0_clk/X (sg13g2_buf_16)
                                                         clknet_0_clk (net)
                      0.016198    0.003284    5.044887 ^ clkbuf_1_0__f_clk/A (sg13g2_buf_16)
     5    0.027201    0.014253    0.043338    5.088225 ^ clkbuf_1_0__f_clk/X (sg13g2_buf_16)
                                                         clknet_1_0__leaf_clk (net)
                      0.014301    0.001448    5.089673 ^ _311_/CLK (sg13g2_dfrbpq_1)
                                 -0.150000    4.939673   clock uncertainty
                                  0.000000    4.939673   clock reconvergence pessimism
                                 -0.084308    4.855365   library setup time
                                              4.855365   data required time
---------------------------------------------------------------------------------------------
                                              4.855365   data required time
                                             -0.900918   data arrival time
---------------------------------------------------------------------------------------------
                                              3.954447   slack (MET)


Startpoint: _304_ (rising edge-triggered flip-flop clocked by clk)
Endpoint: _307_ (rising edge-triggered flip-flop clocked by clk)
Path Group: clk
Path Type: max

Fanout         Cap        Slew       Delay        Time   Description
---------------------------------------------------------------------------------------------
                                  0.000000    0.000000   clock clk (rise edge)
                                  0.000000    0.000000   clock source latency
     1    0.023323    0.000000    0.000000    0.000000 ^ clk (in)
                                                         clk (net)
                      0.003632    0.001816    0.001816 ^ clkbuf_0_clk/A (sg13g2_buf_16)
     2    0.040741    0.015516    0.039786    0.041602 ^ clkbuf_0_clk/X (sg13g2_buf_16)
                                                         clknet_0_clk (net)
                      0.016165    0.003221    0.044823 ^ clkbuf_1_1__f_clk/A (sg13g2_buf_16)
     5    0.021265    0.013375    0.042613    0.087436 ^ clkbuf_1_1__f_clk/X (sg13g2_buf_16)
                                                         clknet_1_1__leaf_clk (net)
                      0.013424    0.001433    0.088869 ^ _304_/CLK (sg13g2_dfrbpq_1)
     1    0.002602    0.015246    0.106885    0.195754 ^ _304_/Q (sg13g2_dfrbpq_1)
                                                         DPATH.SUM.Cout0 (net)
                      0.015246    0.000104    0.195858 ^ fanout41/A (sg13g2_buf_1)
     6    0.034630    0.094587    0.094658    0.290516 ^ fanout41/X (sg13g2_buf_1)
                                                         net41 (net)
                      0.094624    0.001580    0.292096 ^ fanout40/A (sg13g2_buf_1)
     4    0.021073    0.061033    0.097555    0.389651 ^ fanout40/X (sg13g2_buf_1)
                                                         net40 (net)
                      0.061067    0.000643    0.390294 ^ fanout39/A (sg13g2_buf_1)
     8    0.036905    0.100710    0.113755    0.504049 ^ fanout39/X (sg13g2_buf_1)
                                                         net39 (net)
                      0.100867    0.003269    0.507318 ^ _141_/A (sg13g2_inv_1)
     6    0.030350    0.082815    0.101761    0.609079 v _141_/Y (sg13g2_inv_1)
                                                         DPATH.SUM.ha_0.S (net)
                      0.082880    0.001935    0.611014 v _183_/A1 (sg13g2_o21ai_1)
     2    0.011602    0.100550    0.113380    0.724394 ^ _183_/Y (sg13g2_o21ai_1)
                                                         _132_ (net)
                      0.100556    0.000652    0.725046 ^ _187_/A1 (sg13g2_a21oi_1)
     2    0.013187    0.077956    0.096377    0.821423 v _187_/Y (sg13g2_a21oi_1)
                                                         _135_ (net)
                      0.077974    0.000985    0.822407 v _190_/A (sg13g2_xor2_1)
     1    0.002444    0.039080    0.077113    0.899520 v _190_/X (sg13g2_xor2_1)
                                                         DPATH.SUM.fa_3.S (net)
                      0.039080    0.000093    0.899614 v _307_/D (sg13g2_dfrbpq_1)
                                              0.899614   data arrival time

                                  5.000000    5.000000   clock clk (rise edge)
                                  0.000000    5.000000   clock source latency
     1    0.023323    0.000000    0.000000    5.000000 ^ clk (in)
                                                         clk (net)
                      0.003632    0.001816    5.001816 ^ clkbuf_0_clk/A (sg13g2_buf_16)
     2    0.040741    0.015516    0.039786    5.041603 ^ clkbuf_0_clk/X (sg13g2_buf_16)
                                                         clknet_0_clk (net)
                      0.016165    0.003221    5.044823 ^ clkbuf_1_1__f_clk/A (sg13g2_buf_16)
     5    0.021265    0.013375    0.042613    5.087436 ^ clkbuf_1_1__f_clk/X (sg13g2_buf_16)
                                                         clknet_1_1__leaf_clk (net)
                      0.013422    0.001413    5.088849 ^ _307_/CLK (sg13g2_dfrbpq_1)
                                 -0.150000    4.938849   clock uncertainty
                                  0.000000    4.938849   clock reconvergence pessimism
                                 -0.074925    4.863924   library setup time
                                              4.863924   data required time
---------------------------------------------------------------------------------------------
                                              4.863924   data required time
                                             -0.899614   data arrival time
---------------------------------------------------------------------------------------------
                                              3.964310   slack (MET)


Startpoint: _305_ (rising edge-triggered flip-flop clocked by clk)
Endpoint: _312_ (rising edge-triggered flip-flop clocked by clk)
Path Group: clk
Path Type: max

Fanout         Cap        Slew       Delay        Time   Description
---------------------------------------------------------------------------------------------
                                  0.000000    0.000000   clock clk (rise edge)
                                  0.000000    0.000000   clock source latency
     1    0.023323    0.000000    0.000000    0.000000 ^ clk (in)
                                                         clk (net)
                      0.003632    0.001816    0.001816 ^ clkbuf_0_clk/A (sg13g2_buf_16)
     2    0.040741    0.015516    0.039786    0.041602 ^ clkbuf_0_clk/X (sg13g2_buf_16)
                                                         clknet_0_clk (net)
                      0.016165    0.003221    0.044823 ^ clkbuf_1_1__f_clk/A (sg13g2_buf_16)
     5    0.021265    0.013375    0.042613    0.087436 ^ clkbuf_1_1__f_clk/X (sg13g2_buf_16)
                                                         clknet_1_1__leaf_clk (net)
                      0.013422    0.001406    0.088842 ^ _305_/CLK (sg13g2_dfrbpq_1)
     3    0.019860    0.057069    0.138378    0.227221 ^ _305_/Q (sg13g2_dfrbpq_1)
                                                         DPATH.SUM.fa_1.A (net)
                      0.057086    0.000992    0.228212 ^ fanout38/A (sg13g2_buf_1)
     8    0.048698    0.131064    0.132666    0.360878 ^ fanout38/X (sg13g2_buf_1)
                                                         net38 (net)
                      0.131230    0.003852    0.364730 ^ fanout37/A (sg13g2_buf_1)
     8    0.032973    0.090833    0.126420    0.491150 ^ fanout37/X (sg13g2_buf_1)
                                                         net37 (net)
                      0.090906    0.002113    0.493263 ^ _164_/B (sg13g2_and2_1)
     4    0.019203    0.058650    0.107158    0.600421 ^ _164_/X (sg13g2_and2_1)
                                                         _120_ (net)
                      0.058697    0.001497    0.601918 ^ _169_/B (sg13g2_nand2_1)
     3    0.012876    0.072523    0.071684    0.673602 v _169_/Y (sg13g2_nand2_1)
                                                         _124_ (net)
                      0.072524    0.000330    0.673932 v _205_/C (sg13g2_nor3_1)
     2    0.012419    0.126072    0.117076    0.791008 ^ _205_/Y (sg13g2_nor3_1)
                                                         _019_ (net)
                      0.126084    0.001007    0.792016 ^ _206_/A2 (sg13g2_a21oi_1)
     1    0.004003    0.048254    0.068148    0.860164 v _206_/Y (sg13g2_a21oi_1)
                                                         _020_ (net)
                      0.048256    0.000281    0.860445 v _207_/B (sg13g2_nor2_1)
     1    0.001911    0.028615    0.034319    0.894765 ^ _207_/Y (sg13g2_nor2_1)
                                                         CTRL.P0 (net)
                      0.028615    0.000072    0.894837 ^ _312_/D (sg13g2_dfrbpq_1)
                                              0.894837   data arrival time

                                  5.000000    5.000000   clock clk (rise edge)
                                  0.000000    5.000000   clock source latency
     1    0.023323    0.000000    0.000000    5.000000 ^ clk (in)
                                                         clk (net)
                      0.003632    0.001816    5.001816 ^ clkbuf_0_clk/A (sg13g2_buf_16)
     2    0.040741    0.015516    0.039786    5.041603 ^ clkbuf_0_clk/X (sg13g2_buf_16)
                                                         clknet_0_clk (net)
                      0.016198    0.003284    5.044887 ^ clkbuf_1_0__f_clk/A (sg13g2_buf_16)
     5    0.027201    0.014253    0.043338    5.088225 ^ clkbuf_1_0__f_clk/X (sg13g2_buf_16)
                                                         clknet_1_0__leaf_clk (net)
                      0.014294    0.001345    5.089570 ^ _312_/CLK (sg13g2_dfrbpq_1)
                                 -0.150000    4.939570   clock uncertainty
                                  0.000000    4.939570   clock reconvergence pessimism
                                 -0.078721    4.860849   library setup time
                                              4.860849   data required time
---------------------------------------------------------------------------------------------
                                              4.860849   data required time
                                             -0.894837   data arrival time
---------------------------------------------------------------------------------------------
                                              3.966012   slack (MET)


Startpoint: _304_ (rising edge-triggered flip-flop clocked by clk)
Endpoint: _306_ (rising edge-triggered flip-flop clocked by clk)
Path Group: clk
Path Type: max

Fanout         Cap        Slew       Delay        Time   Description
---------------------------------------------------------------------------------------------
                                  0.000000    0.000000   clock clk (rise edge)
                                  0.000000    0.000000   clock source latency
     1    0.023323    0.000000    0.000000    0.000000 ^ clk (in)
                                                         clk (net)
                      0.003632    0.001816    0.001816 ^ clkbuf_0_clk/A (sg13g2_buf_16)
     2    0.040741    0.015516    0.039786    0.041602 ^ clkbuf_0_clk/X (sg13g2_buf_16)
                                                         clknet_0_clk (net)
                      0.016165    0.003221    0.044823 ^ clkbuf_1_1__f_clk/A (sg13g2_buf_16)
     5    0.021265    0.013375    0.042613    0.087436 ^ clkbuf_1_1__f_clk/X (sg13g2_buf_16)
                                                         clknet_1_1__leaf_clk (net)
                      0.013424    0.001433    0.088869 ^ _304_/CLK (sg13g2_dfrbpq_1)
     1    0.002602    0.015246    0.106885    0.195754 ^ _304_/Q (sg13g2_dfrbpq_1)
                                                         DPATH.SUM.Cout0 (net)
                      0.015246    0.000104    0.195858 ^ fanout41/A (sg13g2_buf_1)
     6    0.034630    0.094587    0.094658    0.290516 ^ fanout41/X (sg13g2_buf_1)
                                                         net41 (net)
                      0.094624    0.001580    0.292096 ^ fanout40/A (sg13g2_buf_1)
     4    0.021073    0.061033    0.097555    0.389651 ^ fanout40/X (sg13g2_buf_1)
                                                         net40 (net)
                      0.061067    0.000643    0.390294 ^ fanout39/A (sg13g2_buf_1)
     8    0.036905    0.100710    0.113755    0.504049 ^ fanout39/X (sg13g2_buf_1)
                                                         net39 (net)
                      0.100867    0.003269    0.507318 ^ _141_/A (sg13g2_inv_1)
     6    0.030350    0.082815    0.101761    0.609079 v _141_/Y (sg13g2_inv_1)
                                                         DPATH.SUM.ha_0.S (net)
                      0.082880    0.001935    0.611014 v _183_/A1 (sg13g2_o21ai_1)
     2    0.011602    0.100550    0.113380    0.724394 ^ _183_/Y (sg13g2_o21ai_1)
                                                         _132_ (net)
                      0.100558    0.000742    0.725136 ^ _186_/A (sg13g2_xor2_1)
     1    0.004090    0.047467    0.091299    0.816435 ^ _186_/X (sg13g2_xor2_1)
                                                         DPATH.SUM.fa_2.S (net)
                      0.047468    0.000321    0.816756 ^ _306_/D (sg13g2_dfrbpq_1)
                                              0.816756   data arrival time

                                  5.000000    5.000000   clock clk (rise edge)
                                  0.000000    5.000000   clock source latency
     1    0.023323    0.000000    0.000000    5.000000 ^ clk (in)
                                                         clk (net)
                      0.003632    0.001816    5.001816 ^ clkbuf_0_clk/A (sg13g2_buf_16)
     2    0.040741    0.015516    0.039786    5.041603 ^ clkbuf_0_clk/X (sg13g2_buf_16)
                                                         clknet_0_clk (net)
                      0.016165    0.003221    5.044823 ^ clkbuf_1_1__f_clk/A (sg13g2_buf_16)
     5    0.021265    0.013375    0.042613    5.087436 ^ clkbuf_1_1__f_clk/X (sg13g2_buf_16)
                                                         clknet_1_1__leaf_clk (net)
                      0.013423    0.001422    5.088858 ^ _306_/CLK (sg13g2_dfrbpq_1)
                                 -0.150000    4.938858   clock uncertainty
                                  0.000000    4.938858   clock reconvergence pessimism
                                 -0.083410    4.855447   library setup time
                                              4.855447   data required time
---------------------------------------------------------------------------------------------
                                              4.855447   data required time
                                             -0.816756   data arrival time
---------------------------------------------------------------------------------------------
                                              4.038691   slack (MET)


Startpoint: _312_ (rising edge-triggered flip-flop clocked by clk)
Endpoint: _305_ (rising edge-triggered flip-flop clocked by clk)
Path Group: clk
Path Type: max

Fanout         Cap        Slew       Delay        Time   Description
---------------------------------------------------------------------------------------------
                                  0.000000    0.000000   clock clk (rise edge)
                                  0.000000    0.000000   clock source latency
     1    0.023323    0.000000    0.000000    0.000000 ^ clk (in)
                                                         clk (net)
                      0.003632    0.001816    0.001816 ^ clkbuf_0_clk/A (sg13g2_buf_16)
     2    0.040741    0.015516    0.039786    0.041602 ^ clkbuf_0_clk/X (sg13g2_buf_16)
                                                         clknet_0_clk (net)
                      0.016198    0.003284    0.044886 ^ clkbuf_1_0__f_clk/A (sg13g2_buf_16)
     5    0.027201    0.014253    0.043338    0.088225 ^ clkbuf_1_0__f_clk/X (sg13g2_buf_16)
                                                         clknet_1_0__leaf_clk (net)
                      0.014294    0.001345    0.089570 ^ _312_/CLK (sg13g2_dfrbpq_1)
     1    0.004489    0.019511    0.110725    0.200295 ^ _312_/Q (sg13g2_dfrbpq_1)
                                                         CTRL.S0 (net)
                      0.019511    0.000274    0.200569 ^ fanout24/A (sg13g2_buf_1)
     6    0.036054    0.098168    0.099293    0.299862 ^ fanout24/X (sg13g2_buf_1)
                                                         net24 (net)
                      0.098238    0.002162    0.302025 ^ fanout23/A (sg13g2_buf_1)
     8    0.046426    0.125194    0.143048    0.445073 ^ fanout23/X (sg13g2_buf_1)
                                                         net23 (net)
                      0.125351    0.003632    0.448705 ^ _181_/B (sg13g2_xnor2_1)
     2    0.010444    0.087826    0.101127    0.549832 ^ _181_/Y (sg13g2_xnor2_1)
                                                         _131_ (net)
                      0.087866    0.000672    0.550503 ^ _182_/B (sg13g2_xnor2_1)
     1    0.002318    0.045569    0.073112    0.623615 ^ _182_/Y (sg13g2_xnor2_1)
                                                         DPATH.SUM.fa_1.S (net)
                      0.045569    0.000085    0.623700 ^ _305_/D (sg13g2_dfrbpq_1)
                                              0.623700   data arrival time

                                  5.000000    5.000000   clock clk (rise edge)
                                  0.000000    5.000000   clock source latency
     1    0.023323    0.000000    0.000000    5.000000 ^ clk (in)
                                                         clk (net)
                      0.003632    0.001816    5.001816 ^ clkbuf_0_clk/A (sg13g2_buf_16)
     2    0.040741    0.015516    0.039786    5.041603 ^ clkbuf_0_clk/X (sg13g2_buf_16)
                                                         clknet_0_clk (net)
                      0.016165    0.003221    5.044823 ^ clkbuf_1_1__f_clk/A (sg13g2_buf_16)
     5    0.021265    0.013375    0.042613    5.087436 ^ clkbuf_1_1__f_clk/X (sg13g2_buf_16)
                                                         clknet_1_1__leaf_clk (net)
                      0.013422    0.001406    5.088842 ^ _305_/CLK (sg13g2_dfrbpq_1)
                                 -0.150000    4.938842   clock uncertainty
                                  0.000000    4.938842   clock reconvergence pessimism
                                 -0.082948    4.855894   library setup time
                                              4.855894   data required time
---------------------------------------------------------------------------------------------
                                              4.855894   data required time
                                             -0.623700   data arrival time
---------------------------------------------------------------------------------------------
                                              4.232194   slack (MET)


Startpoint: _304_ (rising edge-triggered flip-flop clocked by clk)
Endpoint: _304_ (rising edge-triggered flip-flop clocked by clk)
Path Group: clk
Path Type: max

Fanout         Cap        Slew       Delay        Time   Description
---------------------------------------------------------------------------------------------
                                  0.000000    0.000000   clock clk (rise edge)
                                  0.000000    0.000000   clock source latency
     1    0.023323    0.000000    0.000000    0.000000 ^ clk (in)
                                                         clk (net)
                      0.003632    0.001816    0.001816 ^ clkbuf_0_clk/A (sg13g2_buf_16)
     2    0.040741    0.015516    0.039786    0.041602 ^ clkbuf_0_clk/X (sg13g2_buf_16)
                                                         clknet_0_clk (net)
                      0.016165    0.003221    0.044823 ^ clkbuf_1_1__f_clk/A (sg13g2_buf_16)
     5    0.021265    0.013375    0.042613    0.087436 ^ clkbuf_1_1__f_clk/X (sg13g2_buf_16)
                                                         clknet_1_1__leaf_clk (net)
                      0.013424    0.001433    0.088869 ^ _304_/CLK (sg13g2_dfrbpq_1)
     1    0.002602    0.015246    0.106885    0.195754 ^ _304_/Q (sg13g2_dfrbpq_1)
                                                         DPATH.SUM.Cout0 (net)
                      0.015246    0.000104    0.195858 ^ fanout41/A (sg13g2_buf_1)
     6    0.034630    0.094587    0.094658    0.290516 ^ fanout41/X (sg13g2_buf_1)
                                                         net41 (net)
                      0.094624    0.001580    0.292096 ^ fanout40/A (sg13g2_buf_1)
     4    0.021073    0.061033    0.097555    0.389651 ^ fanout40/X (sg13g2_buf_1)
                                                         net40 (net)
                      0.061067    0.000643    0.390294 ^ fanout39/A (sg13g2_buf_1)
     8    0.036905    0.100710    0.113755    0.504049 ^ fanout39/X (sg13g2_buf_1)
                                                         net39 (net)
                      0.100867    0.003269    0.507318 ^ _141_/A (sg13g2_inv_1)
     6    0.030350    0.082815    0.101761    0.609079 v _141_/Y (sg13g2_inv_1)
                                                         DPATH.SUM.ha_0.S (net)
                      0.082854    0.001509    0.610588 v _304_/D (sg13g2_dfrbpq_1)
                                              0.610588   data arrival time

                                  5.000000    5.000000   clock clk (rise edge)
                                  0.000000    5.000000   clock source latency
     1    0.023323    0.000000    0.000000    5.000000 ^ clk (in)
                                                         clk (net)
                      0.003632    0.001816    5.001816 ^ clkbuf_0_clk/A (sg13g2_buf_16)
     2    0.040741    0.015516    0.039786    5.041603 ^ clkbuf_0_clk/X (sg13g2_buf_16)
                                                         clknet_0_clk (net)
                      0.016165    0.003221    5.044823 ^ clkbuf_1_1__f_clk/A (sg13g2_buf_16)
     5    0.021265    0.013375    0.042613    5.087436 ^ clkbuf_1_1__f_clk/X (sg13g2_buf_16)
                                                         clknet_1_1__leaf_clk (net)
                      0.013424    0.001434    5.088870 ^ _304_/CLK (sg13g2_dfrbpq_1)
                                 -0.150000    4.938869   clock uncertainty
                                  0.000000    4.938869   clock reconvergence pessimism
                                 -0.086660    4.852210   library setup time
                                              4.852210   data required time
---------------------------------------------------------------------------------------------
                                              4.852210   data required time
                                             -0.610588   data arrival time
---------------------------------------------------------------------------------------------
                                              4.241622   slack (MET)



%OL_END_REPORT
%OL_CREATE_REPORT checks.rpt

===========================================================================
report_checks -unconstrained
===========================================================================
======================= nom_fast_1p32V_m40C Corner ===================================

Startpoint: _305_ (rising edge-triggered flip-flop clocked by clk)
Endpoint: sine_out[1] (output port clocked by clk)
Path Group: clk
Path Type: max

Fanout         Cap        Slew       Delay        Time   Description
---------------------------------------------------------------------------------------------
                                  0.000000    0.000000   clock clk (rise edge)
                                  0.000000    0.000000   clock source latency
     1    0.023323    0.000000    0.000000    0.000000 ^ clk (in)
                                                         clk (net)
                      0.003632    0.001816    0.001816 ^ clkbuf_0_clk/A (sg13g2_buf_16)
     2    0.040741    0.015516    0.039786    0.041602 ^ clkbuf_0_clk/X (sg13g2_buf_16)
                                                         clknet_0_clk (net)
                      0.016165    0.003221    0.044823 ^ clkbuf_1_1__f_clk/A (sg13g2_buf_16)
     5    0.021265    0.013375    0.042613    0.087436 ^ clkbuf_1_1__f_clk/X (sg13g2_buf_16)
                                                         clknet_1_1__leaf_clk (net)
                      0.013422    0.001406    0.088842 ^ _305_/CLK (sg13g2_dfrbpq_1)
     3    0.019514    0.046624    0.133426    0.222268 v _305_/Q (sg13g2_dfrbpq_1)
                                                         DPATH.SUM.fa_1.A (net)
                      0.046646    0.000974    0.223242 v fanout38/A (sg13g2_buf_1)
     8    0.048260    0.105802    0.117516    0.340757 v fanout38/X (sg13g2_buf_1)
                                                         net38 (net)
                      0.106003    0.003823    0.344580 v fanout37/A (sg13g2_buf_1)
     8    0.032153    0.072855    0.113284    0.457864 v fanout37/X (sg13g2_buf_1)
                                                         net37 (net)
                      0.072963    0.001997    0.459862 v _154_/B (sg13g2_nor2_1)
     4    0.020813    0.125676    0.119791    0.579652 ^ _154_/Y (sg13g2_nor2_1)
                                                         _112_ (net)
                      0.125690    0.001135    0.580787 ^ _211_/B (sg13g2_nand2_1)
     3    0.011102    0.064776    0.083039    0.663826 v _211_/Y (sg13g2_nand2_1)
                                                         _024_ (net)
                      0.064799    0.000424    0.664250 v _214_/B (sg13g2_and3_1)
     3    0.013218    0.035766    0.083297    0.747547 v _214_/X (sg13g2_and3_1)
                                                         _027_ (net)
                      0.035827    0.001300    0.748847 v _249_/A2 (sg13g2_a221oi_1)
     1    0.004233    0.080502    0.101010    0.849857 ^ _249_/Y (sg13g2_a221oi_1)
                                                         _061_ (net)
                      0.080502    0.000170    0.850026 ^ _250_/B (sg13g2_nor2_1)
     1    0.004326    0.028869    0.035819    0.885845 v _250_/Y (sg13g2_nor2_1)
                                                         _062_ (net)
                      0.028870    0.000310    0.886155 v _256_/B (sg13g2_nor4_1)
     1    0.007053    0.112091    0.119709    1.005864 ^ _256_/Y (sg13g2_nor4_1)
                                                         _068_ (net)
                      0.112091    0.000253    1.006117 ^ _267_/B1 (sg13g2_a21oi_1)
     1    0.005791    0.045157    0.046856    1.052973 v _267_/Y (sg13g2_a21oi_1)
                                                         net13 (net)
                      0.045158    0.000415    1.053388 v output13/A (sg13g2_buf_1)
     1    0.012715    0.033205    0.064531    1.117919 v output13/X (sg13g2_buf_1)
                                                         sine_out[1] (net)
                      0.033218    0.000628    1.118547 v sine_out[1] (out)
                                              1.118547   data arrival time

                                  5.000000    5.000000   clock clk (rise edge)
                                  0.000000    5.000000   clock network delay (propagated)
                                 -0.150000    4.850000   clock uncertainty
                                  0.000000    4.850000   clock reconvergence pessimism
                                 -1.000000    3.850000   output external delay
                                              3.850000   data required time
---------------------------------------------------------------------------------------------
                                              3.850000   data required time
                                             -1.118547   data arrival time
---------------------------------------------------------------------------------------------
                                              2.731452   slack (MET)




===========================================================================
report_checks --slack_max -0.01
============================================================================
======================= nom_fast_1p32V_m40C Corner ===================================

No paths found.


===========================================================================
 report_check_types -max_slew -max_cap -max_fanout -violators
============================================================================
======================= nom_fast_1p32V_m40C Corner ===================================



===========================================================================
report_parasitic_annotation -report_unannotated
============================================================================
Found 1 unannotated drivers.
 clkload0/Y
Found 0 partially unannotated drivers.

===========================================================================
max slew violation count 0
%OL_METRIC_I design__max_slew_violation__count__corner:nom_fast_1p32V_m40C 0
max fanout violation count 0
%OL_METRIC_I design__max_fanout_violation__count__corner:nom_fast_1p32V_m40C 0
max cap violation count 0
%OL_METRIC_I design__max_cap_violation__count__corner:nom_fast_1p32V_m40C 0
============================================================================

===========================================================================
check_setup -verbose -unconstrained_endpoints -multiple_clock -no_clock -no_input_delay -loops -generated_clocks
===========================================================================
%OL_END_REPORT
%OL_CREATE_REPORT power.rpt

===========================================================================
 report_power
============================================================================
======================= nom_fast_1p32V_m40C Corner ===================================

Group                    Internal    Switching      Leakage        Total
                            Power        Power        Power        Power (Watts)
------------------------------------------------------------------------
Sequential           1.139370e-04 0.000000e+00 9.376656e-09 1.139464e-04  44.1%
Combinational        6.802098e-07 1.900150e-06 5.419922e-08 2.634559e-06   1.0%
Clock                1.104084e-04 3.108689e-05 1.518603e-07 1.416472e-04  54.9%
Macro                0.000000e+00 0.000000e+00 0.000000e+00 0.000000e+00   0.0%
Pad                  0.000000e+00 0.000000e+00 0.000000e+00 0.000000e+00   0.0%
------------------------------------------------------------------------
Total                2.250257e-04 3.298703e-05 2.154357e-07 2.582281e-04 100.0%
                            87.1%        12.8%         0.1%
%OL_METRIC_F power__internal__total 0.00022502566571347415
%OL_METRIC_F power__switching__total 3.298703450127505e-5
%OL_METRIC_F power__leakage__total 2.154357332528889e-7
%OL_METRIC_F power__total 0.00025822813040576875

%OL_END_REPORT
%OL_CREATE_REPORT skew.min.rpt

===========================================================================
Clock Skew (Hold)
============================================================================
%OL_METRIC_F clock__skew__worst_hold__corner:nom_fast_1p32V_m40C -0.1509119816271407
======================= nom_fast_1p32V_m40C Corner ===================================

Clock clk
0.088842 source latency _305_/CLK ^
-0.089754 target latency _308_/CLK ^
-0.150000 clock uncertainty
0.000000 CRPR
--------------
-0.150912 hold skew

%OL_END_REPORT
%OL_CREATE_REPORT skew.max.rpt

===========================================================================
Clock Skew (Setup)
============================================================================
%OL_METRIC_F clock__skew__worst_setup__corner:nom_fast_1p32V_m40C 0.15072737928850022
======================= nom_fast_1p32V_m40C Corner ===================================

Clock clk
0.089570 source latency _312_/CLK ^
-0.088842 target latency _305_/CLK ^
0.150000 clock uncertainty
0.000000 CRPR
--------------
0.150727 setup skew

%OL_END_REPORT
%OL_CREATE_REPORT ws.min.rpt

===========================================================================
Worst Slack (Hold)
============================================================================
%OL_METRIC_F timing__hold__ws__corner:nom_fast_1p32V_m40C 0.13742495030919158
nom_fast_1p32V_m40C: 0.13742495030919158
%OL_END_REPORT
%OL_CREATE_REPORT ws.max.rpt

===========================================================================
Worst Slack (Setup)
============================================================================
%OL_METRIC_F timing__setup__ws__corner:nom_fast_1p32V_m40C 2.731452474848174
nom_fast_1p32V_m40C: 2.731452474848174
%OL_END_REPORT
%OL_CREATE_REPORT tns.min.rpt

===========================================================================
Total Negative Slack (Hold)
============================================================================
%OL_METRIC_F timing__hold__tns__corner:nom_fast_1p32V_m40C 0.0
nom_fast_1p32V_m40C: 0.0
%OL_END_REPORT
%OL_CREATE_REPORT tns.max.rpt

===========================================================================
Total Negative Slack (Setup)
============================================================================
%OL_METRIC_F timing__setup__tns__corner:nom_fast_1p32V_m40C 0.0
nom_fast_1p32V_m40C: 0.0
%OL_END_REPORT
%OL_CREATE_REPORT wns.min.rpt

===========================================================================
Worst Negative Slack (Hold)
============================================================================
%OL_METRIC_F timing__hold__wns__corner:nom_fast_1p32V_m40C 0
nom_fast_1p32V_m40C: 0
%OL_END_REPORT
%OL_CREATE_REPORT wns.max.rpt

===========================================================================
Worst Negative Slack (Setup)
============================================================================
%OL_METRIC_F timing__setup__wns__corner:nom_fast_1p32V_m40C 0.0
nom_fast_1p32V_m40C: 0.0
%OL_END_REPORT
%OL_CREATE_REPORT violator_list.rpt

===========================================================================
Violator List
============================================================================
%OL_METRIC_I timing__hold_vio__count__corner:nom_fast_1p32V_m40C 0
%OL_METRIC_F timing__hold_r2r__ws__corner:nom_fast_1p32V_m40C 0.137425
%OL_METRIC_I timing__hold_r2r_vio__count__corner:nom_fast_1p32V_m40C 0
%OL_METRIC_I timing__setup_vio__count__corner:nom_fast_1p32V_m40C 0
%OL_METRIC_F timing__setup_r2r__ws__corner:nom_fast_1p32V_m40C 3.689686
%OL_METRIC_I timing__setup_r2r_vio__count__corner:nom_fast_1p32V_m40C 0
%OL_END_REPORT
%OL_CREATE_REPORT unpropagated.rpt
%OL_END_REPORT
%OL_CREATE_REPORT clock.rpt
Clock: clk
Sources: clk 
Generated: no
Virtual: yes
Propagated: no
Period: 5.000000

===========================================================================
report_clock_properties
============================================================================
Clock                   Period          Waveform
----------------------------------------------------
clk                   5.000000    0.000000  2.500000

===========================================================================
report_clock_latency
============================================================================
Clock clk
rise -> rise
    min     max
0.000000 0.000000 source latency
0.088842         network latency _305_/CLK
        0.089754 network latency _308_/CLK
---------------
0.088842 0.089754 latency
        0.000912 skew

fall -> fall
    min     max
0.000000 0.000000 source latency
0.094808         network latency _305_/CLK
        0.095630 network latency _308_/CLK
---------------
0.094808 0.095630 latency
        0.000822 skew



===========================================================================
report_clock_min_period
============================================================================
clk period_min = 1.31 fmax = 763.18
%OL_END_REPORT
Writing SDF files for all corners…
Removing Clock latencies before writing libs…
Writing timing models for all corners…
Writing timing models for the nom_fast_1p32V_m40C corner to /home/designer/shared/BASIC/current_generator/digital/DigitalSine/runs/RUN_2026-03-28_21-39-37/55-openroad-stapostpnr/nom_fast_1p32V_m40C/DigitalSine__nom_fast_1p32V_m40C.lib…
