
===========================================================================
report_checks -path_delay max (Setup)
============================================================================
======================= nom_fast_1p32V_m40C Corner ===================================

Startpoint: _290_ (rising edge-triggered flip-flop clocked by clk)
Endpoint: DATA[0] (output port clocked by clk)
Path Group: clk
Path Type: max

Fanout         Cap        Slew       Delay        Time   Description
---------------------------------------------------------------------------------------------
                                  0.000000    0.000000   clock clk (rise edge)
                                  0.000000    0.000000   clock source latency
     1    0.022783    0.000000    0.000000    0.000000 ^ clk (in)
                                                         clk (net)
                      0.003365    0.001682    0.001682 ^ clkbuf_0_clk/A (sg13g2_buf_16)
     2    0.043928    0.015983    0.040342    0.042024 ^ clkbuf_0_clk/X (sg13g2_buf_16)
                                                         clknet_0_clk (net)
                      0.016104    0.001818    0.043842 ^ clkbuf_1_0__f_clk/A (sg13g2_buf_16)
     5    0.021810    0.013439    0.042794    0.086636 ^ clkbuf_1_0__f_clk/X (sg13g2_buf_16)
                                                         clknet_1_0__leaf_clk (net)
                      0.013443    0.000442    0.087078 ^ _290_/CLK (sg13g2_dfrbpq_1)
     4    0.022705    0.063937    0.143511    0.230589 ^ _290_/Q (sg13g2_dfrbpq_1)
                                                         DPATH.SUM.fa_2.A (net)
                      0.063993    0.001718    0.232307 ^ fanout37/A (sg13g2_buf_1)
     8    0.043402    0.117340    0.126219    0.358526 ^ fanout37/X (sg13g2_buf_1)
                                                         net37 (net)
                      0.117386    0.001929    0.360455 ^ fanout36/A (sg13g2_buf_1)
     8    0.047548    0.128352    0.147952    0.508407 ^ fanout36/X (sg13g2_buf_1)
                                                         net36 (net)
                      0.128720    0.005605    0.514012 ^ _164_/B (sg13g2_and2_1)
     5    0.023607    0.067960    0.124792    0.638804 ^ _164_/X (sg13g2_and2_1)
                                                         _113_ (net)
                      0.067981    0.001142    0.639946 ^ _180_/A2 (sg13g2_a21oi_1)
     4    0.023685    0.120766    0.116504    0.756450 v _180_/Y (sg13g2_a21oi_1)
                                                         _128_ (net)
                      0.120814    0.001947    0.758396 v _181_/B (sg13g2_and2_1)
     2    0.012462    0.034983    0.095539    0.853936 v _181_/X (sg13g2_and2_1)
                                                         _129_ (net)
                      0.034997    0.000647    0.854583 v _182_/B1 (sg13g2_o21ai_1)
     1    0.004251    0.061381    0.030982    0.885564 ^ _182_/Y (sg13g2_o21ai_1)
                                                         _009_ (net)
                      0.061382    0.000169    0.885734 ^ _183_/A2 (sg13g2_a21oi_1)
     1    0.005316    0.040486    0.056879    0.942612 v _183_/Y (sg13g2_a21oi_1)
                                                         _010_ (net)
                      0.040487    0.000400    0.943012 v _198_/B (sg13g2_nor4_1)
     1    0.005495    0.100913    0.110715    1.053727 ^ _198_/Y (sg13g2_nor4_1)
                                                         _025_ (net)
                      0.100913    0.000227    1.053954 ^ _216_/A2 (sg13g2_a22oi_1)
     1    0.009157    0.061951    0.085138    1.139092 v _216_/Y (sg13g2_a22oi_1)
                                                         net2 (net)
                      0.061961    0.000734    1.139826 v output2/A (sg13g2_buf_1)
     1    0.012257    0.032728    0.069064    1.208890 v output2/X (sg13g2_buf_1)
                                                         DATA[0] (net)
                      0.032742    0.000631    1.209521 v DATA[0] (out)
                                              1.209521   data arrival time

                                  5.000000    5.000000   clock clk (rise edge)
                                  0.000000    5.000000   clock network delay (propagated)
                                 -0.150000    4.850000   clock uncertainty
                                  0.000000    4.850000   clock reconvergence pessimism
                                 -1.000000    3.850000   output external delay
                                              3.850000   data required time
---------------------------------------------------------------------------------------------
                                              3.850000   data required time
                                             -1.209521   data arrival time
---------------------------------------------------------------------------------------------
                                              2.640479   slack (MET)


Startpoint: _288_ (rising edge-triggered flip-flop clocked by clk)
Endpoint: DATA[1] (output port clocked by clk)
Path Group: clk
Path Type: max

Fanout         Cap        Slew       Delay        Time   Description
---------------------------------------------------------------------------------------------
                                  0.000000    0.000000   clock clk (rise edge)
                                  0.000000    0.000000   clock source latency
     1    0.022783    0.000000    0.000000    0.000000 ^ clk (in)
                                                         clk (net)
                      0.003365    0.001682    0.001682 ^ clkbuf_0_clk/A (sg13g2_buf_16)
     2    0.043928    0.015983    0.040342    0.042024 ^ clkbuf_0_clk/X (sg13g2_buf_16)
                                                         clknet_0_clk (net)
                      0.016104    0.001818    0.043842 ^ clkbuf_1_0__f_clk/A (sg13g2_buf_16)
     5    0.021810    0.013439    0.042794    0.086636 ^ clkbuf_1_0__f_clk/X (sg13g2_buf_16)
                                                         clknet_1_0__leaf_clk (net)
                      0.013444    0.000465    0.087101 ^ _288_/CLK (sg13g2_dfrbpq_1)
     1    0.004127    0.015688    0.109157    0.196258 v _288_/Q (sg13g2_dfrbpq_1)
                                                         DPATH.SUM.Cout0 (net)
                      0.015688    0.000286    0.196543 v fanout41/A (sg13g2_buf_1)
     8    0.051056    0.111306    0.112247    0.308790 v fanout41/X (sg13g2_buf_1)
                                                         net41 (net)
                      0.111620    0.004858    0.313647 v fanout40/A (sg13g2_buf_1)
     8    0.046448    0.102346    0.134657    0.448304 v fanout40/X (sg13g2_buf_1)
                                                         net40 (net)
                      0.102362    0.001098    0.449402 v _203_/A2 (sg13g2_o21ai_1)
     5    0.024623    0.179991    0.184172    0.633574 ^ _203_/Y (sg13g2_o21ai_1)
                                                         _030_ (net)
                      0.180003    0.001174    0.634748 ^ _229_/B (sg13g2_nand2_1)
     3    0.020741    0.113240    0.132918    0.767666 v _229_/Y (sg13g2_nand2_1)
                                                         _055_ (net)
                      0.113315    0.002599    0.770265 v _230_/B (sg13g2_xnor2_1)
     1    0.003819    0.043550    0.085539    0.855804 v _230_/Y (sg13g2_xnor2_1)
                                                         _056_ (net)
                      0.043552    0.000152    0.855956 v _231_/A2 (sg13g2_o21ai_1)
     1    0.006297    0.070348    0.072877    0.928833 ^ _231_/Y (sg13g2_o21ai_1)
                                                         _057_ (net)
                      0.070349    0.000645    0.929479 ^ _233_/B2 (sg13g2_a221oi_1)
     1    0.007952    0.072303    0.073099    1.002578 v _233_/Y (sg13g2_a221oi_1)
                                                         _059_ (net)
                      0.072305    0.000740    1.003318 v _235_/A2 (sg13g2_o21ai_1)
     1    0.007178    0.076401    0.086953    1.090271 ^ _235_/Y (sg13g2_o21ai_1)
                                                         net11 (net)
                      0.076402    0.000489    1.090760 ^ output11/A (sg13g2_buf_1)
     1    0.015663    0.047407    0.081462    1.172222 ^ output11/X (sg13g2_buf_1)
                                                         DATA[1] (net)
                      0.047426    0.000883    1.173105 ^ DATA[1] (out)
                                              1.173105   data arrival time

                                  5.000000    5.000000   clock clk (rise edge)
                                  0.000000    5.000000   clock network delay (propagated)
                                 -0.150000    4.850000   clock uncertainty
                                  0.000000    4.850000   clock reconvergence pessimism
                                 -1.000000    3.850000   output external delay
                                              3.850000   data required time
---------------------------------------------------------------------------------------------
                                              3.850000   data required time
                                             -1.173105   data arrival time
---------------------------------------------------------------------------------------------
                                              2.676895   slack (MET)


Startpoint: _291_ (rising edge-triggered flip-flop clocked by clk)
Endpoint: DATA[2] (output port clocked by clk)
Path Group: clk
Path Type: max

Fanout         Cap        Slew       Delay        Time   Description
---------------------------------------------------------------------------------------------
                                  0.000000    0.000000   clock clk (rise edge)
                                  0.000000    0.000000   clock source latency
     1    0.022783    0.000000    0.000000    0.000000 ^ clk (in)
                                                         clk (net)
                      0.003365    0.001682    0.001682 ^ clkbuf_0_clk/A (sg13g2_buf_16)
     2    0.043928    0.015983    0.040342    0.042024 ^ clkbuf_0_clk/X (sg13g2_buf_16)
                                                         clknet_0_clk (net)
                      0.016104    0.001818    0.043842 ^ clkbuf_1_0__f_clk/A (sg13g2_buf_16)
     5    0.021810    0.013439    0.042794    0.086636 ^ clkbuf_1_0__f_clk/X (sg13g2_buf_16)
                                                         clknet_1_0__leaf_clk (net)
                      0.013443    0.000454    0.087091 ^ _291_/CLK (sg13g2_dfrbpq_1)
     1    0.007035    0.025359    0.115112    0.202202 ^ _291_/Q (sg13g2_dfrbpq_1)
                                                         DPATH.SUM.fa_3.A (net)
                      0.025385    0.000502    0.202705 ^ fanout35/A (sg13g2_buf_1)
     5    0.031115    0.085449    0.092659    0.295363 ^ fanout35/X (sg13g2_buf_1)
                                                         net35 (net)
                      0.085534    0.002212    0.297575 ^ fanout34/A (sg13g2_buf_1)
     8    0.040721    0.110464    0.128939    0.426514 ^ fanout34/X (sg13g2_buf_1)
                                                         net34 (net)
                      0.110475    0.000933    0.427447 ^ fanout33/A (sg13g2_buf_1)
     8    0.042534    0.115313    0.138217    0.565664 ^ fanout33/X (sg13g2_buf_1)
                                                         net33 (net)
                      0.115572    0.004461    0.570125 ^ _202_/B1 (sg13g2_o21ai_1)
     3    0.012655    0.076098    0.085818    0.655943 v _202_/Y (sg13g2_o21ai_1)
                                                         _029_ (net)
                      0.076134    0.000661    0.656604 v _241_/D (sg13g2_nor4_1)
     1    0.002967    0.078998    0.076668    0.733271 ^ _241_/Y (sg13g2_nor4_1)
                                                         _066_ (net)
                      0.078998    0.000118    0.733389 ^ _242_/A_N (sg13g2_nand2b_1)
     1    0.004297    0.035842    0.062609    0.795998 ^ _242_/Y (sg13g2_nand2b_1)
                                                         _067_ (net)
                      0.035842    0.000172    0.796170 ^ _243_/B1 (sg13g2_a21oi_1)
     1    0.004650    0.055228    0.026859    0.823029 v _243_/Y (sg13g2_a21oi_1)
                                                         _068_ (net)
                      0.055228    0.000341    0.823370 v _244_/B1 (sg13g2_o21ai_1)
     1    0.004584    0.057245    0.036892    0.860262 ^ _244_/Y (sg13g2_o21ai_1)
                                                         _069_ (net)
                      0.057245    0.000184    0.860447 ^ _245_/B1 (sg13g2_o21ai_1)
     1    0.011682    0.069049    0.065317    0.925763 v _245_/Y (sg13g2_o21ai_1)
                                                         _070_ (net)
                      0.069077    0.001095    0.926858 v _253_/A2 (sg13g2_o21ai_1)
     1    0.010364    0.094058    0.101105    1.027963 ^ _253_/Y (sg13g2_o21ai_1)
                                                         net12 (net)
                      0.094076    0.000992    1.028955 ^ output12/A (sg13g2_buf_1)
     1    0.014035    0.043812    0.084064    1.113019 ^ output12/X (sg13g2_buf_1)
                                                         DATA[2] (net)
                      0.043827    0.000774    1.113793 ^ DATA[2] (out)
                                              1.113793   data arrival time

                                  5.000000    5.000000   clock clk (rise edge)
                                  0.000000    5.000000   clock network delay (propagated)
                                 -0.150000    4.850000   clock uncertainty
                                  0.000000    4.850000   clock reconvergence pessimism
                                 -1.000000    3.850000   output external delay
                                              3.850000   data required time
---------------------------------------------------------------------------------------------
                                              3.850000   data required time
                                             -1.113793   data arrival time
---------------------------------------------------------------------------------------------
                                              2.736207   slack (MET)


Startpoint: _290_ (rising edge-triggered flip-flop clocked by clk)
Endpoint: DATA[12] (output port clocked by clk)
Path Group: clk
Path Type: max

Fanout         Cap        Slew       Delay        Time   Description
---------------------------------------------------------------------------------------------
                                  0.000000    0.000000   clock clk (rise edge)
                                  0.000000    0.000000   clock source latency
     1    0.022783    0.000000    0.000000    0.000000 ^ clk (in)
                                                         clk (net)
                      0.003365    0.001682    0.001682 ^ clkbuf_0_clk/A (sg13g2_buf_16)
     2    0.043928    0.015983    0.040342    0.042024 ^ clkbuf_0_clk/X (sg13g2_buf_16)
                                                         clknet_0_clk (net)
                      0.016104    0.001818    0.043842 ^ clkbuf_1_0__f_clk/A (sg13g2_buf_16)
     5    0.021810    0.013439    0.042794    0.086636 ^ clkbuf_1_0__f_clk/X (sg13g2_buf_16)
                                                         clknet_1_0__leaf_clk (net)
                      0.013443    0.000442    0.087078 ^ _290_/CLK (sg13g2_dfrbpq_1)
     4    0.022705    0.063937    0.143511    0.230589 ^ _290_/Q (sg13g2_dfrbpq_1)
                                                         DPATH.SUM.fa_2.A (net)
                      0.063993    0.001718    0.232307 ^ fanout37/A (sg13g2_buf_1)
     8    0.043402    0.117340    0.126219    0.358526 ^ fanout37/X (sg13g2_buf_1)
                                                         net37 (net)
                      0.117386    0.001929    0.360455 ^ fanout36/A (sg13g2_buf_1)
     8    0.047548    0.128352    0.147952    0.508407 ^ fanout36/X (sg13g2_buf_1)
                                                         net36 (net)
                      0.128720    0.005605    0.514012 ^ _164_/B (sg13g2_and2_1)
     5    0.023607    0.067960    0.124792    0.638804 ^ _164_/X (sg13g2_and2_1)
                                                         _113_ (net)
                      0.067981    0.001142    0.639946 ^ _180_/A2 (sg13g2_a21oi_1)
     4    0.023685    0.120766    0.116504    0.756450 v _180_/Y (sg13g2_a21oi_1)
                                                         _128_ (net)
                      0.120818    0.002021    0.758471 v _270_/A (sg13g2_nor2b_1)
     2    0.011759    0.087266    0.094421    0.852892 ^ _270_/Y (sg13g2_nor2b_1)
                                                         _085_ (net)
                      0.087270    0.000504    0.853396 ^ _271_/A2 (sg13g2_a21oi_1)
     1    0.004585    0.050650    0.061882    0.915278 v _271_/Y (sg13g2_a21oi_1)
                                                         net5 (net)
                      0.050651    0.000314    0.915593 v output5/A (sg13g2_buf_1)
     1    0.010962    0.029810    0.063427    0.979020 v output5/X (sg13g2_buf_1)
                                                         DATA[12] (net)
                      0.029818    0.000473    0.979493 v DATA[12] (out)
                                              0.979493   data arrival time

                                  5.000000    5.000000   clock clk (rise edge)
                                  0.000000    5.000000   clock network delay (propagated)
                                 -0.150000    4.850000   clock uncertainty
                                  0.000000    4.850000   clock reconvergence pessimism
                                 -1.000000    3.850000   output external delay
                                              3.850000   data required time
---------------------------------------------------------------------------------------------
                                              3.850000   data required time
                                             -0.979493   data arrival time
---------------------------------------------------------------------------------------------
                                              2.870507   slack (MET)


Startpoint: _290_ (rising edge-triggered flip-flop clocked by clk)
Endpoint: DATA[16] (output port clocked by clk)
Path Group: clk
Path Type: max

Fanout         Cap        Slew       Delay        Time   Description
---------------------------------------------------------------------------------------------
                                  0.000000    0.000000   clock clk (rise edge)
                                  0.000000    0.000000   clock source latency
     1    0.022783    0.000000    0.000000    0.000000 ^ clk (in)
                                                         clk (net)
                      0.003365    0.001682    0.001682 ^ clkbuf_0_clk/A (sg13g2_buf_16)
     2    0.043928    0.015983    0.040342    0.042024 ^ clkbuf_0_clk/X (sg13g2_buf_16)
                                                         clknet_0_clk (net)
                      0.016104    0.001818    0.043842 ^ clkbuf_1_0__f_clk/A (sg13g2_buf_16)
     5    0.021810    0.013439    0.042794    0.086636 ^ clkbuf_1_0__f_clk/X (sg13g2_buf_16)
                                                         clknet_1_0__leaf_clk (net)
                      0.013443    0.000442    0.087078 ^ _290_/CLK (sg13g2_dfrbpq_1)
     4    0.022705    0.063937    0.143511    0.230589 ^ _290_/Q (sg13g2_dfrbpq_1)
                                                         DPATH.SUM.fa_2.A (net)
                      0.063993    0.001718    0.232307 ^ fanout37/A (sg13g2_buf_1)
     8    0.043402    0.117340    0.126219    0.358526 ^ fanout37/X (sg13g2_buf_1)
                                                         net37 (net)
                      0.117386    0.001929    0.360455 ^ fanout36/A (sg13g2_buf_1)
     8    0.047548    0.128352    0.147952    0.508407 ^ fanout36/X (sg13g2_buf_1)
                                                         net36 (net)
                      0.128720    0.005605    0.514012 ^ _164_/B (sg13g2_and2_1)
     5    0.023607    0.067960    0.124792    0.638804 ^ _164_/X (sg13g2_and2_1)
                                                         _113_ (net)
                      0.067981    0.001142    0.639946 ^ _180_/A2 (sg13g2_a21oi_1)
     4    0.023685    0.120766    0.116504    0.756450 v _180_/Y (sg13g2_a21oi_1)
                                                         _128_ (net)
                      0.120818    0.002021    0.758471 v _270_/A (sg13g2_nor2b_1)
     2    0.011759    0.087266    0.094421    0.852892 ^ _270_/Y (sg13g2_nor2b_1)
                                                         _085_ (net)
                      0.087272    0.000617    0.853509 ^ _275_/A2 (sg13g2_o21ai_1)
     1    0.003291    0.040048    0.049265    0.902773 v _275_/Y (sg13g2_o21ai_1)
                                                         net9 (net)
                      0.040048    0.000131    0.902904 v output9/A (sg13g2_buf_1)
     1    0.011142    0.029877    0.060389    0.963293 v output9/X (sg13g2_buf_1)
                                                         DATA[16] (net)
                      0.029885    0.000475    0.963768 v DATA[16] (out)
                                              0.963768   data arrival time

                                  5.000000    5.000000   clock clk (rise edge)
                                  0.000000    5.000000   clock network delay (propagated)
                                 -0.150000    4.850000   clock uncertainty
                                  0.000000    4.850000   clock reconvergence pessimism
                                 -1.000000    3.850000   output external delay
                                              3.850000   data required time
---------------------------------------------------------------------------------------------
                                              3.850000   data required time
                                             -0.963768   data arrival time
---------------------------------------------------------------------------------------------
                                              2.886232   slack (MET)


Startpoint: _290_ (rising edge-triggered flip-flop clocked by clk)
Endpoint: DATA[8] (output port clocked by clk)
Path Group: clk
Path Type: max

Fanout         Cap        Slew       Delay        Time   Description
---------------------------------------------------------------------------------------------
                                  0.000000    0.000000   clock clk (rise edge)
                                  0.000000    0.000000   clock source latency
     1    0.022783    0.000000    0.000000    0.000000 ^ clk (in)
                                                         clk (net)
                      0.003365    0.001682    0.001682 ^ clkbuf_0_clk/A (sg13g2_buf_16)
     2    0.043928    0.015983    0.040342    0.042024 ^ clkbuf_0_clk/X (sg13g2_buf_16)
                                                         clknet_0_clk (net)
                      0.016104    0.001818    0.043842 ^ clkbuf_1_0__f_clk/A (sg13g2_buf_16)
     5    0.021810    0.013439    0.042794    0.086636 ^ clkbuf_1_0__f_clk/X (sg13g2_buf_16)
                                                         clknet_1_0__leaf_clk (net)
                      0.013443    0.000442    0.087078 ^ _290_/CLK (sg13g2_dfrbpq_1)
     4    0.022705    0.063937    0.143511    0.230589 ^ _290_/Q (sg13g2_dfrbpq_1)
                                                         DPATH.SUM.fa_2.A (net)
                      0.063993    0.001718    0.232307 ^ fanout37/A (sg13g2_buf_1)
     8    0.043402    0.117340    0.126219    0.358526 ^ fanout37/X (sg13g2_buf_1)
                                                         net37 (net)
                      0.117386    0.001929    0.360455 ^ fanout36/A (sg13g2_buf_1)
     8    0.047548    0.128352    0.147952    0.508407 ^ fanout36/X (sg13g2_buf_1)
                                                         net36 (net)
                      0.128720    0.005605    0.514012 ^ _164_/B (sg13g2_and2_1)
     5    0.023607    0.067960    0.124792    0.638804 ^ _164_/X (sg13g2_and2_1)
                                                         _113_ (net)
                      0.067981    0.001150    0.639954 ^ _166_/B (sg13g2_nand2_1)
     4    0.022233    0.113832    0.103816    0.743770 v _166_/Y (sg13g2_nand2_1)
                                                         _115_ (net)
                      0.113877    0.002037    0.745807 v _259_/B (sg13g2_nor2_1)
     2    0.010740    0.080786    0.087846    0.833652 ^ _259_/Y (sg13g2_nor2_1)
                                                         _081_ (net)
                      0.080796    0.000753    0.834405 ^ _264_/A2 (sg13g2_a21oi_1)
     1    0.003152    0.042982    0.055416    0.889821 v _264_/Y (sg13g2_a21oi_1)
                                                         net18 (net)
                      0.042982    0.000125    0.889946 v output18/A (sg13g2_buf_1)
     1    0.010790    0.029249    0.060732    0.950678 v output18/X (sg13g2_buf_1)
                                                         DATA[8] (net)
                      0.029256    0.000464    0.951142 v DATA[8] (out)
                                              0.951142   data arrival time

                                  5.000000    5.000000   clock clk (rise edge)
                                  0.000000    5.000000   clock network delay (propagated)
                                 -0.150000    4.850000   clock uncertainty
                                  0.000000    4.850000   clock reconvergence pessimism
                                 -1.000000    3.850000   output external delay
                                              3.850000   data required time
---------------------------------------------------------------------------------------------
                                              3.850000   data required time
                                             -0.951142   data arrival time
---------------------------------------------------------------------------------------------
                                              2.898858   slack (MET)


Startpoint: _290_ (rising edge-triggered flip-flop clocked by clk)
Endpoint: DATA[15] (output port clocked by clk)
Path Group: clk
Path Type: max

Fanout         Cap        Slew       Delay        Time   Description
---------------------------------------------------------------------------------------------
                                  0.000000    0.000000   clock clk (rise edge)
                                  0.000000    0.000000   clock source latency
     1    0.022783    0.000000    0.000000    0.000000 ^ clk (in)
                                                         clk (net)
                      0.003365    0.001682    0.001682 ^ clkbuf_0_clk/A (sg13g2_buf_16)
     2    0.043928    0.015983    0.040342    0.042024 ^ clkbuf_0_clk/X (sg13g2_buf_16)
                                                         clknet_0_clk (net)
                      0.016104    0.001818    0.043842 ^ clkbuf_1_0__f_clk/A (sg13g2_buf_16)
     5    0.021810    0.013439    0.042794    0.086636 ^ clkbuf_1_0__f_clk/X (sg13g2_buf_16)
                                                         clknet_1_0__leaf_clk (net)
                      0.013443    0.000442    0.087078 ^ _290_/CLK (sg13g2_dfrbpq_1)
     4    0.022705    0.063937    0.143511    0.230589 ^ _290_/Q (sg13g2_dfrbpq_1)
                                                         DPATH.SUM.fa_2.A (net)
                      0.063993    0.001718    0.232307 ^ fanout37/A (sg13g2_buf_1)
     8    0.043402    0.117340    0.126219    0.358526 ^ fanout37/X (sg13g2_buf_1)
                                                         net37 (net)
                      0.117386    0.001929    0.360455 ^ fanout36/A (sg13g2_buf_1)
     8    0.047548    0.128352    0.147952    0.508407 ^ fanout36/X (sg13g2_buf_1)
                                                         net36 (net)
                      0.128720    0.005605    0.514012 ^ _164_/B (sg13g2_and2_1)
     5    0.023607    0.067960    0.124792    0.638804 ^ _164_/X (sg13g2_and2_1)
                                                         _113_ (net)
                      0.067981    0.001150    0.639954 ^ _166_/B (sg13g2_nand2_1)
     4    0.022233    0.113832    0.103816    0.743770 v _166_/Y (sg13g2_nand2_1)
                                                         _115_ (net)
                      0.113881    0.002134    0.745904 v _246_/B (sg13g2_nand2b_1)
     2    0.013680    0.062892    0.075256    0.821159 ^ _246_/Y (sg13g2_nand2b_1)
                                                         _071_ (net)
                      0.062923    0.001134    0.822293 ^ _274_/B (sg13g2_nand2_1)
     1    0.006907    0.052338    0.053711    0.876004 v _274_/Y (sg13g2_nand2_1)
                                                         net8 (net)
                      0.052365    0.000489    0.876493 v output8/A (sg13g2_buf_1)
     1    0.015214    0.038515    0.070654    0.947147 v output8/X (sg13g2_buf_1)
                                                         DATA[15] (net)
                      0.038592    0.001256    0.948403 v DATA[15] (out)
                                              0.948403   data arrival time

                                  5.000000    5.000000   clock clk (rise edge)
                                  0.000000    5.000000   clock network delay (propagated)
                                 -0.150000    4.850000   clock uncertainty
                                  0.000000    4.850000   clock reconvergence pessimism
                                 -1.000000    3.850000   output external delay
                                              3.850000   data required time
---------------------------------------------------------------------------------------------
                                              3.850000   data required time
                                             -0.948403   data arrival time
---------------------------------------------------------------------------------------------
                                              2.901597   slack (MET)


Startpoint: _290_ (rising edge-triggered flip-flop clocked by clk)
Endpoint: DATA[13] (output port clocked by clk)
Path Group: clk
Path Type: max

Fanout         Cap        Slew       Delay        Time   Description
---------------------------------------------------------------------------------------------
                                  0.000000    0.000000   clock clk (rise edge)
                                  0.000000    0.000000   clock source latency
     1    0.022783    0.000000    0.000000    0.000000 ^ clk (in)
                                                         clk (net)
                      0.003365    0.001682    0.001682 ^ clkbuf_0_clk/A (sg13g2_buf_16)
     2    0.043928    0.015983    0.040342    0.042024 ^ clkbuf_0_clk/X (sg13g2_buf_16)
                                                         clknet_0_clk (net)
                      0.016104    0.001818    0.043842 ^ clkbuf_1_0__f_clk/A (sg13g2_buf_16)
     5    0.021810    0.013439    0.042794    0.086636 ^ clkbuf_1_0__f_clk/X (sg13g2_buf_16)
                                                         clknet_1_0__leaf_clk (net)
                      0.013443    0.000442    0.087078 ^ _290_/CLK (sg13g2_dfrbpq_1)
     4    0.022705    0.063937    0.143511    0.230589 ^ _290_/Q (sg13g2_dfrbpq_1)
                                                         DPATH.SUM.fa_2.A (net)
                      0.063993    0.001718    0.232307 ^ fanout37/A (sg13g2_buf_1)
     8    0.043402    0.117340    0.126219    0.358526 ^ fanout37/X (sg13g2_buf_1)
                                                         net37 (net)
                      0.117386    0.001929    0.360455 ^ fanout36/A (sg13g2_buf_1)
     8    0.047548    0.128352    0.147952    0.508407 ^ fanout36/X (sg13g2_buf_1)
                                                         net36 (net)
                      0.128720    0.005605    0.514012 ^ _164_/B (sg13g2_and2_1)
     5    0.023607    0.067960    0.124792    0.638804 ^ _164_/X (sg13g2_and2_1)
                                                         _113_ (net)
                      0.067981    0.001150    0.639954 ^ _166_/B (sg13g2_nand2_1)
     4    0.022233    0.113832    0.103816    0.743770 v _166_/Y (sg13g2_nand2_1)
                                                         _115_ (net)
                      0.113876    0.002025    0.745795 v _168_/A (sg13g2_nor2_1)
     2    0.012965    0.093041    0.096560    0.842355 ^ _168_/Y (sg13g2_nor2_1)
                                                         _117_ (net)
                      0.093060    0.001118    0.843473 ^ _272_/B (sg13g2_nor2_1)
     1    0.003651    0.026956    0.036908    0.880380 v _272_/Y (sg13g2_nor2_1)
                                                         net6 (net)
                      0.026957    0.000253    0.880633 v output6/A (sg13g2_buf_1)
     1    0.011859    0.031147    0.057146    0.937779 v output6/X (sg13g2_buf_1)
                                                         DATA[13] (net)
                      0.031209    0.000990    0.938769 v DATA[13] (out)
                                              0.938769   data arrival time

                                  5.000000    5.000000   clock clk (rise edge)
                                  0.000000    5.000000   clock network delay (propagated)
                                 -0.150000    4.850000   clock uncertainty
                                  0.000000    4.850000   clock reconvergence pessimism
                                 -1.000000    3.850000   output external delay
                                              3.850000   data required time
---------------------------------------------------------------------------------------------
                                              3.850000   data required time
                                             -0.938769   data arrival time
---------------------------------------------------------------------------------------------
                                              2.911231   slack (MET)


Startpoint: _290_ (rising edge-triggered flip-flop clocked by clk)
Endpoint: DATA[5] (output port clocked by clk)
Path Group: clk
Path Type: max

Fanout         Cap        Slew       Delay        Time   Description
---------------------------------------------------------------------------------------------
                                  0.000000    0.000000   clock clk (rise edge)
                                  0.000000    0.000000   clock source latency
     1    0.022783    0.000000    0.000000    0.000000 ^ clk (in)
                                                         clk (net)
                      0.003365    0.001682    0.001682 ^ clkbuf_0_clk/A (sg13g2_buf_16)
     2    0.043928    0.015983    0.040342    0.042024 ^ clkbuf_0_clk/X (sg13g2_buf_16)
                                                         clknet_0_clk (net)
                      0.016104    0.001818    0.043842 ^ clkbuf_1_0__f_clk/A (sg13g2_buf_16)
     5    0.021810    0.013439    0.042794    0.086636 ^ clkbuf_1_0__f_clk/X (sg13g2_buf_16)
                                                         clknet_1_0__leaf_clk (net)
                      0.013443    0.000442    0.087078 ^ _290_/CLK (sg13g2_dfrbpq_1)
     4    0.022705    0.063937    0.143511    0.230589 ^ _290_/Q (sg13g2_dfrbpq_1)
                                                         DPATH.SUM.fa_2.A (net)
                      0.063993    0.001718    0.232307 ^ fanout37/A (sg13g2_buf_1)
     8    0.043402    0.117340    0.126219    0.358526 ^ fanout37/X (sg13g2_buf_1)
                                                         net37 (net)
                      0.117386    0.001929    0.360455 ^ fanout36/A (sg13g2_buf_1)
     8    0.047548    0.128352    0.147952    0.508407 ^ fanout36/X (sg13g2_buf_1)
                                                         net36 (net)
                      0.128720    0.005605    0.514012 ^ _164_/B (sg13g2_and2_1)
     5    0.023607    0.067960    0.124792    0.638804 ^ _164_/X (sg13g2_and2_1)
                                                         _113_ (net)
                      0.067981    0.001150    0.639954 ^ _166_/B (sg13g2_nand2_1)
     4    0.022233    0.113832    0.103816    0.743770 v _166_/Y (sg13g2_nand2_1)
                                                         _115_ (net)
                      0.113877    0.002037    0.745807 v _259_/B (sg13g2_nor2_1)
     2    0.010740    0.080786    0.087846    0.833652 ^ _259_/Y (sg13g2_nor2_1)
                                                         _081_ (net)
                      0.080796    0.000746    0.834398 ^ _260_/C (sg13g2_nor3_1)
     1    0.003219    0.034296    0.035756    0.870153 v _260_/Y (sg13g2_nor3_1)
                                                         net15 (net)
                      0.034296    0.000232    0.870386 v output15/A (sg13g2_buf_1)
     1    0.010841    0.029107    0.058090    0.928476 v output15/X (sg13g2_buf_1)
                                                         DATA[5] (net)
                      0.029115    0.000461    0.928937 v DATA[5] (out)
                                              0.928937   data arrival time

                                  5.000000    5.000000   clock clk (rise edge)
                                  0.000000    5.000000   clock network delay (propagated)
                                 -0.150000    4.850000   clock uncertainty
                                  0.000000    4.850000   clock reconvergence pessimism
                                 -1.000000    3.850000   output external delay
                                              3.850000   data required time
---------------------------------------------------------------------------------------------
                                              3.850000   data required time
                                             -0.928937   data arrival time
---------------------------------------------------------------------------------------------
                                              2.921063   slack (MET)


Startpoint: _291_ (rising edge-triggered flip-flop clocked by clk)
Endpoint: DATA[10] (output port clocked by clk)
Path Group: clk
Path Type: max

Fanout         Cap        Slew       Delay        Time   Description
---------------------------------------------------------------------------------------------
                                  0.000000    0.000000   clock clk (rise edge)
                                  0.000000    0.000000   clock source latency
     1    0.022783    0.000000    0.000000    0.000000 ^ clk (in)
                                                         clk (net)
                      0.003365    0.001682    0.001682 ^ clkbuf_0_clk/A (sg13g2_buf_16)
     2    0.043928    0.015983    0.040342    0.042024 ^ clkbuf_0_clk/X (sg13g2_buf_16)
                                                         clknet_0_clk (net)
                      0.016104    0.001818    0.043842 ^ clkbuf_1_0__f_clk/A (sg13g2_buf_16)
     5    0.021810    0.013439    0.042794    0.086636 ^ clkbuf_1_0__f_clk/X (sg13g2_buf_16)
                                                         clknet_1_0__leaf_clk (net)
                      0.013443    0.000454    0.087091 ^ _291_/CLK (sg13g2_dfrbpq_1)
     1    0.007035    0.025359    0.115112    0.202202 ^ _291_/Q (sg13g2_dfrbpq_1)
                                                         DPATH.SUM.fa_3.A (net)
                      0.025385    0.000502    0.202705 ^ fanout35/A (sg13g2_buf_1)
     5    0.031115    0.085449    0.092659    0.295363 ^ fanout35/X (sg13g2_buf_1)
                                                         net35 (net)
                      0.085534    0.002212    0.297575 ^ fanout34/A (sg13g2_buf_1)
     8    0.040721    0.110464    0.128939    0.426514 ^ fanout34/X (sg13g2_buf_1)
                                                         net34 (net)
                      0.110475    0.000933    0.427447 ^ fanout33/A (sg13g2_buf_1)
     8    0.042534    0.115313    0.138217    0.565664 ^ fanout33/X (sg13g2_buf_1)
                                                         net33 (net)
                      0.115572    0.004461    0.570125 ^ _202_/B1 (sg13g2_o21ai_1)
     3    0.012655    0.076098    0.085818    0.655943 v _202_/Y (sg13g2_o21ai_1)
                                                         _029_ (net)
                      0.076136    0.000720    0.656663 v _266_/A2 (sg13g2_o21ai_1)
     1    0.010657    0.096650    0.105104    0.761767 ^ _266_/Y (sg13g2_o21ai_1)
                                                         _083_ (net)
                      0.096662    0.000853    0.762621 ^ _267_/B (sg13g2_nand2_1)
     1    0.003066    0.030383    0.048994    0.811615 v _267_/Y (sg13g2_nand2_1)
                                                         net3 (net)
                      0.030383    0.000121    0.811736 v output3/A (sg13g2_buf_1)
     1    0.010685    0.028683    0.056607    0.868343 v output3/X (sg13g2_buf_1)
                                                         DATA[10] (net)
                      0.028690    0.000451    0.868794 v DATA[10] (out)
                                              0.868794   data arrival time

                                  5.000000    5.000000   clock clk (rise edge)
                                  0.000000    5.000000   clock network delay (propagated)
                                 -0.150000    4.850000   clock uncertainty
                                  0.000000    4.850000   clock reconvergence pessimism
                                 -1.000000    3.850000   output external delay
                                              3.850000   data required time
---------------------------------------------------------------------------------------------
                                              3.850000   data required time
                                             -0.868794   data arrival time
---------------------------------------------------------------------------------------------
                                              2.981206   slack (MET)


Startpoint: _288_ (rising edge-triggered flip-flop clocked by clk)
Endpoint: DATA[3] (output port clocked by clk)
Path Group: clk
Path Type: max

Fanout         Cap        Slew       Delay        Time   Description
---------------------------------------------------------------------------------------------
                                  0.000000    0.000000   clock clk (rise edge)
                                  0.000000    0.000000   clock source latency
     1    0.022783    0.000000    0.000000    0.000000 ^ clk (in)
                                                         clk (net)
                      0.003365    0.001682    0.001682 ^ clkbuf_0_clk/A (sg13g2_buf_16)
     2    0.043928    0.015983    0.040342    0.042024 ^ clkbuf_0_clk/X (sg13g2_buf_16)
                                                         clknet_0_clk (net)
                      0.016104    0.001818    0.043842 ^ clkbuf_1_0__f_clk/A (sg13g2_buf_16)
     5    0.021810    0.013439    0.042794    0.086636 ^ clkbuf_1_0__f_clk/X (sg13g2_buf_16)
                                                         clknet_1_0__leaf_clk (net)
                      0.013444    0.000465    0.087101 ^ _288_/CLK (sg13g2_dfrbpq_1)
     1    0.004127    0.015688    0.109157    0.196258 v _288_/Q (sg13g2_dfrbpq_1)
                                                         DPATH.SUM.Cout0 (net)
                      0.015688    0.000286    0.196543 v fanout41/A (sg13g2_buf_1)
     8    0.051056    0.111306    0.112247    0.308790 v fanout41/X (sg13g2_buf_1)
                                                         net41 (net)
                      0.111620    0.004858    0.313647 v fanout40/A (sg13g2_buf_1)
     8    0.046448    0.102346    0.134657    0.448304 v fanout40/X (sg13g2_buf_1)
                                                         net40 (net)
                      0.102362    0.001098    0.449402 v _203_/A2 (sg13g2_o21ai_1)
     5    0.024623    0.179991    0.184172    0.633574 ^ _203_/Y (sg13g2_o21ai_1)
                                                         _030_ (net)
                      0.180004    0.001208    0.634783 ^ _255_/B (sg13g2_nand2_1)
     2    0.009841    0.065618    0.088799    0.723581 v _255_/Y (sg13g2_nand2_1)
                                                         _079_ (net)
                      0.065620    0.000502    0.724084 v _256_/B (sg13g2_nor2_1)
     1    0.003297    0.040074    0.043733    0.767816 ^ _256_/Y (sg13g2_nor2_1)
                                                         net13 (net)
                      0.040074    0.000238    0.768054 ^ output13/A (sg13g2_buf_1)
     1    0.012423    0.038551    0.063876    0.831931 ^ output13/X (sg13g2_buf_1)
                                                         DATA[3] (net)
                      0.038559    0.000561    0.832491 ^ DATA[3] (out)
                                              0.832491   data arrival time

                                  5.000000    5.000000   clock clk (rise edge)
                                  0.000000    5.000000   clock network delay (propagated)
                                 -0.150000    4.850000   clock uncertainty
                                  0.000000    4.850000   clock reconvergence pessimism
                                 -1.000000    3.850000   output external delay
                                              3.850000   data required time
---------------------------------------------------------------------------------------------
                                              3.850000   data required time
                                             -0.832491   data arrival time
---------------------------------------------------------------------------------------------
                                              3.017509   slack (MET)


Startpoint: _288_ (rising edge-triggered flip-flop clocked by clk)
Endpoint: DATA[9] (output port clocked by clk)
Path Group: clk
Path Type: max

Fanout         Cap        Slew       Delay        Time   Description
---------------------------------------------------------------------------------------------
                                  0.000000    0.000000   clock clk (rise edge)
                                  0.000000    0.000000   clock source latency
     1    0.022783    0.000000    0.000000    0.000000 ^ clk (in)
                                                         clk (net)
                      0.003365    0.001682    0.001682 ^ clkbuf_0_clk/A (sg13g2_buf_16)
     2    0.043928    0.015983    0.040342    0.042024 ^ clkbuf_0_clk/X (sg13g2_buf_16)
                                                         clknet_0_clk (net)
                      0.016104    0.001818    0.043842 ^ clkbuf_1_0__f_clk/A (sg13g2_buf_16)
     5    0.021810    0.013439    0.042794    0.086636 ^ clkbuf_1_0__f_clk/X (sg13g2_buf_16)
                                                         clknet_1_0__leaf_clk (net)
                      0.013444    0.000465    0.087101 ^ _288_/CLK (sg13g2_dfrbpq_1)
     1    0.004127    0.015688    0.109157    0.196258 v _288_/Q (sg13g2_dfrbpq_1)
                                                         DPATH.SUM.Cout0 (net)
                      0.015688    0.000286    0.196543 v fanout41/A (sg13g2_buf_1)
     8    0.051056    0.111306    0.112247    0.308790 v fanout41/X (sg13g2_buf_1)
                                                         net41 (net)
                      0.111620    0.004858    0.313647 v fanout40/A (sg13g2_buf_1)
     8    0.046448    0.102346    0.134657    0.448304 v fanout40/X (sg13g2_buf_1)
                                                         net40 (net)
                      0.102362    0.001098    0.449402 v _203_/A2 (sg13g2_o21ai_1)
     5    0.024623    0.179991    0.184172    0.633574 ^ _203_/Y (sg13g2_o21ai_1)
                                                         _030_ (net)
                      0.180010    0.001496    0.635070 ^ _254_/B (sg13g2_nand2_1)
     1    0.005149    0.049418    0.069138    0.704208 v _254_/Y (sg13g2_nand2_1)
                                                         _078_ (net)
                      0.049419    0.000401    0.704610 v _265_/A2 (sg13g2_a21oi_1)
     1    0.003719    0.047864    0.055601    0.760211 ^ _265_/Y (sg13g2_a21oi_1)
                                                         net19 (net)
                      0.047864    0.000263    0.760473 ^ output19/A (sg13g2_buf_1)
     1    0.013306    0.040938    0.067961    0.828434 ^ output19/X (sg13g2_buf_1)
                                                         DATA[9] (net)
                      0.040951    0.000699    0.829134 ^ DATA[9] (out)
                                              0.829134   data arrival time

                                  5.000000    5.000000   clock clk (rise edge)
                                  0.000000    5.000000   clock network delay (propagated)
                                 -0.150000    4.850000   clock uncertainty
                                  0.000000    4.850000   clock reconvergence pessimism
                                 -1.000000    3.850000   output external delay
                                              3.850000   data required time
---------------------------------------------------------------------------------------------
                                              3.850000   data required time
                                             -0.829134   data arrival time
---------------------------------------------------------------------------------------------
                                              3.020867   slack (MET)


Startpoint: _288_ (rising edge-triggered flip-flop clocked by clk)
Endpoint: DATA[14] (output port clocked by clk)
Path Group: clk
Path Type: max

Fanout         Cap        Slew       Delay        Time   Description
---------------------------------------------------------------------------------------------
                                  0.000000    0.000000   clock clk (rise edge)
                                  0.000000    0.000000   clock source latency
     1    0.022783    0.000000    0.000000    0.000000 ^ clk (in)
                                                         clk (net)
                      0.003365    0.001682    0.001682 ^ clkbuf_0_clk/A (sg13g2_buf_16)
     2    0.043928    0.015983    0.040342    0.042024 ^ clkbuf_0_clk/X (sg13g2_buf_16)
                                                         clknet_0_clk (net)
                      0.016104    0.001818    0.043842 ^ clkbuf_1_0__f_clk/A (sg13g2_buf_16)
     5    0.021810    0.013439    0.042794    0.086636 ^ clkbuf_1_0__f_clk/X (sg13g2_buf_16)
                                                         clknet_1_0__leaf_clk (net)
                      0.013444    0.000465    0.087101 ^ _288_/CLK (sg13g2_dfrbpq_1)
     1    0.004127    0.015688    0.109157    0.196258 v _288_/Q (sg13g2_dfrbpq_1)
                                                         DPATH.SUM.Cout0 (net)
                      0.015688    0.000286    0.196543 v fanout41/A (sg13g2_buf_1)
     8    0.051056    0.111306    0.112247    0.308790 v fanout41/X (sg13g2_buf_1)
                                                         net41 (net)
                      0.111620    0.004858    0.313647 v fanout40/A (sg13g2_buf_1)
     8    0.046448    0.102346    0.134657    0.448304 v fanout40/X (sg13g2_buf_1)
                                                         net40 (net)
                      0.102362    0.001098    0.449402 v _203_/A2 (sg13g2_o21ai_1)
     5    0.024623    0.179991    0.184172    0.633574 ^ _203_/Y (sg13g2_o21ai_1)
                                                         _030_ (net)
                      0.180004    0.001208    0.634783 ^ _255_/B (sg13g2_nand2_1)
     2    0.009841    0.065618    0.088799    0.723581 v _255_/Y (sg13g2_nand2_1)
                                                         _079_ (net)
                      0.065618    0.000281    0.723862 v _273_/B (sg13g2_nand2_1)
     1    0.006334    0.038993    0.042471    0.766334 ^ _273_/Y (sg13g2_nand2_1)
                                                         net7 (net)
                      0.039016    0.000464    0.766798 ^ output7/A (sg13g2_buf_1)
     1    0.010643    0.034102    0.060218    0.827016 ^ output7/X (sg13g2_buf_1)
                                                         DATA[14] (net)
                      0.034108    0.000451    0.827467 ^ DATA[14] (out)
                                              0.827467   data arrival time

                                  5.000000    5.000000   clock clk (rise edge)
                                  0.000000    5.000000   clock network delay (propagated)
                                 -0.150000    4.850000   clock uncertainty
                                  0.000000    4.850000   clock reconvergence pessimism
                                 -1.000000    3.850000   output external delay
                                              3.850000   data required time
---------------------------------------------------------------------------------------------
                                              3.850000   data required time
                                             -0.827467   data arrival time
---------------------------------------------------------------------------------------------
                                              3.022533   slack (MET)


Startpoint: _293_ (rising edge-triggered flip-flop clocked by clk)
Endpoint: DATA[11] (output port clocked by clk)
Path Group: clk
Path Type: max

Fanout         Cap        Slew       Delay        Time   Description
---------------------------------------------------------------------------------------------
                                  0.000000    0.000000   clock clk (rise edge)
                                  0.000000    0.000000   clock source latency
     1    0.022783    0.000000    0.000000    0.000000 ^ clk (in)
                                                         clk (net)
                      0.003365    0.001682    0.001682 ^ clkbuf_0_clk/A (sg13g2_buf_16)
     2    0.043928    0.015983    0.040342    0.042024 ^ clkbuf_0_clk/X (sg13g2_buf_16)
                                                         clknet_0_clk (net)
                      0.016369    0.002692    0.044717 ^ clkbuf_1_1__f_clk/A (sg13g2_buf_16)
     5    0.026757    0.014197    0.043376    0.088093 ^ clkbuf_1_1__f_clk/X (sg13g2_buf_16)
                                                         clknet_1_1__leaf_clk (net)
                      0.014263    0.001612    0.089705 ^ _293_/CLK (sg13g2_dfrbpq_1)
     1    0.005916    0.022746    0.113386    0.203091 ^ _293_/Q (sg13g2_dfrbpq_1)
                                                         DPATH.SUM.fa_5.A (net)
                      0.022749    0.000371    0.203462 ^ fanout29/A (sg13g2_buf_1)
     8    0.044520    0.119995    0.114934    0.318396 ^ fanout29/X (sg13g2_buf_1)
                                                         net29 (net)
                      0.120084    0.002702    0.321097 ^ fanout28/A (sg13g2_buf_1)
     8    0.042115    0.114220    0.139918    0.461015 ^ fanout28/X (sg13g2_buf_1)
                                                         net28 (net)
                      0.114306    0.002598    0.463613 ^ _167_/B (sg13g2_nand2_1)
     5    0.026166    0.118212    0.133160    0.596773 v _167_/Y (sg13g2_nand2_1)
                                                         _116_ (net)
                      0.118216    0.000611    0.597384 v _268_/B1 (sg13g2_a21oi_1)
     1    0.004226    0.056365    0.068859    0.666243 ^ _268_/Y (sg13g2_a21oi_1)
                                                         _084_ (net)
                      0.056365    0.000169    0.666412 ^ _269_/B (sg13g2_nor2_1)
     1    0.006351    0.035993    0.034607    0.701020 v _269_/Y (sg13g2_nor2_1)
                                                         net4 (net)
                      0.035995    0.000446    0.701466 v output4/A (sg13g2_buf_1)
     1    0.013014    0.033562    0.062186    0.763652 v output4/X (sg13g2_buf_1)
                                                         DATA[11] (net)
                      0.033574    0.000614    0.764266 v DATA[11] (out)
                                              0.764266   data arrival time

                                  5.000000    5.000000   clock clk (rise edge)
                                  0.000000    5.000000   clock network delay (propagated)
                                 -0.150000    4.850000   clock uncertainty
                                  0.000000    4.850000   clock reconvergence pessimism
                                 -1.000000    3.850000   output external delay
                                              3.850000   data required time
---------------------------------------------------------------------------------------------
                                              3.850000   data required time
                                             -0.764266   data arrival time
---------------------------------------------------------------------------------------------
                                              3.085734   slack (MET)


Startpoint: _290_ (rising edge-triggered flip-flop clocked by clk)
Endpoint: DATA[4] (output port clocked by clk)
Path Group: clk
Path Type: max

Fanout         Cap        Slew       Delay        Time   Description
---------------------------------------------------------------------------------------------
                                  0.000000    0.000000   clock clk (rise edge)
                                  0.000000    0.000000   clock source latency
     1    0.022783    0.000000    0.000000    0.000000 ^ clk (in)
                                                         clk (net)
                      0.003365    0.001682    0.001682 ^ clkbuf_0_clk/A (sg13g2_buf_16)
     2    0.043928    0.015983    0.040342    0.042024 ^ clkbuf_0_clk/X (sg13g2_buf_16)
                                                         clknet_0_clk (net)
                      0.016104    0.001818    0.043842 ^ clkbuf_1_0__f_clk/A (sg13g2_buf_16)
     5    0.021810    0.013439    0.042794    0.086636 ^ clkbuf_1_0__f_clk/X (sg13g2_buf_16)
                                                         clknet_1_0__leaf_clk (net)
                      0.013443    0.000442    0.087078 ^ _290_/CLK (sg13g2_dfrbpq_1)
     4    0.022557    0.052752    0.138164    0.225242 v _290_/Q (sg13g2_dfrbpq_1)
                                                         DPATH.SUM.fa_2.A (net)
                      0.052821    0.001706    0.226948 v fanout37/A (sg13g2_buf_1)
     8    0.040901    0.090419    0.109451    0.336399 v fanout37/X (sg13g2_buf_1)
                                                         net37 (net)
                      0.090545    0.002794    0.339193 v _156_/B (sg13g2_nor2_1)
     5    0.026861    0.153055    0.150975    0.490168 ^ _156_/Y (sg13g2_nor2_1)
                                                         _106_ (net)
                      0.153072    0.001340    0.491509 ^ _201_/A (sg13g2_nor2b_1)
     3    0.018150    0.075855    0.091000    0.582509 v _201_/Y (sg13g2_nor2b_1)
                                                         _028_ (net)
                      0.075925    0.002029    0.584538 v _258_/C (sg13g2_nor3_1)
     1    0.005137    0.073731    0.075166    0.659704 ^ _258_/Y (sg13g2_nor3_1)
                                                         net14 (net)
                      0.073732    0.000518    0.660221 ^ output14/A (sg13g2_buf_1)
     1    0.015015    0.045747    0.079534    0.739756 ^ output14/X (sg13g2_buf_1)
                                                         DATA[4] (net)
                      0.045759    0.000730    0.740485 ^ DATA[4] (out)
                                              0.740485   data arrival time

                                  5.000000    5.000000   clock clk (rise edge)
                                  0.000000    5.000000   clock network delay (propagated)
                                 -0.150000    4.850000   clock uncertainty
                                  0.000000    4.850000   clock reconvergence pessimism
                                 -1.000000    3.850000   output external delay
                                              3.850000   data required time
---------------------------------------------------------------------------------------------
                                              3.850000   data required time
                                             -0.740485   data arrival time
---------------------------------------------------------------------------------------------
                                              3.109514   slack (MET)


Startpoint: _291_ (rising edge-triggered flip-flop clocked by clk)
Endpoint: DATA[6] (output port clocked by clk)
Path Group: clk
Path Type: max

Fanout         Cap        Slew       Delay        Time   Description
---------------------------------------------------------------------------------------------
                                  0.000000    0.000000   clock clk (rise edge)
                                  0.000000    0.000000   clock source latency
     1    0.022783    0.000000    0.000000    0.000000 ^ clk (in)
                                                         clk (net)
                      0.003365    0.001682    0.001682 ^ clkbuf_0_clk/A (sg13g2_buf_16)
     2    0.043928    0.015983    0.040342    0.042024 ^ clkbuf_0_clk/X (sg13g2_buf_16)
                                                         clknet_0_clk (net)
                      0.016104    0.001818    0.043842 ^ clkbuf_1_0__f_clk/A (sg13g2_buf_16)
     5    0.021810    0.013439    0.042794    0.086636 ^ clkbuf_1_0__f_clk/X (sg13g2_buf_16)
                                                         clknet_1_0__leaf_clk (net)
                      0.013443    0.000454    0.087091 ^ _291_/CLK (sg13g2_dfrbpq_1)
     1    0.007034    0.021100    0.113845    0.200935 v _291_/Q (sg13g2_dfrbpq_1)
                                                         DPATH.SUM.fa_3.A (net)
                      0.021128    0.000502    0.201437 v fanout35/A (sg13g2_buf_1)
     5    0.031164    0.069964    0.085270    0.286707 v fanout35/X (sg13g2_buf_1)
                                                         net35 (net)
                      0.070067    0.002214    0.288921 v fanout34/A (sg13g2_buf_1)
     8    0.042267    0.093305    0.117356    0.406277 v fanout34/X (sg13g2_buf_1)
                                                         net34 (net)
                      0.093472    0.003262    0.409539 v _210_/A (sg13g2_nor2_1)
     4    0.019665    0.118264    0.120616    0.530155 ^ _210_/Y (sg13g2_nor2_1)
                                                         _037_ (net)
                      0.118269    0.000671    0.530826 ^ _211_/A (sg13g2_inv_1)
     1    0.005129    0.032151    0.042381    0.573207 v _211_/Y (sg13g2_inv_1)
                                                         _038_ (net)
                      0.032162    0.000376    0.573583 v _262_/A2 (sg13g2_a21oi_1)
     1    0.009319    0.068934    0.072075    0.645658 ^ _262_/Y (sg13g2_a21oi_1)
                                                         net16 (net)
                      0.068951    0.000829    0.646487 ^ output16/A (sg13g2_buf_1)
     1    0.011811    0.037779    0.071936    0.718423 ^ output16/X (sg13g2_buf_1)
                                                         DATA[6] (net)
                      0.037786    0.000523    0.718947 ^ DATA[6] (out)
                                              0.718947   data arrival time

                                  5.000000    5.000000   clock clk (rise edge)
                                  0.000000    5.000000   clock network delay (propagated)
                                 -0.150000    4.850000   clock uncertainty
                                  0.000000    4.850000   clock reconvergence pessimism
                                 -1.000000    3.850000   output external delay
                                              3.850000   data required time
---------------------------------------------------------------------------------------------
                                              3.850000   data required time
                                             -0.718947   data arrival time
---------------------------------------------------------------------------------------------
                                              3.131053   slack (MET)


Startpoint: _291_ (rising edge-triggered flip-flop clocked by clk)
Endpoint: DATA[7] (output port clocked by clk)
Path Group: clk
Path Type: max

Fanout         Cap        Slew       Delay        Time   Description
---------------------------------------------------------------------------------------------
                                  0.000000    0.000000   clock clk (rise edge)
                                  0.000000    0.000000   clock source latency
     1    0.022783    0.000000    0.000000    0.000000 ^ clk (in)
                                                         clk (net)
                      0.003365    0.001682    0.001682 ^ clkbuf_0_clk/A (sg13g2_buf_16)
     2    0.043928    0.015983    0.040342    0.042024 ^ clkbuf_0_clk/X (sg13g2_buf_16)
                                                         clknet_0_clk (net)
                      0.016104    0.001818    0.043842 ^ clkbuf_1_0__f_clk/A (sg13g2_buf_16)
     5    0.021810    0.013439    0.042794    0.086636 ^ clkbuf_1_0__f_clk/X (sg13g2_buf_16)
                                                         clknet_1_0__leaf_clk (net)
                      0.013443    0.000454    0.087091 ^ _291_/CLK (sg13g2_dfrbpq_1)
     1    0.007035    0.025359    0.115112    0.202202 ^ _291_/Q (sg13g2_dfrbpq_1)
                                                         DPATH.SUM.fa_3.A (net)
                      0.025385    0.000502    0.202705 ^ fanout35/A (sg13g2_buf_1)
     5    0.031115    0.085449    0.092659    0.295363 ^ fanout35/X (sg13g2_buf_1)
                                                         net35 (net)
                      0.085492    0.001589    0.296952 ^ fanout32/A (sg13g2_buf_1)
     8    0.045502    0.122773    0.137346    0.434298 ^ fanout32/X (sg13g2_buf_1)
                                                         net32 (net)
                      0.122927    0.003562    0.437860 ^ _201_/B_N (sg13g2_nor2b_1)
     3    0.018740    0.117554    0.145167    0.583027 ^ _201_/Y (sg13g2_nor2b_1)
                                                         _028_ (net)
                      0.117615    0.002238    0.585265 ^ _263_/A2 (sg13g2_a21oi_1)
     1    0.003389    0.043760    0.064410    0.649675 v _263_/Y (sg13g2_a21oi_1)
                                                         net17 (net)
                      0.043760    0.000135    0.649810 v output17/A (sg13g2_buf_1)
     1    0.013042    0.033830    0.064625    0.714435 v output17/X (sg13g2_buf_1)
                                                         DATA[7] (net)
                      0.033845    0.000662    0.715097 v DATA[7] (out)
                                              0.715097   data arrival time

                                  5.000000    5.000000   clock clk (rise edge)
                                  0.000000    5.000000   clock network delay (propagated)
                                 -0.150000    4.850000   clock uncertainty
                                  0.000000    4.850000   clock reconvergence pessimism
                                 -1.000000    3.850000   output external delay
                                              3.850000   data required time
---------------------------------------------------------------------------------------------
                                              3.850000   data required time
                                             -0.715097   data arrival time
---------------------------------------------------------------------------------------------
                                              3.134903   slack (MET)


Startpoint: _291_ (rising edge-triggered flip-flop clocked by clk)
Endpoint: DATA[17] (output port clocked by clk)
Path Group: clk
Path Type: max

Fanout         Cap        Slew       Delay        Time   Description
---------------------------------------------------------------------------------------------
                                  0.000000    0.000000   clock clk (rise edge)
                                  0.000000    0.000000   clock source latency
     1    0.022783    0.000000    0.000000    0.000000 ^ clk (in)
                                                         clk (net)
                      0.003365    0.001682    0.001682 ^ clkbuf_0_clk/A (sg13g2_buf_16)
     2    0.043928    0.015983    0.040342    0.042024 ^ clkbuf_0_clk/X (sg13g2_buf_16)
                                                         clknet_0_clk (net)
                      0.016104    0.001818    0.043842 ^ clkbuf_1_0__f_clk/A (sg13g2_buf_16)
     5    0.021810    0.013439    0.042794    0.086636 ^ clkbuf_1_0__f_clk/X (sg13g2_buf_16)
                                                         clknet_1_0__leaf_clk (net)
                      0.013443    0.000454    0.087091 ^ _291_/CLK (sg13g2_dfrbpq_1)
     1    0.007034    0.021100    0.113845    0.200935 v _291_/Q (sg13g2_dfrbpq_1)
                                                         DPATH.SUM.fa_3.A (net)
                      0.021128    0.000502    0.201437 v fanout35/A (sg13g2_buf_1)
     5    0.031164    0.069964    0.085270    0.286707 v fanout35/X (sg13g2_buf_1)
                                                         net35 (net)
                      0.070067    0.002214    0.288921 v fanout34/A (sg13g2_buf_1)
     8    0.042267    0.093305    0.117356    0.406277 v fanout34/X (sg13g2_buf_1)
                                                         net34 (net)
                      0.093468    0.003225    0.409501 v _160_/A (sg13g2_nor2_1)
     4    0.025975    0.148272    0.145491    0.554992 ^ _160_/Y (sg13g2_nor2_1)
                                                         _110_ (net)
                      0.148297    0.001569    0.556562 ^ _276_/B (sg13g2_nand2b_1)
     1    0.004633    0.042943    0.063433    0.619995 v _276_/Y (sg13g2_nand2b_1)
                                                         _086_ (net)
                      0.042944    0.000335    0.620330 v _277_/C (sg13g2_nand3_1)
     1    0.003091    0.033517    0.033938    0.654268 ^ _277_/Y (sg13g2_nand3_1)
                                                         net10 (net)
                      0.033518    0.000236    0.654504 ^ output10/A (sg13g2_buf_1)
     1    0.011233    0.035417    0.059568    0.714072 ^ output10/X (sg13g2_buf_1)
                                                         DATA[17] (net)
                      0.035424    0.000487    0.714559 ^ DATA[17] (out)
                                              0.714559   data arrival time

                                  5.000000    5.000000   clock clk (rise edge)
                                  0.000000    5.000000   clock network delay (propagated)
                                 -0.150000    4.850000   clock uncertainty
                                  0.000000    4.850000   clock reconvergence pessimism
                                 -1.000000    3.850000   output external delay
                                              3.850000   data required time
---------------------------------------------------------------------------------------------
                                              3.850000   data required time
                                             -0.714559   data arrival time
---------------------------------------------------------------------------------------------
                                              3.135441   slack (MET)


Startpoint: _295_ (rising edge-triggered flip-flop clocked by clk)
Endpoint: o_signB (output port clocked by clk)
Path Group: clk
Path Type: max

Fanout         Cap        Slew       Delay        Time   Description
---------------------------------------------------------------------------------------------
                                  0.000000    0.000000   clock clk (rise edge)
                                  0.000000    0.000000   clock source latency
     1    0.022783    0.000000    0.000000    0.000000 ^ clk (in)
                                                         clk (net)
                      0.003365    0.001682    0.001682 ^ clkbuf_0_clk/A (sg13g2_buf_16)
     2    0.043928    0.015983    0.040342    0.042024 ^ clkbuf_0_clk/X (sg13g2_buf_16)
                                                         clknet_0_clk (net)
                      0.016369    0.002692    0.044717 ^ clkbuf_1_1__f_clk/A (sg13g2_buf_16)
     5    0.026757    0.014197    0.043376    0.088093 ^ clkbuf_1_1__f_clk/X (sg13g2_buf_16)
                                                         clknet_1_1__leaf_clk (net)
                      0.014244    0.001436    0.089529 ^ _295_/CLK (sg13g2_dfrbpq_1)
     3    0.015291    0.037642    0.127279    0.216808 v _295_/Q (sg13g2_dfrbpq_1)
                                                         net20 (net)
                      0.037706    0.001367    0.218174 v _133_/A (sg13g2_inv_1)
     1    0.004521    0.021185    0.025505    0.243679 ^ _133_/Y (sg13g2_inv_1)
                                                         net21 (net)
                      0.021186    0.000288    0.243967 ^ output21/A (sg13g2_buf_1)
     1    0.037110    0.101025    0.100983    0.344950 ^ output21/X (sg13g2_buf_1)
                                                         o_signB (net)
                      0.101233    0.003749    0.348698 ^ o_signB (out)
                                              0.348698   data arrival time

                                  5.000000    5.000000   clock clk (rise edge)
                                  0.000000    5.000000   clock network delay (propagated)
                                 -0.150000    4.850000   clock uncertainty
                                  0.000000    4.850000   clock reconvergence pessimism
                                 -1.000000    3.850000   output external delay
                                              3.850000   data required time
---------------------------------------------------------------------------------------------
                                              3.850000   data required time
                                             -0.348698   data arrival time
---------------------------------------------------------------------------------------------
                                              3.501302   slack (MET)


Startpoint: _295_ (rising edge-triggered flip-flop clocked by clk)
Endpoint: o_sign (output port clocked by clk)
Path Group: clk
Path Type: max

Fanout         Cap        Slew       Delay        Time   Description
---------------------------------------------------------------------------------------------
                                  0.000000    0.000000   clock clk (rise edge)
                                  0.000000    0.000000   clock source latency
     1    0.022783    0.000000    0.000000    0.000000 ^ clk (in)
                                                         clk (net)
                      0.003365    0.001682    0.001682 ^ clkbuf_0_clk/A (sg13g2_buf_16)
     2    0.043928    0.015983    0.040342    0.042024 ^ clkbuf_0_clk/X (sg13g2_buf_16)
                                                         clknet_0_clk (net)
                      0.016369    0.002692    0.044717 ^ clkbuf_1_1__f_clk/A (sg13g2_buf_16)
     5    0.026757    0.014197    0.043376    0.088093 ^ clkbuf_1_1__f_clk/X (sg13g2_buf_16)
                                                         clknet_1_1__leaf_clk (net)
                      0.014244    0.001436    0.089529 ^ _295_/CLK (sg13g2_dfrbpq_1)
     3    0.015276    0.045413    0.130525    0.220053 ^ _295_/Q (sg13g2_dfrbpq_1)
                                                         net20 (net)
                      0.045437    0.000975    0.221029 ^ output20/A (sg13g2_buf_1)
     1    0.034262    0.093744    0.104162    0.325190 ^ output20/X (sg13g2_buf_1)
                                                         o_sign (net)
                      0.093897    0.003111    0.328302 ^ o_sign (out)
                                              0.328302   data arrival time

                                  5.000000    5.000000   clock clk (rise edge)
                                  0.000000    5.000000   clock network delay (propagated)
                                 -0.150000    4.850000   clock uncertainty
                                  0.000000    4.850000   clock reconvergence pessimism
                                 -1.000000    3.850000   output external delay
                                              3.850000   data required time
---------------------------------------------------------------------------------------------
                                              3.850000   data required time
                                             -0.328302   data arrival time
---------------------------------------------------------------------------------------------
                                              3.521698   slack (MET)


Startpoint: _289_ (rising edge-triggered flip-flop clocked by clk)
Endpoint: _294_ (rising edge-triggered flip-flop clocked by clk)
Path Group: clk
Path Type: max

Fanout         Cap        Slew       Delay        Time   Description
---------------------------------------------------------------------------------------------
                                  0.000000    0.000000   clock clk (rise edge)
                                  0.000000    0.000000   clock source latency
     1    0.022783    0.000000    0.000000    0.000000 ^ clk (in)
                                                         clk (net)
                      0.003365    0.001682    0.001682 ^ clkbuf_0_clk/A (sg13g2_buf_16)
     2    0.043928    0.015983    0.040342    0.042024 ^ clkbuf_0_clk/X (sg13g2_buf_16)
                                                         clknet_0_clk (net)
                      0.016104    0.001818    0.043842 ^ clkbuf_1_0__f_clk/A (sg13g2_buf_16)
     5    0.021810    0.013439    0.042794    0.086636 ^ clkbuf_1_0__f_clk/X (sg13g2_buf_16)
                                                         clknet_1_0__leaf_clk (net)
                      0.013440    0.000163    0.086800 ^ _289_/CLK (sg13g2_dfrbpq_1)
     1    0.005746    0.022342    0.112727    0.199526 ^ _289_/Q (sg13g2_dfrbpq_1)
                                                         DPATH.SUM.fa_1.A (net)
                      0.022349    0.000408    0.199935 ^ fanout39/A (sg13g2_buf_1)
     8    0.051850    0.138810    0.128740    0.328674 ^ fanout39/X (sg13g2_buf_1)
                                                         net39 (net)
                      0.138877    0.002513    0.331187 ^ fanout38/A (sg13g2_buf_1)
     8    0.039842    0.107963    0.140602    0.471789 ^ fanout38/X (sg13g2_buf_1)
                                                         net38 (net)
                      0.108036    0.001663    0.473452 ^ _137_/B (sg13g2_xnor2_1)
     2    0.010683    0.067095    0.083395    0.556847 v _137_/Y (sg13g2_xnor2_1)
                                                         _091_ (net)
                      0.067095    0.000307    0.557154 v _138_/A2 (sg13g2_o21ai_1)
     2    0.014010    0.118450    0.117956    0.675110 ^ _138_/Y (sg13g2_o21ai_1)
                                                         _092_ (net)
                      0.118462    0.000963    0.676073 ^ _140_/A1 (sg13g2_a21oi_1)
     2    0.011887    0.076034    0.097086    0.773159 v _140_/Y (sg13g2_a21oi_1)
                                                         _094_ (net)
                      0.076034    0.000325    0.773484 v _144_/A1 (sg13g2_o21ai_1)
     2    0.014084    0.115824    0.122924    0.896409 ^ _144_/Y (sg13g2_o21ai_1)
                                                         _097_ (net)
                      0.115834    0.000860    0.897269 ^ _148_/A1 (sg13g2_a21oi_1)
     2    0.013219    0.080702    0.101380    0.998649 v _148_/Y (sg13g2_a21oi_1)
                                                         _100_ (net)
                      0.080702    0.000392    0.999041 v _152_/A1 (sg13g2_o21ai_1)
     1    0.008846    0.085179    0.099656    1.098696 ^ _152_/Y (sg13g2_o21ai_1)
                                                         _103_ (net)
                      0.085215    0.000682    1.099378 ^ _154_/A (sg13g2_xnor2_1)
     1    0.003708    0.049536    0.075993    1.175371 ^ _154_/Y (sg13g2_xnor2_1)
                                                         DPATH.SUM.fa_6.S (net)
                      0.049537    0.000223    1.175594 ^ _294_/D (sg13g2_dfrbpq_1)
                                              1.175594   data arrival time

                                  5.000000    5.000000   clock clk (rise edge)
                                  0.000000    5.000000   clock source latency
     1    0.019527    0.000000    0.000000    5.000000 ^ clk (in)
                                                         clk (net)
                      0.002842    0.001421    5.001421 ^ clkbuf_0_clk/A (sg13g2_buf_16)
     2    0.037416    0.015060    0.039469    5.040891 ^ clkbuf_0_clk/X (sg13g2_buf_16)
                                                         clknet_0_clk (net)
                      0.015262    0.002289    5.043180 ^ clkbuf_1_1__f_clk/A (sg13g2_buf_16)
     5    0.023828    0.013708    0.042629    5.085809 ^ clkbuf_1_1__f_clk/X (sg13g2_buf_16)
                                                         clknet_1_1__leaf_clk (net)
                      0.013744    0.001247    5.087057 ^ _294_/CLK (sg13g2_dfrbpq_1)
                                 -0.150000    4.937057   clock uncertainty
                                  0.001134    4.938191   clock reconvergence pessimism
                                 -0.083878    4.854312   library setup time
                                              4.854312   data required time
---------------------------------------------------------------------------------------------
                                              4.854312   data required time
                                             -1.175594   data arrival time
---------------------------------------------------------------------------------------------
                                              3.678719   slack (MET)


Startpoint: _289_ (rising edge-triggered flip-flop clocked by clk)
Endpoint: _293_ (rising edge-triggered flip-flop clocked by clk)
Path Group: clk
Path Type: max

Fanout         Cap        Slew       Delay        Time   Description
---------------------------------------------------------------------------------------------
                                  0.000000    0.000000   clock clk (rise edge)
                                  0.000000    0.000000   clock source latency
     1    0.022783    0.000000    0.000000    0.000000 ^ clk (in)
                                                         clk (net)
                      0.003365    0.001682    0.001682 ^ clkbuf_0_clk/A (sg13g2_buf_16)
     2    0.043928    0.015983    0.040342    0.042024 ^ clkbuf_0_clk/X (sg13g2_buf_16)
                                                         clknet_0_clk (net)
                      0.016104    0.001818    0.043842 ^ clkbuf_1_0__f_clk/A (sg13g2_buf_16)
     5    0.021810    0.013439    0.042794    0.086636 ^ clkbuf_1_0__f_clk/X (sg13g2_buf_16)
                                                         clknet_1_0__leaf_clk (net)
                      0.013440    0.000163    0.086800 ^ _289_/CLK (sg13g2_dfrbpq_1)
     1    0.005746    0.022342    0.112727    0.199526 ^ _289_/Q (sg13g2_dfrbpq_1)
                                                         DPATH.SUM.fa_1.A (net)
                      0.022349    0.000408    0.199935 ^ fanout39/A (sg13g2_buf_1)
     8    0.051850    0.138810    0.128740    0.328674 ^ fanout39/X (sg13g2_buf_1)
                                                         net39 (net)
                      0.138877    0.002513    0.331187 ^ fanout38/A (sg13g2_buf_1)
     8    0.039842    0.107963    0.140602    0.471789 ^ fanout38/X (sg13g2_buf_1)
                                                         net38 (net)
                      0.108036    0.001663    0.473452 ^ _137_/B (sg13g2_xnor2_1)
     2    0.010683    0.067095    0.083395    0.556847 v _137_/Y (sg13g2_xnor2_1)
                                                         _091_ (net)
                      0.067095    0.000307    0.557154 v _138_/A2 (sg13g2_o21ai_1)
     2    0.014010    0.118450    0.117956    0.675110 ^ _138_/Y (sg13g2_o21ai_1)
                                                         _092_ (net)
                      0.118462    0.000963    0.676073 ^ _140_/A1 (sg13g2_a21oi_1)
     2    0.011887    0.076034    0.097086    0.773159 v _140_/Y (sg13g2_a21oi_1)
                                                         _094_ (net)
                      0.076034    0.000325    0.773484 v _144_/A1 (sg13g2_o21ai_1)
     2    0.014084    0.115824    0.122924    0.896409 ^ _144_/Y (sg13g2_o21ai_1)
                                                         _097_ (net)
                      0.115834    0.000860    0.897269 ^ _148_/A1 (sg13g2_a21oi_1)
     2    0.013219    0.080702    0.101380    0.998649 v _148_/Y (sg13g2_a21oi_1)
                                                         _100_ (net)
                      0.080732    0.000442    0.999091 v _151_/A (sg13g2_xor2_1)
     1    0.002733    0.042252    0.078399    1.077490 v _151_/X (sg13g2_xor2_1)
                                                         DPATH.SUM.fa_5.S (net)
                      0.042252    0.000106    1.077596 v _293_/D (sg13g2_dfrbpq_1)
                                              1.077596   data arrival time

                                  5.000000    5.000000   clock clk (rise edge)
                                  0.000000    5.000000   clock source latency
     1    0.019527    0.000000    0.000000    5.000000 ^ clk (in)
                                                         clk (net)
                      0.002842    0.001421    5.001421 ^ clkbuf_0_clk/A (sg13g2_buf_16)
     2    0.037416    0.015060    0.039469    5.040891 ^ clkbuf_0_clk/X (sg13g2_buf_16)
                                                         clknet_0_clk (net)
                      0.015262    0.002289    5.043180 ^ clkbuf_1_1__f_clk/A (sg13g2_buf_16)
     5    0.023828    0.013708    0.042629    5.085809 ^ clkbuf_1_1__f_clk/X (sg13g2_buf_16)
                                                         clknet_1_1__leaf_clk (net)
                      0.013756    0.001419    5.087229 ^ _293_/CLK (sg13g2_dfrbpq_1)
                                 -0.150000    4.937229   clock uncertainty
                                  0.001134    4.938363   clock reconvergence pessimism
                                 -0.075713    4.862650   library setup time
                                              4.862650   data required time
---------------------------------------------------------------------------------------------
                                              4.862650   data required time
                                             -1.077596   data arrival time
---------------------------------------------------------------------------------------------
                                              3.785054   slack (MET)


Startpoint: _290_ (rising edge-triggered flip-flop clocked by clk)
Endpoint: _296_ (rising edge-triggered flip-flop clocked by clk)
Path Group: clk
Path Type: max

Fanout         Cap        Slew       Delay        Time   Description
---------------------------------------------------------------------------------------------
                                  0.000000    0.000000   clock clk (rise edge)
                                  0.000000    0.000000   clock source latency
     1    0.022783    0.000000    0.000000    0.000000 ^ clk (in)
                                                         clk (net)
                      0.003365    0.001682    0.001682 ^ clkbuf_0_clk/A (sg13g2_buf_16)
     2    0.043928    0.015983    0.040342    0.042024 ^ clkbuf_0_clk/X (sg13g2_buf_16)
                                                         clknet_0_clk (net)
                      0.016104    0.001818    0.043842 ^ clkbuf_1_0__f_clk/A (sg13g2_buf_16)
     5    0.021810    0.013439    0.042794    0.086636 ^ clkbuf_1_0__f_clk/X (sg13g2_buf_16)
                                                         clknet_1_0__leaf_clk (net)
                      0.013443    0.000442    0.087078 ^ _290_/CLK (sg13g2_dfrbpq_1)
     4    0.022705    0.063937    0.143511    0.230589 ^ _290_/Q (sg13g2_dfrbpq_1)
                                                         DPATH.SUM.fa_2.A (net)
                      0.063993    0.001718    0.232307 ^ fanout37/A (sg13g2_buf_1)
     8    0.043402    0.117340    0.126219    0.358526 ^ fanout37/X (sg13g2_buf_1)
                                                         net37 (net)
                      0.117386    0.001929    0.360455 ^ fanout36/A (sg13g2_buf_1)
     8    0.047548    0.128352    0.147952    0.508407 ^ fanout36/X (sg13g2_buf_1)
                                                         net36 (net)
                      0.128720    0.005605    0.514012 ^ _164_/B (sg13g2_and2_1)
     5    0.023607    0.067960    0.124792    0.638804 ^ _164_/X (sg13g2_and2_1)
                                                         _113_ (net)
                      0.067981    0.001150    0.639954 ^ _166_/B (sg13g2_nand2_1)
     4    0.022233    0.113832    0.103816    0.743770 v _166_/Y (sg13g2_nand2_1)
                                                         _115_ (net)
                      0.113876    0.002025    0.745795 v _168_/A (sg13g2_nor2_1)
     2    0.012965    0.093041    0.096560    0.842355 ^ _168_/Y (sg13g2_nor2_1)
                                                         _117_ (net)
                      0.093054    0.000934    0.843289 ^ _170_/A1 (sg13g2_a21o_1)
     1    0.004648    0.024681    0.092628    0.935917 ^ _170_/X (sg13g2_a21o_1)
                                                         _119_ (net)
                      0.024681    0.000336    0.936254 ^ _171_/B (sg13g2_and2_1)
     1    0.003607    0.020553    0.056885    0.993139 ^ _171_/X (sg13g2_and2_1)
                                                         CTRL.P0 (net)
                      0.020553    0.000212    0.993351 ^ _296_/D (sg13g2_dfrbpq_1)
                                              0.993351   data arrival time

                                  5.000000    5.000000   clock clk (rise edge)
                                  0.000000    5.000000   clock source latency
     1    0.019527    0.000000    0.000000    5.000000 ^ clk (in)
                                                         clk (net)
                      0.002842    0.001421    5.001421 ^ clkbuf_0_clk/A (sg13g2_buf_16)
     2    0.037416    0.015060    0.039469    5.040891 ^ clkbuf_0_clk/X (sg13g2_buf_16)
                                                         clknet_0_clk (net)
                      0.015262    0.002289    5.043180 ^ clkbuf_1_1__f_clk/A (sg13g2_buf_16)
     5    0.023828    0.013708    0.042629    5.085809 ^ clkbuf_1_1__f_clk/X (sg13g2_buf_16)
                                                         clknet_1_1__leaf_clk (net)
                      0.013740    0.001197    5.087007 ^ _296_/CLK (sg13g2_dfrbpq_1)
                                 -0.150000    4.937006   clock uncertainty
                                  0.001134    4.938141   clock reconvergence pessimism
                                 -0.076819    4.861321   library setup time
                                              4.861321   data required time
---------------------------------------------------------------------------------------------
                                              4.861321   data required time
                                             -0.993351   data arrival time
---------------------------------------------------------------------------------------------
                                              3.867970   slack (MET)


Startpoint: _289_ (rising edge-triggered flip-flop clocked by clk)
Endpoint: _292_ (rising edge-triggered flip-flop clocked by clk)
Path Group: clk
Path Type: max

Fanout         Cap        Slew       Delay        Time   Description
---------------------------------------------------------------------------------------------
                                  0.000000    0.000000   clock clk (rise edge)
                                  0.000000    0.000000   clock source latency
     1    0.022783    0.000000    0.000000    0.000000 ^ clk (in)
                                                         clk (net)
                      0.003365    0.001682    0.001682 ^ clkbuf_0_clk/A (sg13g2_buf_16)
     2    0.043928    0.015983    0.040342    0.042024 ^ clkbuf_0_clk/X (sg13g2_buf_16)
                                                         clknet_0_clk (net)
                      0.016104    0.001818    0.043842 ^ clkbuf_1_0__f_clk/A (sg13g2_buf_16)
     5    0.021810    0.013439    0.042794    0.086636 ^ clkbuf_1_0__f_clk/X (sg13g2_buf_16)
                                                         clknet_1_0__leaf_clk (net)
                      0.013440    0.000163    0.086800 ^ _289_/CLK (sg13g2_dfrbpq_1)
     1    0.005746    0.022342    0.112727    0.199526 ^ _289_/Q (sg13g2_dfrbpq_1)
                                                         DPATH.SUM.fa_1.A (net)
                      0.022349    0.000408    0.199935 ^ fanout39/A (sg13g2_buf_1)
     8    0.051850    0.138810    0.128740    0.328674 ^ fanout39/X (sg13g2_buf_1)
                                                         net39 (net)
                      0.138877    0.002513    0.331187 ^ fanout38/A (sg13g2_buf_1)
     8    0.039842    0.107963    0.140602    0.471789 ^ fanout38/X (sg13g2_buf_1)
                                                         net38 (net)
                      0.108036    0.001663    0.473452 ^ _137_/B (sg13g2_xnor2_1)
     2    0.010683    0.067095    0.083395    0.556847 v _137_/Y (sg13g2_xnor2_1)
                                                         _091_ (net)
                      0.067095    0.000307    0.557154 v _138_/A2 (sg13g2_o21ai_1)
     2    0.014010    0.118450    0.117956    0.675110 ^ _138_/Y (sg13g2_o21ai_1)
                                                         _092_ (net)
                      0.118462    0.000963    0.676073 ^ _140_/A1 (sg13g2_a21oi_1)
     2    0.011887    0.076034    0.097086    0.773159 v _140_/Y (sg13g2_a21oi_1)
                                                         _094_ (net)
                      0.076034    0.000325    0.773484 v _144_/A1 (sg13g2_o21ai_1)
     2    0.014084    0.115824    0.122924    0.896409 ^ _144_/Y (sg13g2_o21ai_1)
                                                         _097_ (net)
                      0.115838    0.000993    0.897402 ^ _147_/A (sg13g2_xor2_1)
     1    0.002259    0.040740    0.088235    0.985637 ^ _147_/X (sg13g2_xor2_1)
                                                         DPATH.SUM.fa_4.S (net)
                      0.040740    0.000087    0.985725 ^ _292_/D (sg13g2_dfrbpq_1)
                                              0.985725   data arrival time

                                  5.000000    5.000000   clock clk (rise edge)
                                  0.000000    5.000000   clock source latency
     1    0.019527    0.000000    0.000000    5.000000 ^ clk (in)
                                                         clk (net)
                      0.002842    0.001421    5.001421 ^ clkbuf_0_clk/A (sg13g2_buf_16)
     2    0.037416    0.015060    0.039469    5.040891 ^ clkbuf_0_clk/X (sg13g2_buf_16)
                                                         clknet_0_clk (net)
                      0.015116    0.001541    5.042431 ^ clkbuf_1_0__f_clk/A (sg13g2_buf_16)
     5    0.019096    0.012983    0.042087    5.084518 ^ clkbuf_1_0__f_clk/X (sg13g2_buf_16)
                                                         clknet_1_0__leaf_clk (net)
                      0.012989    0.000556    5.085075 ^ _292_/CLK (sg13g2_dfrbpq_1)
                                 -0.150000    4.935075   clock uncertainty
                                  0.002118    4.937193   clock reconvergence pessimism
                                 -0.081821    4.855372   library setup time
                                              4.855372   data required time
---------------------------------------------------------------------------------------------
                                              4.855372   data required time
                                             -0.985725   data arrival time
---------------------------------------------------------------------------------------------
                                              3.869647   slack (MET)


Startpoint: _290_ (rising edge-triggered flip-flop clocked by clk)
Endpoint: _295_ (rising edge-triggered flip-flop clocked by clk)
Path Group: clk
Path Type: max

Fanout         Cap        Slew       Delay        Time   Description
---------------------------------------------------------------------------------------------
                                  0.000000    0.000000   clock clk (rise edge)
                                  0.000000    0.000000   clock source latency
     1    0.022783    0.000000    0.000000    0.000000 ^ clk (in)
                                                         clk (net)
                      0.003365    0.001682    0.001682 ^ clkbuf_0_clk/A (sg13g2_buf_16)
     2    0.043928    0.015983    0.040342    0.042024 ^ clkbuf_0_clk/X (sg13g2_buf_16)
                                                         clknet_0_clk (net)
                      0.016104    0.001818    0.043842 ^ clkbuf_1_0__f_clk/A (sg13g2_buf_16)
     5    0.021810    0.013439    0.042794    0.086636 ^ clkbuf_1_0__f_clk/X (sg13g2_buf_16)
                                                         clknet_1_0__leaf_clk (net)
                      0.013443    0.000442    0.087078 ^ _290_/CLK (sg13g2_dfrbpq_1)
     4    0.022557    0.052752    0.138164    0.225242 v _290_/Q (sg13g2_dfrbpq_1)
                                                         DPATH.SUM.fa_2.A (net)
                      0.052821    0.001706    0.226948 v fanout37/A (sg13g2_buf_1)
     8    0.040901    0.090419    0.109451    0.336399 v fanout37/X (sg13g2_buf_1)
                                                         net37 (net)
                      0.090545    0.002794    0.339193 v _156_/B (sg13g2_nor2_1)
     5    0.026861    0.153055    0.150975    0.490168 ^ _156_/Y (sg13g2_nor2_1)
                                                         _106_ (net)
                      0.153079    0.001559    0.491727 ^ _157_/A (sg13g2_inv_1)
     4    0.017267    0.072286    0.086969    0.578696 v _157_/Y (sg13g2_inv_1)
                                                         _107_ (net)
                      0.072307    0.001121    0.579817 v _158_/B (sg13g2_nor2_1)
     1    0.004625    0.048132    0.050858    0.630675 ^ _158_/Y (sg13g2_nor2_1)
                                                         _108_ (net)
                      0.048133    0.000341    0.631015 ^ _162_/C (sg13g2_nand4_1)
     2    0.016026    0.149866    0.147369    0.778384 v _162_/Y (sg13g2_nand4_1)
                                                         _112_ (net)
                      0.149876    0.001021    0.779406 v _163_/B (sg13g2_xnor2_1)
     1    0.002768    0.034493    0.089160    0.868565 v _163_/Y (sg13g2_xnor2_1)
                                                         CTRL.P1 (net)
                      0.034493    0.000174    0.868740 v _295_/D (sg13g2_dfrbpq_1)
                                              0.868740   data arrival time

                                  5.000000    5.000000   clock clk (rise edge)
                                  0.000000    5.000000   clock source latency
     1    0.019527    0.000000    0.000000    5.000000 ^ clk (in)
                                                         clk (net)
                      0.002842    0.001421    5.001421 ^ clkbuf_0_clk/A (sg13g2_buf_16)
     2    0.037416    0.015060    0.039469    5.040891 ^ clkbuf_0_clk/X (sg13g2_buf_16)
                                                         clknet_0_clk (net)
                      0.015262    0.002289    5.043180 ^ clkbuf_1_1__f_clk/A (sg13g2_buf_16)
     5    0.023828    0.013708    0.042629    5.085809 ^ clkbuf_1_1__f_clk/X (sg13g2_buf_16)
                                                         clknet_1_1__leaf_clk (net)
                      0.013745    0.001265    5.087074 ^ _295_/CLK (sg13g2_dfrbpq_1)
                                 -0.150000    4.937075   clock uncertainty
                                  0.001134    4.938209   clock reconvergence pessimism
                                 -0.073635    4.864574   library setup time
                                              4.864574   data required time
---------------------------------------------------------------------------------------------
                                              4.864574   data required time
                                             -0.868740   data arrival time
---------------------------------------------------------------------------------------------
                                              3.995834   slack (MET)


Startpoint: _289_ (rising edge-triggered flip-flop clocked by clk)
Endpoint: _291_ (rising edge-triggered flip-flop clocked by clk)
Path Group: clk
Path Type: max

Fanout         Cap        Slew       Delay        Time   Description
---------------------------------------------------------------------------------------------
                                  0.000000    0.000000   clock clk (rise edge)
                                  0.000000    0.000000   clock source latency
     1    0.022783    0.000000    0.000000    0.000000 ^ clk (in)
                                                         clk (net)
                      0.003365    0.001682    0.001682 ^ clkbuf_0_clk/A (sg13g2_buf_16)
     2    0.043928    0.015983    0.040342    0.042024 ^ clkbuf_0_clk/X (sg13g2_buf_16)
                                                         clknet_0_clk (net)
                      0.016104    0.001818    0.043842 ^ clkbuf_1_0__f_clk/A (sg13g2_buf_16)
     5    0.021810    0.013439    0.042794    0.086636 ^ clkbuf_1_0__f_clk/X (sg13g2_buf_16)
                                                         clknet_1_0__leaf_clk (net)
                      0.013440    0.000163    0.086800 ^ _289_/CLK (sg13g2_dfrbpq_1)
     1    0.005746    0.022342    0.112727    0.199526 ^ _289_/Q (sg13g2_dfrbpq_1)
                                                         DPATH.SUM.fa_1.A (net)
                      0.022349    0.000408    0.199935 ^ fanout39/A (sg13g2_buf_1)
     8    0.051850    0.138810    0.128740    0.328674 ^ fanout39/X (sg13g2_buf_1)
                                                         net39 (net)
                      0.138877    0.002513    0.331187 ^ fanout38/A (sg13g2_buf_1)
     8    0.039842    0.107963    0.140602    0.471789 ^ fanout38/X (sg13g2_buf_1)
                                                         net38 (net)
                      0.108036    0.001663    0.473452 ^ _137_/B (sg13g2_xnor2_1)
     2    0.010683    0.067095    0.083395    0.556847 v _137_/Y (sg13g2_xnor2_1)
                                                         _091_ (net)
                      0.067095    0.000307    0.557154 v _138_/A2 (sg13g2_o21ai_1)
     2    0.014010    0.118450    0.117956    0.675110 ^ _138_/Y (sg13g2_o21ai_1)
                                                         _092_ (net)
                      0.118462    0.000963    0.676073 ^ _140_/A1 (sg13g2_a21oi_1)
     2    0.011887    0.076034    0.097086    0.773159 v _140_/Y (sg13g2_a21oi_1)
                                                         _094_ (net)
                      0.076035    0.000404    0.773563 v _143_/A (sg13g2_xor2_1)
     1    0.003111    0.042388    0.077837    0.851400 v _143_/X (sg13g2_xor2_1)
                                                         DPATH.SUM.fa_3.S (net)
                      0.042388    0.000195    0.851594 v _291_/D (sg13g2_dfrbpq_1)
                                              0.851594   data arrival time

                                  5.000000    5.000000   clock clk (rise edge)
                                  0.000000    5.000000   clock source latency
     1    0.019527    0.000000    0.000000    5.000000 ^ clk (in)
                                                         clk (net)
                      0.002842    0.001421    5.001421 ^ clkbuf_0_clk/A (sg13g2_buf_16)
     2    0.037416    0.015060    0.039469    5.040891 ^ clkbuf_0_clk/X (sg13g2_buf_16)
                                                         clknet_0_clk (net)
                      0.015116    0.001541    5.042431 ^ clkbuf_1_0__f_clk/A (sg13g2_buf_16)
     5    0.019096    0.012983    0.042087    5.084518 ^ clkbuf_1_0__f_clk/X (sg13g2_buf_16)
                                                         clknet_1_0__leaf_clk (net)
                      0.012986    0.000396    5.084914 ^ _291_/CLK (sg13g2_dfrbpq_1)
                                 -0.150000    4.934915   clock uncertainty
                                  0.002118    4.937033   clock reconvergence pessimism
                                 -0.075893    4.861139   library setup time
                                              4.861139   data required time
---------------------------------------------------------------------------------------------
                                              4.861139   data required time
                                             -0.851594   data arrival time
---------------------------------------------------------------------------------------------
                                              4.009545   slack (MET)


Startpoint: _289_ (rising edge-triggered flip-flop clocked by clk)
Endpoint: _290_ (rising edge-triggered flip-flop clocked by clk)
Path Group: clk
Path Type: max

Fanout         Cap        Slew       Delay        Time   Description
---------------------------------------------------------------------------------------------
                                  0.000000    0.000000   clock clk (rise edge)
                                  0.000000    0.000000   clock source latency
     1    0.022783    0.000000    0.000000    0.000000 ^ clk (in)
                                                         clk (net)
                      0.003365    0.001682    0.001682 ^ clkbuf_0_clk/A (sg13g2_buf_16)
     2    0.043928    0.015983    0.040342    0.042024 ^ clkbuf_0_clk/X (sg13g2_buf_16)
                                                         clknet_0_clk (net)
                      0.016104    0.001818    0.043842 ^ clkbuf_1_0__f_clk/A (sg13g2_buf_16)
     5    0.021810    0.013439    0.042794    0.086636 ^ clkbuf_1_0__f_clk/X (sg13g2_buf_16)
                                                         clknet_1_0__leaf_clk (net)
                      0.013440    0.000163    0.086800 ^ _289_/CLK (sg13g2_dfrbpq_1)
     1    0.005746    0.022342    0.112727    0.199526 ^ _289_/Q (sg13g2_dfrbpq_1)
                                                         DPATH.SUM.fa_1.A (net)
                      0.022349    0.000408    0.199935 ^ fanout39/A (sg13g2_buf_1)
     8    0.051850    0.138810    0.128740    0.328674 ^ fanout39/X (sg13g2_buf_1)
                                                         net39 (net)
                      0.138877    0.002513    0.331187 ^ fanout38/A (sg13g2_buf_1)
     8    0.039842    0.107963    0.140602    0.471789 ^ fanout38/X (sg13g2_buf_1)
                                                         net38 (net)
                      0.108036    0.001663    0.473452 ^ _137_/B (sg13g2_xnor2_1)
     2    0.010683    0.067095    0.083395    0.556847 v _137_/Y (sg13g2_xnor2_1)
                                                         _091_ (net)
                      0.067095    0.000307    0.557154 v _138_/A2 (sg13g2_o21ai_1)
     2    0.014010    0.118450    0.117956    0.675110 ^ _138_/Y (sg13g2_o21ai_1)
                                                         _092_ (net)
                      0.118461    0.000902    0.676013 ^ _278_/A (sg13g2_xor2_1)
     1    0.002615    0.042690    0.090186    0.766199 ^ _278_/X (sg13g2_xor2_1)
                                                         DPATH.SUM.fa_2.S (net)
                      0.042690    0.000170    0.766369 ^ _290_/D (sg13g2_dfrbpq_1)
                                              0.766369   data arrival time

                                  5.000000    5.000000   clock clk (rise edge)
                                  0.000000    5.000000   clock source latency
     1    0.019527    0.000000    0.000000    5.000000 ^ clk (in)
                                                         clk (net)
                      0.002842    0.001421    5.001421 ^ clkbuf_0_clk/A (sg13g2_buf_16)
     2    0.037416    0.015060    0.039469    5.040891 ^ clkbuf_0_clk/X (sg13g2_buf_16)
                                                         clknet_0_clk (net)
                      0.015116    0.001541    5.042431 ^ clkbuf_1_0__f_clk/A (sg13g2_buf_16)
     5    0.019096    0.012983    0.042087    5.084518 ^ clkbuf_1_0__f_clk/X (sg13g2_buf_16)
                                                         clknet_1_0__leaf_clk (net)
                      0.012986    0.000385    5.084903 ^ _290_/CLK (sg13g2_dfrbpq_1)
                                 -0.150000    4.934903   clock uncertainty
                                  0.002118    4.937021   clock reconvergence pessimism
                                 -0.082296    4.854725   library setup time
                                              4.854725   data required time
---------------------------------------------------------------------------------------------
                                              4.854725   data required time
                                             -0.766369   data arrival time
---------------------------------------------------------------------------------------------
                                              4.088356   slack (MET)


Startpoint: _289_ (rising edge-triggered flip-flop clocked by clk)
Endpoint: _289_ (rising edge-triggered flip-flop clocked by clk)
Path Group: clk
Path Type: max

Fanout         Cap        Slew       Delay        Time   Description
---------------------------------------------------------------------------------------------
                                  0.000000    0.000000   clock clk (rise edge)
                                  0.000000    0.000000   clock source latency
     1    0.022783    0.000000    0.000000    0.000000 ^ clk (in)
                                                         clk (net)
                      0.003365    0.001682    0.001682 ^ clkbuf_0_clk/A (sg13g2_buf_16)
     2    0.043928    0.015983    0.040342    0.042024 ^ clkbuf_0_clk/X (sg13g2_buf_16)
                                                         clknet_0_clk (net)
                      0.016104    0.001818    0.043842 ^ clkbuf_1_0__f_clk/A (sg13g2_buf_16)
     5    0.021810    0.013439    0.042794    0.086636 ^ clkbuf_1_0__f_clk/X (sg13g2_buf_16)
                                                         clknet_1_0__leaf_clk (net)
                      0.013440    0.000163    0.086800 ^ _289_/CLK (sg13g2_dfrbpq_1)
     1    0.005746    0.022342    0.112727    0.199526 ^ _289_/Q (sg13g2_dfrbpq_1)
                                                         DPATH.SUM.fa_1.A (net)
                      0.022349    0.000408    0.199935 ^ fanout39/A (sg13g2_buf_1)
     8    0.051850    0.138810    0.128740    0.328674 ^ fanout39/X (sg13g2_buf_1)
                                                         net39 (net)
                      0.138877    0.002513    0.331187 ^ fanout38/A (sg13g2_buf_1)
     8    0.039842    0.107963    0.140602    0.471789 ^ fanout38/X (sg13g2_buf_1)
                                                         net38 (net)
                      0.108036    0.001663    0.473452 ^ _137_/B (sg13g2_xnor2_1)
     2    0.011797    0.091437    0.103034    0.576486 ^ _137_/Y (sg13g2_xnor2_1)
                                                         _091_ (net)
                      0.091439    0.000388    0.576874 ^ _279_/B (sg13g2_xnor2_1)
     1    0.002223    0.046631    0.074065    0.650940 ^ _279_/Y (sg13g2_xnor2_1)
                                                         DPATH.SUM.fa_1.S (net)
                      0.046631    0.000085    0.651024 ^ _289_/D (sg13g2_dfrbpq_1)
                                              0.651024   data arrival time

                                  5.000000    5.000000   clock clk (rise edge)
                                  0.000000    5.000000   clock source latency
     1    0.019527    0.000000    0.000000    5.000000 ^ clk (in)
                                                         clk (net)
                      0.002842    0.001421    5.001421 ^ clkbuf_0_clk/A (sg13g2_buf_16)
     2    0.037416    0.015060    0.039469    5.040891 ^ clkbuf_0_clk/X (sg13g2_buf_16)
                                                         clknet_0_clk (net)
                      0.015116    0.001541    5.042431 ^ clkbuf_1_0__f_clk/A (sg13g2_buf_16)
     5    0.019096    0.012983    0.042087    5.084518 ^ clkbuf_1_0__f_clk/X (sg13g2_buf_16)
                                                         clknet_1_0__leaf_clk (net)
                      0.012984    0.000140    5.084659 ^ _289_/CLK (sg13g2_dfrbpq_1)
                                 -0.150000    4.934659   clock uncertainty
                                  0.002141    4.936800   clock reconvergence pessimism
                                 -0.083256    4.853543   library setup time
                                              4.853543   data required time
---------------------------------------------------------------------------------------------
                                              4.853543   data required time
                                             -0.651024   data arrival time
---------------------------------------------------------------------------------------------
                                              4.202519   slack (MET)


Startpoint: _288_ (rising edge-triggered flip-flop clocked by clk)
Endpoint: _288_ (rising edge-triggered flip-flop clocked by clk)
Path Group: clk
Path Type: max

Fanout         Cap        Slew       Delay        Time   Description
---------------------------------------------------------------------------------------------
                                  0.000000    0.000000   clock clk (rise edge)
                                  0.000000    0.000000   clock source latency
     1    0.022783    0.000000    0.000000    0.000000 ^ clk (in)
                                                         clk (net)
                      0.003365    0.001682    0.001682 ^ clkbuf_0_clk/A (sg13g2_buf_16)
     2    0.043928    0.015983    0.040342    0.042024 ^ clkbuf_0_clk/X (sg13g2_buf_16)
                                                         clknet_0_clk (net)
                      0.016104    0.001818    0.043842 ^ clkbuf_1_0__f_clk/A (sg13g2_buf_16)
     5    0.021810    0.013439    0.042794    0.086636 ^ clkbuf_1_0__f_clk/X (sg13g2_buf_16)
                                                         clknet_1_0__leaf_clk (net)
                      0.013444    0.000465    0.087101 ^ _288_/CLK (sg13g2_dfrbpq_1)
     1    0.004127    0.018681    0.109728    0.196830 ^ _288_/Q (sg13g2_dfrbpq_1)
                                                         DPATH.SUM.Cout0 (net)
                      0.018681    0.000286    0.197115 ^ fanout41/A (sg13g2_buf_1)
     8    0.052554    0.140699    0.127579    0.324695 ^ fanout41/X (sg13g2_buf_1)
                                                         net41 (net)
                      0.140851    0.003808    0.328503 ^ _132_/A (sg13g2_inv_1)
     8    0.047097    0.123284    0.147495    0.475998 v _132_/Y (sg13g2_inv_1)
                                                         DPATH.SUM.ha_0.S (net)
                      0.123694    0.005791    0.481789 v _288_/D (sg13g2_dfrbpq_1)
                                              0.481789   data arrival time

                                  5.000000    5.000000   clock clk (rise edge)
                                  0.000000    5.000000   clock source latency
     1    0.019527    0.000000    0.000000    5.000000 ^ clk (in)
                                                         clk (net)
                      0.002842    0.001421    5.001421 ^ clkbuf_0_clk/A (sg13g2_buf_16)
     2    0.037416    0.015060    0.039469    5.040891 ^ clkbuf_0_clk/X (sg13g2_buf_16)
                                                         clknet_0_clk (net)
                      0.015116    0.001541    5.042431 ^ clkbuf_1_0__f_clk/A (sg13g2_buf_16)
     5    0.019096    0.012983    0.042087    5.084518 ^ clkbuf_1_0__f_clk/X (sg13g2_buf_16)
                                                         clknet_1_0__leaf_clk (net)
                      0.012986    0.000408    5.084926 ^ _288_/CLK (sg13g2_dfrbpq_1)
                                 -0.150000    4.934926   clock uncertainty
                                  0.002175    4.937101   clock reconvergence pessimism
                                 -0.097690    4.839412   library setup time
                                              4.839412   data required time
---------------------------------------------------------------------------------------------
                                              4.839412   data required time
                                             -0.481789   data arrival time
---------------------------------------------------------------------------------------------
                                              4.357623   slack (MET)



