
===========================================================================
report_checks -path_delay max (Setup)
============================================================================
======================= nom_typ_1p20V_25C Corner ===================================

Startpoint: _305_ (rising edge-triggered flip-flop clocked by clk)
Endpoint: sine_out[1] (output port clocked by clk)
Path Group: clk
Path Type: max

Fanout         Cap        Slew       Delay        Time   Description
---------------------------------------------------------------------------------------------
                                  0.000000    0.000000   clock clk (rise edge)
                                  0.000000    0.000000   clock source latency
     1    0.022646    0.000000    0.000000    0.000000 ^ clk (in)
                                                         clk (net)
                      0.001423    0.000711    0.000711 ^ clkbuf_0_clk/A (sg13g2_buf_16)
     2    0.038127    0.022237    0.054876    0.055587 ^ clkbuf_0_clk/X (sg13g2_buf_16)
                                                         clknet_0_clk (net)
                      0.022238    0.000448    0.056035 ^ clkbuf_1_1__f_clk/A (sg13g2_buf_16)
     5    0.019529    0.018980    0.061357    0.117392 ^ clkbuf_1_1__f_clk/X (sg13g2_buf_16)
                                                         clknet_1_1__leaf_clk (net)
                      0.018982    0.000317    0.117709 ^ _305_/CLK (sg13g2_dfrbpq_1)
     3    0.015189    0.054698    0.188965    0.306674 v _305_/Q (sg13g2_dfrbpq_1)
                                                         DPATH.SUM.fa_1.A (net)
                      0.054698    0.000170    0.306844 v fanout38/A (sg13g2_buf_1)
     8    0.040050    0.128903    0.160518    0.467362 v fanout38/X (sg13g2_buf_1)
                                                         net38 (net)
                      0.128903    0.000324    0.467686 v fanout37/A (sg13g2_buf_1)
     8    0.027543    0.091991    0.160001    0.627687 v fanout37/X (sg13g2_buf_1)
                                                         net37 (net)
                      0.091991    0.000359    0.628046 v _154_/B (sg13g2_nor2_1)
     4    0.016223    0.154323    0.154781    0.782827 ^ _154_/Y (sg13g2_nor2_1)
                                                         _112_ (net)
                      0.154323    0.000170    0.782998 ^ _211_/B (sg13g2_nand2_1)
     3    0.008963    0.078704    0.112265    0.895263 v _211_/Y (sg13g2_nand2_1)
                                                         _024_ (net)
                      0.078704    0.000074    0.895337 v _214_/B (sg13g2_and3_1)
     3    0.011027    0.045337    0.120151    1.015488 v _214_/X (sg13g2_and3_1)
                                                         _027_ (net)
                      0.045337    0.000122    1.015610 v _249_/A2 (sg13g2_a221oi_1)
     1    0.003572    0.113839    0.151963    1.167573 ^ _249_/Y (sg13g2_a221oi_1)
                                                         _061_ (net)
                      0.113839    0.000031    1.167604 ^ _250_/B (sg13g2_nor2_1)
     1    0.003695    0.037175    0.055545    1.223149 v _250_/Y (sg13g2_nor2_1)
                                                         _062_ (net)
                      0.037175    0.000034    1.223183 v _256_/B (sg13g2_nor4_1)
     1    0.005878    0.156422    0.175075    1.398258 ^ _256_/Y (sg13g2_nor4_1)
                                                         _068_ (net)
                      0.156422    0.000139    1.398398 ^ _267_/B1 (sg13g2_a21oi_1)
     1    0.005655    0.061022    0.072548    1.470946 v _267_/Y (sg13g2_a21oi_1)
                                                         net13 (net)
                      0.061023    0.000135    1.471081 v output13/A (sg13g2_buf_1)
     1    0.010000    0.041639    0.093023    1.564105 v output13/X (sg13g2_buf_1)
                                                         sine_out[1] (net)
                      0.041639    0.000000    1.564105 v sine_out[1] (out)
                                              1.564105   data arrival time

                                  5.000000    5.000000   clock clk (rise edge)
                                  0.000000    5.000000   clock network delay (propagated)
                                 -0.150000    4.850000   clock uncertainty
                                  0.000000    4.850000   clock reconvergence pessimism
                                 -1.000000    3.850000   output external delay
                                              3.850000   data required time
---------------------------------------------------------------------------------------------
                                              3.850000   data required time
                                             -1.564105   data arrival time
---------------------------------------------------------------------------------------------
                                              2.285895   slack (MET)


Startpoint: _304_ (rising edge-triggered flip-flop clocked by clk)
Endpoint: sine_out[0] (output port clocked by clk)
Path Group: clk
Path Type: max

Fanout         Cap        Slew       Delay        Time   Description
---------------------------------------------------------------------------------------------
                                  0.000000    0.000000   clock clk (rise edge)
                                  0.000000    0.000000   clock source latency
     1    0.022646    0.000000    0.000000    0.000000 ^ clk (in)
                                                         clk (net)
                      0.001423    0.000711    0.000711 ^ clkbuf_0_clk/A (sg13g2_buf_16)
     2    0.038127    0.022237    0.054876    0.055587 ^ clkbuf_0_clk/X (sg13g2_buf_16)
                                                         clknet_0_clk (net)
                      0.022238    0.000448    0.056035 ^ clkbuf_1_1__f_clk/A (sg13g2_buf_16)
     5    0.019529    0.018980    0.061357    0.117392 ^ clkbuf_1_1__f_clk/X (sg13g2_buf_16)
                                                         clknet_1_1__leaf_clk (net)
                      0.018982    0.000359    0.117750 ^ _304_/CLK (sg13g2_dfrbpq_1)
     1    0.002451    0.022356    0.160718    0.278469 ^ _304_/Q (sg13g2_dfrbpq_1)
                                                         DPATH.SUM.Cout0 (net)
                      0.022356    0.000013    0.278482 ^ fanout41/A (sg13g2_buf_1)
     6    0.028037    0.120122    0.129289    0.407771 ^ fanout41/X (sg13g2_buf_1)
                                                         net41 (net)
                      0.120122    0.000179    0.407950 ^ fanout40/A (sg13g2_buf_1)
     4    0.017411    0.079904    0.137799    0.545749 ^ fanout40/X (sg13g2_buf_1)
                                                         net40 (net)
                      0.079904    0.000120    0.545869 ^ fanout39/A (sg13g2_buf_1)
     8    0.031177    0.132883    0.163370    0.709239 ^ fanout39/X (sg13g2_buf_1)
                                                         net39 (net)
                      0.132883    0.000521    0.709760 ^ _163_/B (sg13g2_nand2_1)
     4    0.014332    0.102062    0.133682    0.843442 v _163_/Y (sg13g2_nand2_1)
                                                         _119_ (net)
                      0.102062    0.000255    0.843697 v _208_/B (sg13g2_and2_1)
     3    0.010662    0.043893    0.123880    0.967577 v _208_/X (sg13g2_and2_1)
                                                         _021_ (net)
                      0.043893    0.000097    0.967674 v _210_/B (sg13g2_nor2_1)
     3    0.011220    0.112492    0.105056    1.072730 ^ _210_/Y (sg13g2_nor2_1)
                                                         _023_ (net)
                      0.112492    0.000133    1.072863 ^ _219_/A1 (sg13g2_a21oi_1)
     1    0.003207    0.054839    0.083360    1.156223 v _219_/Y (sg13g2_a21oi_1)
                                                         _032_ (net)
                      0.054839    0.000018    1.156241 v _220_/A2 (sg13g2_a21oi_1)
     1    0.005846    0.086491    0.096947    1.253188 ^ _220_/Y (sg13g2_a21oi_1)
                                                         _033_ (net)
                      0.086491    0.000136    1.253324 ^ _232_/C1 (sg13g2_a221oi_1)
     1    0.004054    0.082115    0.056559    1.309883 v _232_/Y (sg13g2_a221oi_1)
                                                         _045_ (net)
                      0.082115    0.000044    1.309927 v _247_/A2 (sg13g2_a22oi_1)
     1    0.004984    0.082781    0.109635    1.419562 ^ _247_/Y (sg13g2_a22oi_1)
                                                         net4 (net)
                      0.082781    0.000105    1.419666 ^ output4/A (sg13g2_buf_1)
     1    0.010000    0.052296    0.103654    1.523320 ^ output4/X (sg13g2_buf_1)
                                                         sine_out[0] (net)
                      0.052296    0.000000    1.523320 ^ sine_out[0] (out)
                                              1.523320   data arrival time

                                  5.000000    5.000000   clock clk (rise edge)
                                  0.000000    5.000000   clock network delay (propagated)
                                 -0.150000    4.850000   clock uncertainty
                                  0.000000    4.850000   clock reconvergence pessimism
                                 -1.000000    3.850000   output external delay
                                              3.850000   data required time
---------------------------------------------------------------------------------------------
                                              3.850000   data required time
                                             -1.523320   data arrival time
---------------------------------------------------------------------------------------------
                                              2.326680   slack (MET)


Startpoint: _308_ (rising edge-triggered flip-flop clocked by clk)
Endpoint: sine_out[2] (output port clocked by clk)
Path Group: clk
Path Type: max

Fanout         Cap        Slew       Delay        Time   Description
---------------------------------------------------------------------------------------------
                                  0.000000    0.000000   clock clk (rise edge)
                                  0.000000    0.000000   clock source latency
     1    0.022646    0.000000    0.000000    0.000000 ^ clk (in)
                                                         clk (net)
                      0.001423    0.000711    0.000711 ^ clkbuf_0_clk/A (sg13g2_buf_16)
     2    0.038127    0.022237    0.054876    0.055587 ^ clkbuf_0_clk/X (sg13g2_buf_16)
                                                         clknet_0_clk (net)
                      0.022241    0.000546    0.056133 ^ clkbuf_1_0__f_clk/A (sg13g2_buf_16)
     5    0.021275    0.019382    0.061694    0.117827 ^ clkbuf_1_0__f_clk/X (sg13g2_buf_16)
                                                         clknet_1_0__leaf_clk (net)
                      0.019385    0.000434    0.118262 ^ _308_/CLK (sg13g2_dfrbpq_1)
     3    0.015419    0.070858    0.198439    0.316701 ^ _308_/Q (sg13g2_dfrbpq_1)
                                                         DPATH.SUM.fa_4.A (net)
                      0.070858    0.000105    0.316806 ^ fanout32/A (sg13g2_buf_1)
     8    0.033739    0.143057    0.166776    0.483582 ^ fanout32/X (sg13g2_buf_1)
                                                         net32 (net)
                      0.143057    0.000202    0.483784 ^ fanout31/A (sg13g2_buf_1)
     8    0.030889    0.132021    0.182842    0.666626 ^ fanout31/X (sg13g2_buf_1)
                                                         net31 (net)
                      0.132021    0.000086    0.666712 ^ fanout30/A (sg13g2_buf_1)
     8    0.029142    0.124954    0.175028    0.841741 ^ fanout30/X (sg13g2_buf_1)
                                                         net30 (net)
                      0.124954    0.000109    0.841849 ^ _229_/A (sg13g2_nand3_1)
     3    0.010814    0.123260    0.143046    0.984895 v _229_/Y (sg13g2_nand3_1)
                                                         _042_ (net)
                      0.123260    0.000104    0.984999 v _268_/B (sg13g2_and2_1)
     1    0.003241    0.024324    0.111270    1.096269 v _268_/X (sg13g2_and2_1)
                                                         _079_ (net)
                      0.024324    0.000016    1.096285 v _269_/B1 (sg13g2_o21ai_1)
     2    0.007391    0.110625    0.050494    1.146779 ^ _269_/Y (sg13g2_o21ai_1)
                                                         _080_ (net)
                      0.110625    0.000052    1.146830 ^ _270_/A2 (sg13g2_a21oi_1)
     1    0.003275    0.059843    0.086665    1.233496 v _270_/Y (sg13g2_a21oi_1)
                                                         _081_ (net)
                      0.059843    0.000017    1.233513 v _271_/B1 (sg13g2_o21ai_1)
     1    0.003792    0.079479    0.049746    1.283259 ^ _271_/Y (sg13g2_o21ai_1)
                                                         _082_ (net)
                      0.079479    0.000038    1.283297 ^ _288_/A1 (sg13g2_a21oi_1)
     1    0.005115    0.058142    0.081464    1.364761 v _288_/Y (sg13g2_a21oi_1)
                                                         net14 (net)
                      0.058142    0.000104    1.364865 v output14/A (sg13g2_buf_1)
     1    0.010000    0.041569    0.091791    1.456656 v output14/X (sg13g2_buf_1)
                                                         sine_out[2] (net)
                      0.041569    0.000000    1.456656 v sine_out[2] (out)
                                              1.456656   data arrival time

                                  5.000000    5.000000   clock clk (rise edge)
                                  0.000000    5.000000   clock network delay (propagated)
                                 -0.150000    4.850000   clock uncertainty
                                  0.000000    4.850000   clock reconvergence pessimism
                                 -1.000000    3.850000   output external delay
                                              3.850000   data required time
---------------------------------------------------------------------------------------------
                                              3.850000   data required time
                                             -1.456656   data arrival time
---------------------------------------------------------------------------------------------
                                              2.393344   slack (MET)


Startpoint: _305_ (rising edge-triggered flip-flop clocked by clk)
Endpoint: sine_out[8] (output port clocked by clk)
Path Group: clk
Path Type: max

Fanout         Cap        Slew       Delay        Time   Description
---------------------------------------------------------------------------------------------
                                  0.000000    0.000000   clock clk (rise edge)
                                  0.000000    0.000000   clock source latency
     1    0.022646    0.000000    0.000000    0.000000 ^ clk (in)
                                                         clk (net)
                      0.001423    0.000711    0.000711 ^ clkbuf_0_clk/A (sg13g2_buf_16)
     2    0.038127    0.022237    0.054876    0.055587 ^ clkbuf_0_clk/X (sg13g2_buf_16)
                                                         clknet_0_clk (net)
                      0.022238    0.000448    0.056035 ^ clkbuf_1_1__f_clk/A (sg13g2_buf_16)
     5    0.019529    0.018980    0.061357    0.117392 ^ clkbuf_1_1__f_clk/X (sg13g2_buf_16)
                                                         clknet_1_1__leaf_clk (net)
                      0.018982    0.000317    0.117709 ^ _305_/CLK (sg13g2_dfrbpq_1)
     3    0.015551    0.071359    0.198664    0.316373 ^ _305_/Q (sg13g2_dfrbpq_1)
                                                         DPATH.SUM.fa_1.A (net)
                      0.071359    0.000174    0.316547 ^ fanout38/A (sg13g2_buf_1)
     8    0.040716    0.170947    0.186214    0.502761 ^ fanout38/X (sg13g2_buf_1)
                                                         net38 (net)
                      0.170947    0.000329    0.503090 ^ fanout37/A (sg13g2_buf_1)
     8    0.028420    0.122349    0.183625    0.686715 ^ fanout37/X (sg13g2_buf_1)
                                                         net37 (net)
                      0.122349    0.000448    0.687163 ^ _164_/B (sg13g2_and2_1)
     4    0.015512    0.075315    0.154072    0.841235 ^ _164_/X (sg13g2_and2_1)
                                                         _120_ (net)
                      0.075315    0.000192    0.841427 ^ _169_/B (sg13g2_nand2_1)
     3    0.010891    0.089338    0.097979    0.939406 v _169_/Y (sg13g2_nand2_1)
                                                         _124_ (net)
                      0.089338    0.000085    0.939490 v _291_/B (sg13g2_nor2_1)
     2    0.007783    0.089801    0.099670    1.039161 ^ _291_/Y (sg13g2_nor2_1)
                                                         _099_ (net)
                      0.089801    0.000078    1.039239 ^ _295_/A2 (sg13g2_a21oi_1)
     1    0.003263    0.047945    0.080342    1.119581 v _295_/Y (sg13g2_a21oi_1)
                                                         net20 (net)
                      0.047945    0.000037    1.119618 v output20/A (sg13g2_buf_1)
     1    0.010000    0.041320    0.087429    1.207047 v output20/X (sg13g2_buf_1)
                                                         sine_out[8] (net)
                      0.041320    0.000000    1.207047 v sine_out[8] (out)
                                              1.207047   data arrival time

                                  5.000000    5.000000   clock clk (rise edge)
                                  0.000000    5.000000   clock network delay (propagated)
                                 -0.150000    4.850000   clock uncertainty
                                  0.000000    4.850000   clock reconvergence pessimism
                                 -1.000000    3.850000   output external delay
                                              3.850000   data required time
---------------------------------------------------------------------------------------------
                                              3.850000   data required time
                                             -1.207047   data arrival time
---------------------------------------------------------------------------------------------
                                              2.642953   slack (MET)


Startpoint: _305_ (rising edge-triggered flip-flop clocked by clk)
Endpoint: sine_out[15] (output port clocked by clk)
Path Group: clk
Path Type: max

Fanout         Cap        Slew       Delay        Time   Description
---------------------------------------------------------------------------------------------
                                  0.000000    0.000000   clock clk (rise edge)
                                  0.000000    0.000000   clock source latency
     1    0.022646    0.000000    0.000000    0.000000 ^ clk (in)
                                                         clk (net)
                      0.001423    0.000711    0.000711 ^ clkbuf_0_clk/A (sg13g2_buf_16)
     2    0.038127    0.022237    0.054876    0.055587 ^ clkbuf_0_clk/X (sg13g2_buf_16)
                                                         clknet_0_clk (net)
                      0.022238    0.000448    0.056035 ^ clkbuf_1_1__f_clk/A (sg13g2_buf_16)
     5    0.019529    0.018980    0.061357    0.117392 ^ clkbuf_1_1__f_clk/X (sg13g2_buf_16)
                                                         clknet_1_1__leaf_clk (net)
                      0.018982    0.000317    0.117709 ^ _305_/CLK (sg13g2_dfrbpq_1)
     3    0.015551    0.071359    0.198664    0.316373 ^ _305_/Q (sg13g2_dfrbpq_1)
                                                         DPATH.SUM.fa_1.A (net)
                      0.071359    0.000174    0.316547 ^ fanout38/A (sg13g2_buf_1)
     8    0.040716    0.170947    0.186214    0.502761 ^ fanout38/X (sg13g2_buf_1)
                                                         net38 (net)
                      0.170947    0.000329    0.503090 ^ fanout37/A (sg13g2_buf_1)
     8    0.028420    0.122349    0.183625    0.686715 ^ fanout37/X (sg13g2_buf_1)
                                                         net37 (net)
                      0.122349    0.000448    0.687163 ^ _164_/B (sg13g2_and2_1)
     4    0.015512    0.075315    0.154072    0.841235 ^ _164_/X (sg13g2_and2_1)
                                                         _120_ (net)
                      0.075315    0.000212    0.841448 ^ _165_/A (sg13g2_inv_1)
     4    0.015120    0.063140    0.078989    0.920437 v _165_/Y (sg13g2_inv_1)
                                                         _121_ (net)
                      0.063140    0.000144    0.920581 v _168_/B (sg13g2_nor2_1)
     2    0.009501    0.099738    0.101411    1.021992 ^ _168_/Y (sg13g2_nor2_1)
                                                         _123_ (net)
                      0.099738    0.000101    1.022093 ^ _173_/A1 (sg13g2_o21ai_1)
     1    0.004093    0.052399    0.088215    1.110309 v _173_/Y (sg13g2_o21ai_1)
                                                         net10 (net)
                      0.052399    0.000068    1.110376 v output10/A (sg13g2_buf_1)
     1    0.010000    0.041429    0.089334    1.199710 v output10/X (sg13g2_buf_1)
                                                         sine_out[15] (net)
                      0.041429    0.000000    1.199710 v sine_out[15] (out)
                                              1.199710   data arrival time

                                  5.000000    5.000000   clock clk (rise edge)
                                  0.000000    5.000000   clock network delay (propagated)
                                 -0.150000    4.850000   clock uncertainty
                                  0.000000    4.850000   clock reconvergence pessimism
                                 -1.000000    3.850000   output external delay
                                              3.850000   data required time
---------------------------------------------------------------------------------------------
                                              3.850000   data required time
                                             -1.199710   data arrival time
---------------------------------------------------------------------------------------------
                                              2.650290   slack (MET)


Startpoint: _305_ (rising edge-triggered flip-flop clocked by clk)
Endpoint: sine_out[16] (output port clocked by clk)
Path Group: clk
Path Type: max

Fanout         Cap        Slew       Delay        Time   Description
---------------------------------------------------------------------------------------------
                                  0.000000    0.000000   clock clk (rise edge)
                                  0.000000    0.000000   clock source latency
     1    0.022646    0.000000    0.000000    0.000000 ^ clk (in)
                                                         clk (net)
                      0.001423    0.000711    0.000711 ^ clkbuf_0_clk/A (sg13g2_buf_16)
     2    0.038127    0.022237    0.054876    0.055587 ^ clkbuf_0_clk/X (sg13g2_buf_16)
                                                         clknet_0_clk (net)
                      0.022238    0.000448    0.056035 ^ clkbuf_1_1__f_clk/A (sg13g2_buf_16)
     5    0.019529    0.018980    0.061357    0.117392 ^ clkbuf_1_1__f_clk/X (sg13g2_buf_16)
                                                         clknet_1_1__leaf_clk (net)
                      0.018982    0.000317    0.117709 ^ _305_/CLK (sg13g2_dfrbpq_1)
     3    0.015551    0.071359    0.198664    0.316373 ^ _305_/Q (sg13g2_dfrbpq_1)
                                                         DPATH.SUM.fa_1.A (net)
                      0.071359    0.000174    0.316547 ^ fanout38/A (sg13g2_buf_1)
     8    0.040716    0.170947    0.186214    0.502761 ^ fanout38/X (sg13g2_buf_1)
                                                         net38 (net)
                      0.170947    0.000329    0.503090 ^ fanout37/A (sg13g2_buf_1)
     8    0.028420    0.122349    0.183625    0.686715 ^ fanout37/X (sg13g2_buf_1)
                                                         net37 (net)
                      0.122349    0.000448    0.687163 ^ _164_/B (sg13g2_and2_1)
     4    0.015512    0.075315    0.154072    0.841235 ^ _164_/X (sg13g2_and2_1)
                                                         _120_ (net)
                      0.075315    0.000212    0.841448 ^ _165_/A (sg13g2_inv_1)
     4    0.015120    0.063140    0.078989    0.920437 v _165_/Y (sg13g2_inv_1)
                                                         _121_ (net)
                      0.063140    0.000130    0.920567 v _175_/A2 (sg13g2_o21ai_1)
     1    0.003564    0.076557    0.093749    1.014316 ^ _175_/Y (sg13g2_o21ai_1)
                                                         _127_ (net)
                      0.076557    0.000028    1.014344 ^ _176_/C (sg13g2_nand3_1)
     1    0.002951    0.065673    0.088419    1.102763 v _176_/Y (sg13g2_nand3_1)
                                                         net11 (net)
                      0.065673    0.000026    1.102789 v output11/A (sg13g2_buf_1)
     1    0.010000    0.041752    0.095013    1.197802 v output11/X (sg13g2_buf_1)
                                                         sine_out[16] (net)
                      0.041752    0.000000    1.197802 v sine_out[16] (out)
                                              1.197802   data arrival time

                                  5.000000    5.000000   clock clk (rise edge)
                                  0.000000    5.000000   clock network delay (propagated)
                                 -0.150000    4.850000   clock uncertainty
                                  0.000000    4.850000   clock reconvergence pessimism
                                 -1.000000    3.850000   output external delay
                                              3.850000   data required time
---------------------------------------------------------------------------------------------
                                              3.850000   data required time
                                             -1.197802   data arrival time
---------------------------------------------------------------------------------------------
                                              2.652198   slack (MET)


Startpoint: _305_ (rising edge-triggered flip-flop clocked by clk)
Endpoint: sine_out[13] (output port clocked by clk)
Path Group: clk
Path Type: max

Fanout         Cap        Slew       Delay        Time   Description
---------------------------------------------------------------------------------------------
                                  0.000000    0.000000   clock clk (rise edge)
                                  0.000000    0.000000   clock source latency
     1    0.022646    0.000000    0.000000    0.000000 ^ clk (in)
                                                         clk (net)
                      0.001423    0.000711    0.000711 ^ clkbuf_0_clk/A (sg13g2_buf_16)
     2    0.038127    0.022237    0.054876    0.055587 ^ clkbuf_0_clk/X (sg13g2_buf_16)
                                                         clknet_0_clk (net)
                      0.022238    0.000448    0.056035 ^ clkbuf_1_1__f_clk/A (sg13g2_buf_16)
     5    0.019529    0.018980    0.061357    0.117392 ^ clkbuf_1_1__f_clk/X (sg13g2_buf_16)
                                                         clknet_1_1__leaf_clk (net)
                      0.018982    0.000317    0.117709 ^ _305_/CLK (sg13g2_dfrbpq_1)
     3    0.015551    0.071359    0.198664    0.316373 ^ _305_/Q (sg13g2_dfrbpq_1)
                                                         DPATH.SUM.fa_1.A (net)
                      0.071359    0.000174    0.316547 ^ fanout38/A (sg13g2_buf_1)
     8    0.040716    0.170947    0.186214    0.502761 ^ fanout38/X (sg13g2_buf_1)
                                                         net38 (net)
                      0.170947    0.000329    0.503090 ^ fanout37/A (sg13g2_buf_1)
     8    0.028420    0.122349    0.183625    0.686715 ^ fanout37/X (sg13g2_buf_1)
                                                         net37 (net)
                      0.122349    0.000448    0.687163 ^ _164_/B (sg13g2_and2_1)
     4    0.015512    0.075315    0.154072    0.841235 ^ _164_/X (sg13g2_and2_1)
                                                         _120_ (net)
                      0.075315    0.000212    0.841448 ^ _165_/A (sg13g2_inv_1)
     4    0.015120    0.063140    0.078989    0.920437 v _165_/Y (sg13g2_inv_1)
                                                         _121_ (net)
                      0.063140    0.000144    0.920581 v _168_/B (sg13g2_nor2_1)
     2    0.009501    0.099738    0.101411    1.021992 ^ _168_/Y (sg13g2_nor2_1)
                                                         _123_ (net)
                      0.099738    0.000087    1.022079 ^ _170_/A2 (sg13g2_a21oi_1)
     1    0.002460    0.043741    0.080043    1.102122 v _170_/Y (sg13g2_a21oi_1)
                                                         net8 (net)
                      0.043741    0.000014    1.102136 v output8/A (sg13g2_buf_1)
     1    0.010000    0.041218    0.085630    1.187766 v output8/X (sg13g2_buf_1)
                                                         sine_out[13] (net)
                      0.041218    0.000000    1.187766 v sine_out[13] (out)
                                              1.187766   data arrival time

                                  5.000000    5.000000   clock clk (rise edge)
                                  0.000000    5.000000   clock network delay (propagated)
                                 -0.150000    4.850000   clock uncertainty
                                  0.000000    4.850000   clock reconvergence pessimism
                                 -1.000000    3.850000   output external delay
                                              3.850000   data required time
---------------------------------------------------------------------------------------------
                                              3.850000   data required time
                                             -1.187766   data arrival time
---------------------------------------------------------------------------------------------
                                              2.662234   slack (MET)


Startpoint: _305_ (rising edge-triggered flip-flop clocked by clk)
Endpoint: sine_out[5] (output port clocked by clk)
Path Group: clk
Path Type: max

Fanout         Cap        Slew       Delay        Time   Description
---------------------------------------------------------------------------------------------
                                  0.000000    0.000000   clock clk (rise edge)
                                  0.000000    0.000000   clock source latency
     1    0.022646    0.000000    0.000000    0.000000 ^ clk (in)
                                                         clk (net)
                      0.001423    0.000711    0.000711 ^ clkbuf_0_clk/A (sg13g2_buf_16)
     2    0.038127    0.022237    0.054876    0.055587 ^ clkbuf_0_clk/X (sg13g2_buf_16)
                                                         clknet_0_clk (net)
                      0.022238    0.000448    0.056035 ^ clkbuf_1_1__f_clk/A (sg13g2_buf_16)
     5    0.019529    0.018980    0.061357    0.117392 ^ clkbuf_1_1__f_clk/X (sg13g2_buf_16)
                                                         clknet_1_1__leaf_clk (net)
                      0.018982    0.000317    0.117709 ^ _305_/CLK (sg13g2_dfrbpq_1)
     3    0.015551    0.071359    0.198664    0.316373 ^ _305_/Q (sg13g2_dfrbpq_1)
                                                         DPATH.SUM.fa_1.A (net)
                      0.071359    0.000174    0.316547 ^ fanout38/A (sg13g2_buf_1)
     8    0.040716    0.170947    0.186214    0.502761 ^ fanout38/X (sg13g2_buf_1)
                                                         net38 (net)
                      0.170947    0.000329    0.503090 ^ fanout37/A (sg13g2_buf_1)
     8    0.028420    0.122349    0.183625    0.686715 ^ fanout37/X (sg13g2_buf_1)
                                                         net37 (net)
                      0.122349    0.000448    0.687163 ^ _164_/B (sg13g2_and2_1)
     4    0.015512    0.075315    0.154072    0.841235 ^ _164_/X (sg13g2_and2_1)
                                                         _120_ (net)
                      0.075315    0.000192    0.841427 ^ _169_/B (sg13g2_nand2_1)
     3    0.010891    0.089338    0.097979    0.939406 v _169_/Y (sg13g2_nand2_1)
                                                         _124_ (net)
                      0.089338    0.000085    0.939490 v _291_/B (sg13g2_nor2_1)
     2    0.007783    0.089801    0.099670    1.039161 ^ _291_/Y (sg13g2_nor2_1)
                                                         _099_ (net)
                      0.089801    0.000061    1.039222 ^ _292_/C (sg13g2_nor3_1)
     1    0.002617    0.045577    0.050423    1.089645 v _292_/Y (sg13g2_nor3_1)
                                                         net17 (net)
                      0.045577    0.000018    1.089663 v output17/A (sg13g2_buf_1)
     1    0.010000    0.041263    0.086416    1.176078 v output17/X (sg13g2_buf_1)
                                                         sine_out[5] (net)
                      0.041263    0.000000    1.176078 v sine_out[5] (out)
                                              1.176078   data arrival time

                                  5.000000    5.000000   clock clk (rise edge)
                                  0.000000    5.000000   clock network delay (propagated)
                                 -0.150000    4.850000   clock uncertainty
                                  0.000000    4.850000   clock reconvergence pessimism
                                 -1.000000    3.850000   output external delay
                                              3.850000   data required time
---------------------------------------------------------------------------------------------
                                              3.850000   data required time
                                             -1.176078   data arrival time
---------------------------------------------------------------------------------------------
                                              2.673922   slack (MET)


Startpoint: _308_ (rising edge-triggered flip-flop clocked by clk)
Endpoint: sine_out[9] (output port clocked by clk)
Path Group: clk
Path Type: max

Fanout         Cap        Slew       Delay        Time   Description
---------------------------------------------------------------------------------------------
                                  0.000000    0.000000   clock clk (rise edge)
                                  0.000000    0.000000   clock source latency
     1    0.022646    0.000000    0.000000    0.000000 ^ clk (in)
                                                         clk (net)
                      0.001423    0.000711    0.000711 ^ clkbuf_0_clk/A (sg13g2_buf_16)
     2    0.038127    0.022237    0.054876    0.055587 ^ clkbuf_0_clk/X (sg13g2_buf_16)
                                                         clknet_0_clk (net)
                      0.022241    0.000546    0.056133 ^ clkbuf_1_0__f_clk/A (sg13g2_buf_16)
     5    0.021275    0.019382    0.061694    0.117827 ^ clkbuf_1_0__f_clk/X (sg13g2_buf_16)
                                                         clknet_1_0__leaf_clk (net)
                      0.019385    0.000434    0.118262 ^ _308_/CLK (sg13g2_dfrbpq_1)
     3    0.015472    0.055565    0.189800    0.308062 v _308_/Q (sg13g2_dfrbpq_1)
                                                         DPATH.SUM.fa_4.A (net)
                      0.055565    0.000105    0.308166 v fanout32/A (sg13g2_buf_1)
     8    0.033508    0.109243    0.146556    0.454722 v fanout32/X (sg13g2_buf_1)
                                                         net32 (net)
                      0.109243    0.000201    0.454923 v fanout31/A (sg13g2_buf_1)
     8    0.030329    0.100081    0.160890    0.615813 v fanout31/X (sg13g2_buf_1)
                                                         net31 (net)
                      0.100081    0.000085    0.615897 v fanout30/A (sg13g2_buf_1)
     8    0.028643    0.094858    0.154722    0.770619 v fanout30/X (sg13g2_buf_1)
                                                         net30 (net)
                      0.094858    0.000190    0.770809 v _145_/B (sg13g2_nor2_1)
     2    0.006706    0.082859    0.094628    0.865437 ^ _145_/Y (sg13g2_nor2_1)
                                                         _104_ (net)
                      0.082859    0.000035    0.865471 ^ _149_/A (sg13g2_nand2_1)
     3    0.012797    0.101017    0.106397    0.971868 v _149_/Y (sg13g2_nand2_1)
                                                         _108_ (net)
                      0.101017    0.000254    0.972123 v _150_/A2 (sg13g2_a21oi_1)
     1    0.004137    0.070741    0.103286    1.075408 ^ _150_/Y (sg13g2_a21oi_1)
                                                         net21 (net)
                      0.070741    0.000065    1.075474 ^ output21/A (sg13g2_buf_1)
     1    0.010000    0.051962    0.098478    1.173952 ^ output21/X (sg13g2_buf_1)
                                                         sine_out[9] (net)
                      0.051962    0.000000    1.173952 ^ sine_out[9] (out)
                                              1.173952   data arrival time

                                  5.000000    5.000000   clock clk (rise edge)
                                  0.000000    5.000000   clock network delay (propagated)
                                 -0.150000    4.850000   clock uncertainty
                                  0.000000    4.850000   clock reconvergence pessimism
                                 -1.000000    3.850000   output external delay
                                              3.850000   data required time
---------------------------------------------------------------------------------------------
                                              3.850000   data required time
                                             -1.173952   data arrival time
---------------------------------------------------------------------------------------------
                                              2.676048   slack (MET)


Startpoint: _308_ (rising edge-triggered flip-flop clocked by clk)
Endpoint: sine_out[14] (output port clocked by clk)
Path Group: clk
Path Type: max

Fanout         Cap        Slew       Delay        Time   Description
---------------------------------------------------------------------------------------------
                                  0.000000    0.000000   clock clk (rise edge)
                                  0.000000    0.000000   clock source latency
     1    0.022646    0.000000    0.000000    0.000000 ^ clk (in)
                                                         clk (net)
                      0.001423    0.000711    0.000711 ^ clkbuf_0_clk/A (sg13g2_buf_16)
     2    0.038127    0.022237    0.054876    0.055587 ^ clkbuf_0_clk/X (sg13g2_buf_16)
                                                         clknet_0_clk (net)
                      0.022241    0.000546    0.056133 ^ clkbuf_1_0__f_clk/A (sg13g2_buf_16)
     5    0.021275    0.019382    0.061694    0.117827 ^ clkbuf_1_0__f_clk/X (sg13g2_buf_16)
                                                         clknet_1_0__leaf_clk (net)
                      0.019385    0.000434    0.118262 ^ _308_/CLK (sg13g2_dfrbpq_1)
     3    0.015472    0.055565    0.189800    0.308062 v _308_/Q (sg13g2_dfrbpq_1)
                                                         DPATH.SUM.fa_4.A (net)
                      0.055565    0.000105    0.308166 v fanout32/A (sg13g2_buf_1)
     8    0.033508    0.109243    0.146556    0.454722 v fanout32/X (sg13g2_buf_1)
                                                         net32 (net)
                      0.109243    0.000201    0.454923 v fanout31/A (sg13g2_buf_1)
     8    0.030329    0.100081    0.160890    0.615813 v fanout31/X (sg13g2_buf_1)
                                                         net31 (net)
                      0.100081    0.000085    0.615897 v fanout30/A (sg13g2_buf_1)
     8    0.028643    0.094858    0.154722    0.770619 v fanout30/X (sg13g2_buf_1)
                                                         net30 (net)
                      0.094858    0.000190    0.770809 v _145_/B (sg13g2_nor2_1)
     2    0.006706    0.082859    0.094628    0.865437 ^ _145_/Y (sg13g2_nor2_1)
                                                         _104_ (net)
                      0.082859    0.000035    0.865471 ^ _149_/A (sg13g2_nand2_1)
     3    0.012797    0.101017    0.106397    0.971868 v _149_/Y (sg13g2_nand2_1)
                                                         _108_ (net)
                      0.101017    0.000211    0.972079 v _171_/A2 (sg13g2_o21ai_1)
     1    0.002635    0.074103    0.101111    1.073191 ^ _171_/Y (sg13g2_o21ai_1)
                                                         net9 (net)
                      0.074103    0.000017    1.073207 ^ output9/A (sg13g2_buf_1)
     1    0.010000    0.052055    0.099923    1.173131 ^ output9/X (sg13g2_buf_1)
                                                         sine_out[14] (net)
                      0.052055    0.000000    1.173131 ^ sine_out[14] (out)
                                              1.173131   data arrival time

                                  5.000000    5.000000   clock clk (rise edge)
                                  0.000000    5.000000   clock network delay (propagated)
                                 -0.150000    4.850000   clock uncertainty
                                  0.000000    4.850000   clock reconvergence pessimism
                                 -1.000000    3.850000   output external delay
                                              3.850000   data required time
---------------------------------------------------------------------------------------------
                                              3.850000   data required time
                                             -1.173131   data arrival time
---------------------------------------------------------------------------------------------
                                              2.676869   slack (MET)


Startpoint: _305_ (rising edge-triggered flip-flop clocked by clk)
Endpoint: sine_out[12] (output port clocked by clk)
Path Group: clk
Path Type: max

Fanout         Cap        Slew       Delay        Time   Description
---------------------------------------------------------------------------------------------
                                  0.000000    0.000000   clock clk (rise edge)
                                  0.000000    0.000000   clock source latency
     1    0.022646    0.000000    0.000000    0.000000 ^ clk (in)
                                                         clk (net)
                      0.001423    0.000711    0.000711 ^ clkbuf_0_clk/A (sg13g2_buf_16)
     2    0.038127    0.022237    0.054876    0.055587 ^ clkbuf_0_clk/X (sg13g2_buf_16)
                                                         clknet_0_clk (net)
                      0.022238    0.000448    0.056035 ^ clkbuf_1_1__f_clk/A (sg13g2_buf_16)
     5    0.019529    0.018980    0.061357    0.117392 ^ clkbuf_1_1__f_clk/X (sg13g2_buf_16)
                                                         clknet_1_1__leaf_clk (net)
                      0.018982    0.000317    0.117709 ^ _305_/CLK (sg13g2_dfrbpq_1)
     3    0.015551    0.071359    0.198664    0.316373 ^ _305_/Q (sg13g2_dfrbpq_1)
                                                         DPATH.SUM.fa_1.A (net)
                      0.071359    0.000174    0.316547 ^ fanout38/A (sg13g2_buf_1)
     8    0.040716    0.170947    0.186214    0.502761 ^ fanout38/X (sg13g2_buf_1)
                                                         net38 (net)
                      0.170947    0.000329    0.503090 ^ fanout37/A (sg13g2_buf_1)
     8    0.028420    0.122349    0.183625    0.686715 ^ fanout37/X (sg13g2_buf_1)
                                                         net37 (net)
                      0.122349    0.000448    0.687163 ^ _164_/B (sg13g2_and2_1)
     4    0.015512    0.075315    0.154072    0.841235 ^ _164_/X (sg13g2_and2_1)
                                                         _120_ (net)
                      0.075315    0.000212    0.841448 ^ _165_/A (sg13g2_inv_1)
     4    0.015120    0.063140    0.078989    0.920437 v _165_/Y (sg13g2_inv_1)
                                                         _121_ (net)
                      0.063140    0.000164    0.920600 v _166_/B (sg13g2_nor2_1)
     2    0.008059    0.087958    0.092453    1.013054 ^ _166_/Y (sg13g2_nor2_1)
                                                         _122_ (net)
                      0.087958    0.000052    1.013105 ^ _167_/A2 (sg13g2_o21ai_1)
     1    0.003548    0.042774    0.071907    1.085012 v _167_/Y (sg13g2_o21ai_1)
                                                         net7 (net)
                      0.042774    0.000046    1.085058 v output7/A (sg13g2_buf_1)
     1    0.010000    0.041194    0.085216    1.170274 v output7/X (sg13g2_buf_1)
                                                         sine_out[12] (net)
                      0.041194    0.000000    1.170274 v sine_out[12] (out)
                                              1.170274   data arrival time

                                  5.000000    5.000000   clock clk (rise edge)
                                  0.000000    5.000000   clock network delay (propagated)
                                 -0.150000    4.850000   clock uncertainty
                                  0.000000    4.850000   clock reconvergence pessimism
                                 -1.000000    3.850000   output external delay
                                              3.850000   data required time
---------------------------------------------------------------------------------------------
                                              3.850000   data required time
                                             -1.170274   data arrival time
---------------------------------------------------------------------------------------------
                                              2.679726   slack (MET)


Startpoint: _308_ (rising edge-triggered flip-flop clocked by clk)
Endpoint: sine_out[17] (output port clocked by clk)
Path Group: clk
Path Type: max

Fanout         Cap        Slew       Delay        Time   Description
---------------------------------------------------------------------------------------------
                                  0.000000    0.000000   clock clk (rise edge)
                                  0.000000    0.000000   clock source latency
     1    0.022646    0.000000    0.000000    0.000000 ^ clk (in)
                                                         clk (net)
                      0.001423    0.000711    0.000711 ^ clkbuf_0_clk/A (sg13g2_buf_16)
     2    0.038127    0.022237    0.054876    0.055587 ^ clkbuf_0_clk/X (sg13g2_buf_16)
                                                         clknet_0_clk (net)
                      0.022241    0.000546    0.056133 ^ clkbuf_1_0__f_clk/A (sg13g2_buf_16)
     5    0.021275    0.019382    0.061694    0.117827 ^ clkbuf_1_0__f_clk/X (sg13g2_buf_16)
                                                         clknet_1_0__leaf_clk (net)
                      0.019385    0.000434    0.118262 ^ _308_/CLK (sg13g2_dfrbpq_1)
     3    0.015419    0.070858    0.198439    0.316701 ^ _308_/Q (sg13g2_dfrbpq_1)
                                                         DPATH.SUM.fa_4.A (net)
                      0.070858    0.000105    0.316806 ^ fanout32/A (sg13g2_buf_1)
     8    0.033739    0.143057    0.166776    0.483582 ^ fanout32/X (sg13g2_buf_1)
                                                         net32 (net)
                      0.143057    0.000202    0.483784 ^ fanout31/A (sg13g2_buf_1)
     8    0.030889    0.132021    0.182842    0.666626 ^ fanout31/X (sg13g2_buf_1)
                                                         net31 (net)
                      0.132021    0.000086    0.666712 ^ fanout30/A (sg13g2_buf_1)
     8    0.029142    0.124954    0.175028    0.841741 ^ fanout30/X (sg13g2_buf_1)
                                                         net30 (net)
                      0.124954    0.000193    0.841934 ^ _145_/B (sg13g2_nor2_1)
     2    0.006387    0.050158    0.067787    0.909720 v _145_/Y (sg13g2_nor2_1)
                                                         _104_ (net)
                      0.050158    0.000023    0.909743 v _178_/B (sg13g2_nand2_1)
     2    0.007323    0.053057    0.056873    0.966616 ^ _178_/Y (sg13g2_nand2_1)
                                                         _129_ (net)
                      0.053057    0.000055    0.966670 ^ _179_/C (sg13g2_nand3_1)
     1    0.003394    0.071031    0.083242    1.049912 v _179_/Y (sg13g2_nand3_1)
                                                         net12 (net)
                      0.071031    0.000041    1.049953 v output12/A (sg13g2_buf_1)
     1    0.010000    0.041883    0.097305    1.147258 v output12/X (sg13g2_buf_1)
                                                         sine_out[17] (net)
                      0.041883    0.000000    1.147258 v sine_out[17] (out)
                                              1.147258   data arrival time

                                  5.000000    5.000000   clock clk (rise edge)
                                  0.000000    5.000000   clock network delay (propagated)
                                 -0.150000    4.850000   clock uncertainty
                                  0.000000    4.850000   clock reconvergence pessimism
                                 -1.000000    3.850000   output external delay
                                              3.850000   data required time
---------------------------------------------------------------------------------------------
                                              3.850000   data required time
                                             -1.147258   data arrival time
---------------------------------------------------------------------------------------------
                                              2.702742   slack (MET)


Startpoint: _305_ (rising edge-triggered flip-flop clocked by clk)
Endpoint: sine_out[11] (output port clocked by clk)
Path Group: clk
Path Type: max

Fanout         Cap        Slew       Delay        Time   Description
---------------------------------------------------------------------------------------------
                                  0.000000    0.000000   clock clk (rise edge)
                                  0.000000    0.000000   clock source latency
     1    0.022646    0.000000    0.000000    0.000000 ^ clk (in)
                                                         clk (net)
                      0.001423    0.000711    0.000711 ^ clkbuf_0_clk/A (sg13g2_buf_16)
     2    0.038127    0.022237    0.054876    0.055587 ^ clkbuf_0_clk/X (sg13g2_buf_16)
                                                         clknet_0_clk (net)
                      0.022238    0.000448    0.056035 ^ clkbuf_1_1__f_clk/A (sg13g2_buf_16)
     5    0.019529    0.018980    0.061357    0.117392 ^ clkbuf_1_1__f_clk/X (sg13g2_buf_16)
                                                         clknet_1_1__leaf_clk (net)
                      0.018982    0.000317    0.117709 ^ _305_/CLK (sg13g2_dfrbpq_1)
     3    0.015189    0.054698    0.188965    0.306674 v _305_/Q (sg13g2_dfrbpq_1)
                                                         DPATH.SUM.fa_1.A (net)
                      0.054698    0.000170    0.306844 v fanout38/A (sg13g2_buf_1)
     8    0.040050    0.128903    0.160518    0.467362 v fanout38/X (sg13g2_buf_1)
                                                         net38 (net)
                      0.128903    0.000324    0.467686 v fanout37/A (sg13g2_buf_1)
     8    0.027543    0.091991    0.160001    0.627687 v fanout37/X (sg13g2_buf_1)
                                                         net37 (net)
                      0.091991    0.000359    0.628046 v _154_/B (sg13g2_nor2_1)
     4    0.016223    0.154323    0.154781    0.782827 ^ _154_/Y (sg13g2_nor2_1)
                                                         _112_ (net)
                      0.154324    0.000263    0.783090 ^ _160_/B (sg13g2_nand2_1)
     3    0.014328    0.105249    0.140463    0.923553 v _160_/Y (sg13g2_nand2_1)
                                                         _117_ (net)
                      0.105249    0.000123    0.923676 v _162_/A1 (sg13g2_o21ai_1)
     1    0.003321    0.075076    0.114169    1.037845 ^ _162_/Y (sg13g2_o21ai_1)
                                                         net6 (net)
                      0.075076    0.000037    1.037881 ^ output6/A (sg13g2_buf_1)
     1    0.010000    0.052082    0.100342    1.138223 ^ output6/X (sg13g2_buf_1)
                                                         sine_out[11] (net)
                      0.052082    0.000000    1.138223 ^ sine_out[11] (out)
                                              1.138223   data arrival time

                                  5.000000    5.000000   clock clk (rise edge)
                                  0.000000    5.000000   clock network delay (propagated)
                                 -0.150000    4.850000   clock uncertainty
                                  0.000000    4.850000   clock reconvergence pessimism
                                 -1.000000    3.850000   output external delay
                                              3.850000   data required time
---------------------------------------------------------------------------------------------
                                              3.850000   data required time
                                             -1.138223   data arrival time
---------------------------------------------------------------------------------------------
                                              2.711777   slack (MET)


Startpoint: _308_ (rising edge-triggered flip-flop clocked by clk)
Endpoint: sine_out[3] (output port clocked by clk)
Path Group: clk
Path Type: max

Fanout         Cap        Slew       Delay        Time   Description
---------------------------------------------------------------------------------------------
                                  0.000000    0.000000   clock clk (rise edge)
                                  0.000000    0.000000   clock source latency
     1    0.022646    0.000000    0.000000    0.000000 ^ clk (in)
                                                         clk (net)
                      0.001423    0.000711    0.000711 ^ clkbuf_0_clk/A (sg13g2_buf_16)
     2    0.038127    0.022237    0.054876    0.055587 ^ clkbuf_0_clk/X (sg13g2_buf_16)
                                                         clknet_0_clk (net)
                      0.022241    0.000546    0.056133 ^ clkbuf_1_0__f_clk/A (sg13g2_buf_16)
     5    0.021275    0.019382    0.061694    0.117827 ^ clkbuf_1_0__f_clk/X (sg13g2_buf_16)
                                                         clknet_1_0__leaf_clk (net)
                      0.019385    0.000434    0.118262 ^ _308_/CLK (sg13g2_dfrbpq_1)
     3    0.015472    0.055565    0.189800    0.308062 v _308_/Q (sg13g2_dfrbpq_1)
                                                         DPATH.SUM.fa_4.A (net)
                      0.055565    0.000105    0.308166 v fanout32/A (sg13g2_buf_1)
     8    0.033508    0.109243    0.146556    0.454722 v fanout32/X (sg13g2_buf_1)
                                                         net32 (net)
                      0.109243    0.000201    0.454923 v fanout31/A (sg13g2_buf_1)
     8    0.030329    0.100081    0.160890    0.615813 v fanout31/X (sg13g2_buf_1)
                                                         net31 (net)
                      0.100081    0.000085    0.615897 v fanout30/A (sg13g2_buf_1)
     8    0.028643    0.094858    0.154722    0.770619 v fanout30/X (sg13g2_buf_1)
                                                         net30 (net)
                      0.094858    0.000190    0.770809 v _145_/B (sg13g2_nor2_1)
     2    0.006706    0.082859    0.094628    0.865437 ^ _145_/Y (sg13g2_nor2_1)
                                                         _104_ (net)
                      0.082859    0.000035    0.865471 ^ _149_/A (sg13g2_nand2_1)
     3    0.012797    0.101017    0.106397    0.971868 v _149_/Y (sg13g2_nand2_1)
                                                         _108_ (net)
                      0.101017    0.000054    0.971922 v _289_/B (sg13g2_nor2_1)
     1    0.002891    0.057710    0.071346    1.043268 ^ _289_/Y (sg13g2_nor2_1)
                                                         net15 (net)
                      0.057710    0.000025    1.043293 ^ output15/A (sg13g2_buf_1)
     1    0.010000    0.051601    0.092876    1.136169 ^ output15/X (sg13g2_buf_1)
                                                         sine_out[3] (net)
                      0.051601    0.000000    1.136169 ^ sine_out[3] (out)
                                              1.136169   data arrival time

                                  5.000000    5.000000   clock clk (rise edge)
                                  0.000000    5.000000   clock network delay (propagated)
                                 -0.150000    4.850000   clock uncertainty
                                  0.000000    4.850000   clock reconvergence pessimism
                                 -1.000000    3.850000   output external delay
                                              3.850000   data required time
---------------------------------------------------------------------------------------------
                                              3.850000   data required time
                                             -1.136169   data arrival time
---------------------------------------------------------------------------------------------
                                              2.713831   slack (MET)


Startpoint: _305_ (rising edge-triggered flip-flop clocked by clk)
Endpoint: sine_out[7] (output port clocked by clk)
Path Group: clk
Path Type: max

Fanout         Cap        Slew       Delay        Time   Description
---------------------------------------------------------------------------------------------
                                  0.000000    0.000000   clock clk (rise edge)
                                  0.000000    0.000000   clock source latency
     1    0.022646    0.000000    0.000000    0.000000 ^ clk (in)
                                                         clk (net)
                      0.001423    0.000711    0.000711 ^ clkbuf_0_clk/A (sg13g2_buf_16)
     2    0.038127    0.022237    0.054876    0.055587 ^ clkbuf_0_clk/X (sg13g2_buf_16)
                                                         clknet_0_clk (net)
                      0.022238    0.000448    0.056035 ^ clkbuf_1_1__f_clk/A (sg13g2_buf_16)
     5    0.019529    0.018980    0.061357    0.117392 ^ clkbuf_1_1__f_clk/X (sg13g2_buf_16)
                                                         clknet_1_1__leaf_clk (net)
                      0.018982    0.000317    0.117709 ^ _305_/CLK (sg13g2_dfrbpq_1)
     3    0.015551    0.071359    0.198664    0.316373 ^ _305_/Q (sg13g2_dfrbpq_1)
                                                         DPATH.SUM.fa_1.A (net)
                      0.071359    0.000174    0.316547 ^ fanout38/A (sg13g2_buf_1)
     8    0.040716    0.170947    0.186214    0.502761 ^ fanout38/X (sg13g2_buf_1)
                                                         net38 (net)
                      0.170947    0.000329    0.503090 ^ fanout37/A (sg13g2_buf_1)
     8    0.028420    0.122349    0.183625    0.686715 ^ fanout37/X (sg13g2_buf_1)
                                                         net37 (net)
                      0.122349    0.000372    0.687088 ^ _154_/B (sg13g2_nor2_1)
     4    0.015661    0.079403    0.101936    0.789023 v _154_/Y (sg13g2_nor2_1)
                                                         _112_ (net)
                      0.079403    0.000274    0.789297 v _156_/B (sg13g2_nor2_1)
     3    0.013272    0.130098    0.131060    0.920357 ^ _156_/Y (sg13g2_nor2_1)
                                                         _114_ (net)
                      0.130098    0.000093    0.920449 ^ _294_/A2 (sg13g2_a21oi_1)
     1    0.003801    0.054008    0.094319    1.014768 v _294_/Y (sg13g2_a21oi_1)
                                                         net19 (net)
                      0.054008    0.000056    1.014824 v output19/A (sg13g2_buf_1)
     1    0.010000    0.041468    0.090022    1.104846 v output19/X (sg13g2_buf_1)
                                                         sine_out[7] (net)
                      0.041468    0.000000    1.104846 v sine_out[7] (out)
                                              1.104846   data arrival time

                                  5.000000    5.000000   clock clk (rise edge)
                                  0.000000    5.000000   clock network delay (propagated)
                                 -0.150000    4.850000   clock uncertainty
                                  0.000000    4.850000   clock reconvergence pessimism
                                 -1.000000    3.850000   output external delay
                                              3.850000   data required time
---------------------------------------------------------------------------------------------
                                              3.850000   data required time
                                             -1.104846   data arrival time
---------------------------------------------------------------------------------------------
                                              2.745153   slack (MET)


Startpoint: _305_ (rising edge-triggered flip-flop clocked by clk)
Endpoint: sine_out[10] (output port clocked by clk)
Path Group: clk
Path Type: max

Fanout         Cap        Slew       Delay        Time   Description
---------------------------------------------------------------------------------------------
                                  0.000000    0.000000   clock clk (rise edge)
                                  0.000000    0.000000   clock source latency
     1    0.022646    0.000000    0.000000    0.000000 ^ clk (in)
                                                         clk (net)
                      0.001423    0.000711    0.000711 ^ clkbuf_0_clk/A (sg13g2_buf_16)
     2    0.038127    0.022237    0.054876    0.055587 ^ clkbuf_0_clk/X (sg13g2_buf_16)
                                                         clknet_0_clk (net)
                      0.022238    0.000448    0.056035 ^ clkbuf_1_1__f_clk/A (sg13g2_buf_16)
     5    0.019529    0.018980    0.061357    0.117392 ^ clkbuf_1_1__f_clk/X (sg13g2_buf_16)
                                                         clknet_1_1__leaf_clk (net)
                      0.018982    0.000317    0.117709 ^ _305_/CLK (sg13g2_dfrbpq_1)
     3    0.015551    0.071359    0.198664    0.316373 ^ _305_/Q (sg13g2_dfrbpq_1)
                                                         DPATH.SUM.fa_1.A (net)
                      0.071359    0.000174    0.316547 ^ fanout38/A (sg13g2_buf_1)
     8    0.040716    0.170947    0.186214    0.502761 ^ fanout38/X (sg13g2_buf_1)
                                                         net38 (net)
                      0.170947    0.000329    0.503090 ^ fanout37/A (sg13g2_buf_1)
     8    0.028420    0.122349    0.183625    0.686715 ^ fanout37/X (sg13g2_buf_1)
                                                         net37 (net)
                      0.122349    0.000372    0.687088 ^ _154_/B (sg13g2_nor2_1)
     4    0.015661    0.079403    0.101936    0.789023 v _154_/Y (sg13g2_nor2_1)
                                                         _112_ (net)
                      0.079403    0.000274    0.789297 v _156_/B (sg13g2_nor2_1)
     3    0.013272    0.130098    0.131060    0.920357 ^ _156_/Y (sg13g2_nor2_1)
                                                         _114_ (net)
                      0.130098    0.000109    0.920465 ^ _159_/A1 (sg13g2_a21oi_1)
     1    0.003042    0.057132    0.087070    1.007535 v _159_/Y (sg13g2_a21oi_1)
                                                         net5 (net)
                      0.057132    0.000030    1.007564 v output5/A (sg13g2_buf_1)
     1    0.010000    0.041544    0.091359    1.098923 v output5/X (sg13g2_buf_1)
                                                         sine_out[10] (net)
                      0.041544    0.000000    1.098923 v sine_out[10] (out)
                                              1.098923   data arrival time

                                  5.000000    5.000000   clock clk (rise edge)
                                  0.000000    5.000000   clock network delay (propagated)
                                 -0.150000    4.850000   clock uncertainty
                                  0.000000    4.850000   clock reconvergence pessimism
                                 -1.000000    3.850000   output external delay
                                              3.850000   data required time
---------------------------------------------------------------------------------------------
                                              3.850000   data required time
                                             -1.098923   data arrival time
---------------------------------------------------------------------------------------------
                                              2.751077   slack (MET)


Startpoint: _305_ (rising edge-triggered flip-flop clocked by clk)
Endpoint: sine_out[4] (output port clocked by clk)
Path Group: clk
Path Type: max

Fanout         Cap        Slew       Delay        Time   Description
---------------------------------------------------------------------------------------------
                                  0.000000    0.000000   clock clk (rise edge)
                                  0.000000    0.000000   clock source latency
     1    0.022646    0.000000    0.000000    0.000000 ^ clk (in)
                                                         clk (net)
                      0.001423    0.000711    0.000711 ^ clkbuf_0_clk/A (sg13g2_buf_16)
     2    0.038127    0.022237    0.054876    0.055587 ^ clkbuf_0_clk/X (sg13g2_buf_16)
                                                         clknet_0_clk (net)
                      0.022238    0.000448    0.056035 ^ clkbuf_1_1__f_clk/A (sg13g2_buf_16)
     5    0.019529    0.018980    0.061357    0.117392 ^ clkbuf_1_1__f_clk/X (sg13g2_buf_16)
                                                         clknet_1_1__leaf_clk (net)
                      0.018982    0.000317    0.117709 ^ _305_/CLK (sg13g2_dfrbpq_1)
     3    0.015189    0.054698    0.188965    0.306674 v _305_/Q (sg13g2_dfrbpq_1)
                                                         DPATH.SUM.fa_1.A (net)
                      0.054698    0.000170    0.306844 v fanout38/A (sg13g2_buf_1)
     8    0.040050    0.128903    0.160518    0.467362 v fanout38/X (sg13g2_buf_1)
                                                         net38 (net)
                      0.128903    0.000324    0.467686 v fanout37/A (sg13g2_buf_1)
     8    0.027543    0.091991    0.160001    0.627687 v fanout37/X (sg13g2_buf_1)
                                                         net37 (net)
                      0.091991    0.000359    0.628046 v _154_/B (sg13g2_nor2_1)
     4    0.016223    0.154323    0.154781    0.782827 ^ _154_/Y (sg13g2_nor2_1)
                                                         _112_ (net)
                      0.154324    0.000287    0.783114 ^ _156_/B (sg13g2_nor2_1)
     3    0.013081    0.073809    0.102120    0.885234 v _156_/Y (sg13g2_nor2_1)
                                                         _114_ (net)
                      0.073809    0.000181    0.885415 v _290_/C (sg13g2_nor3_1)
     1    0.003010    0.084210    0.090939    0.976354 ^ _290_/Y (sg13g2_nor3_1)
                                                         net16 (net)
                      0.084210    0.000028    0.976382 ^ output16/A (sg13g2_buf_1)
     1    0.010000    0.052335    0.104268    1.080650 ^ output16/X (sg13g2_buf_1)
                                                         sine_out[4] (net)
                      0.052335    0.000000    1.080650 ^ sine_out[4] (out)
                                              1.080650   data arrival time

                                  5.000000    5.000000   clock clk (rise edge)
                                  0.000000    5.000000   clock network delay (propagated)
                                 -0.150000    4.850000   clock uncertainty
                                  0.000000    4.850000   clock reconvergence pessimism
                                 -1.000000    3.850000   output external delay
                                              3.850000   data required time
---------------------------------------------------------------------------------------------
                                              3.850000   data required time
                                             -1.080650   data arrival time
---------------------------------------------------------------------------------------------
                                              2.769350   slack (MET)


Startpoint: _307_ (rising edge-triggered flip-flop clocked by clk)
Endpoint: sine_out[6] (output port clocked by clk)
Path Group: clk
Path Type: max

Fanout         Cap        Slew       Delay        Time   Description
---------------------------------------------------------------------------------------------
                                  0.000000    0.000000   clock clk (rise edge)
                                  0.000000    0.000000   clock source latency
     1    0.022646    0.000000    0.000000    0.000000 ^ clk (in)
                                                         clk (net)
                      0.001423    0.000711    0.000711 ^ clkbuf_0_clk/A (sg13g2_buf_16)
     2    0.038127    0.022237    0.054876    0.055587 ^ clkbuf_0_clk/X (sg13g2_buf_16)
                                                         clknet_0_clk (net)
                      0.022238    0.000448    0.056035 ^ clkbuf_1_1__f_clk/A (sg13g2_buf_16)
     5    0.019529    0.018980    0.061357    0.117392 ^ clkbuf_1_1__f_clk/X (sg13g2_buf_16)
                                                         clknet_1_1__leaf_clk (net)
                      0.018982    0.000296    0.117688 ^ _307_/CLK (sg13g2_dfrbpq_1)
     2    0.006890    0.030296    0.168845    0.286533 v _307_/Q (sg13g2_dfrbpq_1)
                                                         DPATH.SUM.fa_3.A (net)
                      0.030296    0.000064    0.286597 v fanout34/A (sg13g2_buf_1)
     8    0.031704    0.103660    0.131470    0.418067 v fanout34/X (sg13g2_buf_1)
                                                         net34 (net)
                      0.103660    0.000174    0.418241 v _138_/A (sg13g2_inv_1)
     4    0.018250    0.095820    0.109634    0.527875 ^ _138_/Y (sg13g2_inv_1)
                                                         _100_ (net)
                      0.095820    0.000068    0.527944 ^ fanout22/A (sg13g2_buf_1)
     8    0.032818    0.139455    0.175069    0.703012 ^ fanout22/X (sg13g2_buf_1)
                                                         net22 (net)
                      0.139455    0.000173    0.703185 ^ _177_/A (sg13g2_nand2_1)
     3    0.010712    0.089540    0.114309    0.817495 v _177_/Y (sg13g2_nand2_1)
                                                         _128_ (net)
                      0.089540    0.000057    0.817551 v _293_/A2 (sg13g2_a21oi_1)
     1    0.003025    0.062972    0.092865    0.910416 ^ _293_/Y (sg13g2_a21oi_1)
                                                         net18 (net)
                      0.062972    0.000028    0.910444 ^ output18/A (sg13g2_buf_1)
     1    0.010000    0.051747    0.095138    1.005583 ^ output18/X (sg13g2_buf_1)
                                                         sine_out[6] (net)
                      0.051747    0.000000    1.005583 ^ sine_out[6] (out)
                                              1.005583   data arrival time

                                  5.000000    5.000000   clock clk (rise edge)
                                  0.000000    5.000000   clock network delay (propagated)
                                 -0.150000    4.850000   clock uncertainty
                                  0.000000    4.850000   clock reconvergence pessimism
                                 -1.000000    3.850000   output external delay
                                              3.850000   data required time
---------------------------------------------------------------------------------------------
                                              3.850000   data required time
                                             -1.005583   data arrival time
---------------------------------------------------------------------------------------------
                                              2.844417   slack (MET)


Startpoint: _304_ (rising edge-triggered flip-flop clocked by clk)
Endpoint: _310_ (rising edge-triggered flip-flop clocked by clk)
Path Group: clk
Path Type: max

Fanout         Cap        Slew       Delay        Time   Description
---------------------------------------------------------------------------------------------
                                  0.000000    0.000000   clock clk (rise edge)
                                  0.000000    0.000000   clock source latency
     1    0.022646    0.000000    0.000000    0.000000 ^ clk (in)
                                                         clk (net)
                      0.001423    0.000711    0.000711 ^ clkbuf_0_clk/A (sg13g2_buf_16)
     2    0.038127    0.022237    0.054876    0.055587 ^ clkbuf_0_clk/X (sg13g2_buf_16)
                                                         clknet_0_clk (net)
                      0.022238    0.000448    0.056035 ^ clkbuf_1_1__f_clk/A (sg13g2_buf_16)
     5    0.019529    0.018980    0.061357    0.117392 ^ clkbuf_1_1__f_clk/X (sg13g2_buf_16)
                                                         clknet_1_1__leaf_clk (net)
                      0.018982    0.000359    0.117750 ^ _304_/CLK (sg13g2_dfrbpq_1)
     1    0.002451    0.022356    0.160718    0.278469 ^ _304_/Q (sg13g2_dfrbpq_1)
                                                         DPATH.SUM.Cout0 (net)
                      0.022356    0.000013    0.278482 ^ fanout41/A (sg13g2_buf_1)
     6    0.028037    0.120122    0.129289    0.407771 ^ fanout41/X (sg13g2_buf_1)
                                                         net41 (net)
                      0.120122    0.000179    0.407950 ^ fanout40/A (sg13g2_buf_1)
     4    0.017411    0.079904    0.137799    0.545749 ^ fanout40/X (sg13g2_buf_1)
                                                         net40 (net)
                      0.079904    0.000120    0.545869 ^ fanout39/A (sg13g2_buf_1)
     8    0.031177    0.132883    0.163370    0.709239 ^ fanout39/X (sg13g2_buf_1)
                                                         net39 (net)
                      0.132883    0.000538    0.709777 ^ _141_/A (sg13g2_inv_1)
     6    0.024707    0.099818    0.136896    0.846673 v _141_/Y (sg13g2_inv_1)
                                                         DPATH.SUM.ha_0.S (net)
                      0.099818    0.000226    0.846899 v _183_/A1 (sg13g2_o21ai_1)
     2    0.009870    0.133500    0.159861    1.006760 ^ _183_/Y (sg13g2_o21ai_1)
                                                         _132_ (net)
                      0.133500    0.000086    1.006846 ^ _187_/A1 (sg13g2_a21oi_1)
     2    0.011038    0.096426    0.129474    1.136320 v _187_/Y (sg13g2_a21oi_1)
                                                         _135_ (net)
                      0.096426    0.000166    1.136487 v _193_/A1 (sg13g2_o21ai_1)
     2    0.010316    0.137323    0.162041    1.298527 ^ _193_/Y (sg13g2_o21ai_1)
                                                         _011_ (net)
                      0.137323    0.000148    1.298675 ^ _197_/A2 (sg13g2_a21oi_1)
     2    0.008968    0.082188    0.121617    1.420292 v _197_/Y (sg13g2_a21oi_1)
                                                         _014_ (net)
                      0.082188    0.000063    1.420355 v _199_/A2 (sg13g2_o21ai_1)
     1    0.006840    0.106977    0.124908    1.545263 ^ _199_/Y (sg13g2_o21ai_1)
                                                         _015_ (net)
                      0.106977    0.000093    1.545356 ^ _201_/A (sg13g2_xnor2_1)
     1    0.001941    0.058345    0.109654    1.655010 ^ _201_/Y (sg13g2_xnor2_1)
                                                         DPATH.SUM.fa_6.S (net)
                      0.058345    0.000015    1.655025 ^ _310_/D (sg13g2_dfrbpq_1)
                                              1.655025   data arrival time

                                  5.000000    5.000000   clock clk (rise edge)
                                  0.000000    5.000000   clock source latency
     1    0.022646    0.000000    0.000000    5.000000 ^ clk (in)
                                                         clk (net)
                      0.001423    0.000711    5.000711 ^ clkbuf_0_clk/A (sg13g2_buf_16)
     2    0.038127    0.022237    0.054876    5.055587 ^ clkbuf_0_clk/X (sg13g2_buf_16)
                                                         clknet_0_clk (net)
                      0.022241    0.000546    5.056133 ^ clkbuf_1_0__f_clk/A (sg13g2_buf_16)
     5    0.021275    0.019382    0.061694    5.117827 ^ clkbuf_1_0__f_clk/X (sg13g2_buf_16)
                                                         clknet_1_0__leaf_clk (net)
                      0.019384    0.000334    5.118162 ^ _310_/CLK (sg13g2_dfrbpq_1)
                                 -0.150000    4.968162   clock uncertainty
                                  0.000000    4.968162   clock reconvergence pessimism
                                 -0.125284    4.842878   library setup time
                                              4.842878   data required time
---------------------------------------------------------------------------------------------
                                              4.842878   data required time
                                             -1.655025   data arrival time
---------------------------------------------------------------------------------------------
                                              3.187853   slack (MET)


Startpoint: _304_ (rising edge-triggered flip-flop clocked by clk)
Endpoint: _309_ (rising edge-triggered flip-flop clocked by clk)
Path Group: clk
Path Type: max

Fanout         Cap        Slew       Delay        Time   Description
---------------------------------------------------------------------------------------------
                                  0.000000    0.000000   clock clk (rise edge)
                                  0.000000    0.000000   clock source latency
     1    0.022646    0.000000    0.000000    0.000000 ^ clk (in)
                                                         clk (net)
                      0.001423    0.000711    0.000711 ^ clkbuf_0_clk/A (sg13g2_buf_16)
     2    0.038127    0.022237    0.054876    0.055587 ^ clkbuf_0_clk/X (sg13g2_buf_16)
                                                         clknet_0_clk (net)
                      0.022238    0.000448    0.056035 ^ clkbuf_1_1__f_clk/A (sg13g2_buf_16)
     5    0.019529    0.018980    0.061357    0.117392 ^ clkbuf_1_1__f_clk/X (sg13g2_buf_16)
                                                         clknet_1_1__leaf_clk (net)
                      0.018982    0.000359    0.117750 ^ _304_/CLK (sg13g2_dfrbpq_1)
     1    0.002451    0.022356    0.160718    0.278469 ^ _304_/Q (sg13g2_dfrbpq_1)
                                                         DPATH.SUM.Cout0 (net)
                      0.022356    0.000013    0.278482 ^ fanout41/A (sg13g2_buf_1)
     6    0.028037    0.120122    0.129289    0.407771 ^ fanout41/X (sg13g2_buf_1)
                                                         net41 (net)
                      0.120122    0.000179    0.407950 ^ fanout40/A (sg13g2_buf_1)
     4    0.017411    0.079904    0.137799    0.545749 ^ fanout40/X (sg13g2_buf_1)
                                                         net40 (net)
                      0.079904    0.000120    0.545869 ^ fanout39/A (sg13g2_buf_1)
     8    0.031177    0.132883    0.163370    0.709239 ^ fanout39/X (sg13g2_buf_1)
                                                         net39 (net)
                      0.132883    0.000538    0.709777 ^ _141_/A (sg13g2_inv_1)
     6    0.024707    0.099818    0.136896    0.846673 v _141_/Y (sg13g2_inv_1)
                                                         DPATH.SUM.ha_0.S (net)
                      0.099818    0.000226    0.846899 v _183_/A1 (sg13g2_o21ai_1)
     2    0.009870    0.133500    0.159861    1.006760 ^ _183_/Y (sg13g2_o21ai_1)
                                                         _132_ (net)
                      0.133500    0.000086    1.006846 ^ _187_/A1 (sg13g2_a21oi_1)
     2    0.011038    0.096426    0.129474    1.136320 v _187_/Y (sg13g2_a21oi_1)
                                                         _135_ (net)
                      0.096426    0.000166    1.136487 v _193_/A1 (sg13g2_o21ai_1)
     2    0.010316    0.137323    0.162041    1.298527 ^ _193_/Y (sg13g2_o21ai_1)
                                                         _011_ (net)
                      0.137323    0.000148    1.298675 ^ _197_/A2 (sg13g2_a21oi_1)
     2    0.008968    0.082188    0.121617    1.420292 v _197_/Y (sg13g2_a21oi_1)
                                                         _014_ (net)
                      0.082188    0.000079    1.420371 v _198_/B (sg13g2_xor2_1)
     1    0.002011    0.048746    0.109210    1.529581 v _198_/X (sg13g2_xor2_1)
                                                         DPATH.SUM.fa_5.S (net)
                      0.048746    0.000016    1.529597 v _309_/D (sg13g2_dfrbpq_1)
                                              1.529597   data arrival time

                                  5.000000    5.000000   clock clk (rise edge)
                                  0.000000    5.000000   clock source latency
     1    0.022646    0.000000    0.000000    5.000000 ^ clk (in)
                                                         clk (net)
                      0.001423    0.000711    5.000711 ^ clkbuf_0_clk/A (sg13g2_buf_16)
     2    0.038127    0.022237    0.054876    5.055587 ^ clkbuf_0_clk/X (sg13g2_buf_16)
                                                         clknet_0_clk (net)
                      0.022241    0.000546    5.056133 ^ clkbuf_1_0__f_clk/A (sg13g2_buf_16)
     5    0.021275    0.019382    0.061694    5.117827 ^ clkbuf_1_0__f_clk/X (sg13g2_buf_16)
                                                         clknet_1_0__leaf_clk (net)
                      0.019385    0.000400    5.118227 ^ _309_/CLK (sg13g2_dfrbpq_1)
                                 -0.150000    4.968227   clock uncertainty
                                  0.000000    4.968227   clock reconvergence pessimism
                                 -0.123137    4.845090   library setup time
                                              4.845090   data required time
---------------------------------------------------------------------------------------------
                                              4.845090   data required time
                                             -1.529597   data arrival time
---------------------------------------------------------------------------------------------
                                              3.315493   slack (MET)


Startpoint: _311_ (rising edge-triggered flip-flop clocked by clk)
Endpoint: signB (output port clocked by clk)
Path Group: clk
Path Type: max

Fanout         Cap        Slew       Delay        Time   Description
---------------------------------------------------------------------------------------------
                                  0.000000    0.000000   clock clk (rise edge)
                                  0.000000    0.000000   clock source latency
     1    0.022646    0.000000    0.000000    0.000000 ^ clk (in)
                                                         clk (net)
                      0.001423    0.000711    0.000711 ^ clkbuf_0_clk/A (sg13g2_buf_16)
     2    0.038127    0.022237    0.054876    0.055587 ^ clkbuf_0_clk/X (sg13g2_buf_16)
                                                         clknet_0_clk (net)
                      0.022241    0.000546    0.056133 ^ clkbuf_1_0__f_clk/A (sg13g2_buf_16)
     5    0.021275    0.019382    0.061694    0.117827 ^ clkbuf_1_0__f_clk/X (sg13g2_buf_16)
                                                         clknet_1_0__leaf_clk (net)
                      0.019384    0.000301    0.118128 ^ _311_/CLK (sg13g2_dfrbpq_1)
     2    0.006835    0.030143    0.168903    0.287031 v _311_/Q (sg13g2_dfrbpq_1)
                                                         net2 (net)
                      0.030143    0.000099    0.287130 v _142_/A (sg13g2_inv_1)
     2    0.008507    0.042998    0.046101    0.333231 ^ _142_/Y (sg13g2_inv_1)
                                                         net3 (net)
                      0.042998    0.000045    0.333276 ^ output3/A (sg13g2_buf_1)
     1    0.030000    0.130356    0.144368    0.477645 ^ output3/X (sg13g2_buf_1)
                                                         signB (net)
                      0.130356    0.000000    0.477645 ^ signB (out)
                                              0.477645   data arrival time

                                  5.000000    5.000000   clock clk (rise edge)
                                  0.000000    5.000000   clock network delay (propagated)
                                 -0.150000    4.850000   clock uncertainty
                                  0.000000    4.850000   clock reconvergence pessimism
                                 -1.000000    3.850000   output external delay
                                              3.850000   data required time
---------------------------------------------------------------------------------------------
                                              3.850000   data required time
                                             -0.477645   data arrival time
---------------------------------------------------------------------------------------------
                                              3.372355   slack (MET)


Startpoint: _311_ (rising edge-triggered flip-flop clocked by clk)
Endpoint: sign (output port clocked by clk)
Path Group: clk
Path Type: max

Fanout         Cap        Slew       Delay        Time   Description
---------------------------------------------------------------------------------------------
                                  0.000000    0.000000   clock clk (rise edge)
                                  0.000000    0.000000   clock source latency
     1    0.022646    0.000000    0.000000    0.000000 ^ clk (in)
                                                         clk (net)
                      0.001423    0.000711    0.000711 ^ clkbuf_0_clk/A (sg13g2_buf_16)
     2    0.038127    0.022237    0.054876    0.055587 ^ clkbuf_0_clk/X (sg13g2_buf_16)
                                                         clknet_0_clk (net)
                      0.022241    0.000546    0.056133 ^ clkbuf_1_0__f_clk/A (sg13g2_buf_16)
     5    0.021275    0.019382    0.061694    0.117827 ^ clkbuf_1_0__f_clk/X (sg13g2_buf_16)
                                                         clknet_1_0__leaf_clk (net)
                      0.019384    0.000301    0.118128 ^ _311_/CLK (sg13g2_dfrbpq_1)
     2    0.006997    0.038752    0.174117    0.292245 ^ _311_/Q (sg13g2_dfrbpq_1)
                                                         net2 (net)
                      0.038752    0.000084    0.292329 ^ output2/A (sg13g2_buf_1)
     1    0.030000    0.130339    0.142520    0.434850 ^ output2/X (sg13g2_buf_1)
                                                         sign (net)
                      0.130339    0.000000    0.434850 ^ sign (out)
                                              0.434850   data arrival time

                                  5.000000    5.000000   clock clk (rise edge)
                                  0.000000    5.000000   clock network delay (propagated)
                                 -0.150000    4.850000   clock uncertainty
                                  0.000000    4.850000   clock reconvergence pessimism
                                 -1.000000    3.850000   output external delay
                                              3.850000   data required time
---------------------------------------------------------------------------------------------
                                              3.850000   data required time
                                             -0.434850   data arrival time
---------------------------------------------------------------------------------------------
                                              3.415150   slack (MET)


Startpoint: _304_ (rising edge-triggered flip-flop clocked by clk)
Endpoint: _308_ (rising edge-triggered flip-flop clocked by clk)
Path Group: clk
Path Type: max

Fanout         Cap        Slew       Delay        Time   Description
---------------------------------------------------------------------------------------------
                                  0.000000    0.000000   clock clk (rise edge)
                                  0.000000    0.000000   clock source latency
     1    0.022646    0.000000    0.000000    0.000000 ^ clk (in)
                                                         clk (net)
                      0.001423    0.000711    0.000711 ^ clkbuf_0_clk/A (sg13g2_buf_16)
     2    0.038127    0.022237    0.054876    0.055587 ^ clkbuf_0_clk/X (sg13g2_buf_16)
                                                         clknet_0_clk (net)
                      0.022238    0.000448    0.056035 ^ clkbuf_1_1__f_clk/A (sg13g2_buf_16)
     5    0.019529    0.018980    0.061357    0.117392 ^ clkbuf_1_1__f_clk/X (sg13g2_buf_16)
                                                         clknet_1_1__leaf_clk (net)
                      0.018982    0.000359    0.117750 ^ _304_/CLK (sg13g2_dfrbpq_1)
     1    0.002451    0.022356    0.160718    0.278469 ^ _304_/Q (sg13g2_dfrbpq_1)
                                                         DPATH.SUM.Cout0 (net)
                      0.022356    0.000013    0.278482 ^ fanout41/A (sg13g2_buf_1)
     6    0.028037    0.120122    0.129289    0.407771 ^ fanout41/X (sg13g2_buf_1)
                                                         net41 (net)
                      0.120122    0.000179    0.407950 ^ fanout40/A (sg13g2_buf_1)
     4    0.017411    0.079904    0.137799    0.545749 ^ fanout40/X (sg13g2_buf_1)
                                                         net40 (net)
                      0.079904    0.000120    0.545869 ^ fanout39/A (sg13g2_buf_1)
     8    0.031177    0.132883    0.163370    0.709239 ^ fanout39/X (sg13g2_buf_1)
                                                         net39 (net)
                      0.132883    0.000538    0.709777 ^ _141_/A (sg13g2_inv_1)
     6    0.024707    0.099818    0.136896    0.846673 v _141_/Y (sg13g2_inv_1)
                                                         DPATH.SUM.ha_0.S (net)
                      0.099818    0.000226    0.846899 v _183_/A1 (sg13g2_o21ai_1)
     2    0.009870    0.133500    0.159861    1.006760 ^ _183_/Y (sg13g2_o21ai_1)
                                                         _132_ (net)
                      0.133500    0.000086    1.006846 ^ _187_/A1 (sg13g2_a21oi_1)
     2    0.011038    0.096426    0.129474    1.136320 v _187_/Y (sg13g2_a21oi_1)
                                                         _135_ (net)
                      0.096426    0.000166    1.136487 v _193_/A1 (sg13g2_o21ai_1)
     2    0.010316    0.137323    0.162041    1.298527 ^ _193_/Y (sg13g2_o21ai_1)
                                                         _011_ (net)
                      0.137323    0.000119    1.298647 ^ _194_/B (sg13g2_xor2_1)
     1    0.001521    0.048262    0.120417    1.419064 ^ _194_/X (sg13g2_xor2_1)
                                                         DPATH.SUM.fa_4.S (net)
                      0.048262    0.000007    1.419071 ^ _308_/D (sg13g2_dfrbpq_1)
                                              1.419071   data arrival time

                                  5.000000    5.000000   clock clk (rise edge)
                                  0.000000    5.000000   clock source latency
     1    0.022646    0.000000    0.000000    5.000000 ^ clk (in)
                                                         clk (net)
                      0.001423    0.000711    5.000711 ^ clkbuf_0_clk/A (sg13g2_buf_16)
     2    0.038127    0.022237    0.054876    5.055587 ^ clkbuf_0_clk/X (sg13g2_buf_16)
                                                         clknet_0_clk (net)
                      0.022241    0.000546    5.056133 ^ clkbuf_1_0__f_clk/A (sg13g2_buf_16)
     5    0.021275    0.019382    0.061694    5.117827 ^ clkbuf_1_0__f_clk/X (sg13g2_buf_16)
                                                         clknet_1_0__leaf_clk (net)
                      0.019385    0.000434    5.118261 ^ _308_/CLK (sg13g2_dfrbpq_1)
                                 -0.150000    4.968262   clock uncertainty
                                  0.000000    4.968262   clock reconvergence pessimism
                                 -0.122006    4.846255   library setup time
                                              4.846255   data required time
---------------------------------------------------------------------------------------------
                                              4.846255   data required time
                                             -1.419071   data arrival time
---------------------------------------------------------------------------------------------
                                              3.427185   slack (MET)


Startpoint: _304_ (rising edge-triggered flip-flop clocked by clk)
Endpoint: _307_ (rising edge-triggered flip-flop clocked by clk)
Path Group: clk
Path Type: max

Fanout         Cap        Slew       Delay        Time   Description
---------------------------------------------------------------------------------------------
                                  0.000000    0.000000   clock clk (rise edge)
                                  0.000000    0.000000   clock source latency
     1    0.022646    0.000000    0.000000    0.000000 ^ clk (in)
                                                         clk (net)
                      0.001423    0.000711    0.000711 ^ clkbuf_0_clk/A (sg13g2_buf_16)
     2    0.038127    0.022237    0.054876    0.055587 ^ clkbuf_0_clk/X (sg13g2_buf_16)
                                                         clknet_0_clk (net)
                      0.022238    0.000448    0.056035 ^ clkbuf_1_1__f_clk/A (sg13g2_buf_16)
     5    0.019529    0.018980    0.061357    0.117392 ^ clkbuf_1_1__f_clk/X (sg13g2_buf_16)
                                                         clknet_1_1__leaf_clk (net)
                      0.018982    0.000359    0.117750 ^ _304_/CLK (sg13g2_dfrbpq_1)
     1    0.002451    0.022356    0.160718    0.278469 ^ _304_/Q (sg13g2_dfrbpq_1)
                                                         DPATH.SUM.Cout0 (net)
                      0.022356    0.000013    0.278482 ^ fanout41/A (sg13g2_buf_1)
     6    0.028037    0.120122    0.129289    0.407771 ^ fanout41/X (sg13g2_buf_1)
                                                         net41 (net)
                      0.120122    0.000179    0.407950 ^ fanout40/A (sg13g2_buf_1)
     4    0.017411    0.079904    0.137799    0.545749 ^ fanout40/X (sg13g2_buf_1)
                                                         net40 (net)
                      0.079904    0.000120    0.545869 ^ fanout39/A (sg13g2_buf_1)
     8    0.031177    0.132883    0.163370    0.709239 ^ fanout39/X (sg13g2_buf_1)
                                                         net39 (net)
                      0.132883    0.000538    0.709777 ^ _141_/A (sg13g2_inv_1)
     6    0.024707    0.099818    0.136896    0.846673 v _141_/Y (sg13g2_inv_1)
                                                         DPATH.SUM.ha_0.S (net)
                      0.099818    0.000226    0.846899 v _183_/A1 (sg13g2_o21ai_1)
     2    0.009870    0.133500    0.159861    1.006760 ^ _183_/Y (sg13g2_o21ai_1)
                                                         _132_ (net)
                      0.133500    0.000086    1.006846 ^ _187_/A1 (sg13g2_a21oi_1)
     2    0.011038    0.096426    0.129474    1.136320 v _187_/Y (sg13g2_a21oi_1)
                                                         _135_ (net)
                      0.096426    0.000173    1.136493 v _190_/A (sg13g2_xor2_1)
     1    0.001962    0.051010    0.119200    1.255693 v _190_/X (sg13g2_xor2_1)
                                                         DPATH.SUM.fa_3.S (net)
                      0.051010    0.000015    1.255708 v _307_/D (sg13g2_dfrbpq_1)
                                              1.255708   data arrival time

                                  5.000000    5.000000   clock clk (rise edge)
                                  0.000000    5.000000   clock source latency
     1    0.022646    0.000000    0.000000    5.000000 ^ clk (in)
                                                         clk (net)
                      0.001423    0.000711    5.000711 ^ clkbuf_0_clk/A (sg13g2_buf_16)
     2    0.038127    0.022237    0.054876    5.055587 ^ clkbuf_0_clk/X (sg13g2_buf_16)
                                                         clknet_0_clk (net)
                      0.022238    0.000448    5.056035 ^ clkbuf_1_1__f_clk/A (sg13g2_buf_16)
     5    0.019529    0.018980    0.061357    5.117392 ^ clkbuf_1_1__f_clk/X (sg13g2_buf_16)
                                                         clknet_1_1__leaf_clk (net)
                      0.018982    0.000296    5.117688 ^ _307_/CLK (sg13g2_dfrbpq_1)
                                 -0.150000    4.967688   clock uncertainty
                                  0.000000    4.967688   clock reconvergence pessimism
                                 -0.124055    4.843633   library setup time
                                              4.843633   data required time
---------------------------------------------------------------------------------------------
                                              4.843633   data required time
                                             -1.255708   data arrival time
---------------------------------------------------------------------------------------------
                                              3.587924   slack (MET)


Startpoint: _305_ (rising edge-triggered flip-flop clocked by clk)
Endpoint: _312_ (rising edge-triggered flip-flop clocked by clk)
Path Group: clk
Path Type: max

Fanout         Cap        Slew       Delay        Time   Description
---------------------------------------------------------------------------------------------
                                  0.000000    0.000000   clock clk (rise edge)
                                  0.000000    0.000000   clock source latency
     1    0.022646    0.000000    0.000000    0.000000 ^ clk (in)
                                                         clk (net)
                      0.001423    0.000711    0.000711 ^ clkbuf_0_clk/A (sg13g2_buf_16)
     2    0.038127    0.022237    0.054876    0.055587 ^ clkbuf_0_clk/X (sg13g2_buf_16)
                                                         clknet_0_clk (net)
                      0.022238    0.000448    0.056035 ^ clkbuf_1_1__f_clk/A (sg13g2_buf_16)
     5    0.019529    0.018980    0.061357    0.117392 ^ clkbuf_1_1__f_clk/X (sg13g2_buf_16)
                                                         clknet_1_1__leaf_clk (net)
                      0.018982    0.000317    0.117709 ^ _305_/CLK (sg13g2_dfrbpq_1)
     3    0.015551    0.071359    0.198664    0.316373 ^ _305_/Q (sg13g2_dfrbpq_1)
                                                         DPATH.SUM.fa_1.A (net)
                      0.071359    0.000174    0.316547 ^ fanout38/A (sg13g2_buf_1)
     8    0.040716    0.170947    0.186214    0.502761 ^ fanout38/X (sg13g2_buf_1)
                                                         net38 (net)
                      0.170947    0.000329    0.503090 ^ fanout37/A (sg13g2_buf_1)
     8    0.028420    0.122349    0.183625    0.686715 ^ fanout37/X (sg13g2_buf_1)
                                                         net37 (net)
                      0.122349    0.000448    0.687163 ^ _164_/B (sg13g2_and2_1)
     4    0.015512    0.075315    0.154072    0.841235 ^ _164_/X (sg13g2_and2_1)
                                                         _120_ (net)
                      0.075315    0.000192    0.841427 ^ _169_/B (sg13g2_nand2_1)
     3    0.010891    0.089338    0.097979    0.939406 v _169_/Y (sg13g2_nand2_1)
                                                         _124_ (net)
                      0.089338    0.000060    0.939466 v _205_/C (sg13g2_nor3_1)
     2    0.009851    0.162638    0.158531    1.097997 ^ _205_/Y (sg13g2_nor3_1)
                                                         _019_ (net)
                      0.162638    0.000204    1.098201 ^ _206_/A2 (sg13g2_a21oi_1)
     1    0.003576    0.061461    0.101838    1.200039 v _206_/Y (sg13g2_a21oi_1)
                                                         _020_ (net)
                      0.061461    0.000034    1.200073 v _207_/B (sg13g2_nor2_1)
     1    0.001997    0.043643    0.054212    1.254285 ^ _207_/Y (sg13g2_nor2_1)
                                                         CTRL.P0 (net)
                      0.043643    0.000016    1.254301 ^ _312_/D (sg13g2_dfrbpq_1)
                                              1.254301   data arrival time

                                  5.000000    5.000000   clock clk (rise edge)
                                  0.000000    5.000000   clock source latency
     1    0.022646    0.000000    0.000000    5.000000 ^ clk (in)
                                                         clk (net)
                      0.001423    0.000711    5.000711 ^ clkbuf_0_clk/A (sg13g2_buf_16)
     2    0.038127    0.022237    0.054876    5.055587 ^ clkbuf_0_clk/X (sg13g2_buf_16)
                                                         clknet_0_clk (net)
                      0.022241    0.000546    5.056133 ^ clkbuf_1_0__f_clk/A (sg13g2_buf_16)
     5    0.021275    0.019382    0.061694    5.117827 ^ clkbuf_1_0__f_clk/X (sg13g2_buf_16)
                                                         clknet_1_0__leaf_clk (net)
                      0.019384    0.000270    5.118097 ^ _312_/CLK (sg13g2_dfrbpq_1)
                                 -0.150000    4.968097   clock uncertainty
                                  0.000000    4.968097   clock reconvergence pessimism
                                 -0.120505    4.847592   library setup time
                                              4.847592   data required time
---------------------------------------------------------------------------------------------
                                              4.847592   data required time
                                             -1.254301   data arrival time
---------------------------------------------------------------------------------------------
                                              3.593291   slack (MET)


Startpoint: _308_ (rising edge-triggered flip-flop clocked by clk)
Endpoint: _311_ (rising edge-triggered flip-flop clocked by clk)
Path Group: clk
Path Type: max

Fanout         Cap        Slew       Delay        Time   Description
---------------------------------------------------------------------------------------------
                                  0.000000    0.000000   clock clk (rise edge)
                                  0.000000    0.000000   clock source latency
     1    0.022646    0.000000    0.000000    0.000000 ^ clk (in)
                                                         clk (net)
                      0.001423    0.000711    0.000711 ^ clkbuf_0_clk/A (sg13g2_buf_16)
     2    0.038127    0.022237    0.054876    0.055587 ^ clkbuf_0_clk/X (sg13g2_buf_16)
                                                         clknet_0_clk (net)
                      0.022241    0.000546    0.056133 ^ clkbuf_1_0__f_clk/A (sg13g2_buf_16)
     5    0.021275    0.019382    0.061694    0.117827 ^ clkbuf_1_0__f_clk/X (sg13g2_buf_16)
                                                         clknet_1_0__leaf_clk (net)
                      0.019385    0.000434    0.118262 ^ _308_/CLK (sg13g2_dfrbpq_1)
     3    0.015472    0.055565    0.189800    0.308062 v _308_/Q (sg13g2_dfrbpq_1)
                                                         DPATH.SUM.fa_4.A (net)
                      0.055565    0.000105    0.308166 v fanout32/A (sg13g2_buf_1)
     8    0.033508    0.109243    0.146556    0.454722 v fanout32/X (sg13g2_buf_1)
                                                         net32 (net)
                      0.109243    0.000201    0.454923 v fanout31/A (sg13g2_buf_1)
     8    0.030329    0.100081    0.160890    0.615813 v fanout31/X (sg13g2_buf_1)
                                                         net31 (net)
                      0.100081    0.000085    0.615897 v fanout30/A (sg13g2_buf_1)
     8    0.028643    0.094858    0.154722    0.770619 v fanout30/X (sg13g2_buf_1)
                                                         net30 (net)
                      0.094858    0.000190    0.770809 v _145_/B (sg13g2_nor2_1)
     2    0.006706    0.082859    0.094628    0.865437 ^ _145_/Y (sg13g2_nor2_1)
                                                         _104_ (net)
                      0.082859    0.000024    0.865461 ^ _178_/B (sg13g2_nand2_1)
     2    0.007100    0.064931    0.083435    0.948896 v _178_/Y (sg13g2_nand2_1)
                                                         _129_ (net)
                      0.064931    0.000044    0.948940 v _203_/B (sg13g2_nor3_1)
     2    0.010249    0.163456    0.169193    1.118133 ^ _203_/Y (sg13g2_nor3_1)
                                                         _018_ (net)
                      0.163456    0.000076    1.118210 ^ _204_/B (sg13g2_xnor2_1)
     1    0.002563    0.075582    0.123590    1.241799 ^ _204_/Y (sg13g2_xnor2_1)
                                                         CTRL.P1 (net)
                      0.075582    0.000029    1.241828 ^ _311_/D (sg13g2_dfrbpq_1)
                                              1.241828   data arrival time

                                  5.000000    5.000000   clock clk (rise edge)
                                  0.000000    5.000000   clock source latency
     1    0.022646    0.000000    0.000000    5.000000 ^ clk (in)
                                                         clk (net)
                      0.001423    0.000711    5.000711 ^ clkbuf_0_clk/A (sg13g2_buf_16)
     2    0.038127    0.022237    0.054876    5.055587 ^ clkbuf_0_clk/X (sg13g2_buf_16)
                                                         clknet_0_clk (net)
                      0.022241    0.000546    5.056133 ^ clkbuf_1_0__f_clk/A (sg13g2_buf_16)
     5    0.021275    0.019382    0.061694    5.117827 ^ clkbuf_1_0__f_clk/X (sg13g2_buf_16)
                                                         clknet_1_0__leaf_clk (net)
                      0.019384    0.000301    5.118128 ^ _311_/CLK (sg13g2_dfrbpq_1)
                                 -0.150000    4.968128   clock uncertainty
                                  0.000000    4.968128   clock reconvergence pessimism
                                 -0.130886    4.837242   library setup time
                                              4.837242   data required time
---------------------------------------------------------------------------------------------
                                              4.837242   data required time
                                             -1.241828   data arrival time
---------------------------------------------------------------------------------------------
                                              3.595413   slack (MET)


Startpoint: _304_ (rising edge-triggered flip-flop clocked by clk)
Endpoint: _306_ (rising edge-triggered flip-flop clocked by clk)
Path Group: clk
Path Type: max

Fanout         Cap        Slew       Delay        Time   Description
---------------------------------------------------------------------------------------------
                                  0.000000    0.000000   clock clk (rise edge)
                                  0.000000    0.000000   clock source latency
     1    0.022646    0.000000    0.000000    0.000000 ^ clk (in)
                                                         clk (net)
                      0.001423    0.000711    0.000711 ^ clkbuf_0_clk/A (sg13g2_buf_16)
     2    0.038127    0.022237    0.054876    0.055587 ^ clkbuf_0_clk/X (sg13g2_buf_16)
                                                         clknet_0_clk (net)
                      0.022238    0.000448    0.056035 ^ clkbuf_1_1__f_clk/A (sg13g2_buf_16)
     5    0.019529    0.018980    0.061357    0.117392 ^ clkbuf_1_1__f_clk/X (sg13g2_buf_16)
                                                         clknet_1_1__leaf_clk (net)
                      0.018982    0.000359    0.117750 ^ _304_/CLK (sg13g2_dfrbpq_1)
     1    0.002451    0.022356    0.160718    0.278469 ^ _304_/Q (sg13g2_dfrbpq_1)
                                                         DPATH.SUM.Cout0 (net)
                      0.022356    0.000013    0.278482 ^ fanout41/A (sg13g2_buf_1)
     6    0.028037    0.120122    0.129289    0.407771 ^ fanout41/X (sg13g2_buf_1)
                                                         net41 (net)
                      0.120122    0.000179    0.407950 ^ fanout40/A (sg13g2_buf_1)
     4    0.017411    0.079904    0.137799    0.545749 ^ fanout40/X (sg13g2_buf_1)
                                                         net40 (net)
                      0.079904    0.000120    0.545869 ^ fanout39/A (sg13g2_buf_1)
     8    0.031177    0.132883    0.163370    0.709239 ^ fanout39/X (sg13g2_buf_1)
                                                         net39 (net)
                      0.132883    0.000538    0.709777 ^ _141_/A (sg13g2_inv_1)
     6    0.024707    0.099818    0.136896    0.846673 v _141_/Y (sg13g2_inv_1)
                                                         DPATH.SUM.ha_0.S (net)
                      0.099818    0.000226    0.846899 v _183_/A1 (sg13g2_o21ai_1)
     2    0.009870    0.133500    0.159861    1.006760 ^ _183_/Y (sg13g2_o21ai_1)
                                                         _132_ (net)
                      0.133500    0.000076    1.006837 ^ _186_/A (sg13g2_xor2_1)
     1    0.003255    0.063109    0.133939    1.140776 ^ _186_/X (sg13g2_xor2_1)
                                                         DPATH.SUM.fa_2.S (net)
                      0.063109    0.000050    1.140826 ^ _306_/D (sg13g2_dfrbpq_1)
                                              1.140826   data arrival time

                                  5.000000    5.000000   clock clk (rise edge)
                                  0.000000    5.000000   clock source latency
     1    0.022646    0.000000    0.000000    5.000000 ^ clk (in)
                                                         clk (net)
                      0.001423    0.000711    5.000711 ^ clkbuf_0_clk/A (sg13g2_buf_16)
     2    0.038127    0.022237    0.054876    5.055587 ^ clkbuf_0_clk/X (sg13g2_buf_16)
                                                         clknet_0_clk (net)
                      0.022238    0.000448    5.056035 ^ clkbuf_1_1__f_clk/A (sg13g2_buf_16)
     5    0.019529    0.018980    0.061357    5.117392 ^ clkbuf_1_1__f_clk/X (sg13g2_buf_16)
                                                         clknet_1_1__leaf_clk (net)
                      0.018982    0.000346    5.117738 ^ _306_/CLK (sg13g2_dfrbpq_1)
                                 -0.150000    4.967738   clock uncertainty
                                  0.000000    4.967738   clock reconvergence pessimism
                                 -0.126892    4.840847   library setup time
                                              4.840847   data required time
---------------------------------------------------------------------------------------------
                                              4.840847   data required time
                                             -1.140826   data arrival time
---------------------------------------------------------------------------------------------
                                              3.700021   slack (MET)


Startpoint: _312_ (rising edge-triggered flip-flop clocked by clk)
Endpoint: _305_ (rising edge-triggered flip-flop clocked by clk)
Path Group: clk
Path Type: max

Fanout         Cap        Slew       Delay        Time   Description
---------------------------------------------------------------------------------------------
                                  0.000000    0.000000   clock clk (rise edge)
                                  0.000000    0.000000   clock source latency
     1    0.022646    0.000000    0.000000    0.000000 ^ clk (in)
                                                         clk (net)
                      0.001423    0.000711    0.000711 ^ clkbuf_0_clk/A (sg13g2_buf_16)
     2    0.038127    0.022237    0.054876    0.055587 ^ clkbuf_0_clk/X (sg13g2_buf_16)
                                                         clknet_0_clk (net)
                      0.022241    0.000546    0.056133 ^ clkbuf_1_0__f_clk/A (sg13g2_buf_16)
     5    0.021275    0.019382    0.061694    0.117827 ^ clkbuf_1_0__f_clk/X (sg13g2_buf_16)
                                                         clknet_1_0__leaf_clk (net)
                      0.019384    0.000270    0.118097 ^ _312_/CLK (sg13g2_dfrbpq_1)
     1    0.003506    0.026097    0.163979    0.282076 ^ _312_/Q (sg13g2_dfrbpq_1)
                                                         CTRL.S0 (net)
                      0.026097    0.000042    0.282118 ^ fanout24/A (sg13g2_buf_1)
     6    0.028994    0.123977    0.133829    0.415947 ^ fanout24/X (sg13g2_buf_1)
                                                         net24 (net)
                      0.123979    0.000438    0.416385 ^ fanout23/A (sg13g2_buf_1)
     8    0.039257    0.165255    0.200880    0.617265 ^ fanout23/X (sg13g2_buf_1)
                                                         net23 (net)
                      0.165256    0.000719    0.617984 ^ _181_/B (sg13g2_xnor2_1)
     2    0.009391    0.122413    0.149389    0.767373 ^ _181_/Y (sg13g2_xnor2_1)
                                                         _131_ (net)
                      0.122413    0.000059    0.767432 ^ _182_/B (sg13g2_xnor2_1)
     1    0.002368    0.066967    0.111638    0.879070 ^ _182_/Y (sg13g2_xnor2_1)
                                                         DPATH.SUM.fa_1.S (net)
                      0.066967    0.000024    0.879095 ^ _305_/D (sg13g2_dfrbpq_1)
                                              0.879095   data arrival time

                                  5.000000    5.000000   clock clk (rise edge)
                                  0.000000    5.000000   clock source latency
     1    0.022646    0.000000    0.000000    5.000000 ^ clk (in)
                                                         clk (net)
                      0.001423    0.000711    5.000711 ^ clkbuf_0_clk/A (sg13g2_buf_16)
     2    0.038127    0.022237    0.054876    5.055587 ^ clkbuf_0_clk/X (sg13g2_buf_16)
                                                         clknet_0_clk (net)
                      0.022238    0.000448    5.056035 ^ clkbuf_1_1__f_clk/A (sg13g2_buf_16)
     5    0.019529    0.018980    0.061357    5.117392 ^ clkbuf_1_1__f_clk/X (sg13g2_buf_16)
                                                         clknet_1_1__leaf_clk (net)
                      0.018982    0.000317    5.117709 ^ _305_/CLK (sg13g2_dfrbpq_1)
                                 -0.150000    4.967709   clock uncertainty
                                  0.000000    4.967709   clock reconvergence pessimism
                                 -0.128146    4.839563   library setup time
                                              4.839563   data required time
---------------------------------------------------------------------------------------------
                                              4.839563   data required time
                                             -0.879095   data arrival time
---------------------------------------------------------------------------------------------
                                              3.960469   slack (MET)


Startpoint: _304_ (rising edge-triggered flip-flop clocked by clk)
Endpoint: _304_ (rising edge-triggered flip-flop clocked by clk)
Path Group: clk
Path Type: max

Fanout         Cap        Slew       Delay        Time   Description
---------------------------------------------------------------------------------------------
                                  0.000000    0.000000   clock clk (rise edge)
                                  0.000000    0.000000   clock source latency
     1    0.022646    0.000000    0.000000    0.000000 ^ clk (in)
                                                         clk (net)
                      0.001423    0.000711    0.000711 ^ clkbuf_0_clk/A (sg13g2_buf_16)
     2    0.038127    0.022237    0.054876    0.055587 ^ clkbuf_0_clk/X (sg13g2_buf_16)
                                                         clknet_0_clk (net)
                      0.022238    0.000448    0.056035 ^ clkbuf_1_1__f_clk/A (sg13g2_buf_16)
     5    0.019529    0.018980    0.061357    0.117392 ^ clkbuf_1_1__f_clk/X (sg13g2_buf_16)
                                                         clknet_1_1__leaf_clk (net)
                      0.018982    0.000359    0.117750 ^ _304_/CLK (sg13g2_dfrbpq_1)
     1    0.002451    0.022356    0.160718    0.278469 ^ _304_/Q (sg13g2_dfrbpq_1)
                                                         DPATH.SUM.Cout0 (net)
                      0.022356    0.000013    0.278482 ^ fanout41/A (sg13g2_buf_1)
     6    0.028037    0.120122    0.129289    0.407771 ^ fanout41/X (sg13g2_buf_1)
                                                         net41 (net)
                      0.120122    0.000179    0.407950 ^ fanout40/A (sg13g2_buf_1)
     4    0.017411    0.079904    0.137799    0.545749 ^ fanout40/X (sg13g2_buf_1)
                                                         net40 (net)
                      0.079904    0.000120    0.545869 ^ fanout39/A (sg13g2_buf_1)
     8    0.031177    0.132883    0.163370    0.709239 ^ fanout39/X (sg13g2_buf_1)
                                                         net39 (net)
                      0.132883    0.000538    0.709777 ^ _141_/A (sg13g2_inv_1)
     6    0.024707    0.099818    0.136896    0.846673 v _141_/Y (sg13g2_inv_1)
                                                         DPATH.SUM.ha_0.S (net)
                      0.099818    0.000090    0.846763 v _304_/D (sg13g2_dfrbpq_1)
                                              0.846763   data arrival time

                                  5.000000    5.000000   clock clk (rise edge)
                                  0.000000    5.000000   clock source latency
     1    0.022646    0.000000    0.000000    5.000000 ^ clk (in)
                                                         clk (net)
                      0.001423    0.000711    5.000711 ^ clkbuf_0_clk/A (sg13g2_buf_16)
     2    0.038127    0.022237    0.054876    5.055587 ^ clkbuf_0_clk/X (sg13g2_buf_16)
                                                         clknet_0_clk (net)
                      0.022238    0.000448    5.056035 ^ clkbuf_1_1__f_clk/A (sg13g2_buf_16)
     5    0.019529    0.018980    0.061357    5.117392 ^ clkbuf_1_1__f_clk/X (sg13g2_buf_16)
                                                         clknet_1_1__leaf_clk (net)
                      0.018982    0.000359    5.117751 ^ _304_/CLK (sg13g2_dfrbpq_1)
                                 -0.150000    4.967751   clock uncertainty
                                  0.000000    4.967751   clock reconvergence pessimism
                                 -0.141635    4.826115   library setup time
                                              4.826115   data required time
---------------------------------------------------------------------------------------------
                                              4.826115   data required time
                                             -0.846763   data arrival time
---------------------------------------------------------------------------------------------
                                              3.979352   slack (MET)



