[WARNING ORD-0032] Invalid thread number specification: None.
Reading timing models for corner nom_typ_1p20V_25C…
Reading timing library for the 'nom_typ_1p20V_25C' corner at '/foss/pdks/ihp-sg13g2/libs.ref/sg13g2_stdcell/lib/sg13g2_stdcell_typ_1p20V_25C.lib.gz'…
Reading timing library for the 'nom_typ_1p20V_25C' corner at '/foss/pdks/ihp-sg13g2/libs.ref/sg13g2_io/lib/sg13g2_io_typ_1p2V_3p3V_25C.lib.gz'…
Reading OpenROAD database at '/foss/designs/BASIC/current_generator/digital/DigitalSine/runs/RUN_2026-09-16_23-32-49/28-openroad-globalplacement/DigitalSine.odb'…
Reading design constraints file at '/foss/designs/BASIC/current_generator/digital/DigitalSine/cons.sdc'…
[INFO] No information on clock propagation in input SDC file-- propagating all clocks.
%OL_CREATE_REPORT min.rpt

===========================================================================
report_checks -path_delay min (Hold)
============================================================================
======================= nom_typ_1p20V_25C Corner ===================================

Startpoint: _295_ (rising edge-triggered flip-flop clocked by clk)
Endpoint: sign (output port clocked by clk)
Path Group: clk
Path Type: min

Fanout         Cap        Slew       Delay        Time   Description
---------------------------------------------------------------------------------------------
                                  0.000000    0.000000   clock clk (rise edge)
                                  0.000000    0.000000   clock source latency
     9    0.032878    0.000000    0.000000    0.000000 ^ clk (in)
                                                         clk (net)
                      0.000964    0.000482    0.000482 ^ _295_/CLK (sg13g2_dfrbpq_1)
     3    0.037398    0.120275    0.231802    0.232284 v _295_/Q (sg13g2_dfrbpq_1)
                                                         sign (net)
                      0.120275    0.000000    0.232284 v sign (out)
                                              0.232284   data arrival time

                                  0.000000    0.000000   clock clk (rise edge)
                                  0.000000    0.000000   clock network delay (propagated)
                                  0.150000    0.150000   clock uncertainty
                                  0.000000    0.150000   clock reconvergence pessimism
                                  0.000000    0.150000   output external delay
                                              0.150000   data required time
---------------------------------------------------------------------------------------------
                                              0.150000   data required time
                                             -0.232284   data arrival time
---------------------------------------------------------------------------------------------
                                              0.082284   slack (MET)


Startpoint: _295_ (rising edge-triggered flip-flop clocked by clk)
Endpoint: _295_ (rising edge-triggered flip-flop clocked by clk)
Path Group: clk
Path Type: min

Fanout         Cap        Slew       Delay        Time   Description
---------------------------------------------------------------------------------------------
                                  0.000000    0.000000   clock clk (rise edge)
                                  0.000000    0.000000   clock source latency
     9    0.032878    0.000000    0.000000    0.000000 ^ clk (in)
                                                         clk (net)
                      0.000964    0.000482    0.000482 ^ _295_/CLK (sg13g2_dfrbpq_1)
     3    0.037398    0.120275    0.231802    0.232284 v _295_/Q (sg13g2_dfrbpq_1)
                                                         sign (net)
                      0.120275    0.000000    0.232284 v _163_/A (sg13g2_xnor2_1)
     1    0.001780    0.028175    0.086640    0.318924 v _163_/Y (sg13g2_xnor2_1)
                                                         CTRL.P1 (net)
                      0.028175    0.000011    0.318935 v _295_/D (sg13g2_dfrbpq_1)
                                              0.318935   data arrival time

                                  0.000000    0.000000   clock clk (rise edge)
                                  0.000000    0.000000   clock source latency
     9    0.036904    0.000000    0.000000    0.000000 ^ clk (in)
                                                         clk (net)
                      0.001086    0.000543    0.000543 ^ _295_/CLK (sg13g2_dfrbpq_1)
                                  0.150000    0.150543   clock uncertainty
                                 -0.000061    0.150482   clock reconvergence pessimism
                                 -0.040917    0.109565   library hold time
                                              0.109565   data required time
---------------------------------------------------------------------------------------------
                                              0.109565   data required time
                                             -0.318935   data arrival time
---------------------------------------------------------------------------------------------
                                              0.209370   slack (MET)


Startpoint: _293_ (rising edge-triggered flip-flop clocked by clk)
Endpoint: sine_out[17] (output port clocked by clk)
Path Group: clk
Path Type: min

Fanout         Cap        Slew       Delay        Time   Description
---------------------------------------------------------------------------------------------
                                  0.000000    0.000000   clock clk (rise edge)
                                  0.000000    0.000000   clock source latency
     9    0.032878    0.000000    0.000000    0.000000 ^ clk (in)
                                                         clk (net)
                      0.001050    0.000525    0.000525 ^ _293_/CLK (sg13g2_dfrbpq_1)
    15    0.053396    0.168057    0.266082    0.266607 v _293_/Q (sg13g2_dfrbpq_1)
                                                         DPATH.SUM.fa_5.A (net)
                      0.168064    0.001209    0.267816 v _277_/A (sg13g2_nand3_1)
     1    0.010000    0.063519    0.101832    0.369647 ^ _277_/Y (sg13g2_nand3_1)
                                                         sine_out[17] (net)
                      0.063519    0.000000    0.369647 ^ sine_out[17] (out)
                                              0.369647   data arrival time

                                  0.000000    0.000000   clock clk (rise edge)
                                  0.000000    0.000000   clock network delay (propagated)
                                  0.150000    0.150000   clock uncertainty
                                  0.000000    0.150000   clock reconvergence pessimism
                                  0.000000    0.150000   output external delay
                                              0.150000   data required time
---------------------------------------------------------------------------------------------
                                              0.150000   data required time
                                             -0.369647   data arrival time
---------------------------------------------------------------------------------------------
                                              0.219647   slack (MET)


Startpoint: _295_ (rising edge-triggered flip-flop clocked by clk)
Endpoint: signB (output port clocked by clk)
Path Group: clk
Path Type: min

Fanout         Cap        Slew       Delay        Time   Description
---------------------------------------------------------------------------------------------
                                  0.000000    0.000000   clock clk (rise edge)
                                  0.000000    0.000000   clock source latency
     9    0.032878    0.000000    0.000000    0.000000 ^ clk (in)
                                                         clk (net)
                      0.000964    0.000482    0.000482 ^ _295_/CLK (sg13g2_dfrbpq_1)
     3    0.037398    0.120275    0.231802    0.232284 v _295_/Q (sg13g2_dfrbpq_1)
                                                         sign (net)
                      0.120275    0.000000    0.232284 v _133_/A (sg13g2_inv_1)
     1    0.030000    0.139804    0.157373    0.389657 ^ _133_/Y (sg13g2_inv_1)
                                                         signB (net)
                      0.139804    0.000000    0.389657 ^ signB (out)
                                              0.389657   data arrival time

                                  0.000000    0.000000   clock clk (rise edge)
                                  0.000000    0.000000   clock network delay (propagated)
                                  0.150000    0.150000   clock uncertainty
                                  0.000000    0.150000   clock reconvergence pessimism
                                  0.000000    0.150000   output external delay
                                              0.150000   data required time
---------------------------------------------------------------------------------------------
                                              0.150000   data required time
                                             -0.389657   data arrival time
---------------------------------------------------------------------------------------------
                                              0.239657   slack (MET)


Startpoint: _294_ (rising edge-triggered flip-flop clocked by clk)
Endpoint: sine_out[15] (output port clocked by clk)
Path Group: clk
Path Type: min

Fanout         Cap        Slew       Delay        Time   Description
---------------------------------------------------------------------------------------------
                                  0.000000    0.000000   clock clk (rise edge)
                                  0.000000    0.000000   clock source latency
     9    0.032878    0.000000    0.000000    0.000000 ^ clk (in)
                                                         clk (net)
                      0.001006    0.000503    0.000503 ^ _294_/CLK (sg13g2_dfrbpq_1)
    20    0.067613    0.210825    0.297587    0.298090 v _294_/Q (sg13g2_dfrbpq_1)
                                                         DPATH.SUM.fa_6.A (net)
                      0.210826    0.000782    0.298872 v _274_/A (sg13g2_nand2_1)
     1    0.010000    0.060376    0.104878    0.403750 ^ _274_/Y (sg13g2_nand2_1)
                                                         sine_out[15] (net)
                      0.060376    0.000000    0.403750 ^ sine_out[15] (out)
                                              0.403750   data arrival time

                                  0.000000    0.000000   clock clk (rise edge)
                                  0.000000    0.000000   clock network delay (propagated)
                                  0.150000    0.150000   clock uncertainty
                                  0.000000    0.150000   clock reconvergence pessimism
                                  0.000000    0.150000   output external delay
                                              0.150000   data required time
---------------------------------------------------------------------------------------------
                                              0.150000   data required time
                                             -0.403750   data arrival time
---------------------------------------------------------------------------------------------
                                              0.253750   slack (MET)


Startpoint: _294_ (rising edge-triggered flip-flop clocked by clk)
Endpoint: sine_out[14] (output port clocked by clk)
Path Group: clk
Path Type: min

Fanout         Cap        Slew       Delay        Time   Description
---------------------------------------------------------------------------------------------
                                  0.000000    0.000000   clock clk (rise edge)
                                  0.000000    0.000000   clock source latency
     9    0.032878    0.000000    0.000000    0.000000 ^ clk (in)
                                                         clk (net)
                      0.001006    0.000503    0.000503 ^ _294_/CLK (sg13g2_dfrbpq_1)
    20    0.067613    0.210825    0.297587    0.298090 v _294_/Q (sg13g2_dfrbpq_1)
                                                         DPATH.SUM.fa_6.A (net)
                      0.210831    0.001341    0.299431 v _273_/A (sg13g2_nand2_1)
     1    0.010000    0.059802    0.104879    0.404310 ^ _273_/Y (sg13g2_nand2_1)
                                                         sine_out[14] (net)
                      0.059802    0.000000    0.404310 ^ sine_out[14] (out)
                                              0.404310   data arrival time

                                  0.000000    0.000000   clock clk (rise edge)
                                  0.000000    0.000000   clock network delay (propagated)
                                  0.150000    0.150000   clock uncertainty
                                  0.000000    0.150000   clock reconvergence pessimism
                                  0.000000    0.150000   output external delay
                                              0.150000   data required time
---------------------------------------------------------------------------------------------
                                              0.150000   data required time
                                             -0.404310   data arrival time
---------------------------------------------------------------------------------------------
                                              0.254310   slack (MET)


Startpoint: _293_ (rising edge-triggered flip-flop clocked by clk)
Endpoint: sine_out[12] (output port clocked by clk)
Path Group: clk
Path Type: min

Fanout         Cap        Slew       Delay        Time   Description
---------------------------------------------------------------------------------------------
                                  0.000000    0.000000   clock clk (rise edge)
                                  0.000000    0.000000   clock source latency
     9    0.032878    0.000000    0.000000    0.000000 ^ clk (in)
                                                         clk (net)
                      0.001050    0.000525    0.000525 ^ _293_/CLK (sg13g2_dfrbpq_1)
    15    0.053396    0.168057    0.266082    0.266607 v _293_/Q (sg13g2_dfrbpq_1)
                                                         DPATH.SUM.fa_5.A (net)
                      0.168075    0.001757    0.268364 v _271_/A1 (sg13g2_a21oi_1)
     1    0.010000    0.106481    0.146209    0.414573 ^ _271_/Y (sg13g2_a21oi_1)
                                                         sine_out[12] (net)
                      0.106481    0.000000    0.414573 ^ sine_out[12] (out)
                                              0.414573   data arrival time

                                  0.000000    0.000000   clock clk (rise edge)
                                  0.000000    0.000000   clock network delay (propagated)
                                  0.150000    0.150000   clock uncertainty
                                  0.000000    0.150000   clock reconvergence pessimism
                                  0.000000    0.150000   output external delay
                                              0.150000   data required time
---------------------------------------------------------------------------------------------
                                              0.150000   data required time
                                             -0.414573   data arrival time
---------------------------------------------------------------------------------------------
                                              0.264573   slack (MET)


Startpoint: _293_ (rising edge-triggered flip-flop clocked by clk)
Endpoint: sine_out[9] (output port clocked by clk)
Path Group: clk
Path Type: min

Fanout         Cap        Slew       Delay        Time   Description
---------------------------------------------------------------------------------------------
                                  0.000000    0.000000   clock clk (rise edge)
                                  0.000000    0.000000   clock source latency
     9    0.032878    0.000000    0.000000    0.000000 ^ clk (in)
                                                         clk (net)
                      0.001050    0.000525    0.000525 ^ _293_/CLK (sg13g2_dfrbpq_1)
    15    0.053396    0.168057    0.266082    0.266607 v _293_/Q (sg13g2_dfrbpq_1)
                                                         DPATH.SUM.fa_5.A (net)
                      0.168076    0.001808    0.268415 v _265_/A1 (sg13g2_a21oi_1)
     1    0.010000    0.106481    0.146209    0.414624 ^ _265_/Y (sg13g2_a21oi_1)
                                                         sine_out[9] (net)
                      0.106481    0.000000    0.414624 ^ sine_out[9] (out)
                                              0.414624   data arrival time

                                  0.000000    0.000000   clock clk (rise edge)
                                  0.000000    0.000000   clock network delay (propagated)
                                  0.150000    0.150000   clock uncertainty
                                  0.000000    0.150000   clock reconvergence pessimism
                                  0.000000    0.150000   output external delay
                                              0.150000   data required time
---------------------------------------------------------------------------------------------
                                              0.150000   data required time
                                             -0.414624   data arrival time
---------------------------------------------------------------------------------------------
                                              0.264624   slack (MET)


Startpoint: _294_ (rising edge-triggered flip-flop clocked by clk)
Endpoint: sine_out[16] (output port clocked by clk)
Path Group: clk
Path Type: min

Fanout         Cap        Slew       Delay        Time   Description
---------------------------------------------------------------------------------------------
                                  0.000000    0.000000   clock clk (rise edge)
                                  0.000000    0.000000   clock source latency
     9    0.032878    0.000000    0.000000    0.000000 ^ clk (in)
                                                         clk (net)
                      0.001006    0.000503    0.000503 ^ _294_/CLK (sg13g2_dfrbpq_1)
    20    0.067613    0.210825    0.297587    0.298090 v _294_/Q (sg13g2_dfrbpq_1)
                                                         DPATH.SUM.fa_6.A (net)
                      0.210833    0.001499    0.299589 v _275_/B1 (sg13g2_o21ai_1)
     1    0.010000    0.092652    0.119154    0.418743 ^ _275_/Y (sg13g2_o21ai_1)
                                                         sine_out[16] (net)
                      0.092652    0.000000    0.418743 ^ sine_out[16] (out)
                                              0.418743   data arrival time

                                  0.000000    0.000000   clock clk (rise edge)
                                  0.000000    0.000000   clock network delay (propagated)
                                  0.150000    0.150000   clock uncertainty
                                  0.000000    0.150000   clock reconvergence pessimism
                                  0.000000    0.150000   output external delay
                                              0.150000   data required time
---------------------------------------------------------------------------------------------
                                              0.150000   data required time
                                             -0.418743   data arrival time
---------------------------------------------------------------------------------------------
                                              0.268743   slack (MET)


Startpoint: _288_ (rising edge-triggered flip-flop clocked by clk)
Endpoint: _289_ (rising edge-triggered flip-flop clocked by clk)
Path Group: clk
Path Type: min

Fanout         Cap        Slew       Delay        Time   Description
---------------------------------------------------------------------------------------------
                                  0.000000    0.000000   clock clk (rise edge)
                                  0.000000    0.000000   clock source latency
     9    0.032878    0.000000    0.000000    0.000000 ^ clk (in)
                                                         clk (net)
                      0.001525    0.000763    0.000763 ^ _288_/CLK (sg13g2_dfrbpq_1)
    15    0.059322    0.185715    0.280042    0.280805 v _288_/Q (sg13g2_dfrbpq_1)
                                                         DPATH.SUM.Cout0 (net)
                      0.185715    0.000459    0.281264 v _279_/A (sg13g2_xnor2_1)
     1    0.001647    0.026909    0.101321    0.382585 v _279_/Y (sg13g2_xnor2_1)
                                                         DPATH.SUM.fa_1.S (net)
                      0.026909    0.000009    0.382594 v _289_/D (sg13g2_dfrbpq_1)
                                              0.382594   data arrival time

                                  0.000000    0.000000   clock clk (rise edge)
                                  0.000000    0.000000   clock source latency
     9    0.036904    0.000000    0.000000    0.000000 ^ clk (in)
                                                         clk (net)
                      0.001735    0.000867    0.000867 ^ _289_/CLK (sg13g2_dfrbpq_1)
                                  0.150000    0.150867   clock uncertainty
                                  0.000000    0.150867   clock reconvergence pessimism
                                 -0.040381    0.110486   library hold time
                                              0.110486   data required time
---------------------------------------------------------------------------------------------
                                              0.110486   data required time
                                             -0.382594   data arrival time
---------------------------------------------------------------------------------------------
                                              0.272108   slack (MET)


Startpoint: _292_ (rising edge-triggered flip-flop clocked by clk)
Endpoint: sine_out[6] (output port clocked by clk)
Path Group: clk
Path Type: min

Fanout         Cap        Slew       Delay        Time   Description
---------------------------------------------------------------------------------------------
                                  0.000000    0.000000   clock clk (rise edge)
                                  0.000000    0.000000   clock source latency
     9    0.032878    0.000000    0.000000    0.000000 ^ clk (in)
                                                         clk (net)
                      0.001255    0.000628    0.000628 ^ _292_/CLK (sg13g2_dfrbpq_1)
    18    0.062217    0.194700    0.285560    0.286188 v _292_/Q (sg13g2_dfrbpq_1)
                                                         DPATH.SUM.fa_4.A (net)
                      0.194714    0.001770    0.287958 v _262_/A1 (sg13g2_a21oi_1)
     1    0.010000    0.079798    0.151667    0.439625 ^ _262_/Y (sg13g2_a21oi_1)
                                                         sine_out[6] (net)
                      0.079798    0.000000    0.439625 ^ sine_out[6] (out)
                                              0.439625   data arrival time

                                  0.000000    0.000000   clock clk (rise edge)
                                  0.000000    0.000000   clock network delay (propagated)
                                  0.150000    0.150000   clock uncertainty
                                  0.000000    0.150000   clock reconvergence pessimism
                                  0.000000    0.150000   output external delay
                                              0.150000   data required time
---------------------------------------------------------------------------------------------
                                              0.150000   data required time
                                             -0.439625   data arrival time
---------------------------------------------------------------------------------------------
                                              0.289625   slack (MET)


Startpoint: _292_ (rising edge-triggered flip-flop clocked by clk)
Endpoint: sine_out[8] (output port clocked by clk)
Path Group: clk
Path Type: min

Fanout         Cap        Slew       Delay        Time   Description
---------------------------------------------------------------------------------------------
                                  0.000000    0.000000   clock clk (rise edge)
                                  0.000000    0.000000   clock source latency
     9    0.032878    0.000000    0.000000    0.000000 ^ clk (in)
                                                         clk (net)
                      0.001255    0.000628    0.000628 ^ _292_/CLK (sg13g2_dfrbpq_1)
    18    0.062217    0.194700    0.285560    0.286188 v _292_/Q (sg13g2_dfrbpq_1)
                                                         DPATH.SUM.fa_4.A (net)
                      0.194715    0.001783    0.287971 v _264_/A1 (sg13g2_a21oi_1)
     1    0.010000    0.079798    0.151667    0.439638 ^ _264_/Y (sg13g2_a21oi_1)
                                                         sine_out[8] (net)
                      0.079798    0.000000    0.439638 ^ sine_out[8] (out)
                                              0.439638   data arrival time

                                  0.000000    0.000000   clock clk (rise edge)
                                  0.000000    0.000000   clock network delay (propagated)
                                  0.150000    0.150000   clock uncertainty
                                  0.000000    0.150000   clock reconvergence pessimism
                                  0.000000    0.150000   output external delay
                                              0.150000   data required time
---------------------------------------------------------------------------------------------
                                              0.150000   data required time
                                             -0.439638   data arrival time
---------------------------------------------------------------------------------------------
                                              0.289638   slack (MET)


Startpoint: _292_ (rising edge-triggered flip-flop clocked by clk)
Endpoint: sine_out[7] (output port clocked by clk)
Path Group: clk
Path Type: min

Fanout         Cap        Slew       Delay        Time   Description
---------------------------------------------------------------------------------------------
                                  0.000000    0.000000   clock clk (rise edge)
                                  0.000000    0.000000   clock source latency
     9    0.032878    0.000000    0.000000    0.000000 ^ clk (in)
                                                         clk (net)
                      0.001255    0.000628    0.000628 ^ _292_/CLK (sg13g2_dfrbpq_1)
    18    0.062217    0.194700    0.285560    0.286188 v _292_/Q (sg13g2_dfrbpq_1)
                                                         DPATH.SUM.fa_4.A (net)
                      0.194715    0.001785    0.287972 v _263_/A1 (sg13g2_a21oi_1)
     1    0.010000    0.079798    0.151667    0.439639 ^ _263_/Y (sg13g2_a21oi_1)
                                                         sine_out[7] (net)
                      0.079798    0.000000    0.439639 ^ sine_out[7] (out)
                                              0.439639   data arrival time

                                  0.000000    0.000000   clock clk (rise edge)
                                  0.000000    0.000000   clock network delay (propagated)
                                  0.150000    0.150000   clock uncertainty
                                  0.000000    0.150000   clock reconvergence pessimism
                                  0.000000    0.150000   output external delay
                                              0.150000   data required time
---------------------------------------------------------------------------------------------
                                              0.150000   data required time
                                             -0.439639   data arrival time
---------------------------------------------------------------------------------------------
                                              0.289639   slack (MET)


Startpoint: _294_ (rising edge-triggered flip-flop clocked by clk)
Endpoint: sine_out[3] (output port clocked by clk)
Path Group: clk
Path Type: min

Fanout         Cap        Slew       Delay        Time   Description
---------------------------------------------------------------------------------------------
                                  0.000000    0.000000   clock clk (rise edge)
                                  0.000000    0.000000   clock source latency
     9    0.032878    0.000000    0.000000    0.000000 ^ clk (in)
                                                         clk (net)
                      0.001006    0.000503    0.000503 ^ _294_/CLK (sg13g2_dfrbpq_1)
    20    0.067613    0.210825    0.297587    0.298090 v _294_/Q (sg13g2_dfrbpq_1)
                                                         DPATH.SUM.fa_6.A (net)
                      0.210829    0.001197    0.299288 v _256_/A (sg13g2_nor2_1)
     1    0.010000    0.104754    0.146612    0.445899 ^ _256_/Y (sg13g2_nor2_1)
                                                         sine_out[3] (net)
                      0.104754    0.000000    0.445899 ^ sine_out[3] (out)
                                              0.445899   data arrival time

                                  0.000000    0.000000   clock clk (rise edge)
                                  0.000000    0.000000   clock network delay (propagated)
                                  0.150000    0.150000   clock uncertainty
                                  0.000000    0.150000   clock reconvergence pessimism
                                  0.000000    0.150000   output external delay
                                              0.150000   data required time
---------------------------------------------------------------------------------------------
                                              0.150000   data required time
                                             -0.445899   data arrival time
---------------------------------------------------------------------------------------------
                                              0.295899   slack (MET)


Startpoint: _294_ (rising edge-triggered flip-flop clocked by clk)
Endpoint: sine_out[13] (output port clocked by clk)
Path Group: clk
Path Type: min

Fanout         Cap        Slew       Delay        Time   Description
---------------------------------------------------------------------------------------------
                                  0.000000    0.000000   clock clk (rise edge)
                                  0.000000    0.000000   clock source latency
     9    0.032878    0.000000    0.000000    0.000000 ^ clk (in)
                                                         clk (net)
                      0.001006    0.000503    0.000503 ^ _294_/CLK (sg13g2_dfrbpq_1)
    20    0.067613    0.210825    0.297587    0.298090 v _294_/Q (sg13g2_dfrbpq_1)
                                                         DPATH.SUM.fa_6.A (net)
                      0.210839    0.001806    0.299897 v _272_/A (sg13g2_nor2_1)
     1    0.010000    0.103564    0.146613    0.446510 ^ _272_/Y (sg13g2_nor2_1)
                                                         sine_out[13] (net)
                      0.103564    0.000000    0.446510 ^ sine_out[13] (out)
                                              0.446510   data arrival time

                                  0.000000    0.000000   clock clk (rise edge)
                                  0.000000    0.000000   clock network delay (propagated)
                                  0.150000    0.150000   clock uncertainty
                                  0.000000    0.150000   clock reconvergence pessimism
                                  0.000000    0.150000   output external delay
                                              0.150000   data required time
---------------------------------------------------------------------------------------------
                                              0.150000   data required time
                                             -0.446510   data arrival time
---------------------------------------------------------------------------------------------
                                              0.296510   slack (MET)


Startpoint: _294_ (rising edge-triggered flip-flop clocked by clk)
Endpoint: sine_out[11] (output port clocked by clk)
Path Group: clk
Path Type: min

Fanout         Cap        Slew       Delay        Time   Description
---------------------------------------------------------------------------------------------
                                  0.000000    0.000000   clock clk (rise edge)
                                  0.000000    0.000000   clock source latency
     9    0.032878    0.000000    0.000000    0.000000 ^ clk (in)
                                                         clk (net)
                      0.001006    0.000503    0.000503 ^ _294_/CLK (sg13g2_dfrbpq_1)
    20    0.067613    0.210825    0.297587    0.298090 v _294_/Q (sg13g2_dfrbpq_1)
                                                         DPATH.SUM.fa_6.A (net)
                      0.210839    0.001827    0.299917 v _269_/A (sg13g2_nor2_1)
     1    0.010000    0.101692    0.146613    0.446531 ^ _269_/Y (sg13g2_nor2_1)
                                                         sine_out[11] (net)
                      0.101692    0.000000    0.446531 ^ sine_out[11] (out)
                                              0.446531   data arrival time

                                  0.000000    0.000000   clock clk (rise edge)
                                  0.000000    0.000000   clock network delay (propagated)
                                  0.150000    0.150000   clock uncertainty
                                  0.000000    0.150000   clock reconvergence pessimism
                                  0.000000    0.150000   output external delay
                                              0.150000   data required time
---------------------------------------------------------------------------------------------
                                              0.150000   data required time
                                             -0.446531   data arrival time
---------------------------------------------------------------------------------------------
                                              0.296531   slack (MET)


Startpoint: _296_ (rising edge-triggered flip-flop clocked by clk)
Endpoint: _294_ (rising edge-triggered flip-flop clocked by clk)
Path Group: clk
Path Type: min

Fanout         Cap        Slew       Delay        Time   Description
---------------------------------------------------------------------------------------------
                                  0.000000    0.000000   clock clk (rise edge)
                                  0.000000    0.000000   clock source latency
     9    0.032878    0.000000    0.000000    0.000000 ^ clk (in)
                                                         clk (net)
                      0.001035    0.000518    0.000518 ^ _296_/CLK (sg13g2_dfrbpq_1)
    13    0.053629    0.168840    0.266341    0.266859 v _296_/Q (sg13g2_dfrbpq_1)
                                                         CTRL.S0 (net)
                      0.168851    0.001481    0.268340 v _153_/A (sg13g2_xnor2_1)
     1    0.004597    0.044463    0.113244    0.381584 v _153_/Y (sg13g2_xnor2_1)
                                                         _104_ (net)
                      0.044463    0.000026    0.381610 v _154_/B (sg13g2_xnor2_1)
     1    0.001845    0.027071    0.054006    0.435616 v _154_/Y (sg13g2_xnor2_1)
                                                         DPATH.SUM.fa_6.S (net)
                      0.027071    0.000012    0.435629 v _294_/D (sg13g2_dfrbpq_1)
                                              0.435629   data arrival time

                                  0.000000    0.000000   clock clk (rise edge)
                                  0.000000    0.000000   clock source latency
     9    0.036904    0.000000    0.000000    0.000000 ^ clk (in)
                                                         clk (net)
                      0.001134    0.000567    0.000567 ^ _294_/CLK (sg13g2_dfrbpq_1)
                                  0.150000    0.150567   clock uncertainty
                                  0.000000    0.150567   clock reconvergence pessimism
                                 -0.040557    0.110010   library hold time
                                              0.110010   data required time
---------------------------------------------------------------------------------------------
                                              0.110010   data required time
                                             -0.435629   data arrival time
---------------------------------------------------------------------------------------------
                                              0.325619   slack (MET)


Startpoint: _294_ (rising edge-triggered flip-flop clocked by clk)
Endpoint: sine_out[4] (output port clocked by clk)
Path Group: clk
Path Type: min

Fanout         Cap        Slew       Delay        Time   Description
---------------------------------------------------------------------------------------------
                                  0.000000    0.000000   clock clk (rise edge)
                                  0.000000    0.000000   clock source latency
     9    0.032878    0.000000    0.000000    0.000000 ^ clk (in)
                                                         clk (net)
                      0.001006    0.000503    0.000503 ^ _294_/CLK (sg13g2_dfrbpq_1)
    20    0.069243    0.283541    0.339339    0.339841 ^ _294_/Q (sg13g2_dfrbpq_1)
                                                         DPATH.SUM.fa_6.A (net)
                      0.283541    0.001141    0.340983 ^ _258_/A (sg13g2_nor3_1)
     1    0.010000    0.058357    0.137599    0.478581 v _258_/Y (sg13g2_nor3_1)
                                                         sine_out[4] (net)
                      0.058357    0.000000    0.478581 v sine_out[4] (out)
                                              0.478581   data arrival time

                                  0.000000    0.000000   clock clk (rise edge)
                                  0.000000    0.000000   clock network delay (propagated)
                                  0.150000    0.150000   clock uncertainty
                                  0.000000    0.150000   clock reconvergence pessimism
                                  0.000000    0.150000   output external delay
                                              0.150000   data required time
---------------------------------------------------------------------------------------------
                                              0.150000   data required time
                                             -0.478581   data arrival time
---------------------------------------------------------------------------------------------
                                              0.328581   slack (MET)


Startpoint: _294_ (rising edge-triggered flip-flop clocked by clk)
Endpoint: sine_out[5] (output port clocked by clk)
Path Group: clk
Path Type: min

Fanout         Cap        Slew       Delay        Time   Description
---------------------------------------------------------------------------------------------
                                  0.000000    0.000000   clock clk (rise edge)
                                  0.000000    0.000000   clock source latency
     9    0.032878    0.000000    0.000000    0.000000 ^ clk (in)
                                                         clk (net)
                      0.001006    0.000503    0.000503 ^ _294_/CLK (sg13g2_dfrbpq_1)
    20    0.069243    0.283541    0.339339    0.339841 ^ _294_/Q (sg13g2_dfrbpq_1)
                                                         DPATH.SUM.fa_6.A (net)
                      0.283546    0.001633    0.341474 ^ _260_/A (sg13g2_nor3_1)
     1    0.010000    0.050671    0.137600    0.479074 v _260_/Y (sg13g2_nor3_1)
                                                         sine_out[5] (net)
                      0.050671    0.000000    0.479074 v sine_out[5] (out)
                                              0.479074   data arrival time

                                  0.000000    0.000000   clock clk (rise edge)
                                  0.000000    0.000000   clock network delay (propagated)
                                  0.150000    0.150000   clock uncertainty
                                  0.000000    0.150000   clock reconvergence pessimism
                                  0.000000    0.150000   output external delay
                                              0.150000   data required time
---------------------------------------------------------------------------------------------
                                              0.150000   data required time
                                             -0.479074   data arrival time
---------------------------------------------------------------------------------------------
                                              0.329074   slack (MET)


Startpoint: _293_ (rising edge-triggered flip-flop clocked by clk)
Endpoint: _293_ (rising edge-triggered flip-flop clocked by clk)
Path Group: clk
Path Type: min

Fanout         Cap        Slew       Delay        Time   Description
---------------------------------------------------------------------------------------------
                                  0.000000    0.000000   clock clk (rise edge)
                                  0.000000    0.000000   clock source latency
     9    0.032878    0.000000    0.000000    0.000000 ^ clk (in)
                                                         clk (net)
                      0.001050    0.000525    0.000525 ^ _293_/CLK (sg13g2_dfrbpq_1)
    15    0.053396    0.168057    0.266082    0.266607 v _293_/Q (sg13g2_dfrbpq_1)
                                                         DPATH.SUM.fa_5.A (net)
                      0.168057    0.000269    0.266876 v _150_/B (sg13g2_xnor2_1)
     2    0.007556    0.059258    0.117285    0.384161 v _150_/Y (sg13g2_xnor2_1)
                                                         _102_ (net)
                      0.059258    0.000030    0.384191 v _151_/B (sg13g2_xor2_1)
     1    0.001571    0.023636    0.056944    0.441135 v _151_/X (sg13g2_xor2_1)
                                                         DPATH.SUM.fa_5.S (net)
                      0.023636    0.000008    0.441142 v _293_/D (sg13g2_dfrbpq_1)
                                              0.441142   data arrival time

                                  0.000000    0.000000   clock clk (rise edge)
                                  0.000000    0.000000   clock source latency
     9    0.036904    0.000000    0.000000    0.000000 ^ clk (in)
                                                         clk (net)
                      0.001184    0.000592    0.000592 ^ _293_/CLK (sg13g2_dfrbpq_1)
                                  0.150000    0.150592   clock uncertainty
                                 -0.000067    0.150525   clock reconvergence pessimism
                                 -0.039460    0.111065   library hold time
                                              0.111065   data required time
---------------------------------------------------------------------------------------------
                                              0.111065   data required time
                                             -0.441142   data arrival time
---------------------------------------------------------------------------------------------
                                              0.330078   slack (MET)


Startpoint: _296_ (rising edge-triggered flip-flop clocked by clk)
Endpoint: _292_ (rising edge-triggered flip-flop clocked by clk)
Path Group: clk
Path Type: min

Fanout         Cap        Slew       Delay        Time   Description
---------------------------------------------------------------------------------------------
                                  0.000000    0.000000   clock clk (rise edge)
                                  0.000000    0.000000   clock source latency
     9    0.032878    0.000000    0.000000    0.000000 ^ clk (in)
                                                         clk (net)
                      0.001035    0.000518    0.000518 ^ _296_/CLK (sg13g2_dfrbpq_1)
    13    0.053629    0.168840    0.266341    0.266859 v _296_/Q (sg13g2_dfrbpq_1)
                                                         CTRL.S0 (net)
                      0.168863    0.001953    0.268812 v _146_/A (sg13g2_xor2_1)
     2    0.007408    0.041339    0.124080    0.392892 v _146_/X (sg13g2_xor2_1)
                                                         _099_ (net)
                      0.041339    0.000032    0.392923 v _147_/B (sg13g2_xor2_1)
     1    0.001495    0.023754    0.049786    0.442710 v _147_/X (sg13g2_xor2_1)
                                                         DPATH.SUM.fa_4.S (net)
                      0.023754    0.000007    0.442716 v _292_/D (sg13g2_dfrbpq_1)
                                              0.442716   data arrival time

                                  0.000000    0.000000   clock clk (rise edge)
                                  0.000000    0.000000   clock source latency
     9    0.036904    0.000000    0.000000    0.000000 ^ clk (in)
                                                         clk (net)
                      0.001416    0.000708    0.000708 ^ _292_/CLK (sg13g2_dfrbpq_1)
                                  0.150000    0.150708   clock uncertainty
                                  0.000000    0.150708   clock reconvergence pessimism
                                 -0.039449    0.111259   library hold time
                                              0.111259   data required time
---------------------------------------------------------------------------------------------
                                              0.111259   data required time
                                             -0.442716   data arrival time
---------------------------------------------------------------------------------------------
                                              0.331457   slack (MET)


Startpoint: _296_ (rising edge-triggered flip-flop clocked by clk)
Endpoint: _290_ (rising edge-triggered flip-flop clocked by clk)
Path Group: clk
Path Type: min

Fanout         Cap        Slew       Delay        Time   Description
---------------------------------------------------------------------------------------------
                                  0.000000    0.000000   clock clk (rise edge)
                                  0.000000    0.000000   clock source latency
     9    0.032878    0.000000    0.000000    0.000000 ^ clk (in)
                                                         clk (net)
                      0.001035    0.000518    0.000518 ^ _296_/CLK (sg13g2_dfrbpq_1)
    13    0.053629    0.168840    0.266341    0.266859 v _296_/Q (sg13g2_dfrbpq_1)
                                                         CTRL.S0 (net)
                      0.168873    0.002275    0.269134 v _139_/A (sg13g2_xor2_1)
     2    0.007320    0.041105    0.123636    0.392769 v _139_/X (sg13g2_xor2_1)
                                                         _093_ (net)
                      0.041105    0.000027    0.392797 v _278_/B (sg13g2_xor2_1)
     1    0.001740    0.024414    0.050780    0.443577 v _278_/X (sg13g2_xor2_1)
                                                         DPATH.SUM.fa_2.S (net)
                      0.024414    0.000011    0.443587 v _290_/D (sg13g2_dfrbpq_1)
                                              0.443587   data arrival time

                                  0.000000    0.000000   clock clk (rise edge)
                                  0.000000    0.000000   clock source latency
     9    0.036904    0.000000    0.000000    0.000000 ^ clk (in)
                                                         clk (net)
                      0.001645    0.000823    0.000823 ^ _290_/CLK (sg13g2_dfrbpq_1)
                                  0.150000    0.150823   clock uncertainty
                                  0.000000    0.150823   clock reconvergence pessimism
                                 -0.039610    0.111212   library hold time
                                              0.111212   data required time
---------------------------------------------------------------------------------------------
                                              0.111212   data required time
                                             -0.443587   data arrival time
---------------------------------------------------------------------------------------------
                                              0.332375   slack (MET)


Startpoint: _294_ (rising edge-triggered flip-flop clocked by clk)
Endpoint: sine_out[2] (output port clocked by clk)
Path Group: clk
Path Type: min

Fanout         Cap        Slew       Delay        Time   Description
---------------------------------------------------------------------------------------------
                                  0.000000    0.000000   clock clk (rise edge)
                                  0.000000    0.000000   clock source latency
     9    0.032878    0.000000    0.000000    0.000000 ^ clk (in)
                                                         clk (net)
                      0.001006    0.000503    0.000503 ^ _294_/CLK (sg13g2_dfrbpq_1)
    20    0.067613    0.210825    0.297587    0.298090 v _294_/Q (sg13g2_dfrbpq_1)
                                                         DPATH.SUM.fa_6.A (net)
                      0.210834    0.001554    0.299644 v _253_/A1 (sg13g2_o21ai_1)
     1    0.010000    0.061653    0.190702    0.490347 ^ _253_/Y (sg13g2_o21ai_1)
                                                         sine_out[2] (net)
                      0.061653    0.000000    0.490347 ^ sine_out[2] (out)
                                              0.490347   data arrival time

                                  0.000000    0.000000   clock clk (rise edge)
                                  0.000000    0.000000   clock network delay (propagated)
                                  0.150000    0.150000   clock uncertainty
                                  0.000000    0.150000   clock reconvergence pessimism
                                  0.000000    0.150000   output external delay
                                              0.150000   data required time
---------------------------------------------------------------------------------------------
                                              0.150000   data required time
                                             -0.490347   data arrival time
---------------------------------------------------------------------------------------------
                                              0.340347   slack (MET)


Startpoint: _296_ (rising edge-triggered flip-flop clocked by clk)
Endpoint: _296_ (rising edge-triggered flip-flop clocked by clk)
Path Group: clk
Path Type: min

Fanout         Cap        Slew       Delay        Time   Description
---------------------------------------------------------------------------------------------
                                  0.000000    0.000000   clock clk (rise edge)
                                  0.000000    0.000000   clock source latency
     9    0.032878    0.000000    0.000000    0.000000 ^ clk (in)
                                                         clk (net)
                      0.001035    0.000518    0.000518 ^ _296_/CLK (sg13g2_dfrbpq_1)
    13    0.053629    0.168840    0.266341    0.266859 v _296_/Q (sg13g2_dfrbpq_1)
                                                         CTRL.S0 (net)
                      0.168842    0.000799    0.267658 v _170_/B1 (sg13g2_a21o_1)
     1    0.002724    0.025732    0.121941    0.389599 v _170_/X (sg13g2_a21o_1)
                                                         _119_ (net)
                      0.025732    0.000019    0.389618 v _171_/B (sg13g2_and2_1)
     1    0.001629    0.017243    0.066317    0.455935 v _171_/X (sg13g2_and2_1)
                                                         CTRL.P0 (net)
                      0.017243    0.000009    0.455944 v _296_/D (sg13g2_dfrbpq_1)
                                              0.455944   data arrival time

                                  0.000000    0.000000   clock clk (rise edge)
                                  0.000000    0.000000   clock source latency
     9    0.036904    0.000000    0.000000    0.000000 ^ clk (in)
                                                         clk (net)
                      0.001168    0.000584    0.000584 ^ _296_/CLK (sg13g2_dfrbpq_1)
                                  0.150000    0.150584   clock uncertainty
                                 -0.000066    0.150518   clock reconvergence pessimism
                                 -0.037441    0.113077   library hold time
                                              0.113077   data required time
---------------------------------------------------------------------------------------------
                                              0.113077   data required time
                                             -0.455944   data arrival time
---------------------------------------------------------------------------------------------
                                              0.342867   slack (MET)


Startpoint: _296_ (rising edge-triggered flip-flop clocked by clk)
Endpoint: _291_ (rising edge-triggered flip-flop clocked by clk)
Path Group: clk
Path Type: min

Fanout         Cap        Slew       Delay        Time   Description
---------------------------------------------------------------------------------------------
                                  0.000000    0.000000   clock clk (rise edge)
                                  0.000000    0.000000   clock source latency
     9    0.032878    0.000000    0.000000    0.000000 ^ clk (in)
                                                         clk (net)
                      0.001035    0.000518    0.000518 ^ _296_/CLK (sg13g2_dfrbpq_1)
    13    0.053629    0.168840    0.266341    0.266859 v _296_/Q (sg13g2_dfrbpq_1)
                                                         CTRL.S0 (net)
                      0.168872    0.002261    0.269120 v _142_/A (sg13g2_xnor2_1)
     2    0.007542    0.059187    0.128446    0.397565 v _142_/Y (sg13g2_xnor2_1)
                                                         _096_ (net)
                      0.059187    0.000030    0.397595 v _143_/B (sg13g2_xor2_1)
     1    0.001662    0.023859    0.057330    0.454926 v _143_/X (sg13g2_xor2_1)
                                                         DPATH.SUM.fa_3.S (net)
                      0.023859    0.000009    0.454935 v _291_/D (sg13g2_dfrbpq_1)
                                              0.454935   data arrival time

                                  0.000000    0.000000   clock clk (rise edge)
                                  0.000000    0.000000   clock source latency
     9    0.036904    0.000000    0.000000    0.000000 ^ clk (in)
                                                         clk (net)
                      0.001651    0.000826    0.000826 ^ _291_/CLK (sg13g2_dfrbpq_1)
                                  0.150000    0.150826   clock uncertainty
                                  0.000000    0.150826   clock reconvergence pessimism
                                 -0.039433    0.111392   library hold time
                                              0.111392   data required time
---------------------------------------------------------------------------------------------
                                              0.111392   data required time
                                             -0.454935   data arrival time
---------------------------------------------------------------------------------------------
                                              0.343543   slack (MET)


Startpoint: _294_ (rising edge-triggered flip-flop clocked by clk)
Endpoint: sine_out[0] (output port clocked by clk)
Path Group: clk
Path Type: min

Fanout         Cap        Slew       Delay        Time   Description
---------------------------------------------------------------------------------------------
                                  0.000000    0.000000   clock clk (rise edge)
                                  0.000000    0.000000   clock source latency
     9    0.032878    0.000000    0.000000    0.000000 ^ clk (in)
                                                         clk (net)
                      0.001006    0.000503    0.000503 ^ _294_/CLK (sg13g2_dfrbpq_1)
    20    0.067613    0.210825    0.297587    0.298090 v _294_/Q (sg13g2_dfrbpq_1)
                                                         DPATH.SUM.fa_6.A (net)
                      0.210831    0.001334    0.299424 v _214_/A (sg13g2_nand3_1)
     1    0.002698    0.029998    0.073369    0.372793 ^ _214_/Y (sg13g2_nand3_1)
                                                         _041_ (net)
                      0.029998    0.000016    0.372809 ^ _215_/B1 (sg13g2_a21oi_1)
     1    0.002975    0.019015    0.029794    0.402603 v _215_/Y (sg13g2_a21oi_1)
                                                         _042_ (net)
                      0.019015    0.000020    0.402623 v _216_/B2 (sg13g2_a22oi_1)
     1    0.010000    0.106822    0.093350    0.495973 ^ _216_/Y (sg13g2_a22oi_1)
                                                         sine_out[0] (net)
                      0.106822    0.000000    0.495973 ^ sine_out[0] (out)
                                              0.495973   data arrival time

                                  0.000000    0.000000   clock clk (rise edge)
                                  0.000000    0.000000   clock network delay (propagated)
                                  0.150000    0.150000   clock uncertainty
                                  0.000000    0.150000   clock reconvergence pessimism
                                  0.000000    0.150000   output external delay
                                              0.150000   data required time
---------------------------------------------------------------------------------------------
                                              0.150000   data required time
                                             -0.495973   data arrival time
---------------------------------------------------------------------------------------------
                                              0.345973   slack (MET)


Startpoint: _293_ (rising edge-triggered flip-flop clocked by clk)
Endpoint: sine_out[10] (output port clocked by clk)
Path Group: clk
Path Type: min

Fanout         Cap        Slew       Delay        Time   Description
---------------------------------------------------------------------------------------------
                                  0.000000    0.000000   clock clk (rise edge)
                                  0.000000    0.000000   clock source latency
     9    0.032878    0.000000    0.000000    0.000000 ^ clk (in)
                                                         clk (net)
                      0.001050    0.000525    0.000525 ^ _293_/CLK (sg13g2_dfrbpq_1)
    15    0.053396    0.168057    0.266082    0.266607 v _293_/Q (sg13g2_dfrbpq_1)
                                                         DPATH.SUM.fa_5.A (net)
                      0.168076    0.001801    0.268408 v _261_/A (sg13g2_or2_1)
     4    0.010647    0.050920    0.169871    0.438279 v _261_/X (sg13g2_or2_1)
                                                         _082_ (net)
                      0.050920    0.000030    0.438309 v _267_/A (sg13g2_nand2_1)
     1    0.010000    0.055737    0.060793    0.499101 ^ _267_/Y (sg13g2_nand2_1)
                                                         sine_out[10] (net)
                      0.055737    0.000000    0.499101 ^ sine_out[10] (out)
                                              0.499101   data arrival time

                                  0.000000    0.000000   clock clk (rise edge)
                                  0.000000    0.000000   clock network delay (propagated)
                                  0.150000    0.150000   clock uncertainty
                                  0.000000    0.150000   clock reconvergence pessimism
                                  0.000000    0.150000   output external delay
                                              0.150000   data required time
---------------------------------------------------------------------------------------------
                                              0.150000   data required time
                                             -0.499101   data arrival time
---------------------------------------------------------------------------------------------
                                              0.349101   slack (MET)


Startpoint: _294_ (rising edge-triggered flip-flop clocked by clk)
Endpoint: sine_out[1] (output port clocked by clk)
Path Group: clk
Path Type: min

Fanout         Cap        Slew       Delay        Time   Description
---------------------------------------------------------------------------------------------
                                  0.000000    0.000000   clock clk (rise edge)
                                  0.000000    0.000000   clock source latency
     9    0.032878    0.000000    0.000000    0.000000 ^ clk (in)
                                                         clk (net)
                      0.001006    0.000503    0.000503 ^ _294_/CLK (sg13g2_dfrbpq_1)
    20    0.067613    0.210825    0.297587    0.298090 v _294_/Q (sg13g2_dfrbpq_1)
                                                         DPATH.SUM.fa_6.A (net)
                      0.210829    0.001201    0.299291 v _130_/A (sg13g2_inv_1)
     3    0.009513    0.078610    0.098287    0.397578 ^ _130_/Y (sg13g2_inv_1)
                                                         _087_ (net)
                      0.078610    0.000044    0.397622 ^ _235_/A1 (sg13g2_o21ai_1)
     1    0.010000    0.070798    0.107765    0.505387 v _235_/Y (sg13g2_o21ai_1)
                                                         sine_out[1] (net)
                      0.070798    0.000000    0.505387 v sine_out[1] (out)
                                              0.505387   data arrival time

                                  0.000000    0.000000   clock clk (rise edge)
                                  0.000000    0.000000   clock network delay (propagated)
                                  0.150000    0.150000   clock uncertainty
                                  0.000000    0.150000   clock reconvergence pessimism
                                  0.000000    0.150000   output external delay
                                              0.150000   data required time
---------------------------------------------------------------------------------------------
                                              0.150000   data required time
                                             -0.505387   data arrival time
---------------------------------------------------------------------------------------------
                                              0.355387   slack (MET)


Startpoint: _288_ (rising edge-triggered flip-flop clocked by clk)
Endpoint: _288_ (rising edge-triggered flip-flop clocked by clk)
Path Group: clk
Path Type: min

Fanout         Cap        Slew       Delay        Time   Description
---------------------------------------------------------------------------------------------
                                  0.000000    0.000000   clock clk (rise edge)
                                  0.000000    0.000000   clock source latency
     9    0.032878    0.000000    0.000000    0.000000 ^ clk (in)
                                                         clk (net)
                      0.001525    0.000763    0.000763 ^ _288_/CLK (sg13g2_dfrbpq_1)
    15    0.059322    0.185715    0.280042    0.280805 v _288_/Q (sg13g2_dfrbpq_1)
                                                         DPATH.SUM.Cout0 (net)
                      0.185716    0.000691    0.281496 v _132_/A (sg13g2_inv_1)
     8    0.033244    0.163418    0.196974    0.478469 ^ _132_/Y (sg13g2_inv_1)
                                                         DPATH.SUM.ha_0.S (net)
                      0.163418    0.000488    0.478958 ^ _288_/D (sg13g2_dfrbpq_1)
                                              0.478958   data arrival time

                                  0.000000    0.000000   clock clk (rise edge)
                                  0.000000    0.000000   clock source latency
     9    0.036904    0.000000    0.000000    0.000000 ^ clk (in)
                                                         clk (net)
                      0.001724    0.000862    0.000862 ^ _288_/CLK (sg13g2_dfrbpq_1)
                                  0.150000    0.150862   clock uncertainty
                                 -0.000099    0.150763   clock reconvergence pessimism
                                 -0.099999    0.050764   library hold time
                                              0.050764   data required time
---------------------------------------------------------------------------------------------
                                              0.050764   data required time
                                             -0.478958   data arrival time
---------------------------------------------------------------------------------------------
                                              0.428194   slack (MET)



%OL_END_REPORT
%OL_CREATE_REPORT max.rpt

===========================================================================
report_checks -path_delay max (Setup)
============================================================================
======================= nom_typ_1p20V_25C Corner ===================================

Startpoint: _290_ (rising edge-triggered flip-flop clocked by clk)
Endpoint: sine_out[0] (output port clocked by clk)
Path Group: clk
Path Type: max

Fanout         Cap        Slew       Delay        Time   Description
---------------------------------------------------------------------------------------------
                                  0.000000    0.000000   clock clk (rise edge)
                                  0.000000    0.000000   clock source latency
     9    0.036904    0.000000    0.000000    0.000000 ^ clk (in)
                                                         clk (net)
                      0.001645    0.000823    0.000823 ^ _290_/CLK (sg13g2_dfrbpq_1)
    18    0.082448    0.336024    0.376232    0.377055 ^ _290_/Q (sg13g2_dfrbpq_1)
                                                         DPATH.SUM.fa_2.A (net)
                      0.336130    0.001935    0.378990 ^ _164_/B (sg13g2_and2_1)
     5    0.019111    0.091932    0.213501    0.592490 ^ _164_/X (sg13g2_and2_1)
                                                         _113_ (net)
                      0.091932    0.000194    0.592684 ^ _180_/A2 (sg13g2_a21oi_1)
     4    0.018795    0.176552    0.152124    0.744808 v _180_/Y (sg13g2_a21oi_1)
                                                         _128_ (net)
                      0.176552    0.000267    0.745076 v _181_/B (sg13g2_and2_1)
     2    0.009205    0.041672    0.143002    0.888077 v _181_/X (sg13g2_and2_1)
                                                         _129_ (net)
                      0.041672    0.000111    0.888188 v _182_/B1 (sg13g2_o21ai_1)
     1    0.003852    0.093882    0.043858    0.932046 ^ _182_/Y (sg13g2_o21ai_1)
                                                         _009_ (net)
                      0.093882    0.000028    0.932075 ^ _183_/A2 (sg13g2_a21oi_1)
     1    0.003841    0.054273    0.084549    1.016624 v _183_/Y (sg13g2_a21oi_1)
                                                         _010_ (net)
                      0.054273    0.000029    1.016652 v _198_/B (sg13g2_nor4_1)
     1    0.004853    0.150625    0.168415    1.185067 ^ _198_/Y (sg13g2_nor4_1)
                                                         _025_ (net)
                      0.150625    0.000070    1.185137 ^ _216_/A2 (sg13g2_a22oi_1)
     1    0.010000    0.095844    0.137336    1.322473 v _216_/Y (sg13g2_a22oi_1)
                                                         sine_out[0] (net)
                      0.095844    0.000000    1.322473 v sine_out[0] (out)
                                              1.322473   data arrival time

                                  5.000000    5.000000   clock clk (rise edge)
                                  0.000000    5.000000   clock network delay (propagated)
                                 -0.150000    4.850000   clock uncertainty
                                  0.000000    4.850000   clock reconvergence pessimism
                                 -1.000000    3.850000   output external delay
                                              3.850000   data required time
---------------------------------------------------------------------------------------------
                                              3.850000   data required time
                                             -1.322473   data arrival time
---------------------------------------------------------------------------------------------
                                              2.527527   slack (MET)


Startpoint: _290_ (rising edge-triggered flip-flop clocked by clk)
Endpoint: sine_out[1] (output port clocked by clk)
Path Group: clk
Path Type: max

Fanout         Cap        Slew       Delay        Time   Description
---------------------------------------------------------------------------------------------
                                  0.000000    0.000000   clock clk (rise edge)
                                  0.000000    0.000000   clock source latency
     9    0.036904    0.000000    0.000000    0.000000 ^ clk (in)
                                                         clk (net)
                      0.001645    0.000823    0.000823 ^ _290_/CLK (sg13g2_dfrbpq_1)
    18    0.082448    0.336024    0.376232    0.377055 ^ _290_/Q (sg13g2_dfrbpq_1)
                                                         DPATH.SUM.fa_2.A (net)
                      0.336119    0.001067    0.378122 ^ _156_/B (sg13g2_nor2_1)
     5    0.022150    0.158297    0.199296    0.577418 v _156_/Y (sg13g2_nor2_1)
                                                         _106_ (net)
                      0.158297    0.000116    0.577534 v _157_/A (sg13g2_inv_1)
     4    0.015379    0.096354    0.115892    0.693426 ^ _157_/Y (sg13g2_inv_1)
                                                         _107_ (net)
                      0.096354    0.000141    0.693566 ^ _229_/A (sg13g2_nand2_1)
     3    0.015929    0.130316    0.127742    0.821309 v _229_/Y (sg13g2_nand2_1)
                                                         _055_ (net)
                      0.130316    0.000255    0.821564 v _230_/B (sg13g2_xnor2_1)
     1    0.003550    0.062699    0.123730    0.945294 v _230_/Y (sg13g2_xnor2_1)
                                                         _056_ (net)
                      0.062699    0.000021    0.945315 v _231_/A2 (sg13g2_o21ai_1)
     1    0.004680    0.089721    0.101604    1.046919 ^ _231_/Y (sg13g2_o21ai_1)
                                                         _057_ (net)
                      0.089721    0.000061    1.046980 ^ _233_/B2 (sg13g2_a221oi_1)
     1    0.004717    0.131890    0.094171    1.141151 v _233_/Y (sg13g2_a221oi_1)
                                                         _059_ (net)
                      0.131890    0.000067    1.141218 v _235_/A2 (sg13g2_o21ai_1)
     1    0.010000    0.146070    0.165836    1.307055 ^ _235_/Y (sg13g2_o21ai_1)
                                                         sine_out[1] (net)
                      0.146070    0.000000    1.307055 ^ sine_out[1] (out)
                                              1.307055   data arrival time

                                  5.000000    5.000000   clock clk (rise edge)
                                  0.000000    5.000000   clock network delay (propagated)
                                 -0.150000    4.850000   clock uncertainty
                                  0.000000    4.850000   clock reconvergence pessimism
                                 -1.000000    3.850000   output external delay
                                              3.850000   data required time
---------------------------------------------------------------------------------------------
                                              3.850000   data required time
                                             -1.307055   data arrival time
---------------------------------------------------------------------------------------------
                                              2.542945   slack (MET)


Startpoint: _290_ (rising edge-triggered flip-flop clocked by clk)
Endpoint: sine_out[2] (output port clocked by clk)
Path Group: clk
Path Type: max

Fanout         Cap        Slew       Delay        Time   Description
---------------------------------------------------------------------------------------------
                                  0.000000    0.000000   clock clk (rise edge)
                                  0.000000    0.000000   clock source latency
     9    0.036904    0.000000    0.000000    0.000000 ^ clk (in)
                                                         clk (net)
                      0.001645    0.000823    0.000823 ^ _290_/CLK (sg13g2_dfrbpq_1)
    18    0.078842    0.244721    0.322747    0.323570 v _290_/Q (sg13g2_dfrbpq_1)
                                                         DPATH.SUM.fa_2.A (net)
                      0.244722    0.001011    0.324581 v _156_/B (sg13g2_nor2_1)
     5    0.023010    0.231872    0.259690    0.584271 ^ _156_/Y (sg13g2_nor2_1)
                                                         _106_ (net)
                      0.231872    0.000120    0.584391 ^ _157_/A (sg13g2_inv_1)
     4    0.014465    0.094527    0.124722    0.709113 v _157_/Y (sg13g2_inv_1)
                                                         _107_ (net)
                      0.094527    0.000135    0.709248 v _229_/A (sg13g2_nand2_1)
     3    0.016288    0.109006    0.101155    0.810403 ^ _229_/Y (sg13g2_nand2_1)
                                                         _055_ (net)
                      0.109006    0.000290    0.810693 ^ _243_/A2 (sg13g2_a21oi_1)
     1    0.003990    0.074880    0.089594    0.900287 v _243_/Y (sg13g2_a21oi_1)
                                                         _068_ (net)
                      0.074880    0.000032    0.900319 v _244_/B1 (sg13g2_o21ai_1)
     1    0.004085    0.082847    0.056002    0.956321 ^ _244_/Y (sg13g2_o21ai_1)
                                                         _069_ (net)
                      0.082847    0.000029    0.956350 ^ _245_/B1 (sg13g2_o21ai_1)
     1    0.007402    0.088294    0.079099    1.035449 v _245_/Y (sg13g2_o21ai_1)
                                                         _070_ (net)
                      0.088294    0.000208    1.035657 v _253_/A2 (sg13g2_o21ai_1)
     1    0.010000    0.155332    0.150431    1.186088 ^ _253_/Y (sg13g2_o21ai_1)
                                                         sine_out[2] (net)
                      0.155332    0.000000    1.186088 ^ sine_out[2] (out)
                                              1.186088   data arrival time

                                  5.000000    5.000000   clock clk (rise edge)
                                  0.000000    5.000000   clock network delay (propagated)
                                 -0.150000    4.850000   clock uncertainty
                                  0.000000    4.850000   clock reconvergence pessimism
                                 -1.000000    3.850000   output external delay
                                              3.850000   data required time
---------------------------------------------------------------------------------------------
                                              3.850000   data required time
                                             -1.186088   data arrival time
---------------------------------------------------------------------------------------------
                                              2.663912   slack (MET)


Startpoint: _290_ (rising edge-triggered flip-flop clocked by clk)
Endpoint: sine_out[12] (output port clocked by clk)
Path Group: clk
Path Type: max

Fanout         Cap        Slew       Delay        Time   Description
---------------------------------------------------------------------------------------------
                                  0.000000    0.000000   clock clk (rise edge)
                                  0.000000    0.000000   clock source latency
     9    0.036904    0.000000    0.000000    0.000000 ^ clk (in)
                                                         clk (net)
                      0.001645    0.000823    0.000823 ^ _290_/CLK (sg13g2_dfrbpq_1)
    18    0.082448    0.336024    0.376232    0.377055 ^ _290_/Q (sg13g2_dfrbpq_1)
                                                         DPATH.SUM.fa_2.A (net)
                      0.336130    0.001935    0.378990 ^ _164_/B (sg13g2_and2_1)
     5    0.019111    0.091932    0.213501    0.592490 ^ _164_/X (sg13g2_and2_1)
                                                         _113_ (net)
                      0.091932    0.000194    0.592684 ^ _180_/A2 (sg13g2_a21oi_1)
     4    0.018795    0.176552    0.152124    0.744808 v _180_/Y (sg13g2_a21oi_1)
                                                         _128_ (net)
                      0.176552    0.000275    0.745083 v _270_/A (sg13g2_nor2b_1)
     2    0.009005    0.112364    0.130493    0.875576 ^ _270_/Y (sg13g2_nor2b_1)
                                                         _085_ (net)
                      0.112364    0.000054    0.875630 ^ _271_/A2 (sg13g2_a21oi_1)
     1    0.010000    0.118136    0.118885    0.994515 v _271_/Y (sg13g2_a21oi_1)
                                                         sine_out[12] (net)
                      0.118136    0.000000    0.994515 v sine_out[12] (out)
                                              0.994515   data arrival time

                                  5.000000    5.000000   clock clk (rise edge)
                                  0.000000    5.000000   clock network delay (propagated)
                                 -0.150000    4.850000   clock uncertainty
                                  0.000000    4.850000   clock reconvergence pessimism
                                 -1.000000    3.850000   output external delay
                                              3.850000   data required time
---------------------------------------------------------------------------------------------
                                              3.850000   data required time
                                             -0.994515   data arrival time
---------------------------------------------------------------------------------------------
                                              2.855485   slack (MET)


Startpoint: _290_ (rising edge-triggered flip-flop clocked by clk)
Endpoint: sine_out[16] (output port clocked by clk)
Path Group: clk
Path Type: max

Fanout         Cap        Slew       Delay        Time   Description
---------------------------------------------------------------------------------------------
                                  0.000000    0.000000   clock clk (rise edge)
                                  0.000000    0.000000   clock source latency
     9    0.036904    0.000000    0.000000    0.000000 ^ clk (in)
                                                         clk (net)
                      0.001645    0.000823    0.000823 ^ _290_/CLK (sg13g2_dfrbpq_1)
    18    0.082448    0.336024    0.376232    0.377055 ^ _290_/Q (sg13g2_dfrbpq_1)
                                                         DPATH.SUM.fa_2.A (net)
                      0.336130    0.001935    0.378990 ^ _164_/B (sg13g2_and2_1)
     5    0.019111    0.091932    0.213501    0.592490 ^ _164_/X (sg13g2_and2_1)
                                                         _113_ (net)
                      0.091932    0.000194    0.592684 ^ _180_/A2 (sg13g2_a21oi_1)
     4    0.018795    0.176552    0.152124    0.744808 v _180_/Y (sg13g2_a21oi_1)
                                                         _128_ (net)
                      0.176552    0.000275    0.745083 v _270_/A (sg13g2_nor2b_1)
     2    0.009005    0.112364    0.130493    0.875576 ^ _270_/Y (sg13g2_nor2b_1)
                                                         _085_ (net)
                      0.112364    0.000073    0.875649 ^ _275_/A2 (sg13g2_o21ai_1)
     1    0.010000    0.120819    0.109138    0.984787 v _275_/Y (sg13g2_o21ai_1)
                                                         sine_out[16] (net)
                      0.120819    0.000000    0.984787 v sine_out[16] (out)
                                              0.984787   data arrival time

                                  5.000000    5.000000   clock clk (rise edge)
                                  0.000000    5.000000   clock network delay (propagated)
                                 -0.150000    4.850000   clock uncertainty
                                  0.000000    4.850000   clock reconvergence pessimism
                                 -1.000000    3.850000   output external delay
                                              3.850000   data required time
---------------------------------------------------------------------------------------------
                                              3.850000   data required time
                                             -0.984787   data arrival time
---------------------------------------------------------------------------------------------
                                              2.865213   slack (MET)


Startpoint: _290_ (rising edge-triggered flip-flop clocked by clk)
Endpoint: sine_out[8] (output port clocked by clk)
Path Group: clk
Path Type: max

Fanout         Cap        Slew       Delay        Time   Description
---------------------------------------------------------------------------------------------
                                  0.000000    0.000000   clock clk (rise edge)
                                  0.000000    0.000000   clock source latency
     9    0.036904    0.000000    0.000000    0.000000 ^ clk (in)
                                                         clk (net)
                      0.001645    0.000823    0.000823 ^ _290_/CLK (sg13g2_dfrbpq_1)
    18    0.082448    0.336024    0.376232    0.377055 ^ _290_/Q (sg13g2_dfrbpq_1)
                                                         DPATH.SUM.fa_2.A (net)
                      0.336130    0.001935    0.378990 ^ _164_/B (sg13g2_and2_1)
     5    0.019111    0.091932    0.213501    0.592490 ^ _164_/X (sg13g2_and2_1)
                                                         _113_ (net)
                      0.091932    0.000193    0.592683 ^ _166_/B (sg13g2_nand2_1)
     4    0.017448    0.192780    0.134902    0.727585 v _166_/Y (sg13g2_nand2_1)
                                                         _115_ (net)
                      0.192780    0.000248    0.727833 v _259_/B (sg13g2_nor2_1)
     2    0.008646    0.112000    0.130971    0.858804 ^ _259_/Y (sg13g2_nor2_1)
                                                         _081_ (net)
                      0.112000    0.000087    0.858891 ^ _264_/A2 (sg13g2_a21oi_1)
     1    0.010000    0.124958    0.118771    0.977662 v _264_/Y (sg13g2_a21oi_1)
                                                         sine_out[8] (net)
                      0.124958    0.000000    0.977662 v sine_out[8] (out)
                                              0.977662   data arrival time

                                  5.000000    5.000000   clock clk (rise edge)
                                  0.000000    5.000000   clock network delay (propagated)
                                 -0.150000    4.850000   clock uncertainty
                                  0.000000    4.850000   clock reconvergence pessimism
                                 -1.000000    3.850000   output external delay
                                              3.850000   data required time
---------------------------------------------------------------------------------------------
                                              3.850000   data required time
                                             -0.977662   data arrival time
---------------------------------------------------------------------------------------------
                                              2.872339   slack (MET)


Startpoint: _290_ (rising edge-triggered flip-flop clocked by clk)
Endpoint: sine_out[13] (output port clocked by clk)
Path Group: clk
Path Type: max

Fanout         Cap        Slew       Delay        Time   Description
---------------------------------------------------------------------------------------------
                                  0.000000    0.000000   clock clk (rise edge)
                                  0.000000    0.000000   clock source latency
     9    0.036904    0.000000    0.000000    0.000000 ^ clk (in)
                                                         clk (net)
                      0.001645    0.000823    0.000823 ^ _290_/CLK (sg13g2_dfrbpq_1)
    18    0.082448    0.336024    0.376232    0.377055 ^ _290_/Q (sg13g2_dfrbpq_1)
                                                         DPATH.SUM.fa_2.A (net)
                      0.336130    0.001935    0.378990 ^ _164_/B (sg13g2_and2_1)
     5    0.019111    0.091932    0.213501    0.592490 ^ _164_/X (sg13g2_and2_1)
                                                         _113_ (net)
                      0.091932    0.000193    0.592683 ^ _166_/B (sg13g2_nand2_1)
     4    0.017448    0.192780    0.134902    0.727585 v _166_/Y (sg13g2_nand2_1)
                                                         _115_ (net)
                      0.192780    0.000159    0.727744 v _168_/A (sg13g2_nor2_1)
     2    0.010252    0.124498    0.144981    0.872725 ^ _168_/Y (sg13g2_nor2_1)
                                                         _117_ (net)
                      0.124498    0.000084    0.872809 ^ _272_/B (sg13g2_nor2_1)
     1    0.010000    0.098394    0.081392    0.954201 v _272_/Y (sg13g2_nor2_1)
                                                         sine_out[13] (net)
                      0.098394    0.000000    0.954201 v sine_out[13] (out)
                                              0.954201   data arrival time

                                  5.000000    5.000000   clock clk (rise edge)
                                  0.000000    5.000000   clock network delay (propagated)
                                 -0.150000    4.850000   clock uncertainty
                                  0.000000    4.850000   clock reconvergence pessimism
                                 -1.000000    3.850000   output external delay
                                              3.850000   data required time
---------------------------------------------------------------------------------------------
                                              3.850000   data required time
                                             -0.954201   data arrival time
---------------------------------------------------------------------------------------------
                                              2.895799   slack (MET)


Startpoint: _290_ (rising edge-triggered flip-flop clocked by clk)
Endpoint: sine_out[5] (output port clocked by clk)
Path Group: clk
Path Type: max

Fanout         Cap        Slew       Delay        Time   Description
---------------------------------------------------------------------------------------------
                                  0.000000    0.000000   clock clk (rise edge)
                                  0.000000    0.000000   clock source latency
     9    0.036904    0.000000    0.000000    0.000000 ^ clk (in)
                                                         clk (net)
                      0.001645    0.000823    0.000823 ^ _290_/CLK (sg13g2_dfrbpq_1)
    18    0.082448    0.336024    0.376232    0.377055 ^ _290_/Q (sg13g2_dfrbpq_1)
                                                         DPATH.SUM.fa_2.A (net)
                      0.336130    0.001935    0.378990 ^ _164_/B (sg13g2_and2_1)
     5    0.019111    0.091932    0.213501    0.592490 ^ _164_/X (sg13g2_and2_1)
                                                         _113_ (net)
                      0.091932    0.000193    0.592683 ^ _166_/B (sg13g2_nand2_1)
     4    0.017448    0.192780    0.134902    0.727585 v _166_/Y (sg13g2_nand2_1)
                                                         _115_ (net)
                      0.192780    0.000248    0.727833 v _259_/B (sg13g2_nor2_1)
     2    0.008646    0.112000    0.130971    0.858804 ^ _259_/Y (sg13g2_nor2_1)
                                                         _081_ (net)
                      0.112000    0.000074    0.858878 ^ _260_/C (sg13g2_nor3_1)
     1    0.010000    0.104658    0.080580    0.939458 v _260_/Y (sg13g2_nor3_1)
                                                         sine_out[5] (net)
                      0.104658    0.000000    0.939458 v sine_out[5] (out)
                                              0.939458   data arrival time

                                  5.000000    5.000000   clock clk (rise edge)
                                  0.000000    5.000000   clock network delay (propagated)
                                 -0.150000    4.850000   clock uncertainty
                                  0.000000    4.850000   clock reconvergence pessimism
                                 -1.000000    3.850000   output external delay
                                              3.850000   data required time
---------------------------------------------------------------------------------------------
                                              3.850000   data required time
                                             -0.939458   data arrival time
---------------------------------------------------------------------------------------------
                                              2.910542   slack (MET)


Startpoint: _290_ (rising edge-triggered flip-flop clocked by clk)
Endpoint: sine_out[15] (output port clocked by clk)
Path Group: clk
Path Type: max

Fanout         Cap        Slew       Delay        Time   Description
---------------------------------------------------------------------------------------------
                                  0.000000    0.000000   clock clk (rise edge)
                                  0.000000    0.000000   clock source latency
     9    0.036904    0.000000    0.000000    0.000000 ^ clk (in)
                                                         clk (net)
                      0.001645    0.000823    0.000823 ^ _290_/CLK (sg13g2_dfrbpq_1)
    18    0.082448    0.336024    0.376232    0.377055 ^ _290_/Q (sg13g2_dfrbpq_1)
                                                         DPATH.SUM.fa_2.A (net)
                      0.336130    0.001935    0.378990 ^ _164_/B (sg13g2_and2_1)
     5    0.019111    0.091932    0.213501    0.592490 ^ _164_/X (sg13g2_and2_1)
                                                         _113_ (net)
                      0.091932    0.000193    0.592683 ^ _166_/B (sg13g2_nand2_1)
     4    0.017448    0.192780    0.134902    0.727585 v _166_/Y (sg13g2_nand2_1)
                                                         _115_ (net)
                      0.192780    0.000272    0.727856 v _246_/B (sg13g2_nand2b_1)
     2    0.009395    0.081074    0.108328    0.836184 ^ _246_/Y (sg13g2_nand2b_1)
                                                         _071_ (net)
                      0.081074    0.000127    0.836311 ^ _274_/B (sg13g2_nand2_1)
     1    0.010000    0.120770    0.096146    0.932457 v _274_/Y (sg13g2_nand2_1)
                                                         sine_out[15] (net)
                      0.120770    0.000000    0.932457 v sine_out[15] (out)
                                              0.932457   data arrival time

                                  5.000000    5.000000   clock clk (rise edge)
                                  0.000000    5.000000   clock network delay (propagated)
                                 -0.150000    4.850000   clock uncertainty
                                  0.000000    4.850000   clock reconvergence pessimism
                                 -1.000000    3.850000   output external delay
                                              3.850000   data required time
---------------------------------------------------------------------------------------------
                                              3.850000   data required time
                                             -0.932457   data arrival time
---------------------------------------------------------------------------------------------
                                              2.917543   slack (MET)


Startpoint: _290_ (rising edge-triggered flip-flop clocked by clk)
Endpoint: sine_out[7] (output port clocked by clk)
Path Group: clk
Path Type: max

Fanout         Cap        Slew       Delay        Time   Description
---------------------------------------------------------------------------------------------
                                  0.000000    0.000000   clock clk (rise edge)
                                  0.000000    0.000000   clock source latency
     9    0.036904    0.000000    0.000000    0.000000 ^ clk (in)
                                                         clk (net)
                      0.001645    0.000823    0.000823 ^ _290_/CLK (sg13g2_dfrbpq_1)
    18    0.082448    0.336024    0.376232    0.377055 ^ _290_/Q (sg13g2_dfrbpq_1)
                                                         DPATH.SUM.fa_2.A (net)
                      0.336119    0.001067    0.378122 ^ _156_/B (sg13g2_nor2_1)
     5    0.022150    0.158297    0.199296    0.577418 v _156_/Y (sg13g2_nor2_1)
                                                         _106_ (net)
                      0.158297    0.000099    0.577517 v _201_/A (sg13g2_nor2b_1)
     3    0.015268    0.158399    0.171119    0.748635 ^ _201_/Y (sg13g2_nor2b_1)
                                                         _028_ (net)
                      0.158399    0.000271    0.748906 ^ _263_/A2 (sg13g2_a21oi_1)
     1    0.010000    0.124958    0.133349    0.882256 v _263_/Y (sg13g2_a21oi_1)
                                                         sine_out[7] (net)
                      0.124958    0.000000    0.882256 v sine_out[7] (out)
                                              0.882256   data arrival time

                                  5.000000    5.000000   clock clk (rise edge)
                                  0.000000    5.000000   clock network delay (propagated)
                                 -0.150000    4.850000   clock uncertainty
                                  0.000000    4.850000   clock reconvergence pessimism
                                 -1.000000    3.850000   output external delay
                                              3.850000   data required time
---------------------------------------------------------------------------------------------
                                              3.850000   data required time
                                             -0.882256   data arrival time
---------------------------------------------------------------------------------------------
                                              2.967744   slack (MET)


Startpoint: _290_ (rising edge-triggered flip-flop clocked by clk)
Endpoint: sine_out[4] (output port clocked by clk)
Path Group: clk
Path Type: max

Fanout         Cap        Slew       Delay        Time   Description
---------------------------------------------------------------------------------------------
                                  0.000000    0.000000   clock clk (rise edge)
                                  0.000000    0.000000   clock source latency
     9    0.036904    0.000000    0.000000    0.000000 ^ clk (in)
                                                         clk (net)
                      0.001645    0.000823    0.000823 ^ _290_/CLK (sg13g2_dfrbpq_1)
    18    0.078842    0.244721    0.322747    0.323570 v _290_/Q (sg13g2_dfrbpq_1)
                                                         DPATH.SUM.fa_2.A (net)
                      0.244722    0.001011    0.324581 v _156_/B (sg13g2_nor2_1)
     5    0.023010    0.231872    0.259690    0.584271 ^ _156_/Y (sg13g2_nor2_1)
                                                         _106_ (net)
                      0.231872    0.000104    0.584374 ^ _201_/A (sg13g2_nor2b_1)
     3    0.014918    0.097149    0.130168    0.714542 v _201_/Y (sg13g2_nor2b_1)
                                                         _028_ (net)
                      0.097149    0.000141    0.714683 v _258_/C (sg13g2_nor3_1)
     1    0.010000    0.176767    0.162608    0.877291 ^ _258_/Y (sg13g2_nor3_1)
                                                         sine_out[4] (net)
                      0.176767    0.000000    0.877291 ^ sine_out[4] (out)
                                              0.877291   data arrival time

                                  5.000000    5.000000   clock clk (rise edge)
                                  0.000000    5.000000   clock network delay (propagated)
                                 -0.150000    4.850000   clock uncertainty
                                  0.000000    4.850000   clock reconvergence pessimism
                                 -1.000000    3.850000   output external delay
                                              3.850000   data required time
---------------------------------------------------------------------------------------------
                                              3.850000   data required time
                                             -0.877291   data arrival time
---------------------------------------------------------------------------------------------
                                              2.972709   slack (MET)


Startpoint: _292_ (rising edge-triggered flip-flop clocked by clk)
Endpoint: sine_out[3] (output port clocked by clk)
Path Group: clk
Path Type: max

Fanout         Cap        Slew       Delay        Time   Description
---------------------------------------------------------------------------------------------
                                  0.000000    0.000000   clock clk (rise edge)
                                  0.000000    0.000000   clock source latency
     9    0.036904    0.000000    0.000000    0.000000 ^ clk (in)
                                                         clk (net)
                      0.001416    0.000708    0.000708 ^ _292_/CLK (sg13g2_dfrbpq_1)
    18    0.074917    0.233056    0.313383    0.314091 v _292_/Q (sg13g2_dfrbpq_1)
                                                         DPATH.SUM.fa_4.A (net)
                      0.233070    0.001949    0.316040 v _159_/A (sg13g2_or2_1)
     9    0.035245    0.121884    0.249863    0.565903 v _159_/X (sg13g2_or2_1)
                                                         _109_ (net)
                      0.121884    0.000193    0.566097 v _161_/B (sg13g2_nor2_1)
     2    0.007374    0.114891    0.105518    0.671614 ^ _161_/Y (sg13g2_nor2_1)
                                                         _111_ (net)
                      0.114891    0.000033    0.671648 ^ _255_/A (sg13g2_nand2_1)
     2    0.007179    0.077674    0.088503    0.760151 v _255_/Y (sg13g2_nand2_1)
                                                         _079_ (net)
                      0.077674    0.000042    0.760193 v _256_/B (sg13g2_nor2_1)
     1    0.010000    0.125001    0.109763    0.869956 ^ _256_/Y (sg13g2_nor2_1)
                                                         sine_out[3] (net)
                      0.125001    0.000000    0.869956 ^ sine_out[3] (out)
                                              0.869956   data arrival time

                                  5.000000    5.000000   clock clk (rise edge)
                                  0.000000    5.000000   clock network delay (propagated)
                                 -0.150000    4.850000   clock uncertainty
                                  0.000000    4.850000   clock reconvergence pessimism
                                 -1.000000    3.850000   output external delay
                                              3.850000   data required time
---------------------------------------------------------------------------------------------
                                              3.850000   data required time
                                             -0.869956   data arrival time
---------------------------------------------------------------------------------------------
                                              2.980044   slack (MET)


Startpoint: _291_ (rising edge-triggered flip-flop clocked by clk)
Endpoint: sine_out[17] (output port clocked by clk)
Path Group: clk
Path Type: max

Fanout         Cap        Slew       Delay        Time   Description
---------------------------------------------------------------------------------------------
                                  0.000000    0.000000   clock clk (rise edge)
                                  0.000000    0.000000   clock source latency
     9    0.036904    0.000000    0.000000    0.000000 ^ clk (in)
                                                         clk (net)
                      0.001651    0.000826    0.000826 ^ _291_/CLK (sg13g2_dfrbpq_1)
    26    0.109479    0.444132    0.450181    0.451006 ^ _291_/Q (sg13g2_dfrbpq_1)
                                                         DPATH.SUM.fa_3.A (net)
                      0.444167    0.003307    0.454314 ^ _160_/A (sg13g2_nor2_1)
     4    0.019004    0.158297    0.212560    0.666874 v _160_/Y (sg13g2_nor2_1)
                                                         _110_ (net)
                      0.158297    0.000174    0.667048 v _276_/B (sg13g2_nand2b_1)
     1    0.004115    0.056854    0.076998    0.744045 ^ _276_/Y (sg13g2_nand2b_1)
                                                         _086_ (net)
                      0.056854    0.000037    0.744082 ^ _277_/C (sg13g2_nand3_1)
     1    0.010000    0.144233    0.125247    0.869330 v _277_/Y (sg13g2_nand3_1)
                                                         sine_out[17] (net)
                      0.144233    0.000000    0.869330 v sine_out[17] (out)
                                              0.869330   data arrival time

                                  5.000000    5.000000   clock clk (rise edge)
                                  0.000000    5.000000   clock network delay (propagated)
                                 -0.150000    4.850000   clock uncertainty
                                  0.000000    4.850000   clock reconvergence pessimism
                                 -1.000000    3.850000   output external delay
                                              3.850000   data required time
---------------------------------------------------------------------------------------------
                                              3.850000   data required time
                                             -0.869330   data arrival time
---------------------------------------------------------------------------------------------
                                              2.980670   slack (MET)


Startpoint: _291_ (rising edge-triggered flip-flop clocked by clk)
Endpoint: sine_out[10] (output port clocked by clk)
Path Group: clk
Path Type: max

Fanout         Cap        Slew       Delay        Time   Description
---------------------------------------------------------------------------------------------
                                  0.000000    0.000000   clock clk (rise edge)
                                  0.000000    0.000000   clock source latency
     9    0.036904    0.000000    0.000000    0.000000 ^ clk (in)
                                                         clk (net)
                      0.001651    0.000826    0.000826 ^ _291_/CLK (sg13g2_dfrbpq_1)
    26    0.109479    0.444132    0.450181    0.451006 ^ _291_/Q (sg13g2_dfrbpq_1)
                                                         DPATH.SUM.fa_3.A (net)
                      0.444163    0.003140    0.454146 ^ _202_/B1 (sg13g2_o21ai_1)
     3    0.009921    0.135261    0.160924    0.615071 v _202_/Y (sg13g2_o21ai_1)
                                                         _029_ (net)
                      0.135261    0.000041    0.615112 v _266_/A2 (sg13g2_o21ai_1)
     1    0.006698    0.113447    0.141704    0.756816 ^ _266_/Y (sg13g2_o21ai_1)
                                                         _083_ (net)
                      0.113447    0.000158    0.756974 ^ _267_/B (sg13g2_nand2_1)
     1    0.010000    0.076801    0.106625    0.863599 v _267_/Y (sg13g2_nand2_1)
                                                         sine_out[10] (net)
                      0.076801    0.000000    0.863599 v sine_out[10] (out)
                                              0.863599   data arrival time

                                  5.000000    5.000000   clock clk (rise edge)
                                  0.000000    5.000000   clock network delay (propagated)
                                 -0.150000    4.850000   clock uncertainty
                                  0.000000    4.850000   clock reconvergence pessimism
                                 -1.000000    3.850000   output external delay
                                              3.850000   data required time
---------------------------------------------------------------------------------------------
                                              3.850000   data required time
                                             -0.863599   data arrival time
---------------------------------------------------------------------------------------------
                                              2.986401   slack (MET)


Startpoint: _291_ (rising edge-triggered flip-flop clocked by clk)
Endpoint: sine_out[9] (output port clocked by clk)
Path Group: clk
Path Type: max

Fanout         Cap        Slew       Delay        Time   Description
---------------------------------------------------------------------------------------------
                                  0.000000    0.000000   clock clk (rise edge)
                                  0.000000    0.000000   clock source latency
     9    0.036904    0.000000    0.000000    0.000000 ^ clk (in)
                                                         clk (net)
                      0.001651    0.000826    0.000826 ^ _291_/CLK (sg13g2_dfrbpq_1)
    26    0.108172    0.333291    0.386577    0.387403 v _291_/Q (sg13g2_dfrbpq_1)
                                                         DPATH.SUM.fa_3.A (net)
                      0.333323    0.003286    0.390689 v _160_/A (sg13g2_nor2_1)
     4    0.019224    0.210914    0.245234    0.635922 ^ _160_/Y (sg13g2_nor2_1)
                                                         _110_ (net)
                      0.210914    0.000109    0.636032 ^ _254_/A (sg13g2_nand2_1)
     1    0.004029    0.065923    0.089478    0.725510 v _254_/Y (sg13g2_nand2_1)
                                                         _078_ (net)
                      0.065923    0.000037    0.725547 v _265_/A2 (sg13g2_a21oi_1)
     1    0.010000    0.143919    0.126092    0.851638 ^ _265_/Y (sg13g2_a21oi_1)
                                                         sine_out[9] (net)
                      0.143919    0.000000    0.851638 ^ sine_out[9] (out)
                                              0.851638   data arrival time

                                  5.000000    5.000000   clock clk (rise edge)
                                  0.000000    5.000000   clock network delay (propagated)
                                 -0.150000    4.850000   clock uncertainty
                                  0.000000    4.850000   clock reconvergence pessimism
                                 -1.000000    3.850000   output external delay
                                              3.850000   data required time
---------------------------------------------------------------------------------------------
                                              3.850000   data required time
                                             -0.851638   data arrival time
---------------------------------------------------------------------------------------------
                                              2.998361   slack (MET)


Startpoint: _292_ (rising edge-triggered flip-flop clocked by clk)
Endpoint: sine_out[14] (output port clocked by clk)
Path Group: clk
Path Type: max

Fanout         Cap        Slew       Delay        Time   Description
---------------------------------------------------------------------------------------------
                                  0.000000    0.000000   clock clk (rise edge)
                                  0.000000    0.000000   clock source latency
     9    0.036904    0.000000    0.000000    0.000000 ^ clk (in)
                                                         clk (net)
                      0.001416    0.000708    0.000708 ^ _292_/CLK (sg13g2_dfrbpq_1)
    18    0.074654    0.305121    0.354077    0.354785 ^ _292_/Q (sg13g2_dfrbpq_1)
                                                         DPATH.SUM.fa_4.A (net)
                      0.305138    0.001924    0.356709 ^ _159_/A (sg13g2_or2_1)
     9    0.036470    0.154232    0.251831    0.608540 ^ _159_/X (sg13g2_or2_1)
                                                         _109_ (net)
                      0.154232    0.000200    0.608740 ^ _161_/B (sg13g2_nor2_1)
     2    0.007162    0.101266    0.077413    0.686153 v _161_/Y (sg13g2_nor2_1)
                                                         _111_ (net)
                      0.101266    0.000034    0.686186 v _255_/A (sg13g2_nand2_1)
     2    0.007757    0.072979    0.070620    0.756807 ^ _255_/Y (sg13g2_nand2_1)
                                                         _079_ (net)
                      0.072979    0.000059    0.756866 ^ _273_/B (sg13g2_nand2_1)
     1    0.010000    0.120771    0.093078    0.849944 v _273_/Y (sg13g2_nand2_1)
                                                         sine_out[14] (net)
                      0.120771    0.000000    0.849944 v sine_out[14] (out)
                                              0.849944   data arrival time

                                  5.000000    5.000000   clock clk (rise edge)
                                  0.000000    5.000000   clock network delay (propagated)
                                 -0.150000    4.850000   clock uncertainty
                                  0.000000    4.850000   clock reconvergence pessimism
                                 -1.000000    3.850000   output external delay
                                              3.850000   data required time
---------------------------------------------------------------------------------------------
                                              3.850000   data required time
                                             -0.849944   data arrival time
---------------------------------------------------------------------------------------------
                                              3.000056   slack (MET)


Startpoint: _291_ (rising edge-triggered flip-flop clocked by clk)
Endpoint: sine_out[11] (output port clocked by clk)
Path Group: clk
Path Type: max

Fanout         Cap        Slew       Delay        Time   Description
---------------------------------------------------------------------------------------------
                                  0.000000    0.000000   clock clk (rise edge)
                                  0.000000    0.000000   clock source latency
     9    0.036904    0.000000    0.000000    0.000000 ^ clk (in)
                                                         clk (net)
                      0.001651    0.000826    0.000826 ^ _291_/CLK (sg13g2_dfrbpq_1)
    26    0.108172    0.333291    0.386577    0.387403 v _291_/Q (sg13g2_dfrbpq_1)
                                                         DPATH.SUM.fa_3.A (net)
                      0.333323    0.003307    0.390710 v _210_/A (sg13g2_nor2_1)
     4    0.016354    0.184096    0.221577    0.612287 ^ _210_/Y (sg13g2_nor2_1)
                                                         _037_ (net)
                      0.184096    0.000063    0.612350 ^ _268_/A2 (sg13g2_a21oi_1)
     1    0.003480    0.059504    0.106247    0.718597 v _268_/Y (sg13g2_a21oi_1)
                                                         _084_ (net)
                      0.059504    0.000023    0.718620 v _269_/B (sg13g2_nor2_1)
     1    0.010000    0.125003    0.103271    0.821891 ^ _269_/Y (sg13g2_nor2_1)
                                                         sine_out[11] (net)
                      0.125003    0.000000    0.821891 ^ sine_out[11] (out)
                                              0.821891   data arrival time

                                  5.000000    5.000000   clock clk (rise edge)
                                  0.000000    5.000000   clock network delay (propagated)
                                 -0.150000    4.850000   clock uncertainty
                                  0.000000    4.850000   clock reconvergence pessimism
                                 -1.000000    3.850000   output external delay
                                              3.850000   data required time
---------------------------------------------------------------------------------------------
                                              3.850000   data required time
                                             -0.821891   data arrival time
---------------------------------------------------------------------------------------------
                                              3.028109   slack (MET)


Startpoint: _291_ (rising edge-triggered flip-flop clocked by clk)
Endpoint: sine_out[6] (output port clocked by clk)
Path Group: clk
Path Type: max

Fanout         Cap        Slew       Delay        Time   Description
---------------------------------------------------------------------------------------------
                                  0.000000    0.000000   clock clk (rise edge)
                                  0.000000    0.000000   clock source latency
     9    0.036904    0.000000    0.000000    0.000000 ^ clk (in)
                                                         clk (net)
                      0.001651    0.000826    0.000826 ^ _291_/CLK (sg13g2_dfrbpq_1)
    26    0.108172    0.333291    0.386577    0.387403 v _291_/Q (sg13g2_dfrbpq_1)
                                                         DPATH.SUM.fa_3.A (net)
                      0.333323    0.003307    0.390710 v _210_/A (sg13g2_nor2_1)
     4    0.016354    0.184096    0.221577    0.612287 ^ _210_/Y (sg13g2_nor2_1)
                                                         _037_ (net)
                      0.184096    0.000073    0.612360 ^ _211_/A (sg13g2_inv_1)
     1    0.003816    0.045214    0.064341    0.676701 v _211_/Y (sg13g2_inv_1)
                                                         _038_ (net)
                      0.045214    0.000028    0.676730 v _262_/A2 (sg13g2_a21oi_1)
     1    0.010000    0.121679    0.118081    0.794811 ^ _262_/Y (sg13g2_a21oi_1)
                                                         sine_out[6] (net)
                      0.121679    0.000000    0.794811 ^ sine_out[6] (out)
                                              0.794811   data arrival time

                                  5.000000    5.000000   clock clk (rise edge)
                                  0.000000    5.000000   clock network delay (propagated)
                                 -0.150000    4.850000   clock uncertainty
                                  0.000000    4.850000   clock reconvergence pessimism
                                 -1.000000    3.850000   output external delay
                                              3.850000   data required time
---------------------------------------------------------------------------------------------
                                              3.850000   data required time
                                             -0.794811   data arrival time
---------------------------------------------------------------------------------------------
                                              3.055189   slack (MET)


Startpoint: _288_ (rising edge-triggered flip-flop clocked by clk)
Endpoint: _294_ (rising edge-triggered flip-flop clocked by clk)
Path Group: clk
Path Type: max

Fanout         Cap        Slew       Delay        Time   Description
---------------------------------------------------------------------------------------------
                                  0.000000    0.000000   clock clk (rise edge)
                                  0.000000    0.000000   clock source latency
     9    0.036904    0.000000    0.000000    0.000000 ^ clk (in)
                                                         clk (net)
                      0.001724    0.000862    0.000862 ^ _288_/CLK (sg13g2_dfrbpq_1)
    15    0.074272    0.303389    0.353980    0.354842 ^ _288_/Q (sg13g2_dfrbpq_1)
                                                         DPATH.SUM.Cout0 (net)
                      0.303389    0.000870    0.355711 ^ _132_/A (sg13g2_inv_1)
     8    0.039008    0.178568    0.248924    0.604635 v _132_/Y (sg13g2_inv_1)
                                                         DPATH.SUM.ha_0.S (net)
                      0.178568    0.000543    0.605177 v _138_/A1 (sg13g2_o21ai_1)
     2    0.010978    0.149128    0.190582    0.795760 ^ _138_/Y (sg13g2_o21ai_1)
                                                         _092_ (net)
                      0.149128    0.000133    0.795893 ^ _140_/A1 (sg13g2_a21oi_1)
     2    0.010766    0.097771    0.133461    0.929354 v _140_/Y (sg13g2_a21oi_1)
                                                         _094_ (net)
                      0.097771    0.000039    0.929392 v _144_/A1 (sg13g2_o21ai_1)
     2    0.011510    0.151710    0.171010    1.100402 ^ _144_/Y (sg13g2_o21ai_1)
                                                         _097_ (net)
                      0.151710    0.000158    1.100560 ^ _148_/A1 (sg13g2_a21oi_1)
     2    0.011393    0.101591    0.137699    1.238259 v _148_/Y (sg13g2_a21oi_1)
                                                         _100_ (net)
                      0.101591    0.000092    1.238351 v _152_/A1 (sg13g2_o21ai_1)
     1    0.007157    0.112034    0.140858    1.379209 ^ _152_/Y (sg13g2_o21ai_1)
                                                         _103_ (net)
                      0.112034    0.000051    1.379260 ^ _154_/A (sg13g2_xnor2_1)
     1    0.002020    0.065914    0.111284    1.490545 ^ _154_/Y (sg13g2_xnor2_1)
                                                         DPATH.SUM.fa_6.S (net)
                      0.065914    0.000014    1.490558 ^ _294_/D (sg13g2_dfrbpq_1)
                                              1.490558   data arrival time

                                  5.000000    5.000000   clock clk (rise edge)
                                  0.000000    5.000000   clock source latency
     9    0.032878    0.000000    0.000000    5.000000 ^ clk (in)
                                                         clk (net)
                      0.001006    0.000503    5.000503 ^ _294_/CLK (sg13g2_dfrbpq_1)
                                 -0.150000    4.850503   clock uncertainty
                                  0.000000    4.850503   clock reconvergence pessimism
                                 -0.130470    4.720033   library setup time
                                              4.720033   data required time
---------------------------------------------------------------------------------------------
                                              4.720033   data required time
                                             -1.490558   data arrival time
---------------------------------------------------------------------------------------------
                                              3.229475   slack (MET)


Startpoint: _288_ (rising edge-triggered flip-flop clocked by clk)
Endpoint: _293_ (rising edge-triggered flip-flop clocked by clk)
Path Group: clk
Path Type: max

Fanout         Cap        Slew       Delay        Time   Description
---------------------------------------------------------------------------------------------
                                  0.000000    0.000000   clock clk (rise edge)
                                  0.000000    0.000000   clock source latency
     9    0.036904    0.000000    0.000000    0.000000 ^ clk (in)
                                                         clk (net)
                      0.001724    0.000862    0.000862 ^ _288_/CLK (sg13g2_dfrbpq_1)
    15    0.074272    0.303389    0.353980    0.354842 ^ _288_/Q (sg13g2_dfrbpq_1)
                                                         DPATH.SUM.Cout0 (net)
                      0.303389    0.000870    0.355711 ^ _132_/A (sg13g2_inv_1)
     8    0.039008    0.178568    0.248924    0.604635 v _132_/Y (sg13g2_inv_1)
                                                         DPATH.SUM.ha_0.S (net)
                      0.178568    0.000543    0.605177 v _138_/A1 (sg13g2_o21ai_1)
     2    0.010978    0.149128    0.190582    0.795760 ^ _138_/Y (sg13g2_o21ai_1)
                                                         _092_ (net)
                      0.149128    0.000133    0.795893 ^ _140_/A1 (sg13g2_a21oi_1)
     2    0.010766    0.097771    0.133461    0.929354 v _140_/Y (sg13g2_a21oi_1)
                                                         _094_ (net)
                      0.097771    0.000039    0.929392 v _144_/A1 (sg13g2_o21ai_1)
     2    0.011510    0.151710    0.171010    1.100402 ^ _144_/Y (sg13g2_o21ai_1)
                                                         _097_ (net)
                      0.151710    0.000158    1.100560 ^ _148_/A1 (sg13g2_a21oi_1)
     2    0.011393    0.101591    0.137699    1.238259 v _148_/Y (sg13g2_a21oi_1)
                                                         _100_ (net)
                      0.101591    0.000092    1.238351 v _151_/A (sg13g2_xor2_1)
     1    0.001922    0.056042    0.120413    1.358764 v _151_/X (sg13g2_xor2_1)
                                                         DPATH.SUM.fa_5.S (net)
                      0.056042    0.000010    1.358774 v _293_/D (sg13g2_dfrbpq_1)
                                              1.358774   data arrival time

                                  5.000000    5.000000   clock clk (rise edge)
                                  0.000000    5.000000   clock source latency
     9    0.032878    0.000000    0.000000    5.000000 ^ clk (in)
                                                         clk (net)
                      0.001050    0.000525    5.000525 ^ _293_/CLK (sg13g2_dfrbpq_1)
                                 -0.150000    4.850525   clock uncertainty
                                  0.000000    4.850525   clock reconvergence pessimism
                                 -0.130441    4.720085   library setup time
                                              4.720085   data required time
---------------------------------------------------------------------------------------------
                                              4.720085   data required time
                                             -1.358774   data arrival time
---------------------------------------------------------------------------------------------
                                              3.361310   slack (MET)


Startpoint: _295_ (rising edge-triggered flip-flop clocked by clk)
Endpoint: signB (output port clocked by clk)
Path Group: clk
Path Type: max

Fanout         Cap        Slew       Delay        Time   Description
---------------------------------------------------------------------------------------------
                                  0.000000    0.000000   clock clk (rise edge)
                                  0.000000    0.000000   clock source latency
     9    0.036904    0.000000    0.000000    0.000000 ^ clk (in)
                                                         clk (net)
                      0.001086    0.000543    0.000543 ^ _295_/CLK (sg13g2_dfrbpq_1)
     3    0.040019    0.169592    0.259134    0.259677 ^ _295_/Q (sg13g2_dfrbpq_1)
                                                         sign (net)
                      0.169592    0.000000    0.259677 ^ _133_/A (sg13g2_inv_1)
     1    0.030000    0.125012    0.168528    0.428206 v _133_/Y (sg13g2_inv_1)
                                                         signB (net)
                      0.125012    0.000000    0.428206 v signB (out)
                                              0.428206   data arrival time

                                  5.000000    5.000000   clock clk (rise edge)
                                  0.000000    5.000000   clock network delay (propagated)
                                 -0.150000    4.850000   clock uncertainty
                                  0.000000    4.850000   clock reconvergence pessimism
                                 -1.000000    3.850000   output external delay
                                              3.850000   data required time
---------------------------------------------------------------------------------------------
                                              3.850000   data required time
                                             -0.428206   data arrival time
---------------------------------------------------------------------------------------------
                                              3.421794   slack (MET)


Startpoint: _288_ (rising edge-triggered flip-flop clocked by clk)
Endpoint: _292_ (rising edge-triggered flip-flop clocked by clk)
Path Group: clk
Path Type: max

Fanout         Cap        Slew       Delay        Time   Description
---------------------------------------------------------------------------------------------
                                  0.000000    0.000000   clock clk (rise edge)
                                  0.000000    0.000000   clock source latency
     9    0.036904    0.000000    0.000000    0.000000 ^ clk (in)
                                                         clk (net)
                      0.001724    0.000862    0.000862 ^ _288_/CLK (sg13g2_dfrbpq_1)
    15    0.074272    0.303389    0.353980    0.354842 ^ _288_/Q (sg13g2_dfrbpq_1)
                                                         DPATH.SUM.Cout0 (net)
                      0.303389    0.000870    0.355711 ^ _132_/A (sg13g2_inv_1)
     8    0.039008    0.178568    0.248924    0.604635 v _132_/Y (sg13g2_inv_1)
                                                         DPATH.SUM.ha_0.S (net)
                      0.178568    0.000543    0.605177 v _138_/A1 (sg13g2_o21ai_1)
     2    0.010978    0.149128    0.190582    0.795760 ^ _138_/Y (sg13g2_o21ai_1)
                                                         _092_ (net)
                      0.149128    0.000133    0.795893 ^ _140_/A1 (sg13g2_a21oi_1)
     2    0.010766    0.097771    0.133461    0.929354 v _140_/Y (sg13g2_a21oi_1)
                                                         _094_ (net)
                      0.097771    0.000039    0.929392 v _144_/A1 (sg13g2_o21ai_1)
     2    0.011510    0.151710    0.171010    1.100402 ^ _144_/Y (sg13g2_o21ai_1)
                                                         _097_ (net)
                      0.151710    0.000160    1.100562 ^ _147_/A (sg13g2_xor2_1)
     1    0.001669    0.053463    0.130401    1.230963 ^ _147_/X (sg13g2_xor2_1)
                                                         DPATH.SUM.fa_4.S (net)
                      0.053463    0.000007    1.230970 ^ _292_/D (sg13g2_dfrbpq_1)
                                              1.230970   data arrival time

                                  5.000000    5.000000   clock clk (rise edge)
                                  0.000000    5.000000   clock source latency
     9    0.032878    0.000000    0.000000    5.000000 ^ clk (in)
                                                         clk (net)
                      0.001255    0.000627    5.000628 ^ _292_/CLK (sg13g2_dfrbpq_1)
                                 -0.150000    4.850627   clock uncertainty
                                  0.000000    4.850627   clock reconvergence pessimism
                                 -0.126371    4.724256   library setup time
                                              4.724256   data required time
---------------------------------------------------------------------------------------------
                                              4.724256   data required time
                                             -1.230970   data arrival time
---------------------------------------------------------------------------------------------
                                              3.493286   slack (MET)


Startpoint: _295_ (rising edge-triggered flip-flop clocked by clk)
Endpoint: sign (output port clocked by clk)
Path Group: clk
Path Type: max

Fanout         Cap        Slew       Delay        Time   Description
---------------------------------------------------------------------------------------------
                                  0.000000    0.000000   clock clk (rise edge)
                                  0.000000    0.000000   clock source latency
     9    0.036904    0.000000    0.000000    0.000000 ^ clk (in)
                                                         clk (net)
                      0.001086    0.000543    0.000543 ^ _295_/CLK (sg13g2_dfrbpq_1)
     3    0.040019    0.169592    0.259134    0.259677 ^ _295_/Q (sg13g2_dfrbpq_1)
                                                         sign (net)
                      0.169592    0.000000    0.259677 ^ sign (out)
                                              0.259677   data arrival time

                                  5.000000    5.000000   clock clk (rise edge)
                                  0.000000    5.000000   clock network delay (propagated)
                                 -0.150000    4.850000   clock uncertainty
                                  0.000000    4.850000   clock reconvergence pessimism
                                 -1.000000    3.850000   output external delay
                                              3.850000   data required time
---------------------------------------------------------------------------------------------
                                              3.850000   data required time
                                             -0.259677   data arrival time
---------------------------------------------------------------------------------------------
                                              3.590322   slack (MET)


Startpoint: _290_ (rising edge-triggered flip-flop clocked by clk)
Endpoint: _295_ (rising edge-triggered flip-flop clocked by clk)
Path Group: clk
Path Type: max

Fanout         Cap        Slew       Delay        Time   Description
---------------------------------------------------------------------------------------------
                                  0.000000    0.000000   clock clk (rise edge)
                                  0.000000    0.000000   clock source latency
     9    0.036904    0.000000    0.000000    0.000000 ^ clk (in)
                                                         clk (net)
                      0.001645    0.000823    0.000823 ^ _290_/CLK (sg13g2_dfrbpq_1)
    18    0.078842    0.244721    0.322747    0.323570 v _290_/Q (sg13g2_dfrbpq_1)
                                                         DPATH.SUM.fa_2.A (net)
                      0.244722    0.001011    0.324581 v _156_/B (sg13g2_nor2_1)
     5    0.023010    0.231872    0.259690    0.584271 ^ _156_/Y (sg13g2_nor2_1)
                                                         _106_ (net)
                      0.231872    0.000120    0.584391 ^ _157_/A (sg13g2_inv_1)
     4    0.014465    0.094527    0.124722    0.709113 v _157_/Y (sg13g2_inv_1)
                                                         _107_ (net)
                      0.094527    0.000067    0.709180 v _158_/B (sg13g2_nor2_1)
     1    0.003830    0.066648    0.075963    0.785143 ^ _158_/Y (sg13g2_nor2_1)
                                                         _108_ (net)
                      0.066648    0.000026    0.785169 ^ _162_/C (sg13g2_nand4_1)
     2    0.010304    0.178232    0.169947    0.955116 v _162_/Y (sg13g2_nand4_1)
                                                         _112_ (net)
                      0.178232    0.000149    0.955265 v _163_/B (sg13g2_xnor2_1)
     1    0.002131    0.048001    0.130349    1.085614 v _163_/Y (sg13g2_xnor2_1)
                                                         CTRL.P1 (net)
                      0.048001    0.000014    1.085628 v _295_/D (sg13g2_dfrbpq_1)
                                              1.085628   data arrival time

                                  5.000000    5.000000   clock clk (rise edge)
                                  0.000000    5.000000   clock source latency
     9    0.032878    0.000000    0.000000    5.000000 ^ clk (in)
                                                         clk (net)
                      0.000964    0.000482    5.000482 ^ _295_/CLK (sg13g2_dfrbpq_1)
                                 -0.150000    4.850482   clock uncertainty
                                  0.000000    4.850482   clock reconvergence pessimism
                                 -0.127569    4.722913   library setup time
                                              4.722913   data required time
---------------------------------------------------------------------------------------------
                                              4.722913   data required time
                                             -1.085628   data arrival time
---------------------------------------------------------------------------------------------
                                              3.637286   slack (MET)


Startpoint: _290_ (rising edge-triggered flip-flop clocked by clk)
Endpoint: _296_ (rising edge-triggered flip-flop clocked by clk)
Path Group: clk
Path Type: max

Fanout         Cap        Slew       Delay        Time   Description
---------------------------------------------------------------------------------------------
                                  0.000000    0.000000   clock clk (rise edge)
                                  0.000000    0.000000   clock source latency
     9    0.036904    0.000000    0.000000    0.000000 ^ clk (in)
                                                         clk (net)
                      0.001645    0.000823    0.000823 ^ _290_/CLK (sg13g2_dfrbpq_1)
    18    0.082448    0.336024    0.376232    0.377055 ^ _290_/Q (sg13g2_dfrbpq_1)
                                                         DPATH.SUM.fa_2.A (net)
                      0.336130    0.001935    0.378990 ^ _164_/B (sg13g2_and2_1)
     5    0.019111    0.091932    0.213501    0.592490 ^ _164_/X (sg13g2_and2_1)
                                                         _113_ (net)
                      0.091932    0.000193    0.592683 ^ _166_/B (sg13g2_nand2_1)
     4    0.017448    0.192780    0.134902    0.727585 v _166_/Y (sg13g2_nand2_1)
                                                         _115_ (net)
                      0.192780    0.000159    0.727744 v _168_/A (sg13g2_nor2_1)
     2    0.010252    0.124498    0.144981    0.872725 ^ _168_/Y (sg13g2_nor2_1)
                                                         _117_ (net)
                      0.124537    0.000178    0.872903 ^ _170_/A1 (sg13g2_a21o_1)
     1    0.003277    0.038021    0.133054    1.005957 ^ _170_/X (sg13g2_a21o_1)
                                                         _119_ (net)
                      0.038021    0.000024    1.005980 ^ _171_/B (sg13g2_and2_1)
     1    0.001803    0.024082    0.081036    1.087016 ^ _171_/X (sg13g2_and2_1)
                                                         CTRL.P0 (net)
                      0.024082    0.000010    1.087026 ^ _296_/D (sg13g2_dfrbpq_1)
                                              1.087026   data arrival time

                                  5.000000    5.000000   clock clk (rise edge)
                                  0.000000    5.000000   clock source latency
     9    0.032878    0.000000    0.000000    5.000000 ^ clk (in)
                                                         clk (net)
                      0.001035    0.000518    5.000518 ^ _296_/CLK (sg13g2_dfrbpq_1)
                                 -0.150000    4.850518   clock uncertainty
                                  0.000000    4.850518   clock reconvergence pessimism
                                 -0.116818    4.733699   library setup time
                                              4.733699   data required time
---------------------------------------------------------------------------------------------
                                              4.733699   data required time
                                             -1.087026   data arrival time
---------------------------------------------------------------------------------------------
                                              3.646673   slack (MET)


Startpoint: _288_ (rising edge-triggered flip-flop clocked by clk)
Endpoint: _291_ (rising edge-triggered flip-flop clocked by clk)
Path Group: clk
Path Type: max

Fanout         Cap        Slew       Delay        Time   Description
---------------------------------------------------------------------------------------------
                                  0.000000    0.000000   clock clk (rise edge)
                                  0.000000    0.000000   clock source latency
     9    0.036904    0.000000    0.000000    0.000000 ^ clk (in)
                                                         clk (net)
                      0.001724    0.000862    0.000862 ^ _288_/CLK (sg13g2_dfrbpq_1)
    15    0.074272    0.303389    0.353980    0.354842 ^ _288_/Q (sg13g2_dfrbpq_1)
                                                         DPATH.SUM.Cout0 (net)
                      0.303389    0.000870    0.355711 ^ _132_/A (sg13g2_inv_1)
     8    0.039008    0.178568    0.248924    0.604635 v _132_/Y (sg13g2_inv_1)
                                                         DPATH.SUM.ha_0.S (net)
                      0.178568    0.000543    0.605177 v _138_/A1 (sg13g2_o21ai_1)
     2    0.010978    0.149128    0.190582    0.795760 ^ _138_/Y (sg13g2_o21ai_1)
                                                         _092_ (net)
                      0.149128    0.000133    0.795893 ^ _140_/A1 (sg13g2_a21oi_1)
     2    0.010766    0.097771    0.133461    0.929354 v _140_/Y (sg13g2_a21oi_1)
                                                         _094_ (net)
                      0.097771    0.000051    0.929404 v _143_/A (sg13g2_xor2_1)
     1    0.002013    0.061322    0.119705    1.049109 v _143_/X (sg13g2_xor2_1)
                                                         DPATH.SUM.fa_3.S (net)
                      0.061322    0.000011    1.049121 v _291_/D (sg13g2_dfrbpq_1)
                                              1.049121   data arrival time

                                  5.000000    5.000000   clock clk (rise edge)
                                  0.000000    5.000000   clock source latency
     9    0.032878    0.000000    0.000000    5.000000 ^ clk (in)
                                                         clk (net)
                      0.001462    0.000731    5.000731 ^ _291_/CLK (sg13g2_dfrbpq_1)
                                 -0.150000    4.850731   clock uncertainty
                                  0.000000    4.850731   clock reconvergence pessimism
                                 -0.132236    4.718494   library setup time
                                              4.718494   data required time
---------------------------------------------------------------------------------------------
                                              4.718494   data required time
                                             -1.049121   data arrival time
---------------------------------------------------------------------------------------------
                                              3.669374   slack (MET)


Startpoint: _288_ (rising edge-triggered flip-flop clocked by clk)
Endpoint: _290_ (rising edge-triggered flip-flop clocked by clk)
Path Group: clk
Path Type: max

Fanout         Cap        Slew       Delay        Time   Description
---------------------------------------------------------------------------------------------
                                  0.000000    0.000000   clock clk (rise edge)
                                  0.000000    0.000000   clock source latency
     9    0.036904    0.000000    0.000000    0.000000 ^ clk (in)
                                                         clk (net)
                      0.001724    0.000862    0.000862 ^ _288_/CLK (sg13g2_dfrbpq_1)
    15    0.074272    0.303389    0.353980    0.354842 ^ _288_/Q (sg13g2_dfrbpq_1)
                                                         DPATH.SUM.Cout0 (net)
                      0.303389    0.000870    0.355711 ^ _132_/A (sg13g2_inv_1)
     8    0.039008    0.178568    0.248924    0.604635 v _132_/Y (sg13g2_inv_1)
                                                         DPATH.SUM.ha_0.S (net)
                      0.178568    0.000543    0.605177 v _138_/A1 (sg13g2_o21ai_1)
     2    0.010978    0.149128    0.190582    0.795760 ^ _138_/Y (sg13g2_o21ai_1)
                                                         _092_ (net)
                      0.149128    0.000138    0.795898 ^ _278_/A (sg13g2_xor2_1)
     1    0.001915    0.054998    0.131026    0.926924 ^ _278_/X (sg13g2_xor2_1)
                                                         DPATH.SUM.fa_2.S (net)
                      0.054998    0.000012    0.926935 ^ _290_/D (sg13g2_dfrbpq_1)
                                              0.926935   data arrival time

                                  5.000000    5.000000   clock clk (rise edge)
                                  0.000000    5.000000   clock source latency
     9    0.032878    0.000000    0.000000    5.000000 ^ clk (in)
                                                         clk (net)
                      0.001456    0.000728    5.000729 ^ _290_/CLK (sg13g2_dfrbpq_1)
                                 -0.150000    4.850729   clock uncertainty
                                  0.000000    4.850729   clock reconvergence pessimism
                                 -0.126842    4.723886   library setup time
                                              4.723886   data required time
---------------------------------------------------------------------------------------------
                                              4.723886   data required time
                                             -0.926935   data arrival time
---------------------------------------------------------------------------------------------
                                              3.796951   slack (MET)


Startpoint: _288_ (rising edge-triggered flip-flop clocked by clk)
Endpoint: _288_ (rising edge-triggered flip-flop clocked by clk)
Path Group: clk
Path Type: max

Fanout         Cap        Slew       Delay        Time   Description
---------------------------------------------------------------------------------------------
                                  0.000000    0.000000   clock clk (rise edge)
                                  0.000000    0.000000   clock source latency
     9    0.036904    0.000000    0.000000    0.000000 ^ clk (in)
                                                         clk (net)
                      0.001724    0.000862    0.000862 ^ _288_/CLK (sg13g2_dfrbpq_1)
    15    0.074272    0.303389    0.353980    0.354842 ^ _288_/Q (sg13g2_dfrbpq_1)
                                                         DPATH.SUM.Cout0 (net)
                      0.303389    0.000870    0.355711 ^ _132_/A (sg13g2_inv_1)
     8    0.039008    0.178568    0.248924    0.604635 v _132_/Y (sg13g2_inv_1)
                                                         DPATH.SUM.ha_0.S (net)
                      0.178568    0.000582    0.605217 v _288_/D (sg13g2_dfrbpq_1)
                                              0.605217   data arrival time

                                  5.000000    5.000000   clock clk (rise edge)
                                  0.000000    5.000000   clock source latency
     9    0.032878    0.000000    0.000000    5.000000 ^ clk (in)
                                                         clk (net)
                      0.001525    0.000763    5.000762 ^ _288_/CLK (sg13g2_dfrbpq_1)
                                 -0.150000    4.850762   clock uncertainty
                                  0.000099    4.850862   clock reconvergence pessimism
                                 -0.174422    4.676439   library setup time
                                              4.676439   data required time
---------------------------------------------------------------------------------------------
                                              4.676439   data required time
                                             -0.605217   data arrival time
---------------------------------------------------------------------------------------------
                                              4.071222   slack (MET)


Startpoint: _296_ (rising edge-triggered flip-flop clocked by clk)
Endpoint: _289_ (rising edge-triggered flip-flop clocked by clk)
Path Group: clk
Path Type: max

Fanout         Cap        Slew       Delay        Time   Description
---------------------------------------------------------------------------------------------
                                  0.000000    0.000000   clock clk (rise edge)
                                  0.000000    0.000000   clock source latency
     9    0.036904    0.000000    0.000000    0.000000 ^ clk (in)
                                                         clk (net)
                      0.001168    0.000584    0.000584 ^ _296_/CLK (sg13g2_dfrbpq_1)
    13    0.069280    0.283679    0.338789    0.339373 ^ _296_/Q (sg13g2_dfrbpq_1)
                                                         CTRL.S0 (net)
                      0.283810    0.003078    0.342451 ^ _137_/A (sg13g2_xnor2_1)
     2    0.010289    0.152844    0.183980    0.526431 ^ _137_/Y (sg13g2_xnor2_1)
                                                         _091_ (net)
                      0.152844    0.000041    0.526472 ^ _279_/B (sg13g2_xnor2_1)
     1    0.001822    0.077781    0.118374    0.644846 ^ _279_/Y (sg13g2_xnor2_1)
                                                         DPATH.SUM.fa_1.S (net)
                      0.077781    0.000010    0.644856 ^ _289_/D (sg13g2_dfrbpq_1)
                                              0.644856   data arrival time

                                  5.000000    5.000000   clock clk (rise edge)
                                  0.000000    5.000000   clock source latency
     9    0.032878    0.000000    0.000000    5.000000 ^ clk (in)
                                                         clk (net)
                      0.001535    0.000767    5.000768 ^ _289_/CLK (sg13g2_dfrbpq_1)
                                 -0.150000    4.850768   clock uncertainty
                                  0.000000    4.850768   clock reconvergence pessimism
                                 -0.134262    4.716505   library setup time
                                              4.716505   data required time
---------------------------------------------------------------------------------------------
                                              4.716505   data required time
                                             -0.644856   data arrival time
---------------------------------------------------------------------------------------------
                                              4.071649   slack (MET)



%OL_END_REPORT
%OL_CREATE_REPORT checks.rpt

===========================================================================
report_checks -unconstrained
===========================================================================
======================= nom_typ_1p20V_25C Corner ===================================

Startpoint: _290_ (rising edge-triggered flip-flop clocked by clk)
Endpoint: sine_out[0] (output port clocked by clk)
Path Group: clk
Path Type: max

Fanout         Cap        Slew       Delay        Time   Description
---------------------------------------------------------------------------------------------
                                  0.000000    0.000000   clock clk (rise edge)
                                  0.000000    0.000000   clock source latency
     9    0.036904    0.000000    0.000000    0.000000 ^ clk (in)
                                                         clk (net)
                      0.001645    0.000823    0.000823 ^ _290_/CLK (sg13g2_dfrbpq_1)
    18    0.082448    0.336024    0.376232    0.377055 ^ _290_/Q (sg13g2_dfrbpq_1)
                                                         DPATH.SUM.fa_2.A (net)
                      0.336130    0.001935    0.378990 ^ _164_/B (sg13g2_and2_1)
     5    0.019111    0.091932    0.213501    0.592490 ^ _164_/X (sg13g2_and2_1)
                                                         _113_ (net)
                      0.091932    0.000194    0.592684 ^ _180_/A2 (sg13g2_a21oi_1)
     4    0.018795    0.176552    0.152124    0.744808 v _180_/Y (sg13g2_a21oi_1)
                                                         _128_ (net)
                      0.176552    0.000267    0.745076 v _181_/B (sg13g2_and2_1)
     2    0.009205    0.041672    0.143002    0.888077 v _181_/X (sg13g2_and2_1)
                                                         _129_ (net)
                      0.041672    0.000111    0.888188 v _182_/B1 (sg13g2_o21ai_1)
     1    0.003852    0.093882    0.043858    0.932046 ^ _182_/Y (sg13g2_o21ai_1)
                                                         _009_ (net)
                      0.093882    0.000028    0.932075 ^ _183_/A2 (sg13g2_a21oi_1)
     1    0.003841    0.054273    0.084549    1.016624 v _183_/Y (sg13g2_a21oi_1)
                                                         _010_ (net)
                      0.054273    0.000029    1.016652 v _198_/B (sg13g2_nor4_1)
     1    0.004853    0.150625    0.168415    1.185067 ^ _198_/Y (sg13g2_nor4_1)
                                                         _025_ (net)
                      0.150625    0.000070    1.185137 ^ _216_/A2 (sg13g2_a22oi_1)
     1    0.010000    0.095844    0.137336    1.322473 v _216_/Y (sg13g2_a22oi_1)
                                                         sine_out[0] (net)
                      0.095844    0.000000    1.322473 v sine_out[0] (out)
                                              1.322473   data arrival time

                                  5.000000    5.000000   clock clk (rise edge)
                                  0.000000    5.000000   clock network delay (propagated)
                                 -0.150000    4.850000   clock uncertainty
                                  0.000000    4.850000   clock reconvergence pessimism
                                 -1.000000    3.850000   output external delay
                                              3.850000   data required time
---------------------------------------------------------------------------------------------
                                              3.850000   data required time
                                             -1.322473   data arrival time
---------------------------------------------------------------------------------------------
                                              2.527527   slack (MET)




===========================================================================
report_checks --slack_max -0.01
============================================================================
======================= nom_typ_1p20V_25C Corner ===================================

No paths found.


===========================================================================
 report_check_types -max_slew -max_cap -max_fanout -violators
============================================================================
======================= nom_typ_1p20V_25C Corner ===================================

max fanout

Pin                                   Limit Fanout  Slack
---------------------------------------------------------
_291_/Q                                   8     26    -18 (VIOLATED)
_294_/Q                                   8     20    -12 (VIOLATED)
_290_/Q                                   8     18    -10 (VIOLATED)
_292_/Q                                   8     18    -10 (VIOLATED)
_288_/Q                                   8     15     -7 (VIOLATED)
_289_/Q                                   8     15     -7 (VIOLATED)
_293_/Q                                   8     15     -7 (VIOLATED)
_296_/Q                                   8     13     -5 (VIOLATED)
_159_/X                                   8      9        (VIOLATED)



===========================================================================
report_parasitic_annotation -report_unannotated
============================================================================
Found 0 unannotated drivers.
Found 20 partially unannotated drivers.
 _133_/Y
 _216_/Y
 _235_/Y
 _253_/Y
 _256_/Y
 _258_/Y
 _260_/Y
 _262_/Y
 _263_/Y
 _264_/Y
 _265_/Y
 _267_/Y
 _269_/Y
 _271_/Y
 _272_/Y
 _273_/Y
 _274_/Y
 _275_/Y
 _277_/Y
 _295_/Q

===========================================================================
max slew violation count 0
Writing metric design__max_slew_violation__count__corner:nom_typ_1p20V_25C: 0
max fanout violation count 9
Writing metric design__max_fanout_violation__count__corner:nom_typ_1p20V_25C: 9
max cap violation count 0
Writing metric design__max_cap_violation__count__corner:nom_typ_1p20V_25C: 0
============================================================================

===========================================================================
check_setup -verbose -unconstrained_endpoints -multiple_clock -no_clock -no_input_delay -loops -generated_clocks
===========================================================================
Warning: There is 1 input port missing set_input_delay.
  rst
%OL_END_REPORT
%OL_CREATE_REPORT power.rpt

===========================================================================
 report_power
============================================================================
======================= nom_typ_1p20V_25C Corner ===================================

Group                    Internal    Switching      Leakage        Total
                            Power        Power        Power        Power (Watts)
------------------------------------------------------------------------
Sequential           9.488835e-05 0.000000e+00 4.413539e-09 9.489277e-05  98.8%
Combinational        2.984389e-07 7.924747e-07 1.864912e-08 1.109563e-06   1.2%
Clock                0.000000e+00 0.000000e+00 0.000000e+00 0.000000e+00   0.0%
Macro                0.000000e+00 0.000000e+00 0.000000e+00 0.000000e+00   0.0%
Pad                  0.000000e+00 0.000000e+00 0.000000e+00 0.000000e+00   0.0%
------------------------------------------------------------------------
Total                9.518679e-05 7.924747e-07 2.306266e-08 9.600233e-05 100.0%
                            99.2%         0.8%         0.0%
Writing metric power__internal__total: 9.518679144093767e-5
Writing metric power__switching__total: 7.924746796561521e-7
Writing metric power__leakage__total: 2.306265756146786e-8
Writing metric power__total: 9.600233170203865e-5

%OL_END_REPORT
%OL_CREATE_REPORT skew.min.rpt

===========================================================================
Clock Skew (Hold)
============================================================================
Writing metric clock__skew__worst_hold__corner:nom_typ_1p20V_25C: -0.15034957038253513
======================= nom_typ_1p20V_25C Corner ===================================

Clock clk
0.000518 source latency _296_/CLK ^
-0.000867 target latency _289_/CLK ^
-0.150000 clock uncertainty
0.000000 CRPR
--------------
-0.150350 hold skew

%OL_END_REPORT
%OL_CREATE_REPORT skew.max.rpt

===========================================================================
Clock Skew (Setup)
============================================================================
Writing metric clock__skew__worst_setup__corner:nom_typ_1p20V_25C: 0.1503855416095503
======================= nom_typ_1p20V_25C Corner ===================================

Clock clk
0.000867 source latency _289_/CLK ^
-0.000482 target latency _295_/CLK ^
0.150000 clock uncertainty
0.000000 CRPR
--------------
0.150386 setup skew

%OL_END_REPORT
%OL_CREATE_REPORT ws.min.rpt

===========================================================================
Worst Slack (Hold)
============================================================================
Writing metric timing__hold__ws__corner:nom_typ_1p20V_25C: 0.08228394587484966
nom_typ_1p20V_25C: 0.08228394587484966
%OL_END_REPORT
%OL_CREATE_REPORT ws.max.rpt

===========================================================================
Worst Slack (Setup)
============================================================================
Writing metric timing__setup__ws__corner:nom_typ_1p20V_25C: 2.527526925962222
nom_typ_1p20V_25C: 2.527526925962222
%OL_END_REPORT
%OL_CREATE_REPORT tns.min.rpt

===========================================================================
Total Negative Slack (Hold)
============================================================================
Writing metric timing__hold__tns__corner:nom_typ_1p20V_25C: 0.0
nom_typ_1p20V_25C: 0.0
%OL_END_REPORT
%OL_CREATE_REPORT tns.max.rpt

===========================================================================
Total Negative Slack (Setup)
============================================================================
Writing metric timing__setup__tns__corner:nom_typ_1p20V_25C: 0.0
nom_typ_1p20V_25C: 0.0
%OL_END_REPORT
%OL_CREATE_REPORT wns.min.rpt

===========================================================================
Worst Negative Slack (Hold)
============================================================================
Writing metric timing__hold__wns__corner:nom_typ_1p20V_25C: 0
nom_typ_1p20V_25C: 0
%OL_END_REPORT
%OL_CREATE_REPORT wns.max.rpt

===========================================================================
Worst Negative Slack (Setup)
============================================================================
Writing metric timing__setup__wns__corner:nom_typ_1p20V_25C: 0.0
nom_typ_1p20V_25C: 0.0
%OL_END_REPORT
%OL_CREATE_REPORT violator_list.rpt

===========================================================================
Violator List
============================================================================
Writing metric timing__hold_vio__count__corner:nom_typ_1p20V_25C: 0
Writing metric timing__hold_r2r__ws__corner:nom_typ_1p20V_25C: 0.209370
Writing metric timing__hold_r2r_vio__count__corner:nom_typ_1p20V_25C: 0
Writing metric timing__setup_vio__count__corner:nom_typ_1p20V_25C: 0
Writing metric timing__setup_r2r__ws__corner:nom_typ_1p20V_25C: 3.229475
Writing metric timing__setup_r2r_vio__count__corner:nom_typ_1p20V_25C: 0
%OL_END_REPORT
%OL_CREATE_REPORT unpropagated.rpt
%OL_END_REPORT
%OL_CREATE_REPORT clock.rpt
Clock: clk
Sources: clk 
Generated: no
Virtual: yes
Propagated: no
Period: 5.000000

===========================================================================
report_clock_properties
============================================================================
Clock                   Period          Waveform
----------------------------------------------------
clk                   5.000000    0.000000  2.500000

===========================================================================
report_clock_latency
============================================================================
Clock clk
rise -> rise
    min     max
0.000000 0.000000 source latency
0.000482         network latency _295_/CLK
        0.000867 network latency _289_/CLK
---------------
0.000482 0.000867 latency
        0.000386 skew

fall -> fall
    min     max
0.000000 0.000000 source latency
0.000456         network latency _295_/CLK
        0.000846 network latency _289_/CLK
---------------
0.000456 0.000846 latency
        0.000390 skew



===========================================================================
report_clock_min_period
============================================================================
clk period_min = 1.77 fmax = 564.80
%OL_END_REPORT
